"artefact","file","sequence_index","Ra","Rq","PV","step_height","L2_to_mean"
"spherical","00000.png",0,0.234631593779095,0.275681498919701,1.11505354771508,NA,0.259492960647721
"spherical","00003.png",3,0.234602845665966,0.275688876654331,1.11242903921382,NA,0.260243168549787
"spherical","00006.png",6,0.235411293082796,0.276334726271033,1.10436943323788,NA,0.262186042382954
"spherical","00010.png",10,0.233634881838892,0.274864376069357,1.11192231322056,NA,0.261239648973389
"spherical","00013.png",13,0.233587736429014,0.274559812140026,1.11481769338755,NA,0.260949511390927
"spherical","00016.png",16,0.234559033624571,0.275414111760667,1.10497996167663,NA,0.261417913104469
"spherical","00019.png",19,0.235444086431639,0.276395136533775,1.09035522632839,NA,0.262336792477581
"spherical","00022.png",22,0.234828635969009,0.275865985143257,1.11819734483337,NA,0.261803628960638
"spherical","00026.png",26,0.235189113953678,0.27602730704223,1.11878722742991,NA,0.261705822409714
"spherical","00029.png",29,0.237257749779351,0.278066936402819,1.12801176342029,NA,0.262580412527504
"spherical","00032.png",32,0.237149544170239,0.277924978048159,1.13858280379551,NA,0.262037963804899
"spherical","00035.png",35,0.234275124063644,0.275236042410183,1.13199330199187,NA,0.258724410851021
"spherical","00038.png",38,0.235146724568067,0.276239453054841,1.11577485285724,NA,0.260024042826031
"spherical","00042.png",42,0.235215629086417,0.27622737975257,1.09970945321145,NA,0.261262483174712
"spherical","00045.png",45,0.233758847434131,0.275026771492494,1.10226556109682,NA,0.261436280146702
"spherical","00048.png",48,0.23289838538451,0.273911539389652,1.1201687695116,NA,0.259985178525092
"spherical","00051.png",51,0.234508841035563,0.275559368797787,1.10140660060009,NA,0.261986968442
"spherical","00054.png",54,0.234880334873307,0.275947507219099,1.10527115331452,NA,0.262491312029056
"spherical","00058.png",58,0.236900283514949,0.277690915724935,1.12085450668971,NA,0.26254619990845
"spherical","00061.png",61,0.237822233112,0.278522726000101,1.12384196590421,NA,0.263325292097657
"spherical","00064.png",64,0.235832644218268,0.276820460464133,1.13034539548439,NA,0.260869483445358
"spherical","00067.png",67,0.235532514031201,0.276458535025485,1.12695391407602,NA,0.26011572823308
"spherical","00070.png",70,0.235115483766821,0.276169644438088,1.11650806862116,NA,0.260627979708737
"spherical","00074.png",74,0.235030895607661,0.276112653976968,1.09907731499793,NA,0.261600157659938
"spherical","00077.png",77,0.233309423643184,0.274581970245402,1.11857120733297,NA,0.26107082202806
"spherical","00080.png",80,0.234129403474449,0.27527301618483,1.11205096394685,NA,0.261218538598396
"spherical","00083.png",83,0.23517376815162,0.276183877578658,1.09091766502101,NA,0.262001714871915
"spherical","00086.png",86,0.236197414848229,0.27723907954081,1.11075197821598,NA,0.262563074085754
"spherical","00090.png",90,0.237054720907522,0.277948193898952,1.12570178356529,NA,0.262416236889477
"spherical","00093.png",93,0.237306249415965,0.278129058400776,1.14238904231088,NA,0.262386634447793
"spherical","00096.png",96,0.2358198241829,0.27673857033436,1.1374682605083,NA,0.260475429158313
"spherical","00099.png",99,0.235606296343909,0.27633532915236,1.13441364364846,NA,0.260589049458613
"spherical","00102.png",102,0.2333965189208,0.274509403612367,1.12184389716983,NA,0.257958958127409
"spherical","00106.png",106,0.233499902869789,0.274546124303953,1.11496976342868,NA,0.260303682638727
"spherical","00109.png",109,0.234063767419409,0.275363609465094,1.09669483144378,NA,0.261343956950517
"spherical","00112.png",112,0.233735028873864,0.274834281850665,1.10871205567538,NA,0.261063221032581
"spherical","00115.png",115,0.236333096309626,0.277236098386312,1.10591077395747,NA,0.263454930179847
"spherical","00118.png",118,0.239259977094058,0.27990135796045,1.12475310518941,NA,0.264758029427
"spherical","00122.png",122,0.235337400727578,0.276204325652854,1.13359360916649,NA,0.259692082969135
"spherical","00125.png",125,0.235396491046996,0.276418593502606,1.1073205002916,NA,0.262077874946404
"spherical","00128.png",128,0.23583707879873,0.276804458201922,1.11296119173436,NA,0.262049921129273
"spherical","00131.png",131,0.235225844195635,0.276286834750395,1.10264969420001,NA,0.261931736715697
"spherical","00134.png",134,0.234117624766715,0.275389508610767,1.11374461912269,NA,0.26144453442497
"spherical","00138.png",138,0.235480893273207,0.276458046552103,1.10517748241968,NA,0.262681674762619
"spherical","00141.png",141,0.236242508381231,0.277198026792804,1.1079326685164,NA,0.262597687825066
"spherical","00144.png",144,0.236724339443804,0.27760516530297,1.1222448515127,NA,0.261864490454085
"spherical","00147.png",147,0.237831159963737,0.278565228694705,1.141620991746,NA,0.262475722574031
"spherical","00150.png",150,0.234905954418261,0.275922199264328,1.12067212443458,NA,0.259678231464318
"spherical","00154.png",154,0.234584307838495,0.275573500716569,1.12029141412502,NA,0.261192469258065
"spherical","00157.png",157,0.234374509829734,0.27558005645621,1.10326101201099,NA,0.262089433033123
"spherical","00160.png",160,0.233550853712207,0.274731926877529,1.10864928073151,NA,0.260903718679575
"spherical","00163.png",163,0.235786016650566,0.27673873487213,1.09744047328759,NA,0.262642433151021
"spherical","00166.png",166,0.23739245486596,0.278098798410597,1.12501723114413,NA,0.263018608426445
"spherical","00170.png",170,0.234800098626169,0.2755874832843,1.13948848217022,NA,0.259222407911615
"spherical","00173.png",173,0.236076745129062,0.277053511228415,1.13363999304739,NA,0.260464135540041
"spherical","00176.png",176,0.235252336985047,0.276209259074404,1.11754190845243,NA,0.260173696386589
"spherical","00179.png",179,0.233978952340647,0.275266942905387,1.12882447989805,NA,0.261524496576882
"spherical","00182.png",182,0.23346112264667,0.274664934647707,1.11810973352382,NA,0.260142284343076
"spherical","00186.png",186,0.236727328484511,0.277680950750203,1.11758306947462,NA,0.262247524572654
"spherical","00189.png",189,0.236353831037901,0.27724576087026,1.13334236362678,NA,0.261470166712511
"spherical","00192.png",192,0.235869985559428,0.276666135529147,1.14255678061195,NA,0.260202081615948
"spherical","00195.png",195,0.235418372367647,0.27639412098544,1.12996000303379,NA,0.259755485408364
"spherical","00198.png",198,0.235409969116074,0.276388267558828,1.13611798102604,NA,0.259763763959797
"spherical","00202.png",202,0.235115615106898,0.276191686787178,1.12291842449986,NA,0.259641487621201
"spherical","00205.png",205,0.233229435161544,0.274491993250764,1.09222684657017,NA,0.26051824828986
"spherical","00208.png",208,0.232983491827391,0.274260611635439,1.09818809306745,NA,0.26007094657494
"spherical","00211.png",211,0.236104759296832,0.277087634606882,1.10580944595015,NA,0.2631370778384
"spherical","00214.png",214,0.236159392137168,0.277001853171358,1.1038435833801,NA,0.261972903313309
"spherical","00218.png",218,0.236978906449065,0.277906944993646,1.12879226113001,NA,0.261593448070131
"spherical","00221.png",221,0.235593569761358,0.2765540959975,1.13459910459305,NA,0.259726143911875
"spherical","00224.png",224,0.23507575916929,0.27612095272143,1.0990843261824,NA,0.261406622758052
"spherical","00227.png",227,0.234099003745078,0.275387457820858,1.10487944922765,NA,0.26120290829623
"spherical","00230.png",230,0.234155070794009,0.275399780741704,1.11488619107621,NA,0.261435370034675
"spherical","00234.png",234,0.236301147239085,0.277283328998384,1.10721393660163,NA,0.262402874476139
"spherical","00237.png",237,0.238112520739384,0.27888962641211,1.13713600632702,NA,0.262389072648142
"spherical","00240.png",240,0.235990808689936,0.277009601382864,1.11135290549533,NA,0.260261079081125
"spherical","00243.png",243,0.236175709218093,0.277129567177209,1.11712262483254,NA,0.261257973532735
"spherical","00246.png",246,0.233170562834947,0.274473501848237,1.11931911789702,NA,0.260324731244044
"spherical","00250.png",250,0.232970352785721,0.274089857990763,1.11857805571908,NA,0.259462895910123
"spherical","00253.png",253,0.237334008683504,0.27813113391126,1.09547326915927,NA,0.263272818956868
"spherical","00256.png",256,0.23609667717301,0.276772490672009,1.13154637086737,NA,0.260859933527045
"spherical","00259.png",259,0.23667265871643,0.277566652154429,1.12684052228324,NA,0.260459755186691
"spherical","00262.png",262,0.235374502100452,0.27641705378562,1.11674807631686,NA,0.259618666464667
"spherical","00266.png",266,0.235417291500571,0.276351708727325,1.10814236398696,NA,0.260349139310617
"spherical","00269.png",269,0.235796804156812,0.276806956329407,1.08815801325882,NA,0.261739324214111
"spherical","00272.png",272,0.233519927539024,0.274759566116745,1.11210266161601,NA,0.261087096791329
"spherical","00275.png",275,0.235336095759555,0.276281965320458,1.10272010876635,NA,0.261270111589063
"spherical","00278.png",278,0.237931941390272,0.278701463698851,1.12493314058069,NA,0.262803620771306
"spherical","00282.png",282,0.234204308704997,0.275244097876328,1.1173986543445,NA,0.258446278176932
"spherical","00285.png",285,0.234552250238577,0.275621412183003,1.0897069847408,NA,0.260508560060014
"spherical","00288.png",288,0.232693323840117,0.273926690939152,1.10952250578651,NA,0.259633695875131
"spherical","00291.png",291,0.234348454462121,0.275525490117701,1.10740075327341,NA,0.261004452968042
"spherical","00294.png",294,0.236707061670617,0.277571847169697,1.09831098403851,NA,0.263019889666055
"spherical","00298.png",298,0.237227392908541,0.278137535829287,1.14376852481212,NA,0.262379687539336
"spherical","00301.png",301,0.236643234109899,0.277543584756647,1.12249284037092,NA,0.260979060937131
"spherical","00304.png",304,0.235653969852443,0.276580479152979,1.11930502699151,NA,0.260242861248316
"spherical","00307.png",307,0.23344999529749,0.274644201169525,1.10287436006115,NA,0.259839058492003
"spherical","00310.png",310,0.235122118601201,0.276166924236875,1.09987518399219,NA,0.262223664542895
"spherical","00314.png",314,0.23645999853796,0.277295326604131,1.09951872101457,NA,0.26229143903408
"spherical","00317.png",317,0.23655717266089,0.277573246950752,1.12978124871819,NA,0.261357540889783
"spherical","00320.png",320,0.237350526542906,0.278184924201561,1.12787204912768,NA,0.261616005400567
"spherical","00323.png",323,0.235114891458284,0.276056044435454,1.11001698481277,NA,0.259862304400906
"spherical","00326.png",326,0.232751957265793,0.273979507170459,1.10102955963998,NA,0.259642959347968
"spherical","00330.png",330,0.2351533870784,0.276110231172921,1.10326520414192,NA,0.261601462627797
"spherical","00333.png",333,0.235652941187966,0.276522687287939,1.09898076790708,NA,0.261913467711993
"spherical","00336.png",336,0.23782198434465,0.278714950165221,1.13585118701104,NA,0.262715454843536
"spherical","00339.png",339,0.235558389429491,0.276507030946948,1.12572196472649,NA,0.259574029361723
"spherical","00342.png",342,0.235516117147854,0.276533257864207,1.10772785137845,NA,0.260710743616515
"spherical","00346.png",346,0.23410646945571,0.27527148232647,1.09544363237737,NA,0.260390554740595
"spherical","00349.png",349,0.234932012123809,0.276052849702239,1.12465247111356,NA,0.262109978866066
"spherical","00352.png",352,0.236095513147054,0.277006870896944,1.11800160243828,NA,0.261774067099228
"spherical","00355.png",355,0.237078338118965,0.277915780502564,1.11121317963054,NA,0.262376449825775
"spherical","00358.png",358,0.236116739366676,0.277032913383261,1.1429426411551,NA,0.259931011161205
"spherical","00362.png",362,0.234409588768101,0.275316008505875,1.10637174187148,NA,0.25941212539942
"spherical","00365.png",365,0.232592435133237,0.273850201272849,1.11330368955333,NA,0.259300517059511
"spherical","00368.png",368,0.236749536173459,0.27755343840028,1.11558591450044,NA,0.2620621007746
"spherical","00371.png",371,0.236602074231102,0.277532708795318,1.13316958090863,NA,0.260249808761648
"spherical","00374.png",374,0.235371875247421,0.276376299311449,1.12195335770285,NA,0.25903432751471
"spherical","00378.png",378,0.235642227223001,0.276720063273732,1.1015403922794,NA,0.261667532598867
"spherical","00381.png",381,0.233555268746785,0.274780019210186,1.12541178796774,NA,0.260199433774495
"spherical","00384.png",384,0.235237977129529,0.27639345429669,1.11183734509262,NA,0.26167660377346
"spherical","00387.png",387,0.237415612775137,0.278310898997312,1.10855436078917,NA,0.262509225572618
"spherical","00390.png",390,0.237006623263924,0.277872495514298,1.13566835143334,NA,0.261319187688528
"spherical","00394.png",394,0.234544480411589,0.275484136009352,1.12390813871779,NA,0.258433825307607
"spherical","00397.png",397,0.234139068865859,0.27536882333046,1.10998385530111,NA,0.260839171806393
"spherical","00400.png",400,0.234539590486612,0.275649483338634,1.1191213537492,NA,0.26027208894719
"spherical","00403.png",403,0.238107858748419,0.278925186001029,1.12622699964721,NA,0.263210793975022
"spherical","00406.png",406,0.236966076769573,0.277879752720407,1.12419781814383,NA,0.260936594347237
"spherical","00410.png",410,0.234854604196082,0.275892530898217,1.10999532305479,NA,0.258982919507173
"spherical","00413.png",413,0.234518455574989,0.275603188672423,1.10676553294421,NA,0.260412575541289
"spherical","00416.png",416,0.233407118112268,0.274649382663761,1.09955135559199,NA,0.260022533429439
"spherical","00419.png",419,0.236481569626768,0.277414225259397,1.10194973915386,NA,0.262201492634043
"spherical","00422.png",422,0.236987181840525,0.277914782863773,1.14463473321387,NA,0.261024133386708
"spherical","00426.png",426,0.236156840240982,0.277079227812589,1.10998173507141,NA,0.26034132150753
"spherical","00429.png",429,0.233691967633338,0.274987259694613,1.11628116078307,NA,0.260217792332155
"spherical","00432.png",432,0.23672479443391,0.277485442157196,1.09354981815427,NA,0.261935425666793
"spherical","00435.png",435,0.236310982572221,0.277289060646153,1.13357584320028,NA,0.260959492538425
"spherical","00438.png",438,0.236359976437039,0.277257468556643,1.13049705766787,NA,0.260328964425411
"spherical","00442.png",442,0.235458363111442,0.276564749794781,1.12574673605838,NA,0.259223375981265
"spherical","00445.png",445,0.23427384294837,0.275320144888927,1.09118371603045,NA,0.258972229575664
"spherical","00448.png",448,0.233195036655145,0.274441746954715,1.10356492571792,NA,0.260082301173672
"spherical","00451.png",451,0.237760174562768,0.278498524416888,1.10394957768203,NA,0.262756479582134
"spherical","00454.png",454,0.236301031492646,0.277225882827151,1.13893904508836,NA,0.260099258431723
"spherical","00458.png",458,0.235566702192971,0.276518834501155,1.1095067893928,NA,0.259451865407747
"spherical","00461.png",461,0.233703756619015,0.274900164905244,1.11495562936482,NA,0.260028187668368
"spherical","00464.png",464,0.234834821446346,0.275980826619158,1.09862936526776,NA,0.26116558314059
"spherical","00467.png",467,0.236662413709332,0.277536073078637,1.12232042955854,NA,0.261238223401513
"spherical","00470.png",470,0.235935959745446,0.276924828402436,1.13315706075684,NA,0.259074684887706
"spherical","00474.png",474,0.235851697852938,0.276788797636597,1.10953778402939,NA,0.260586968076881
"spherical","00477.png",477,0.233817413527356,0.275040122930074,1.10894138575581,NA,0.25997985179354
"spherical","00480.png",480,0.235716443874028,0.276790840528834,1.10258618295429,NA,0.261389789289888
"spherical","00483.png",483,0.237610490905231,0.278610915288392,1.12746674230184,NA,0.261760215454546
"spherical","00486.png",486,0.237186108348853,0.278112950939181,1.14329056108867,NA,0.260530980543605
"spherical","00490.png",490,0.234797162424079,0.275886545183924,1.11304195191952,NA,0.259783936171487
"spherical","00493.png",493,0.233908240952002,0.275173836948028,1.12060521727339,NA,0.25986632682046
"spherical","00496.png",496,0.237245117890909,0.278169134894524,1.12496253384333,NA,0.261908401902621
"spherical","00499.png",499,0.236138258840049,0.277098937927925,1.12157370100174,NA,0.259506314578806
"spherical","00502.png",502,0.235150768103374,0.276113649926573,1.10037677653272,NA,0.259218137213682
"spherical","00506.png",506,0.234439377146243,0.275615813003833,1.10245532353476,NA,0.259999480801268
"spherical","00509.png",509,0.233711913452572,0.275000134552293,1.11190254628424,NA,0.259896618618846
"spherical","00512.png",512,0.236462732159071,0.27736293944189,1.10728240515623,NA,0.262507441320889
"spherical","00515.png",515,0.237831485383404,0.278621507149363,1.13374211244135,NA,0.262536137861245
"spherical","00518.png",518,0.236424201002807,0.277405792089144,1.12148889528741,NA,0.259672651019858
"spherical","00522.png",522,0.234178557055623,0.275482149477564,1.0937562188762,NA,0.259332700162793
"spherical","00525.png",525,0.233489013381428,0.274740954002309,1.1075741603162,NA,0.259517697057648
"spherical","00528.png",528,0.236525846430558,0.277463336424476,1.11428876454151,NA,0.261368080497991
"spherical","00531.png",531,0.237962320924963,0.278858905497303,1.13635165992489,NA,0.262089593483546
"spherical","00534.png",534,0.23640812656908,0.277355506394694,1.13037748597694,NA,0.259459557770632
"spherical","00538.png",538,0.233927585125859,0.27513148243922,1.11977378573354,NA,0.26048099796573
"spherical","00541.png",541,0.235964575099058,0.276882858025919,1.10184047149317,NA,0.261429033629818
"spherical","00544.png",544,0.237329471379119,0.278284081779934,1.12441592814016,NA,0.261876881740187
"spherical","00547.png",547,0.236066940273087,0.277041361404936,1.14388307679574,NA,0.259503033846453
"spherical","00550.png",550,0.234136432360167,0.275132277352478,1.1233779604487,NA,0.258354592871615
"spherical","00554.png",554,0.233018288742934,0.274293188030824,1.12811842349987,NA,0.259033989971577
"spherical","00557.png",557,0.23735484437942,0.278230539614418,1.11902761850265,NA,0.262164865613558
"spherical","00560.png",560,0.237766430197636,0.278638478988507,1.13865124879783,NA,0.261175654788847
"spherical","00563.png",563,0.235580447733899,0.276548632630409,1.12307993633932,NA,0.259699558522591
"spherical","00566.png",566,0.234341025490366,0.275528264674236,1.10252116005236,NA,0.26072147880949
"spherical","00570.png",570,0.235678175548207,0.276689617787037,1.09742321056951,NA,0.261481115182812
"spherical","00573.png",573,0.237369804642074,0.278328997302793,1.13045851324248,NA,0.261774107428371
"spherical","00576.png",576,0.23563667481819,0.276524042920033,1.11790823721043,NA,0.259040336045761
"spherical","00579.png",579,0.234217845698514,0.275262810331494,1.1102945725576,NA,0.257593041994488
"spherical","00582.png",582,0.232702561283004,0.274068503963931,1.12057266712496,NA,0.2587195434477
"spherical","00586.png",586,0.236702898564512,0.277741867359787,1.13929491007198,NA,0.26066172810769
"spherical","00589.png",589,0.235815392200472,0.276732633242149,1.11433758142961,NA,0.25919098780752
"spherical","00592.png",592,0.234180250800853,0.275375385289281,1.10640114762788,NA,0.258891891546652
"spherical","00595.png",595,0.233309140989555,0.274444272638103,1.12248537520107,NA,0.259124670834308
"spherical","00598.png",598,0.234143291390115,0.2753221714659,1.10754318082571,NA,0.259632756435587
"spherical","00602.png",602,0.238113321647389,0.278895198669869,1.10984333377796,NA,0.262880609936095
"spherical","00605.png",605,0.236428420307821,0.277386718896265,1.14149152782662,NA,0.259318770820946
"spherical","00608.png",608,0.234968198227837,0.276019549532408,1.10795023200778,NA,0.259383171597333
"spherical","00611.png",611,0.23385537624979,0.275118225513738,1.11730133152183,NA,0.259616025104148
"spherical","00614.png",614,0.238413348091236,0.279177659939451,1.12167276798798,NA,0.263021753202856
"spherical","00618.png",618,0.236935564490735,0.277853715259227,1.13556769653432,NA,0.259981095488564
"spherical","00621.png",621,0.233695689208145,0.275046019956727,1.1177057949886,NA,0.259812222164189
"spherical","00624.png",624,0.235067655064754,0.276123653859785,1.12083891188705,NA,0.260697426346425
"spherical","00627.png",627,0.236633177489285,0.277560197768603,1.13610430705336,NA,0.260781390408926
"spherical","00630.png",630,0.236379969313957,0.27730587190615,1.13335739763634,NA,0.259546075243378
"spherical","00634.png",634,0.235503378955253,0.276501665399856,1.10080745678321,NA,0.259331182399932
"spherical","00637.png",637,0.233555907331119,0.274850678994869,1.1003772350683,NA,0.25955625786261
"spherical","00640.png",640,0.23635795150738,0.277273463247515,1.09655968223422,NA,0.26147241025932
"spherical","00643.png",643,0.23776945784174,0.278622589845238,1.12506444227781,NA,0.261034420363048
"spherical","00646.png",646,0.235694733606826,0.276715418383889,1.09605671628883,NA,0.259694515147962
"spherical","00650.png",650,0.234332403005067,0.27556794156713,1.11770905025928,NA,0.260332455428801
"spherical","00653.png",653,0.23651163613591,0.277407007493694,1.10570366494253,NA,0.261645182148765
"spherical","00656.png",656,0.237276317174297,0.278285071662983,1.1409272506326,NA,0.261160381674974
"spherical","00659.png",659,0.236083977660543,0.277122130528182,1.114899189594,NA,0.259539664280266
"spherical","00662.png",662,0.234581831847769,0.275769066214412,1.10875762071032,NA,0.259999052878105
"spherical","00666.png",666,0.236598161046664,0.277534319246316,1.10771382936177,NA,0.262204346623499
"spherical","00669.png",669,0.237645348143871,0.278545089605995,1.13000968670727,NA,0.261887316987146
"spherical","00672.png",672,0.236279058500275,0.277257786331251,1.1266806692418,NA,0.259533836862713
"spherical","00675.png",675,0.233533162639272,0.274850544607811,1.11792892054547,NA,0.259495199021398
"spherical","00678.png",678,0.235319004256195,0.276326666414135,1.1056073345973,NA,0.260720027489771
"spherical","00682.png",682,0.236800087340318,0.277888136491736,1.12263537717032,NA,0.260412427443999
"spherical","00685.png",685,0.236388702543432,0.277355219270996,1.12915569901674,NA,0.259565442088332
"spherical","00688.png",688,0.235476191949328,0.276552204740379,1.09901795626672,NA,0.26073704284395
"spherical","00691.png",691,0.23376003415927,0.274984407650923,1.12331963677888,NA,0.259918959092462
"spherical","00694.png",694,0.235737338918627,0.276710591467544,1.10925614795649,NA,0.261068315277363
"spherical","00698.png",698,0.235894159793434,0.277006696910037,1.14107900505376,NA,0.259243600724534
"spherical","00701.png",701,0.235645976043749,0.276571185293781,1.1114392765751,NA,0.259880645972082
"spherical","00704.png",704,0.234072328161463,0.27523842281117,1.11340322238601,NA,0.260288995238376
"spherical","00707.png",707,0.237246531348506,0.278122590417304,1.11055012680639,NA,0.262536789527653
"spherical","00710.png",710,0.237469227163853,0.278413381529297,1.12765208361324,NA,0.260599474821085
"spherical","00714.png",714,0.233929266771234,0.275183722587442,1.10480234887529,NA,0.258833639441033
"spherical","00717.png",717,0.234189254225667,0.27535088406764,1.10804862969595,NA,0.260101034427283
"spherical","00720.png",720,0.237931592747692,0.278803217950366,1.11303009091363,NA,0.262495453191671
"spherical","00723.png",723,0.237089464512929,0.277977354070923,1.13722339776575,NA,0.260259430374826
"spherical","00726.png",726,0.235032299831777,0.276063316959797,1.09330873388905,NA,0.258946348715144
"spherical","00730.png",730,0.233947857865324,0.275206705281544,1.09708849739537,NA,0.259967268698961
"spherical","00733.png",733,0.237709969246317,0.278539742077221,1.10677381362591,NA,0.262889091576556
"spherical","00736.png",736,0.237866369493177,0.278683554333384,1.13465415520841,NA,0.260603413037327
"spherical","00739.png",739,0.234491873069421,0.275689364775344,1.08773418093949,NA,0.25975236587642
"spherical","00742.png",742,0.234722073898418,0.27583905296372,1.11680243393305,NA,0.259818074284364
"spherical","00746.png",746,0.23724464595279,0.278259678471202,1.13256265482859,NA,0.261295556703188
"spherical","00749.png",749,0.236281743827111,0.27727971589441,1.11271290879233,NA,0.259415300252622
"spherical","00752.png",752,0.234464342273306,0.275672988856629,1.10416308963973,NA,0.258988729325361
"spherical","00755.png",755,0.235351671600716,0.276505437750112,1.09694397960244,NA,0.261120462968
"spherical","00758.png",758,0.237309061405383,0.278171236275591,1.10699592158708,NA,0.262180560739517
"spherical","00762.png",762,0.236951897582092,0.277906792594691,1.13251410547674,NA,0.259783407773916
"spherical","00765.png",765,0.235672998707392,0.276647514167198,1.09383850217831,NA,0.259644899301181
"spherical","00768.png",768,0.234001888118235,0.275320856153858,1.10803328384626,NA,0.259812549391171
"spherical","00771.png",771,0.236582436955319,0.277518754321956,1.10946498977101,NA,0.261803560102163
"spherical","00774.png",774,0.237161030575896,0.278147861419953,1.14679068531856,NA,0.260387605962899
"spherical","00778.png",778,0.235785318090436,0.276769571391882,1.09665423680353,NA,0.25931398469913
"spherical","00781.png",781,0.234814976750457,0.275970349350893,1.10831614241531,NA,0.260593450859303
"spherical","00784.png",784,0.237503309388358,0.278434904470047,1.11742941070843,NA,0.26172148736229
"spherical","00787.png",787,0.236042139282082,0.276981802804058,1.12284237313465,NA,0.258849909186944
"spherical","00790.png",790,0.235670405634894,0.276661686418792,1.10434109626408,NA,0.259362000640811
"spherical","00794.png",794,0.234332994764496,0.275576503406631,1.10681526569017,NA,0.260143028981475
"spherical","00797.png",797,0.236833197247476,0.277730597750753,1.11200405572854,NA,0.262001906007338
"spherical","00800.png",800,0.237206723226616,0.278140211100621,1.14040740908212,NA,0.260194681609702
"spherical","00803.png",803,0.236129368414014,0.277062279845966,1.08317679977735,NA,0.259627600337552
"spherical","00806.png",806,0.233019602160856,0.274420851136131,1.12107808453622,NA,0.258425854027867
"spherical","00810.png",810,0.237762625910343,0.278604225797678,1.14108340577226,NA,0.261677935793751
"spherical","00813.png",813,0.235824048123706,0.276818164123495,1.12782304759333,NA,0.258204291164377
"spherical","00816.png",816,0.233861902514087,0.275113013454858,1.10739660245908,NA,0.259421223883157
"spherical","00819.png",819,0.23531551743192,0.276447581713967,1.11326951585821,NA,0.260556283709913
"spherical","00822.png",822,0.238233243373933,0.27904390275287,1.11849721054981,NA,0.262089328168827
"spherical","00826.png",826,0.235736381743214,0.276686666757638,1.12565673190028,NA,0.257964375673744
"spherical","00829.png",829,0.233225710496704,0.274589559055202,1.11062255193358,NA,0.25829414106679
"spherical","00832.png",832,0.237216334819392,0.278018164921884,1.10150614432698,NA,0.262130204818465
"spherical","00835.png",835,0.236672919428913,0.277727712223461,1.14147923120983,NA,0.258951433608341
"spherical","00838.png",838,0.235789258311518,0.276757316013167,1.09506281445891,NA,0.259821654864429
"spherical","00842.png",842,0.234917168399056,0.276158400569718,1.10319946840175,NA,0.26000403533256
"spherical","00845.png",845,0.23695861602453,0.277900136457251,1.10637885202246,NA,0.262378302714123
"spherical","00848.png",848,0.238208067733725,0.27906208197406,1.12687058151982,NA,0.262233421189242
"spherical","00851.png",851,0.23715975266339,0.278109038532421,1.12197493935769,NA,0.260023057221784
"spherical","00854.png",854,0.234572914036009,0.275677393753326,1.09891237043192,NA,0.258294272541459
"spherical","00858.png",858,0.236279963119225,0.27729563975854,1.13055011844849,NA,0.261915617854513
"spherical","00861.png",861,0.23814443509329,0.278975129441833,1.12272097118045,NA,0.262253015532647
"spherical","00864.png",864,0.235649589986111,0.276784686122411,1.13763824639692,NA,0.257871127819865
"spherical","00867.png",867,0.234826723514288,0.276076515967683,1.09595968469039,NA,0.26063590114579
"spherical","00870.png",870,0.237922986174619,0.278779989391034,1.11606874362,NA,0.262259061349212
"spherical","00874.png",874,0.236909006702865,0.277910889661122,1.09600796195291,NA,0.259901195513064
"spherical","00877.png",877,0.235420765404304,0.276471173953143,1.10062948440198,NA,0.259975117451738
"spherical","00880.png",880,0.234123478290094,0.275355584305322,1.11144333106275,NA,0.259526907190238
"spherical","00883.png",883,0.237804866298776,0.278556510074892,1.11121336928753,NA,0.263135076801227
"spherical","00886.png",886,0.237476098550828,0.278474425609395,1.13711735607337,NA,0.260855381941558
"spherical","00890.png",890,0.235095819221616,0.276182180612516,1.09371300989607,NA,0.259745005825143
"spherical","00893.png",893,0.234363752016064,0.275525248445735,1.11460376531813,NA,0.259947764385069
"spherical","00896.png",896,0.238204467372143,0.278965881664152,1.12410297611677,NA,0.262870239739852
"spherical","00899.png",899,0.236673670606848,0.277732778123164,1.1379409474077,NA,0.259951189968996
"spherical","00902.png",902,0.236183015932433,0.277220247735022,1.10044374578938,NA,0.259661996994138
"spherical","00906.png",906,0.233765131635112,0.275076380722933,1.1200110156835,NA,0.259174647648406
"spherical","00909.png",909,0.237970338693818,0.278815618312195,1.12067966351105,NA,0.261920752666764
"spherical","00912.png",912,0.237263009996898,0.278251608231148,1.12647495114498,NA,0.259979422183762
"spherical","00915.png",915,0.235565206013935,0.276614281099555,1.09219536502911,NA,0.259210595255098
"spherical","00918.png",918,0.234639753584721,0.275840745442956,1.10591897024208,NA,0.260057539201324
"spherical","00922.png",922,0.237257019900902,0.278302275539936,1.13052728984022,NA,0.260482161561586
"spherical","00925.png",925,0.234486284989401,0.275616913308023,1.12568060817724,NA,0.256848086940839
"spherical","00928.png",928,0.23507322939724,0.276070372725323,1.09658167366463,NA,0.25896154583583
"spherical","00931.png",931,0.234363156061217,0.275539811667988,1.11577888242487,NA,0.260097665873432
"spherical","00934.png",934,0.237118600452302,0.277992136530068,1.11327635269068,NA,0.261610971608508
"spherical","00938.png",938,0.235982936458093,0.277160409359768,1.13256352358771,NA,0.2587337221113
"spherical","00941.png",941,0.235574735265541,0.276610280940288,1.0924450607158,NA,0.259392818548716
"spherical","00944.png",944,0.233735280061766,0.275044963043599,1.11836181567107,NA,0.259416162929711
"spherical","00947.png",947,0.236507841504573,0.277459697740789,1.12000223275605,NA,0.260580921522792
"spherical","00950.png",950,0.237332268203067,0.278296051547123,1.13533729618619,NA,0.260090765233362
"spherical","00954.png",954,0.236246688897012,0.277176099698909,1.09401483969757,NA,0.25983464394899
"spherical","00957.png",957,0.233020756046588,0.274356608783267,1.10984674717811,NA,0.258753878567188
"spherical","00960.png",960,0.236742934188083,0.277610407509253,1.11537660704598,NA,0.26140047671385
"spherical","00963.png",963,0.236753280596922,0.27794691933347,1.12242525119436,NA,0.260023837343942
"spherical","00966.png",966,0.235302931094656,0.276310588244559,1.11217859432314,NA,0.258837769336577
"spherical","00970.png",970,0.234029785162323,0.27533527891205,1.10503428391391,NA,0.259460143027112
"spherical","00973.png",973,0.234955188899568,0.276117757028345,1.09600284733708,NA,0.259872221854178
"spherical","00976.png",976,0.237832797263313,0.278748410353702,1.14313392283179,NA,0.261096315187033
"spherical","00979.png",979,0.236100886786818,0.277183274549735,1.12251825511907,NA,0.258767655762822
"spherical","00982.png",982,0.232695560708404,0.274128622138147,1.11536841632142,NA,0.256725379319381
"spherical","00986.png",986,0.237614439515369,0.278509330715073,1.12501376754755,NA,0.261700601843734
"spherical","00989.png",989,0.235604370810071,0.276677724257883,1.10619018428607,NA,0.257983523428425
"spherical","00992.png",992,0.2336644331552,0.274944855415725,1.108184690969,NA,0.258401777403365
"spherical","00995.png",995,0.234431571404558,0.275767279268353,1.11011583012554,NA,0.259396215371993
"spherical","00998.png",998,0.237764218729411,0.278634432055269,1.12278413312198,NA,0.26214568836325
"spherical","01002.png",1002,0.237078343401399,0.278007676425167,1.12897872384902,NA,0.260239454960578
"spherical","01005.png",1005,0.235425740246224,0.276415287080379,1.09824023919552,NA,0.25922473346267
"spherical","01008.png",1008,0.234754209878296,0.275841171007965,1.11498932321624,NA,0.260432107852076
"spherical","01011.png",1011,0.234428969024194,0.275633133991166,1.11960935112105,NA,0.259465082570379
"spherical","01014.png",1014,0.237743457457871,0.278560903849266,1.13601139701052,NA,0.262209051280164
"spherical","01018.png",1018,0.235965829006074,0.276912190180058,1.11501923903067,NA,0.258815518956395
"spherical","01021.png",1021,0.233671395685863,0.274993072525638,1.10587014892248,NA,0.258845047412893
"spherical","01024.png",1024,0.236146861162977,0.277170453637649,1.11123271024183,NA,0.261464228613429
"spherical","01027.png",1027,0.237506452033131,0.278439739735388,1.13263749146357,NA,0.261303934143985
"spherical","01030.png",1030,0.234705563842092,0.275788791063695,1.09408876551235,NA,0.258946268750471
"spherical","01034.png",1034,0.235440840427771,0.276537389862171,1.10213406770608,NA,0.261089707165001
"spherical","01037.png",1037,0.237434615519399,0.278272731051954,1.12290445689625,NA,0.262471197455973
"spherical","01040.png",1040,0.238005319125882,0.278859467639782,1.14277808595885,NA,0.261729948669256
"spherical","01043.png",1043,0.236791594478417,0.277724625397127,1.1334420872594,NA,0.259614528170731
"spherical","01046.png",1046,0.235560805538515,0.276537915627269,1.10302947380056,NA,0.259238028309824
"spherical","01050.png",1050,0.234694186768546,0.275880517497285,1.12075556185203,NA,0.260340569186644
"spherical","01053.png",1053,0.23828042335528,0.279026068005435,1.11779901683146,NA,0.262920924780048
"spherical","01056.png",1056,0.236020764176297,0.277033317178824,1.11884019864287,NA,0.258740819190382
"spherical","01059.png",1059,0.235413365681538,0.27659481469557,1.09902905310334,NA,0.260148277655656
"spherical","01062.png",1062,0.235161422057481,0.276332009635617,1.10438561675418,NA,0.260225724122635
"spherical","01066.png",1066,0.237601697917608,0.278687465211178,1.14110795850611,NA,0.260988630579558
"spherical","01069.png",1069,0.236275052387773,0.277202992669036,1.11718976923361,NA,0.258949042693947
"spherical","01072.png",1072,0.235904712889863,0.276908668419222,1.09150234746086,NA,0.259992271868843
"spherical","01075.png",1075,0.234834604429862,0.27593236332654,1.10080187456971,NA,0.260269515851966
"spherical","01078.png",1078,0.238752159398647,0.279487127304093,1.11568843215456,NA,0.262849377789925
"spherical","01082.png",1082,0.236023330214242,0.277081873708045,1.10042549422729,NA,0.258810116305456
"spherical","01085.png",1085,0.234752101300673,0.276022673855288,1.10754249044356,NA,0.259605479423587
"spherical","01088.png",1088,0.236109887220057,0.277134296047804,1.11315511781394,NA,0.261106025031868
"spherical","01091.png",1091,0.237510905351183,0.278413147852857,1.12298545762661,NA,0.261573255101083
"spherical","01095.png",1095,0.235937925287793,0.276992389075666,1.12117501777718,NA,0.258471873277411
"spherical","01098.png",1098,0.235977848711076,0.276958949684386,1.09000590140222,NA,0.259238595512224
"spherical","01101.png",1101,0.234050108930158,0.275335891790945,1.12634009623136,NA,0.259004325811129
"spherical","01104.png",1104,0.236801020492254,0.277742589512166,1.11762190416419,NA,0.261276511357361
"spherical","01107.png",1107,0.237715698661891,0.278722401894885,1.14059710371785,NA,0.261064080226058
"spherical","01111.png",1111,0.235686910094869,0.276702669404371,1.10147006704942,NA,0.258766487929027
"spherical","01114.png",1114,0.234859941799794,0.276045796068842,1.10556736382038,NA,0.259419488773736
"spherical","01117.png",1117,0.238539471651396,0.27937708670104,1.12287935256893,NA,0.262048942959193
"spherical","01120.png",1120,0.235618764306794,0.276732305919554,1.12321862319667,NA,0.257855034682704
"spherical","01123.png",1123,0.23647322850316,0.277398684392542,1.09889956118591,NA,0.259718440098763
"spherical","01127.png",1127,0.234591955111456,0.275916155627809,1.10055120941917,NA,0.258989431214241
"spherical","01130.png",1130,0.236564604010789,0.277537743393105,1.10479454070082,NA,0.261080742181141
"spherical","01133.png",1133,0.237949471518634,0.278785918802739,1.1270799913824,NA,0.261331994191341
"spherical","01136.png",1136,0.236273945433758,0.277240521422561,1.13004238818197,NA,0.258574844826005
"spherical","01139.png",1139,0.234984449937756,0.276065117026613,1.0955692480004,NA,0.25855261601393
"spherical","01143.png",1143,0.234996250938143,0.276138572047364,1.11073568459174,NA,0.259692864234482
"spherical","01146.png",1146,0.238021853271987,0.278803249135977,1.11344302204967,NA,0.26177796133481
"spherical","01149.png",1149,0.236561906058663,0.277651780007199,1.14195832887465,NA,0.258812925029317
"spherical","01152.png",1152,0.234782396512906,0.27592463337269,1.08802775782897,NA,0.258614481015923
"spherical","01155.png",1155,0.234066748559858,0.275290063942973,1.1188687696569,NA,0.258680613831189
"spherical","01159.png",1159,0.237700316259685,0.27849438226303,1.11143047799599,NA,0.261383813365281
"spherical","01162.png",1162,0.23671098587613,0.277772979120561,1.13029063723474,NA,0.259370580025651
"spherical","01165.png",1165,0.235102333933371,0.276145643604396,1.1000725664326,NA,0.257334094209868
"spherical","01168.png",1168,0.234569831738683,0.275778839701143,1.08602624122593,NA,0.258607493095859
"spherical","01171.png",1171,0.235294174801319,0.276392231050569,1.11226148044001,NA,0.259802324469616
"spherical","01175.png",1175,0.237915625215994,0.278664797280414,1.1093416333164,NA,0.261822864970512
"spherical","01178.png",1178,0.237036456618876,0.278072130118107,1.13658388618398,NA,0.259249766665173
"spherical","01181.png",1181,0.234955440238877,0.275970204581731,1.10534635060153,NA,0.257216087450216
"spherical","01184.png",1184,0.234386348312595,0.275667606804362,1.11351032192002,NA,0.258307869264775
"spherical","01187.png",1187,0.235344728134483,0.276493023908012,1.09329117463058,NA,0.25974236138489
"spherical","01191.png",1191,0.237053872111723,0.278101960651731,1.14011616474305,NA,0.259530401173531
"spherical","01194.png",1194,0.235624317478846,0.276652893254569,1.12287454159975,NA,0.257166918261883
"spherical","01197.png",1197,0.235654913201732,0.276703996812952,1.08733163117412,NA,0.258686560582981
"spherical","01200.png",1200,0.2350076333829,0.276275719204938,1.08600325416076,NA,0.259021974488233
"spherical","01203.png",1203,0.236813436063958,0.277823807909192,1.10375190351883,NA,0.260810786166613
"spherical","01207.png",1207,0.237355294593134,0.278366664935859,1.1384036657682,NA,0.259761111787556
"spherical","01210.png",1210,0.235648555740568,0.276747410435838,1.11650021736135,NA,0.257579103938441
"spherical","01213.png",1213,0.235031954306526,0.276088540081223,1.10364403260573,NA,0.258085998939901
"spherical","01216.png",1216,0.233790612168267,0.275103605406638,1.09129943302184,NA,0.257772846805978
"spherical","01219.png",1219,0.236534225313164,0.277554829709997,1.11372783032117,NA,0.260664584514596
"spherical","01223.png",1223,0.23803259049509,0.278905182045818,1.13380667356357,NA,0.260629159013818
"spherical","01226.png",1226,0.236244434014627,0.277154850047955,1.11520761521437,NA,0.258423077643944
"spherical","01229.png",1229,0.234553615462343,0.275759601564237,1.09489423534005,NA,0.258355298460074
"spherical","01232.png",1232,0.236862979741057,0.277835325702942,1.10438270458151,NA,0.260895912030444
"spherical","01235.png",1235,0.237474620713998,0.278353241569054,1.13391771955416,NA,0.260986000986506
"spherical","01239.png",1239,0.235243875835825,0.276370076687144,1.12114970176085,NA,0.257018840746754
"spherical","01242.png",1242,0.235144612395412,0.276152462261518,1.09838917917301,NA,0.257961642669376
"spherical","01245.png",1245,0.234353999473428,0.275542787759006,1.11245048246153,NA,0.258836032239868
"spherical","01248.png",1248,0.23727109575521,0.278123828093035,1.12339859639787,NA,0.260766055296361
"spherical","01251.png",1251,0.237341055841573,0.278367752682656,1.14487052823672,NA,0.260059302597985
"spherical","01255.png",1255,0.235903931840294,0.277062571207691,1.12769330905053,NA,0.257768593846621
"spherical","01258.png",1258,0.235789814495485,0.276791641191817,1.09107740879162,NA,0.258454788984821
"spherical","01261.png",1261,0.233123823891555,0.274482457775362,1.11286095727078,NA,0.257069647905298
"spherical","01264.png",1264,0.236873009149257,0.277807398539315,1.10620084415508,NA,0.260722021899834
"spherical","01267.png",1267,0.237287473067767,0.278339382874575,1.13956421026834,NA,0.25963487794932
"spherical","01271.png",1271,0.23594343476129,0.276904020569997,1.10098707621778,NA,0.258023299030957
"spherical","01274.png",1274,0.234241918810532,0.27545884597225,1.10984352653176,NA,0.258609243304411
"spherical","01277.png",1277,0.236765743719971,0.277677259027366,1.10979837821388,NA,0.260654207207783
"spherical","01280.png",1280,0.237116848631387,0.278022123712765,1.12968171850959,NA,0.259934976277651
"spherical","01283.png",1283,0.236654818664852,0.277657648101409,1.12204776458281,NA,0.259159272575632
"spherical","01287.png",1287,0.235151371190658,0.276229693566893,1.10788607569318,NA,0.256790377033592
"spherical","01290.png",1290,0.234695177669999,0.275752258236261,1.09365888107642,NA,0.256960252188792
"spherical","01293.png",1293,0.234431306143258,0.275740731019612,1.10453263187461,NA,0.257956757423579
"spherical","01296.png",1296,0.236093673101568,0.27716175928925,1.10595428667813,NA,0.260115371494359
"spherical","01299.png",1299,0.238603503303676,0.279372777413205,1.11568430478287,NA,0.261936525212617
"spherical","01303.png",1303,0.236388949775508,0.277453705031063,1.13006235534865,NA,0.258341430925568
"spherical","01306.png",1306,0.235425370502951,0.276466492505331,1.08062275862452,NA,0.258226046887168
"spherical","01309.png",1309,0.236772619248419,0.277721025000302,1.11669137014945,NA,0.260422185312889
"spherical","01312.png",1312,0.236570589133267,0.277450916429492,1.1184917181887,NA,0.259734773119878
"spherical","01315.png",1315,0.236965033834483,0.277905138921353,1.14133877793124,NA,0.260094786588955
"spherical","01319.png",1319,0.235628685053086,0.276657282154382,1.10568019045591,NA,0.257012445229945
"spherical","01322.png",1322,0.234346730624357,0.275520840155771,1.10236671783358,NA,0.256725196796058
"spherical","01325.png",1325,0.236305859290258,0.277333686536821,1.10236764734655,NA,0.259851798745786
"spherical","01328.png",1328,0.237461470448753,0.27845542963054,1.1391980619711,NA,0.259977345673521
"spherical","01331.png",1331,0.236477691003846,0.27758310791393,1.12956900686716,NA,0.257818019197192
"spherical","01335.png",1335,0.235758829914716,0.276722190617449,1.09571483953722,NA,0.257516739791796
"spherical","01338.png",1338,0.234257080495021,0.275646056817336,1.10995162644733,NA,0.257098133809064
"spherical","01341.png",1341,0.235399680404553,0.276517348534387,1.11456224200146,NA,0.258370880895338
"spherical","01344.png",1344,0.238163305649563,0.278976765896286,1.12042883951511,NA,0.260863754596855
"spherical","01347.png",1347,0.238630253103172,0.27939798065901,1.12546838516109,NA,0.261565811103266
"spherical","01351.png",1351,0.235887404312029,0.276937897842756,1.12757110605924,NA,0.257781528096459
"spherical","01354.png",1354,0.23548679813487,0.276469368859624,1.09776422274824,NA,0.257205271653138
"spherical","01357.png",1357,0.234246010317896,0.275563633354029,1.10792249603598,NA,0.257085691663824
"spherical","01360.png",1360,0.235506735712075,0.276590848155467,1.10303772056671,NA,0.259010025421894
"spherical","01363.png",1363,0.239089307089987,0.279828589712282,1.11812122591878,NA,0.261587924196166
"spherical","01367.png",1367,0.236307150963858,0.277386630828577,1.10863299748805,NA,0.257369362960999
"spherical","01370.png",1370,0.235593170401843,0.276684009418665,1.10897803006846,NA,0.256720229045857
"spherical","01373.png",1373,0.235568573003202,0.276484324591618,1.09083051889136,NA,0.257271874966526
"spherical","01376.png",1376,0.23485633900328,0.276093983992488,1.08933435826763,NA,0.25776886021078
"spherical","01379.png",1379,0.235394771822897,0.276548601774773,1.10593379524718,NA,0.258598320733954
"spherical","01383.png",1383,0.238723372402451,0.279525659776067,1.12921552524434,NA,0.260959590425273
"spherical","01386.png",1386,0.236457774601091,0.277608269072083,1.12778762104322,NA,0.257843977640738
"spherical","01389.png",1389,0.235165936218829,0.276247417968891,1.10623546527703,NA,0.256363803165858
"spherical","01392.png",1392,0.236352666820128,0.277303273018242,1.09235176976413,NA,0.258631000918921
"spherical","01395.png",1395,0.233727761414128,0.275047792129168,1.12018053945121,NA,0.257029742153498
"spherical","01399.png",1399,0.238775313486985,0.279491324378312,1.13321361984754,NA,0.26119244199549
"spherical","01402.png",1402,0.237107433110326,0.278127999687333,1.13676444100786,NA,0.258861466456229
"spherical","01405.png",1405,0.23528640051254,0.276309734450044,1.10256506546923,NA,0.256333313250806
"spherical","01408.png",1408,0.236058419321322,0.277036644852633,1.09428343509561,NA,0.257402070815563
"spherical","01411.png",1411,0.234983359198428,0.276127149677723,1.09881637424626,NA,0.257256657055858
"spherical","01415.png",1415,0.235528445769515,0.276715959741699,1.08869764796949,NA,0.258035341961751
"spherical","01418.png",1418,0.235112708824362,0.276370130804369,1.10557287391815,NA,0.257831961491952
"spherical","01421.png",1421,0.239037884507914,0.279655223990886,1.13457420600569,NA,0.261405963734033
"spherical","01424.png",1424,0.237588849278096,0.278526233275305,1.13520260558406,NA,0.259126436629128
"spherical","01427.png",1427,0.235403572618272,0.276537478516311,1.11239990578068,NA,0.25625548460605
"spherical","01431.png",1431,0.234638801465739,0.275818711414221,1.08305131221832,NA,0.257000760505264
"spherical","01434.png",1434,0.235323861029609,0.276429165326885,1.11901587494432,NA,0.258368887042759
"spherical","01437.png",1437,0.23580457311568,0.276906654983247,1.12750220494198,NA,0.258347591123621
"spherical","01440.png",1440,0.238204352577828,0.279060636628483,1.13407027250819,NA,0.260381391962438
"spherical","01443.png",1443,0.236907321100858,0.277955439419802,1.13466499967477,NA,0.25809930593008
"spherical","01447.png",1447,0.235909747780932,0.276921337559597,1.11458446066197,NA,0.25676732656191
"spherical","01450.png",1450,0.235592580915638,0.276637088973338,1.09552310288162,NA,0.25611597758616
"spherical","01453.png",1453,0.23481272552866,0.275936771112099,1.10211672313906,NA,0.256575980314198
"spherical","01456.png",1456,0.235350367900013,0.276553765317761,1.0839192889179,NA,0.257740782025904
"spherical","01459.png",1459,0.235213281969266,0.276334797558885,1.11215389716176,NA,0.257942503822951
"spherical","01463.png",1463,0.238144260481837,0.278917733218967,1.11662037417191,NA,0.260298257170993
"spherical","01466.png",1466,0.237043826125964,0.278056019542285,1.12970688495997,NA,0.258252454846952
"spherical","01469.png",1469,0.23572478327909,0.276796826797209,1.12825069010717,NA,0.256710842134107
"spherical","01472.png",1472,0.235546884104233,0.276533252816837,1.07930646593676,NA,0.256989851671772
"spherical","01475.png",1475,0.234381883228429,0.275556520270422,1.10029031635382,NA,0.257279218030182
"spherical","01479.png",1479,0.236630231612005,0.277588052243126,1.10520413131185,NA,0.259605899906148
"spherical","01482.png",1482,0.238168168794549,0.278957249723007,1.13315780418502,NA,0.260194580917834
"spherical","01485.png",1485,0.236331227788712,0.277372048822848,1.14646070010403,NA,0.257291967493116
"spherical","01488.png",1488,0.23529712073547,0.276351507601717,1.11280484170998,NA,0.25609260807144
"spherical","01491.png",1491,0.235296377899747,0.276385717003692,1.08646992091938,NA,0.256941419126728
"spherical","01495.png",1495,0.235063073391612,0.276298306593735,1.0950807503553,NA,0.257717901261891
"spherical","01498.png",1498,0.236732377297248,0.277660390046458,1.11200895587113,NA,0.259558340118645
"spherical","01501.png",1501,0.237069762255892,0.278009093726716,1.10690676064407,NA,0.259268070160648
"spherical","01504.png",1504,0.23776280079236,0.278544187251379,1.12405182815738,NA,0.260035041403828
"spherical","01507.png",1507,0.237064463137247,0.277979806810475,1.13502325205064,NA,0.258757404971706
"spherical","01511.png",1511,0.234244315227691,0.275474699266838,1.10365557489783,NA,0.254874053350798
"spherical","01514.png",1514,0.235051540592372,0.276200090612292,1.08720095299124,NA,0.257010951494806
"spherical","01517.png",1517,0.234615300606906,0.275745348313755,1.10890654486562,NA,0.257479150289017
"spherical","01520.png",1520,0.23557204305429,0.276702078201504,1.1093065691768,NA,0.258003433973766
"spherical","01523.png",1523,0.237651861900473,0.278471929096384,1.1012853957304,NA,0.260354520769961
"spherical","01527.png",1527,0.237707360278634,0.278597465331035,1.14512792524714,NA,0.259427014231705
"spherical","01530.png",1530,0.235789762669251,0.276946136792613,1.12125290573537,NA,0.256775863280369
"spherical","01533.png",1533,0.235322523256707,0.276519684233016,1.11378316296811,NA,0.256372807912313
"spherical","01536.png",1536,0.234895473970732,0.275907242357521,1.11928900376407,NA,0.255904185368602
"spherical","01539.png",1539,0.234463050549422,0.275605552166137,1.10024175690986,NA,0.256164275064478
"spherical","01543.png",1543,0.235097880926815,0.276316667803597,1.10082948226541,NA,0.257393515491072
"spherical","01546.png",1546,0.236596414577829,0.277627876310628,1.09682375939956,NA,0.259735229058533
"spherical","01549.png",1549,0.236372594520078,0.277347530047587,1.12180287093307,NA,0.259278091818681
"spherical","01552.png",1552,0.239022727567195,0.279739962501155,1.13112004500601,NA,0.261116130655532
"spherical","01555.png",1555,0.23659017083929,0.277674558463744,1.13771415668728,NA,0.25821265985212
"spherical","01559.png",1559,0.234183997098337,0.275290010254509,1.08786166040845,NA,0.25537150792658
"spherical","01562.png",1562,0.235183556367556,0.27628356865822,1.09877726352868,NA,0.257663430362509
"spherical","01565.png",1565,0.234985483305565,0.276111930198446,1.08971048331332,NA,0.257956502710918
"spherical","01568.png",1568,0.234999190512874,0.276166425084696,1.09708825577226,NA,0.25766109979805
"spherical","01571.png",1571,0.236863333737076,0.27784574079984,1.11178632395771,NA,0.259588242662885
"spherical","01575.png",1575,0.238235906350263,0.279102874179842,1.13164586406437,NA,0.260357423522412
"spherical","01578.png",1578,0.235732455993301,0.276862961273342,1.13327086221482,NA,0.257341853727835
"spherical","01581.png",1581,0.235451353975675,0.276556057512711,1.12305752045251,NA,0.256637761165036
"spherical","01584.png",1584,0.235410205152985,0.276499904385552,1.09817874328577,NA,0.257578023349167
"spherical","01587.png",1587,0.235062792496463,0.276036880406778,1.0879453063732,NA,0.257043314685641
"spherical","01591.png",1591,0.235899242126666,0.276974722176461,1.08725651781122,NA,0.258011249176445
"spherical","01594.png",1594,0.235568349479536,0.276777151570188,1.11438104986142,NA,0.258261290195757
"spherical","01597.png",1597,0.235349522730403,0.276426194496908,1.09483695122323,NA,0.25800659748461
"spherical","01600.png",1600,0.237559558476667,0.278438912907848,1.11015842141155,NA,0.260603572638994
"spherical","01603.png",1603,0.237761011496844,0.278534957632855,1.13088129915383,NA,0.260061305608496
"spherical","01607.png",1607,0.236073219065545,0.277117796697796,1.12549741872194,NA,0.257133282294032
"spherical","01610.png",1610,0.235619873080178,0.276815600536374,1.11526304376614,NA,0.256833748240552
"spherical","01613.png",1613,0.234868123965093,0.275896382896399,1.09505965919135,NA,0.256482068468646
"spherical","01616.png",1616,0.235513505851181,0.276491951414847,1.09128807788046,NA,0.256829032520938
"spherical","01619.png",1619,0.236659730288312,0.277704796997056,1.08641628177517,NA,0.258754525574267
"spherical","01623.png",1623,0.235556000233757,0.276793030760429,1.09513788282743,NA,0.258178618798023
"spherical","01626.png",1626,0.236578601041033,0.277538248812445,1.10137534166524,NA,0.259447525459879
"spherical","01629.png",1629,0.23567328711542,0.276737758142375,1.10335852704044,NA,0.258298845917542
"spherical","01632.png",1632,0.235492308123518,0.27658836704295,1.12365577232177,NA,0.258239520623636
"spherical","01635.png",1635,0.23641552318797,0.277396659803895,1.12141725264338,NA,0.259026758667956
"spherical","01639.png",1639,0.237446357357696,0.278362585433826,1.13504953762023,NA,0.25920410100021
"spherical","01642.png",1642,0.235118798904989,0.276258279011557,1.12673091829121,NA,0.255901174882552
"spherical","01645.png",1645,0.235506949196688,0.276657108196438,1.13818828242973,NA,0.256664857153197
"spherical","01648.png",1648,0.23483022999734,0.276050470358688,1.12977527613838,NA,0.255812278620582
"spherical","01651.png",1651,0.234671751295609,0.275708514750602,1.09157488755515,NA,0.255725770247151
"spherical","01655.png",1655,0.235451163078101,0.276507816366455,1.11473044420495,NA,0.257481411804865
"spherical","01658.png",1658,0.235395052697961,0.276517838334726,1.09579215336141,NA,0.258239984928422
"spherical","01661.png",1661,0.235123460879745,0.276285363134792,1.11201446182402,NA,0.257366357598914
"spherical","01664.png",1664,0.236485010429968,0.277519817035177,1.10956251802187,NA,0.258759078788792
"spherical","01667.png",1667,0.237635716973163,0.278513305070485,1.10763370756648,NA,0.260035529601291
"spherical","01671.png",1671,0.238193330160121,0.278989443632611,1.1386585747995,NA,0.259561021568264
"spherical","01674.png",1674,0.236022028002393,0.276985529305257,1.14181467027757,NA,0.257610738434022
"spherical","01677.png",1677,0.235359796050934,0.276584080280163,1.14544086290756,NA,0.256408083891477
"spherical","01680.png",1680,0.234410808329428,0.275696845745608,1.11506519083392,NA,0.254832539086494
"spherical","01683.png",1683,0.234752235829731,0.275758324689876,1.11457616183746,NA,0.255312132595209
"spherical","01687.png",1687,0.234748908824229,0.275745510929893,1.09627036414465,NA,0.255457913092026
"spherical","01690.png",1690,0.23459682872516,0.275804775455107,1.08707238133446,NA,0.255926287742289
"spherical","01693.png",1693,0.235851860106595,0.276896369001019,1.09956792204446,NA,0.257610908205588
"spherical","01696.png",1696,0.235849833864995,0.277056516751434,1.10622177343953,NA,0.25798522423807
"spherical","01699.png",1699,0.234895674391387,0.27619863779561,1.10751742416383,NA,0.25646570847244
"spherical","01703.png",1703,0.236777271595515,0.27789690810366,1.09244103724214,NA,0.258981176400572
"spherical","01706.png",1706,0.23686386173624,0.277922763523885,1.11129320027242,NA,0.259090883019238
"spherical","01709.png",1709,0.236052175525781,0.277102071173447,1.0950298009257,NA,0.257842756231087
"spherical","01712.png",1712,0.237245620024016,0.278125029532854,1.10137968610498,NA,0.259204984237781
"spherical","01715.png",1715,0.237884049551072,0.278714312942672,1.10695638626956,NA,0.260342869175033
"spherical","01719.png",1719,0.236808435840862,0.277636393361748,1.12751151889253,NA,0.258236149402243
"spherical","01722.png",1722,0.236673452456,0.277749832934444,1.14513187417713,NA,0.257532232110902
"spherical","01725.png",1725,0.235270121184042,0.276381666858465,1.12303346033403,NA,0.255994520251793
"spherical","01728.png",1728,0.234468911760014,0.275607183464357,1.11728215240093,NA,0.254740441799694
"spherical","01731.png",1731,0.234610015440845,0.275599363608641,1.10523251831705,NA,0.255136314919861
"spherical","01735.png",1735,0.235408972635184,0.27645063995446,1.09536199952682,NA,0.256544329760522
"spherical","01738.png",1738,0.234699219517723,0.275808354698767,1.09927577820266,NA,0.256035925824831
"spherical","01741.png",1741,0.234976062326908,0.276081375197141,1.112541061748,NA,0.256623835139495
"spherical","01744.png",1744,0.235105894718063,0.276130203779176,1.10621423426395,NA,0.256949970394644
"spherical","01747.png",1747,0.236322029292537,0.27747176119541,1.10186252205615,NA,0.258321853241527
"spherical","01751.png",1751,0.235618123954525,0.276720776662834,1.09505725775418,NA,0.25705156395723
"spherical","01754.png",1754,0.237514301258622,0.278395424447957,1.10876279135707,NA,0.259302164222716
"spherical","01757.png",1757,0.237585169630306,0.278437586098698,1.11580293979057,NA,0.259278578341673
"spherical","01760.png",1760,0.238301376147645,0.279193364457506,1.13350941334283,NA,0.259289933180865
"spherical","01763.png",1763,0.235869963577628,0.276918683126243,1.12504824806545,NA,0.256412499336733
"spherical","01767.png",1767,0.23493134849242,0.276139502838536,1.12386017465456,NA,0.255505667931351
"spherical","01770.png",1770,0.235019546678448,0.276163591864854,1.10784090043578,NA,0.255496354361674
"spherical","01773.png",1773,0.234627501931348,0.275720772752136,1.11385349147041,NA,0.25470664330427
"spherical","01776.png",1776,0.235386960454364,0.276401520970609,1.11804381983592,NA,0.25576729935954
"spherical","01779.png",1779,0.235642121158231,0.276532269828068,1.12434798911977,NA,0.256022277237404
"spherical","01783.png",1783,0.23628624494132,0.277230037105396,1.09219296474052,NA,0.256685464868661
"spherical","01786.png",1786,0.234715421876528,0.275601785574648,1.10016582008058,NA,0.255026161373203
"spherical","01789.png",1789,0.236224695001713,0.277092382948656,1.09981258774697,NA,0.256613635735259
"spherical","01792.png",1792,0.23557016876639,0.276457136339855,1.10547983579558,NA,0.255623831048194
"spherical","01795.png",1795,0.236258052594061,0.277167827919259,1.09810995290308,NA,0.256514328091668
"spherical","01799.png",1799,0.236121826255208,0.277062751217208,1.08220903578697,NA,0.256952074234484
"spherical","01802.png",1802,0.234160902450729,0.275237364275512,1.11297111213037,NA,0.255534748969857
"spherical","01805.png",1805,0.235571207506296,0.276594487643034,1.0981737062313,NA,0.257438962717023
"spherical","01808.png",1808,0.235510708897153,0.276670284346621,1.10324492433519,NA,0.257150897220133
"spherical","01811.png",1811,0.2369651378985,0.277899489975156,1.10005828089155,NA,0.258759223528524
"spherical","01815.png",1815,0.236876738323543,0.277803206981089,1.10416628569047,NA,0.258850803890086
"spherical","01818.png",1818,0.236829981487819,0.277810401207636,1.10410994351864,NA,0.258822306702516
"spherical","01821.png",1821,0.236934048901756,0.277882318888161,1.11356291302719,NA,0.258431190516419
"spherical","01824.png",1824,0.236480845403352,0.277399648253969,1.12485957088868,NA,0.257433123138853
"spherical","01827.png",1827,0.235984865745558,0.276830493471279,1.12746195015738,NA,0.256553312191155
"spherical","01831.png",1831,0.23583984862291,0.276687510414028,1.12644023888523,NA,0.257062698330086
"spherical","01834.png",1834,0.235017728753711,0.275977714682099,1.12779671378264,NA,0.255546953523397
"spherical","01837.png",1837,0.235231334215119,0.276112867730851,1.11843098129649,NA,0.256363363048176
"spherical","01840.png",1840,0.235526810545855,0.276588311534393,1.13302756802087,NA,0.255979832420544
"spherical","01843.png",1843,0.2348472394846,0.275961382921262,1.13826027483541,NA,0.255069846212164
"spherical","01847.png",1847,0.235262376033122,0.27648020179012,1.13729512305825,NA,0.255056540586924
"spherical","01850.png",1850,0.234050814196349,0.275248001062555,1.13172225968871,NA,0.253575337067489
"spherical","01853.png",1853,0.23434150790432,0.275586357329919,1.12392208331783,NA,0.254119955288223
"spherical","01856.png",1856,0.235609980579307,0.27674502881063,1.12208447382929,NA,0.255531322129206
"spherical","01859.png",1859,0.234866063613103,0.276003888735196,1.1204964684002,NA,0.254815307600889
"spherical","01863.png",1863,0.234324643658029,0.275607582647281,1.12719797950734,NA,0.254084091771803
"spherical","01866.png",1866,0.234902009228163,0.276005449171094,1.12530568339124,NA,0.25444683545319
"spherical","01869.png",1869,0.235427043285343,0.276594570447052,1.12059087002347,NA,0.25530486628925
"spherical","01872.png",1872,0.235511250878673,0.276567727045688,1.09636644058209,NA,0.255486037873193
"spherical","01875.png",1875,0.234943009716102,0.275934135409828,1.10002801368191,NA,0.254452636341998
"spherical","01879.png",1879,0.2356353460922,0.276600778821751,1.11561130068183,NA,0.255226199954348
"spherical","01882.png",1882,0.2353601166625,0.276291650191836,1.1093139303231,NA,0.254873378275321
"spherical","01885.png",1885,0.235369354647496,0.276094654031123,1.09316661815381,NA,0.254715979070178
"spherical","01888.png",1888,0.236385428904718,0.277303033702097,1.0890168934296,NA,0.256081973832769
"spherical","01891.png",1891,0.236025624198141,0.276870161405266,1.10620286128356,NA,0.25576926113525
"spherical","01895.png",1895,0.236569784153214,0.277479756680847,1.09331238596307,NA,0.257092294069758
"spherical","01898.png",1898,0.23507899997584,0.275904277057875,1.0909928237016,NA,0.254306107808998
"spherical","01901.png",1901,0.236143949413784,0.277123881933917,1.08615403847826,NA,0.256058279779816
"spherical","01904.png",1904,0.236718484924222,0.277647414547321,1.08850826143106,NA,0.256550848269026
"spherical","01907.png",1907,0.236705708289843,0.2775366547956,1.09967392941573,NA,0.256805823193864
"spherical","01911.png",1911,0.236454694822972,0.277396838080684,1.10046678988512,NA,0.256716573465521
"spherical","01914.png",1914,0.235790034435728,0.276767641389871,1.09598458983457,NA,0.255885979672599
"spherical","01917.png",1917,0.236846946529037,0.277833038944072,1.09030530040996,NA,0.257786694947615
"spherical","01920.png",1920,0.236178695182523,0.277189017313036,1.09616885928939,NA,0.256623557020982
"spherical","01923.png",1923,0.236073757289364,0.277001615077224,1.08894748205094,NA,0.256795427987171
"spherical","01927.png",1927,0.236259622433304,0.277086585678862,1.08673615588499,NA,0.256641443716908
"spherical","01930.png",1930,0.236552435615815,0.277460073706434,1.11280226379236,NA,0.257653455299752
"spherical","01933.png",1933,0.23592449231082,0.276860863719309,1.09371725647656,NA,0.256503969053786
"spherical","01936.png",1936,0.236514928454314,0.277426189782611,1.10224080435551,NA,0.257185583041945
"spherical","01939.png",1939,0.236862112980078,0.277810152556605,1.0931880919561,NA,0.2577280554502
"spherical","01943.png",1943,0.236791865630345,0.277713581820628,1.08192370316615,NA,0.257291517299329
"spherical","01946.png",1946,0.237219847299926,0.278031490368797,1.10257853340521,NA,0.256959562623085
"spherical","01949.png",1949,0.236597011920629,0.277634224536038,1.12108478704106,NA,0.256325690094782
"spherical","01952.png",1952,0.235726553101377,0.276588260369207,1.11236580182147,NA,0.255466279189672
"spherical","01955.png",1955,0.235168814056051,0.276227995609342,1.12269567752768,NA,0.255236287747682
"spherical","01959.png",1959,0.23519332967991,0.276346692731841,1.11971064624341,NA,0.254866061647617
"spherical","01962.png",1962,0.235035038442878,0.276107369451378,1.11553443539492,NA,0.255041351523513
"spherical","01965.png",1965,0.234690832082605,0.275779665475171,1.11578664549858,NA,0.254533364163173
"spherical","01968.png",1968,0.23485651834985,0.275996135669445,1.10596534346338,NA,0.254334605879182
"spherical","01971.png",1971,0.234088376059599,0.274935513421954,1.09733349038126,NA,0.253628160379423
"spherical","01975.png",1975,0.235780554757405,0.276603840254879,1.08714007712884,NA,0.255801963647396
"spherical","01978.png",1978,0.236084393586478,0.277225073972736,1.12210223963585,NA,0.255498110488212
"spherical","01981.png",1981,0.235031021041023,0.276175426649035,1.1241264675391,NA,0.254602714163953
"spherical","01984.png",1984,0.234839385436883,0.275938742612085,1.1055737480452,NA,0.254214198357205
"spherical","01987.png",1987,0.235065408502316,0.276086824584144,1.11066574218188,NA,0.254706336213747
"spherical","01991.png",1991,0.235355296924109,0.276483207583176,1.10529031536473,NA,0.255207769564221
"spherical","01994.png",1994,0.236219384298495,0.277294514235826,1.1264536744254,NA,0.256286135451233
"spherical","01997.png",1997,0.235858885773945,0.276713963998864,1.12380125654067,NA,0.256502035413649
"spherical","02000.png",2000,0.234279267631466,0.275318307066251,1.13245369048424,NA,0.254321792866694
"spherical","02003.png",2003,0.234882073077861,0.275907051634572,1.12826377103848,NA,0.254731998610831
"spherical","02007.png",2007,0.235255979062583,0.276401925077949,1.13254241698974,NA,0.254833081961302
"spherical","02010.png",2010,0.235536862975706,0.276625095958347,1.12628404841879,NA,0.255439683364957
"spherical","02013.png",2013,0.234332407863287,0.275438174914959,1.12709330926953,NA,0.253914223323747
"spherical","02016.png",2016,0.234936401052228,0.275919553361403,1.14521254783667,NA,0.254438916893422
"spherical","02019.png",2019,0.234516815874332,0.275630179514847,1.12588029793066,NA,0.254215755077907
"spherical","02023.png",2023,0.235035747063789,0.275925207033705,1.10967090227539,NA,0.255569933272162
"spherical","02026.png",2026,0.233299936445521,0.27424457637051,1.11208072910071,NA,0.253750044342494
"spherical","02029.png",2029,0.234982705381981,0.276077969061584,1.11050690186071,NA,0.256454327167657
"spherical","02032.png",2032,0.234136555385407,0.275208565067101,1.11237890656547,NA,0.255328374744183
"spherical","02035.png",2035,0.234130671341256,0.275272821055934,1.10292253523156,NA,0.255183716161653
"spherical","02039.png",2039,0.234371807433336,0.275434784285144,1.10897644676975,NA,0.255172132991356
"spherical","02042.png",2042,0.235850517404205,0.276915728496465,1.11271319816667,NA,0.256688911725002
"spherical","02045.png",2045,0.236932740396134,0.2777813955243,1.0889422179304,NA,0.257245491283137
"spherical","02048.png",2048,0.237234374994404,0.27826194253133,1.09693104142845,NA,0.25815371804797
"spherical","02051.png",2051,0.236908962056358,0.277892093749899,1.11478388881221,NA,0.258075888785947
"spherical","02055.png",2055,0.236579100227037,0.277607790835862,1.10330493746508,NA,0.25761070713018
"spherical","02058.png",2058,0.237176753579923,0.278220175441261,1.10806345284701,NA,0.258242510884284
"spherical","02061.png",2061,0.238315514203631,0.279188518974848,1.07909177770933,NA,0.258182930843605
"spherical","02064.png",2064,0.237791458923007,0.278722934860028,1.08648267672774,NA,0.257716386304063
"spherical","02067.png",2067,0.237595086076251,0.278291984596146,1.09751276973522,NA,0.256939825145473
"spherical","02071.png",2071,0.236972259681228,0.277899394008573,1.12079025170837,NA,0.25702884509681
"spherical","02074.png",2074,0.235595299356347,0.276708134073729,1.1304814857184,NA,0.25529513798588
"spherical","02077.png",2077,0.235274990951028,0.27616446419386,1.12753710225885,NA,0.255213518360877
"spherical","02080.png",2080,0.235307612173099,0.276230243293681,1.13882926940233,NA,0.255823972136879
"spherical","02083.png",2083,0.23388697469666,0.274986065586688,1.13125770682108,NA,0.253547599556937
"spherical","02087.png",2087,0.234789754361666,0.275878332852971,1.12753104758872,NA,0.254639160314003
"spherical","02090.png",2090,0.234605907333347,0.275557786961546,1.13517538202221,NA,0.254676758583041
"spherical","02093.png",2093,0.234892951889785,0.275833999319878,1.10248690330891,NA,0.255813395521992
"spherical","02096.png",2096,0.233524663695522,0.274691223487996,1.11202867842562,NA,0.254833295203198
"spherical","02099.png",2099,0.234261285759817,0.275448444194971,1.1050520413237,NA,0.255330549626726
"spherical","02103.png",2103,0.235142969588217,0.276203036410475,1.10424321976423,NA,0.256064214661561
"spherical","02106.png",2106,0.234604808146254,0.275655707815755,1.10901092042445,NA,0.255546116503949
"spherical","02109.png",2109,0.236858219869718,0.277827306315297,1.10521355002895,NA,0.257670259693455
"spherical","02112.png",2112,0.236708024928486,0.277600298580921,1.07963872738736,NA,0.257164422792278
"spherical","02115.png",2115,0.236294432699622,0.277392868436399,1.10026190051699,NA,0.257115378212633
"spherical","02119.png",2119,0.236340902784085,0.277199873715799,1.09171842055578,NA,0.256240512220932
"spherical","02122.png",2122,0.237277081495775,0.277950273617669,1.10283656378947,NA,0.256931768821824
"spherical","02125.png",2125,0.235901705948942,0.276879185303139,1.12700455757276,NA,0.255266352427514
"spherical","02128.png",2128,0.235292744943541,0.276210123708886,1.13152619777514,NA,0.254805138779909
"spherical","02131.png",2131,0.236806239340749,0.27785995635928,1.14925324769941,NA,0.257327739443792
"spherical","02135.png",2135,0.23591506296875,0.276808701697963,1.13031183086796,NA,0.256377579949277
"spherical","02138.png",2138,0.23554116680269,0.276245676967849,1.13390870936092,NA,0.256456049451787
"spherical","02141.png",2141,0.233614535636126,0.274641070117331,1.10381951350543,NA,0.254743105511299
"spherical","02144.png",2144,0.232457214898367,0.273672877809075,1.11014577557041,NA,0.253326015363332
"spherical","02147.png",2147,0.235759699461047,0.276752586056557,1.09908790391169,NA,0.257126618265435
"spherical","02151.png",2151,0.235183890507566,0.276301936097412,1.10522663357164,NA,0.255950387853167
"spherical","02154.png",2154,0.237581311412981,0.278541433250135,1.0953068498862,NA,0.258596106095443
"spherical","02157.png",2157,0.236744852065226,0.277716394700374,1.09134967693036,NA,0.257095109964113
"spherical","02160.png",2160,0.237040263311531,0.277935174829352,1.09290331198326,NA,0.257818515997083
"spherical","02163.png",2163,0.236515747255617,0.277182619159378,1.09006442634234,NA,0.255933185517147
"spherical","02167.png",2167,0.237305482761587,0.278181194794284,1.12302630560245,NA,0.256613914668625
"spherical","02170.png",2170,0.2356034137971,0.276582372605397,1.12900617503512,NA,0.254825957010919
"spherical","02173.png",2173,0.23603612810575,0.27710144333552,1.12382323871592,NA,0.255483343884723
"spherical","02176.png",2176,0.235927544258896,0.276967610730027,1.13610633039138,NA,0.255937214756199
"spherical","02179.png",2179,0.23491133255825,0.27602535427096,1.12368526340117,NA,0.254719122281727
"spherical","02183.png",2183,0.235343868343807,0.27622679835182,1.10505916072768,NA,0.256203631907119
"spherical","02186.png",2186,0.232554106669388,0.273663455020012,1.11079756654627,NA,0.2536382148333
"spherical","02189.png",2189,0.23331910632808,0.274440310205507,1.11731471397329,NA,0.253713975668298
"spherical","02192.png",2192,0.236962200072313,0.277856312146111,1.08354216820733,NA,0.257025700965623
"spherical","02195.png",2195,0.237167151084936,0.278011550235644,1.09356221084595,NA,0.25699191447549
"spherical","02199.png",2199,0.236073651691332,0.2769531474977,1.11399820591396,NA,0.255106194788269
"spherical","02202.png",2202,0.235902008016917,0.276943720535851,1.12802873615104,NA,0.2555595113673
"spherical","02205.png",2205,0.235520534881525,0.276621571148692,1.1306381575715,NA,0.25505210384863
"spherical","02208.png",2208,0.235912563558326,0.27704099976791,1.13119645832499,NA,0.256047053279004
"spherical","02211.png",2211,0.235121722976664,0.276075788878327,1.12457225558552,NA,0.255180885454023
"spherical","02215.png",2215,0.233575330080581,0.274595767551956,1.10907532089319,NA,0.254290680349336
"spherical","02218.png",2218,0.232838039994249,0.273934711315786,1.09819611871155,NA,0.253700139919253
"spherical","02221.png",2221,0.234830796166299,0.275914459763606,1.09088094806226,NA,0.25549561060195
"spherical","02224.png",2224,0.236429987663898,0.27735046460356,1.09358104450459,NA,0.256864523319058
"spherical","02227.png",2227,0.236802957109244,0.277713385169661,1.08742809345496,NA,0.257294918736947
"spherical","02231.png",2231,0.237707474955013,0.278558348363647,1.11101858832844,NA,0.257937189765446
"spherical","02234.png",2234,0.236605953041107,0.277654771082967,1.09108223348356,NA,0.256399621837116
"spherical","02237.png",2237,0.237221260186753,0.278050700970332,1.10904840559177,NA,0.256168813571793
"spherical","02240.png",2240,0.237381445317375,0.278230217479805,1.13978856939825,NA,0.25660792868737
"spherical","02243.png",2243,0.235876712456484,0.276793613573775,1.12373462337353,NA,0.255662900679698
"spherical","02247.png",2247,0.233324478361729,0.274467611313517,1.1136588858816,NA,0.253713024054374
"spherical","02250.png",2250,0.233810506474568,0.274846639323589,1.11429443004633,NA,0.254051496664671
"spherical","02253.png",2253,0.234552737203526,0.275763908569381,1.11716756098815,NA,0.254909821974466
"spherical","02256.png",2256,0.236591886456313,0.277566101708674,1.10222721164967,NA,0.257522609943301
"spherical","02259.png",2259,0.236359259590915,0.277398573521199,1.11002548005487,NA,0.256833528727365
"spherical","02263.png",2263,0.237098286908885,0.277843750246562,1.09316738004622,NA,0.257404857004393
"spherical","02266.png",2266,0.235414810250122,0.276225373556961,1.09736175674841,NA,0.254801644991011
"spherical","02269.png",2269,0.236724688697582,0.277433597974211,1.10703972378034,NA,0.25568850537111
"spherical","02272.png",2272,0.237492545429484,0.278530653786473,1.12756463852022,NA,0.256570511721291
"spherical","02275.png",2275,0.236531902101979,0.277417722859031,1.12046375407684,NA,0.256293374711076
"spherical","02279.png",2279,0.233361727454421,0.274462639825216,1.10071397036415,NA,0.254003092341106
"spherical","02282.png",2282,0.234212960908559,0.275248067175891,1.10178638654758,NA,0.254306235911249
"spherical","02285.png",2285,0.236917053012649,0.277759252124679,1.07910332024889,NA,0.256657574155577
"spherical","02288.png",2288,0.23591151017278,0.276853709311171,1.10029067464169,NA,0.254253079500847
"spherical","02291.png",2291,0.234870132403899,0.27606109073329,1.10459647695886,NA,0.252695170702954
"spherical","02295.png",2295,0.236281594678787,0.277309149599267,1.13674846685743,NA,0.255198250218949
"spherical","02298.png",2298,0.236134489733439,0.277157754249437,1.119593526296,NA,0.255103240483214
"spherical","02301.png",2301,0.236737418747862,0.277741923776695,1.12294816159772,NA,0.256291382948573
"spherical","02304.png",2304,0.23440535832361,0.275476109620952,1.12957959937735,NA,0.253330489252255
"spherical","02307.png",2307,0.236184306679081,0.276934959177983,1.12503483841881,NA,0.255854981961201
"spherical","02311.png",2311,0.232817336655435,0.274010433256211,1.13249360686147,NA,0.252757073103313
"spherical","02314.png",2314,0.235870377835726,0.276834669223825,1.0861893716239,NA,0.255013205270029
"spherical","02317.png",2317,0.236835677601237,0.277851704157548,1.11867279657992,NA,0.255402039197175
"spherical","02320.png",2320,0.236405945185485,0.27740791852155,1.11768774203923,NA,0.255703527787943
"spherical","02323.png",2323,0.235167519220451,0.276074735203083,1.12827109019937,NA,0.254417346624417
"spherical","02327.png",2327,0.236779625704817,0.277508824760115,1.12397848150774,NA,0.256659420936194
"spherical","02330.png",2330,0.234503804831821,0.275532879975832,1.10218589436818,NA,0.25460593042271
"spherical","02333.png",2333,0.233648938407378,0.274782035644642,1.12045208014833,NA,0.253934583195982
"spherical","02336.png",2336,0.234356849062299,0.275495467068487,1.1033740596851,NA,0.254758097420888
"spherical","02339.png",2339,0.23737515819349,0.2783517759407,1.08008821197376,NA,0.257071989635189
"spherical","02343.png",2343,0.237975536814248,0.278878024767685,1.12459255791675,NA,0.256534265906991
"spherical","02346.png",2346,0.236698344263293,0.277691951855116,1.13097906450734,NA,0.255375347442372
"spherical","02349.png",2349,0.236215981824489,0.277192356450208,1.13203152679243,NA,0.25569159085622
"spherical","02352.png",2352,0.235274265785605,0.276045139806408,1.11831809899985,NA,0.254745561862011
"spherical","02355.png",2355,0.232646614121536,0.273746449912976,1.0969650103358,NA,0.252453459976582
"spherical","02359.png",2359,0.23367129562205,0.27480444051511,1.10177518177734,NA,0.253905212392235
"spherical","02362.png",2362,0.235029851035848,0.27609134562586,1.10134860499016,NA,0.254678626401534
"spherical","02365.png",2365,0.237461747951395,0.278324644493864,1.10456263019157,NA,0.25680090333031
"spherical","02368.png",2368,0.2373610196867,0.278254459542618,1.12289013101892,NA,0.255557263218567
"spherical","02371.png",2371,0.236982383178671,0.277872856214115,1.12683552542217,NA,0.255471371175168
"spherical","02375.png",2375,0.234457499901844,0.275556309107273,1.10272107259291,NA,0.254702563594767
"spherical","02378.png",2378,0.233684419370287,0.274808005874951,1.08954277702961,NA,0.253862304705755
"spherical","02381.png",2381,0.235905190560609,0.276873524736094,1.0835738938506,NA,0.255167634100016
"spherical","02384.png",2384,0.236415030937099,0.27732096810018,1.09164138820601,NA,0.25524823584134
"spherical","02387.png",2387,0.237118323785497,0.278073195346036,1.11499257118609,NA,0.255507885360219
"spherical","02391.png",2391,0.236795533236334,0.277764614626262,1.1275283599711,NA,0.255332595419021
"spherical","02394.png",2394,0.236554598558441,0.277547629305964,1.1224841887404,NA,0.255705364881287
"spherical","02397.png",2397,0.23497481328129,0.275847545661893,1.11593173367719,NA,0.254803384208367
"spherical","02400.png",2400,0.233470226668753,0.274650009143774,1.09568922364944,NA,0.253507056043554
"spherical","02403.png",2403,0.234160365108362,0.275318880458784,1.08798265770182,NA,0.253607362979208
"spherical","02407.png",2407,0.236660456027737,0.277587474410041,1.08527779481822,NA,0.255554977984176
"spherical","02410.png",2410,0.236772046135866,0.277719461568837,1.11968173030618,NA,0.255167249424921
"spherical","02413.png",2413,0.236925281406769,0.277848819592361,1.12035415061757,NA,0.256437859488826
"spherical","02416.png",2416,0.234730652362236,0.275695372865625,1.09909803502439,NA,0.254662922089172
"spherical","02419.png",2419,0.234097048979698,0.275257594537048,1.11812985820365,NA,0.254051566389409
"spherical","02423.png",2423,0.235988020518399,0.277019369508378,1.1017014593871,NA,0.256135670479758
"spherical","02426.png",2426,0.235796526783206,0.276828443523741,1.10498168122043,NA,0.255389454975686
"spherical","02429.png",2429,0.236594172224463,0.277554709850679,1.09562401165018,NA,0.254678528447
"spherical","02432.png",2432,0.23876935365637,0.279616446478295,1.12667036903257,NA,0.257185162889411
"spherical","02435.png",2435,0.235596731353954,0.276527379749318,1.10497284404745,NA,0.255026807960756
"spherical","02439.png",2439,0.234081867270386,0.275314096656102,1.11314056202615,NA,0.253564768163898
"spherical","02442.png",2442,0.236587167938602,0.27764639746626,1.08463988871206,NA,0.255759579723432
"spherical","02445.png",2445,0.236790156237537,0.277753890217817,1.08518171974553,NA,0.255420931493082
"spherical","02448.png",2448,0.237613859981291,0.278602571525303,1.11482535611977,NA,0.255509477191709
"spherical","02451.png",2451,0.23681887725707,0.277800224754354,1.14311860182446,NA,0.255255344358482
"spherical","02455.png",2455,0.234848254453705,0.275729323790795,1.11754054391918,NA,0.253565316928509
"spherical","02458.png",2458,0.23396109445505,0.275139660762784,1.09974655829527,NA,0.253195526349505
"spherical","02461.png",2461,0.23439685463632,0.275655752746188,1.11663246572698,NA,0.253828745160946
"spherical","02464.png",2464,0.236673517001319,0.277593594133925,1.0832835977179,NA,0.254853963116332
"spherical","02467.png",2467,0.237831906050104,0.278697566332702,1.12607004641225,NA,0.256295391719727
"spherical","02471.png",2471,0.237088128253662,0.278096617701453,1.12821661137011,NA,0.255905384248985
"spherical","02474.png",2474,0.234982318046447,0.275970687306692,1.10492446410196,NA,0.254285411367024
"spherical","02477.png",2477,0.23315145518891,0.274168425795367,1.11322252149663,NA,0.252107578377056
"spherical","02480.png",2480,0.232689089564944,0.274016952272939,1.09138545027248,NA,0.25154186809958
"spherical","02483.png",2483,0.235600539560517,0.276656444430902,1.11448388730075,NA,0.254706253689178
"spherical","02487.png",2487,0.236242566429269,0.277250540315828,1.1027920479885,NA,0.253554679804832
"spherical","02490.png",2490,0.236813301478247,0.277799937441295,1.11295354645678,NA,0.254560032777416
"spherical","02493.png",2493,0.236195395943277,0.277124144251624,1.12644301737354,NA,0.254700501602884
"spherical","02496.png",2496,0.232442226569115,0.273753423659099,1.10992985730586,NA,0.250511786040111
"spherical","02499.png",2499,0.235066587433237,0.276111669018888,1.11382051668485,NA,0.253659296002408
"spherical","02503.png",2503,0.236813783463191,0.277667465688605,1.11580464132266,NA,0.254556863042057
"spherical","02506.png",2506,0.23791638888706,0.278783142505976,1.13845151034486,NA,0.255878669463213
"spherical","02509.png",2509,0.235954869585213,0.276971052950235,1.13162979897652,NA,0.253810791264551
"spherical","02512.png",2512,0.235467176392892,0.276491305313069,1.12072836543826,NA,0.25398042750653
"spherical","02515.png",2515,0.233658360369448,0.274808134153765,1.09247916783701,NA,0.253083541145053
"spherical","02519.png",2519,0.235477203285281,0.276501502400099,1.09568257951906,NA,0.253907170304832
"spherical","02522.png",2522,0.236726356539177,0.277763844235326,1.12299568008012,NA,0.25419976713566
"spherical","02525.png",2525,0.237438218252512,0.278377352933993,1.11663438404232,NA,0.255312599356122
"spherical","02528.png",2528,0.234712699601562,0.275679645270376,1.11414243183509,NA,0.253113819104286
"spherical","02531.png",2531,0.232865792528243,0.274179970872946,1.0995631576765,NA,0.252204102881219
"spherical","02535.png",2535,0.236476028248605,0.277389942101308,1.09314660347967,NA,0.254711818324858
"spherical","02538.png",2538,0.236802102569213,0.277682962289044,1.09301125734693,NA,0.254399748651523
"spherical","02541.png",2541,0.236314919700701,0.277336630143651,1.12712043400395,NA,0.253741955068391
"spherical","02544.png",2544,0.236325493401272,0.277407208407681,1.13440493102484,NA,0.253725292346197
"spherical","02547.png",2547,0.235496252106478,0.276453803997012,1.11523625732447,NA,0.25406090320594
"spherical","02551.png",2551,0.234116187200094,0.275221125520032,1.09185729654426,NA,0.253267902085336
"spherical","02554.png",2554,0.23623707700551,0.27718358356106,1.09912561842741,NA,0.254904825343167
"spherical","02557.png",2557,0.236800867699921,0.277786638341504,1.11241547893765,NA,0.254360061383839
"spherical","02560.png",2560,0.236764632220409,0.27775382385157,1.13408822465012,NA,0.254817590344895
"spherical","02563.png",2563,0.234631789915146,0.275667746033067,1.10969100739808,NA,0.25347567130934
"spherical","02567.png",2567,0.236190470243563,0.277269981719876,1.09951513739988,NA,0.255014615380667
"spherical","02570.png",2570,0.236567340557928,0.277508614343812,1.10722098337638,NA,0.253727221274479
"spherical","02573.png",2573,0.236126721415196,0.277078380217874,1.11973004922799,NA,0.253400436256731
"spherical","02576.png",2576,0.236456165577848,0.277384314883533,1.12338433872444,NA,0.253899125893714
"spherical","02579.png",2579,0.235265312104847,0.276151987513341,1.10473334108841,NA,0.253414084770416
"spherical","02583.png",2583,0.234669989801273,0.27576835067417,1.10001072815159,NA,0.253774638298068
"spherical","02586.png",2586,0.235934725429271,0.27693447697554,1.10594450617617,NA,0.25465749714133
"spherical","02589.png",2589,0.236978156314917,0.277902141701275,1.10026785883338,NA,0.254163656959253
"spherical","02592.png",2592,0.237034797256684,0.278090085396119,1.12505322984539,NA,0.254537952613092
"spherical","02595.png",2595,0.233864204468003,0.274883874802307,1.10637628929891,NA,0.252487702481144
"spherical","02599.png",2599,0.234372303315798,0.275565794013979,1.09971466934198,NA,0.252659124028515
"spherical","02602.png",2602,0.236459515800305,0.277341369751283,1.09530885883067,NA,0.253656198592599
"spherical","02605.png",2605,0.235977710286915,0.277038156894042,1.11214603775547,NA,0.252688664790667
"spherical","02608.png",2608,0.237712661700303,0.278712648642368,1.10994834365292,NA,0.255882458624465
"spherical","02611.png",2611,0.235899607169342,0.276806660176162,1.11637076454173,NA,0.253967783359263
"spherical","02615.png",2615,0.233372441722584,0.274619059107489,1.10730420219841,NA,0.252090066897853
"spherical","02618.png",2618,0.235459253471261,0.276375600602424,1.10769778478715,NA,0.252434816925254
"spherical","02621.png",2621,0.23647737543556,0.277506727007209,1.13491746586887,NA,0.253435198044877
"spherical","02624.png",2624,0.236602207907108,0.277419790131514,1.11787420442818,NA,0.254797485198489
"spherical","02627.png",2627,0.233422250833368,0.274799555895167,1.11362208674443,NA,0.252299276508752
"spherical","02631.png",2631,0.236290598066781,0.277182401392146,1.10058840198365,NA,0.253366413999229
"spherical","02634.png",2634,0.236660794745298,0.277681844296715,1.12812710347874,NA,0.253497450453924
"spherical","02637.png",2637,0.235358005846696,0.276505926178986,1.1322193117373,NA,0.252346461029421
"spherical","02640.png",2640,0.235816974470969,0.276879571852339,1.13357762588983,NA,0.253077575771423
"spherical","02643.png",2643,0.232680690263579,0.27407723804663,1.09743975849754,NA,0.250882968219675
"spherical","02647.png",2647,0.235021998624698,0.276252362029265,1.10208355722392,NA,0.251251440059299
"spherical","02650.png",2650,0.23618470815776,0.277324190338613,1.1220291561661,NA,0.251884723800371
"spherical","02653.png",2653,0.235368847534131,0.276546751502683,1.1036069361573,NA,0.251213561952388
"spherical","02656.png",2656,0.233686748299636,0.275114353198839,1.1191658479617,NA,0.251313493845013
"spherical","02659.png",2659,0.236489853083723,0.2776103510846,1.09344288164106,NA,0.252123142937013
"spherical","02663.png",2663,0.237414762322629,0.278450018987907,1.10058355909607,NA,0.252397108941869
"spherical","02666.png",2666,0.234923015667565,0.276236023232181,1.11653260164349,NA,0.250220801539175
"spherical","02669.png",2669,0.234912465007988,0.27605630580672,1.11457945541708,NA,0.250990273293106
"spherical","02672.png",2672,0.232541313661499,0.273978874655621,1.12184863509761,NA,0.248838213309053
"spherical","02675.png",2675,0.235696052718498,0.277000865702704,1.12255713709392,NA,0.252627060538187
"spherical","02679.png",2679,0.235313176882275,0.276581240652795,1.12891191130486,NA,0.249712642362376
"spherical","02682.png",2682,0.237545969615636,0.278671998007356,1.13050459401592,NA,0.2532915881979
"spherical","02685.png",2685,0.233380526276928,0.274750560156983,1.13538680720514,NA,0.24941687654976
"spherical","02688.png",2688,0.232865785339134,0.274507925847992,1.13613208860835,NA,0.248335993398773
"spherical","02691.png",2691,0.236204779342671,0.277228269752904,1.1641049844904,NA,0.251690691215711
"spherical","02695.png",2695,0.236135174229452,0.277217579102172,1.15731415681775,NA,0.252368008405482
"spherical","02698.png",2698,0.234119183967534,0.275425385255812,1.10214171321704,NA,0.251885545535354
"spherical","02701.png",2701,0.235867297637652,0.276956477265306,1.10353803428211,NA,0.253166418062824
"spherical","02704.png",2704,0.236805582874463,0.277782387807072,1.09273375213684,NA,0.25275835432435
"spherical","02707.png",2707,0.236919305022987,0.277987434376675,1.17091583864992,NA,0.252614037048551
"spherical","02711.png",2711,0.23547372837416,0.276411057889094,1.11300307306137,NA,0.252855521309424
"spherical","02714.png",2714,0.234375504744868,0.27548300477812,1.09857105422414,NA,0.252291993161592
"spherical","02717.png",2717,0.235813670449985,0.276931127003404,1.08284420353664,NA,0.253837425715953
"spherical","02720.png",2720,0.235702851440905,0.276676139288183,1.10116744815325,NA,0.252117098354543
"spherical","02723.png",2723,0.236645472438086,0.277620106682638,1.12515513527831,NA,0.252481307068203
"spherical","02727.png",2727,0.23507886558234,0.276005955697185,1.11586925660492,NA,0.252191900261188
"spherical","02730.png",2730,0.235141489729639,0.276206203411728,1.11704246858492,NA,0.253907194110408
"spherical","02733.png",2733,0.236253385583239,0.27733287867794,1.08605189105276,NA,0.254304315537438
"spherical","02736.png",2736,0.23650300753799,0.277455127673548,1.10381812638705,NA,0.252944682102709
"spherical","02739.png",2739,0.237050448617478,0.278052966202359,1.14061815781173,NA,0.252966214682322
"spherical","02743.png",2743,0.233290033296327,0.27442912821502,1.1119878859304,NA,0.250514785539798
"spherical","02746.png",2746,0.235615126192982,0.27671468399741,1.11025467117718,NA,0.251804548166308
"spherical","02749.png",2749,0.236725375519863,0.277803114925131,1.10777974795826,NA,0.252342323318354
"spherical","02752.png",2752,0.236309222809279,0.277365783232029,1.12944814956962,NA,0.252825838819275
"spherical","02755.png",2755,0.234479793721799,0.275421702928701,1.1107592806815,NA,0.251410353544321
"spherical","02759.png",2759,0.233621835907042,0.274957564741281,1.08937654328003,NA,0.251054587602343
"spherical","02762.png",2762,0.23654027741628,0.277531359058229,1.07953276599544,NA,0.253465232937534
"spherical","02765.png",2765,0.237775591448241,0.278758575385855,1.13438558331013,NA,0.253035501138274
"spherical","02768.png",2768,0.236327990496527,0.277421985182267,1.11295210087846,NA,0.252185834160003
"spherical","02771.png",2771,0.234281441791898,0.275375253088774,1.09599247763169,NA,0.250884601383473
"spherical","02775.png",2775,0.235978795846347,0.277149438807414,1.11625534217252,NA,0.253479597994466
"spherical","02778.png",2778,0.237637338869361,0.278514508377814,1.10298788764449,NA,0.253251500134936
"spherical","02781.png",2781,0.237069724112821,0.278027679561624,1.10695704398271,NA,0.253228231864443
"spherical","02784.png",2784,0.233080344765153,0.274428627252574,1.0967975863314,NA,0.250150146875875
"spherical","02787.png",2787,0.23558828976758,0.276812609389074,1.09425486397495,NA,0.252832552248549
"spherical","02791.png",2791,0.236807073188817,0.277805616958676,1.11049314416222,NA,0.251784350423694
"spherical","02794.png",2794,0.237833033571538,0.27876822677001,1.12620590491294,NA,0.254069950611593
"spherical","02797.png",2797,0.23416666545731,0.275181773358029,1.08858347443529,NA,0.250905182984279
"spherical","02800.png",2800,0.234097532256419,0.275451697449147,1.09795446418609,NA,0.25128530236664
"spherical","02803.png",2803,0.236630289943533,0.277531775497708,1.08873838474763,NA,0.252546243456431
"spherical","02807.png",2807,0.237738045643881,0.278697675026647,1.12961912019207,NA,0.253818898053767
"spherical","02810.png",2810,0.23426048386625,0.275311240728314,1.0944801181572,NA,0.251204917675496
"spherical","02813.png",2813,0.235403970463811,0.276548732515903,1.1091177058207,NA,0.252871067981305
"spherical","02816.png",2816,0.236419029900553,0.277325196837371,1.09291675923844,NA,0.25200125556233
"spherical","02819.png",2819,0.237122001272753,0.278121601142408,1.12210818100441,NA,0.252585988398872
"spherical","02823.png",2823,0.235841771240179,0.276643229850672,1.10636305835744,NA,0.252547403958018
"spherical","02826.png",2826,0.233144374415694,0.274484365516123,1.10673970408867,NA,0.2501341071262
"spherical","02829.png",2829,0.236052071875858,0.277222824782663,1.11439396230356,NA,0.253508711155382
"spherical","02832.png",2832,0.237375645616015,0.278246264385661,1.10824105176956,NA,0.252802855126286
"spherical","02835.png",2835,0.236586690885002,0.277572580053261,1.10822236661846,NA,0.252931910227712
"spherical","02839.png",2839,0.234272816678363,0.275508917160648,1.09587631792184,NA,0.252038892882384
"spherical","02842.png",2842,0.236500666204887,0.2775049166558,1.08331043734103,NA,0.252328937914868
"spherical","02845.png",2845,0.237771262025062,0.278786719902762,1.12188592663931,NA,0.253274996917899
"spherical","02848.png",2848,0.235286772986477,0.276186092791078,1.11626607984773,NA,0.252194022876614
"spherical","02851.png",2851,0.23471967822473,0.275985575173022,1.0958149108801,NA,0.25203356890509
"spherical","02855.png",2855,0.237104502523611,0.27801249378423,1.07814730919607,NA,0.253285874833148
"spherical","02858.png",2858,0.236920282169214,0.277799423914833,1.10220859183607,NA,0.25237720641434
"spherical","02861.png",2861,0.237087607595665,0.278120988650856,1.11748445302983,NA,0.252588697846939
"spherical","02864.png",2864,0.234662220210967,0.275714947123617,1.10579241228689,NA,0.25164150673942
"spherical","02867.png",2867,0.234612648503077,0.275888455206213,1.10080197580594,NA,0.252123074413474
"spherical","02871.png",2871,0.236399710716856,0.277431911216935,1.10592146946514,NA,0.251369762332151
"spherical","02874.png",2874,0.23649055744538,0.277465744900567,1.1153721744306,NA,0.252320422250227
"spherical","02877.png",2877,0.234368064348654,0.275577999813051,1.10838852481129,NA,0.251999515664696
"spherical","02880.png",2880,0.236737210559602,0.277782722677711,1.0928317144484,NA,0.253236408354504
"spherical","02883.png",2883,0.236263214976922,0.277295451212519,1.12427804900761,NA,0.250830476280372
"spherical","02887.png",2887,0.236658793768868,0.277679997979168,1.11413793334255,NA,0.252336170019034
"spherical","02890.png",2890,0.236071091461574,0.27691090125138,1.1071237498837,NA,0.252879984503426
"spherical","02893.png",2893,0.233013545917088,0.274417317020991,1.10786404596026,NA,0.249971822573855
"spherical","02896.png",2896,0.23694710897869,0.277772008920011,1.08216947815413,NA,0.253241031710604
"spherical","02899.png",2899,0.237283862131162,0.278288099210817,1.12950114653272,NA,0.252492477328615
"spherical","02903.png",2903,0.234042622749546,0.275390970455415,1.08805927416,NA,0.250898619978299
"spherical","02906.png",2906,0.236803828964348,0.277672696437935,1.09746308628515,NA,0.252316247494286
"spherical","02909.png",2909,0.236610632045759,0.277650940288955,1.12119862404528,NA,0.25154009265252
"spherical","02912.png",2912,0.236481256513038,0.277330859148267,1.10636825860326,NA,0.252877348954222
"spherical","02915.png",2915,0.233624154452939,0.27482606661803,1.09592233791619,NA,0.250653168327238
"spherical","02919.png",2919,0.236521812495195,0.277568436069688,1.09205366617338,NA,0.253132429318112
"spherical","02922.png",2922,0.23600367095002,0.276998248880322,1.10547264155994,NA,0.250510929346462
"spherical","02925.png",2925,0.237651882736867,0.278638111124739,1.14176335798162,NA,0.252293278777734
"spherical","02928.png",2928,0.234790243586061,0.275873714452352,1.10881016649261,NA,0.25045631890176
"spherical","02931.png",2931,0.233301643075648,0.274667676102528,1.11710789400972,NA,0.250118307475823
"spherical","02935.png",2935,0.235745057455743,0.276777956937662,1.12500715876878,NA,0.250302443282811
"spherical","02938.png",2938,0.236557355423352,0.277578666279124,1.11506437784796,NA,0.252287374596594
"spherical","02941.png",2941,0.234044136689047,0.27535145619064,1.10117244369304,NA,0.251390505948665
"spherical","02944.png",2944,0.236030020907989,0.276949492514671,1.10264545379461,NA,0.251468922947162
"spherical","02947.png",2947,0.237399962220642,0.27833265512325,1.11749579597769,NA,0.252074159196238
"spherical","02951.png",2951,0.235139448470472,0.27611001931698,1.11140886457394,NA,0.251569729207241
"spherical","02954.png",2954,0.234143394213766,0.275502087949854,1.10144914242355,NA,0.25085496434119
"spherical","02957.png",2957,0.237017310005876,0.277994677982403,1.1016148040559,NA,0.252859960002139
"spherical","02960.png",2960,0.237305758906426,0.278195157464964,1.11492957504063,NA,0.25171761012729
"spherical","02963.png",2963,0.237387723956354,0.278258140920891,1.11174150851553,NA,0.252873659953602
"spherical","02967.png",2967,0.234123968998293,0.275308052411974,1.10721774928554,NA,0.250600959334966
"spherical","02970.png",2970,0.234324146768238,0.275598152997729,1.11833744169057,NA,0.250524155957145
"spherical","02973.png",2973,0.237259145262041,0.278222766733734,1.10808889996981,NA,0.251298840332808
"spherical","02976.png",2976,0.237037578551909,0.278010132492405,1.1074132323151,NA,0.252692212746741
"spherical","02979.png",2979,0.232999073695586,0.274262127850803,1.09794087461579,NA,0.249081772325267
"spherical","02983.png",2983,0.236632202377176,0.277675584256644,1.08822876288542,NA,0.251946502083681
"spherical","02986.png",2986,0.23783620140262,0.278679347839728,1.12368840878518,NA,0.25215231893322
"spherical","02989.png",2989,0.23653981005608,0.277559734473972,1.10810673609609,NA,0.251680884135738
"spherical","02992.png",2992,0.232428821219936,0.273860719538482,1.09385736352692,NA,0.248577793465713
"spherical","02995.png",2995,0.235978665899858,0.277006222617711,1.1009603607601,NA,0.250883715454936
"spherical","02999.png",2999,0.237306067615967,0.278304742064285,1.13783781961267,NA,0.251313042572273
"spherical","03002.png",3002,0.236053385090028,0.277051730671336,1.11560324737736,NA,0.251148319159271
"spherical","03005.png",3005,0.233083399549954,0.274337633519479,1.09256759565213,NA,0.249340018294199
"spherical","03008.png",3008,0.235479199089045,0.276578228573794,1.08907328834254,NA,0.251013048843103
"spherical","03011.png",3011,0.237091223931297,0.278067659873478,1.10967924732765,NA,0.250577554454464
"spherical","03015.png",3015,0.236831553459257,0.277807806922903,1.12236590855654,NA,0.252273198175468
"spherical","03018.png",3018,0.234320880804365,0.275291927218268,1.11483442103641,NA,0.250115268621252
"spherical","03021.png",3021,0.234324375544517,0.275658373058783,1.10537910312905,NA,0.250314167958045
"spherical","03024.png",3024,0.237034900700754,0.277976438207862,1.10760433707322,NA,0.251037447344653
"spherical","03027.png",3027,0.235074569244464,0.276040778551149,1.09431552506021,NA,0.250295613031219
"spherical","03031.png",3031,0.235546012443687,0.276699537460386,1.07787027853042,NA,0.251406202867439
"spherical","03034.png",3034,0.236633197171207,0.277520837057435,1.09804998389364,NA,0.250766512130209
"spherical","03037.png",3037,0.237956072760795,0.278810583619785,1.11712012810158,NA,0.252300691779187
"spherical","03040.png",3040,0.233044138682649,0.274321852901003,1.10794817627023,NA,0.248904327605579
"spherical","03043.png",3043,0.235748848062228,0.276864464255755,1.09315185845438,NA,0.251710905853871
"spherical","03047.png",3047,0.237043968673508,0.277932128284586,1.09958015694742,NA,0.251066137649816
"spherical","03050.png",3050,0.237700938211098,0.278660020323149,1.11420940743477,NA,0.251772399306413
"spherical","03053.png",3053,0.234582956996715,0.275696624192978,1.10550441629332,NA,0.249335223220348
"spherical","03056.png",3056,0.233478902143557,0.27486648458145,1.09847616963498,NA,0.249721523073136
"spherical","03059.png",3059,0.237010053144312,0.277812481918848,1.10578649667936,NA,0.250891083929054
"spherical","03063.png",3063,0.235982920398232,0.276990542989835,1.12919162181164,NA,0.250456635691561
"spherical","03066.png",3066,0.23315353424158,0.274501838751646,1.09516922178135,NA,0.248930970892888
"spherical","03069.png",3069,0.235877487217803,0.277033733840659,1.09488339223013,NA,0.25098240804874
"spherical","03072.png",3072,0.236858390548284,0.277886383837327,1.10159963411885,NA,0.250018245761822
"spherical","03075.png",3075,0.23872220573866,0.279540853452455,1.11224700712472,NA,0.252627826095982
"spherical","03079.png",3079,0.233909598566418,0.275149336989814,1.10935895980221,NA,0.250180274718086
"spherical","03082.png",3082,0.2364923012642,0.277547001319325,1.10346347373125,NA,0.251772229930215
"spherical","03085.png",3085,0.236582506972538,0.277381842328414,1.10075486279107,NA,0.250471222785334
"spherical","03088.png",3088,0.237639684327658,0.278527588369404,1.14197700108557,NA,0.25133729644463
"spherical","03091.png",3091,0.233314720834692,0.274612365835841,1.11236748414111,NA,0.249111565477468
"spherical","03095.png",3095,0.236195446325295,0.277105266318865,1.09901220315983,NA,0.249562164066258
"spherical","03098.png",3098,0.237633917321482,0.278504532519238,1.12044229884645,NA,0.251618484552302
"spherical","03101.png",3101,0.235626659208667,0.276684078139516,1.11494811869918,NA,0.250211103664484
"spherical","03104.png",3104,0.232356183359506,0.273636562976284,1.10644019873376,NA,0.247593708613042
"spherical","03107.png",3107,0.23581006595485,0.277002910839606,1.10305116513324,NA,0.251758437315012
"spherical","03111.png",3111,0.23720270097089,0.27816264626659,1.10128925086616,NA,0.250625988048347
"spherical","03114.png",3114,0.237855838309211,0.278729842942822,1.12761312360197,NA,0.252340106812316
"spherical","03117.png",3117,0.232688843718123,0.273900504103734,1.09802706739112,NA,0.247863852703861
"spherical","03120.png",3120,0.236191740151005,0.277185669935332,1.0886524638669,NA,0.251704436419266
"spherical","03123.png",3123,0.236884831969112,0.277808339567815,1.1192312315236,NA,0.250200226608386
"spherical","03127.png",3127,0.234519342879533,0.275459141066562,1.09699899373993,NA,0.24984119808421
"spherical","03130.png",3130,0.233500140469294,0.274962201163713,1.11046774357026,NA,0.24914566372298
"spherical","03133.png",3133,0.236946897833465,0.278004158966848,1.10163273649054,NA,0.25264093365879
"spherical","03136.png",3136,0.236936612039271,0.277758611635293,1.09943358044284,NA,0.250672843226831
"spherical","03139.png",3139,0.237701146921471,0.278616291005734,1.12277396065387,NA,0.251391537631244
"spherical","03143.png",3143,0.233914383963911,0.275002874876469,1.09446623068626,NA,0.249284074261909
"spherical","03146.png",3146,0.237267242350864,0.278262361617253,1.09337695822533,NA,0.252942326144277
"spherical","03149.png",3149,0.237353675029596,0.278298017526367,1.11147259863162,NA,0.250478178692381
"spherical","03152.png",3152,0.237209406006083,0.278168938037952,1.10810193016396,NA,0.252119177877608
"spherical","03155.png",3155,0.232551194912874,0.273901154541101,1.10883231421705,NA,0.248038016730977
"spherical","03159.png",3159,0.236836558835959,0.277773472959541,1.09909240719307,NA,0.251045206970565
"spherical","03162.png",3162,0.236957878844187,0.27799304367214,1.12396128316647,NA,0.249708511669212
"spherical","03165.png",3165,0.236679940977186,0.277703246665147,1.12252790415152,NA,0.250357788304744
"spherical","03168.png",3168,0.233042246187111,0.27426610788439,1.10906711170219,NA,0.247604792408537
"spherical","03171.png",3171,0.233371212331518,0.274752243425549,1.10748217240193,NA,0.24890152056471
"spherical","03175.png",3175,0.236275653051245,0.27737654481686,1.08741242850237,NA,0.251420790579624
"spherical","03178.png",3178,0.2378111335529,0.278704824964733,1.12127739408567,NA,0.250596742854512
"spherical","03181.png",3181,0.237319517887818,0.278279138001769,1.10533911937814,NA,0.251762449841161
"spherical","03184.png",3184,0.233279226761448,0.274715301756897,1.11356997432275,NA,0.248732789720814
"spherical","03187.png",3187,0.237026530480782,0.277859416781937,1.10373374915879,NA,0.250304021849699
"spherical","03191.png",3191,0.236420107235012,0.27744116798555,1.11998255152312,NA,0.250494652327891
"spherical","03194.png",3194,0.233332020965536,0.274745931183351,1.0967627240334,NA,0.24937266998326
"spherical","03197.png",3197,0.235751222005726,0.276901502175044,1.09911962213102,NA,0.251089833295272
"spherical","03200.png",3200,0.236664690991718,0.277460601670928,1.11600386985721,NA,0.250444815932387
"spherical","03203.png",3203,0.237799134761721,0.278717810208652,1.12540353927851,NA,0.250978398005788
"spherical","03207.png",3207,0.233346269913326,0.274446743120713,1.10498556002197,NA,0.248140298025806
"spherical","03210.png",3210,0.234729603746302,0.27600692079967,1.10508379746321,NA,0.250014189220174
"spherical","03213.png",3213,0.237560444021364,0.278525128660573,1.09277389533993,NA,0.252538270086456
"spherical","03216.png",3216,0.237551795216092,0.278457406118937,1.12863838175518,NA,0.249955564621377
"spherical","03219.png",3219,0.237227734199088,0.278160924441315,1.10832215562652,NA,0.250749992054815
"spherical","03223.png",3223,0.233915933020925,0.275189507791608,1.09111624031574,NA,0.249353355471973
"spherical","03226.png",3226,0.236377682427635,0.27732711018569,1.09732933756581,NA,0.250201538997679
"spherical","03229.png",3229,0.237219271082829,0.278260114668138,1.12684775317456,NA,0.250083599137079
"spherical","03232.png",3232,0.23601505067301,0.27696528985653,1.09390202673093,NA,0.250604986403579
"spherical","03235.png",3235,0.232993242287107,0.274366414922637,1.0955012817405,NA,0.248443179167962
"spherical","03239.png",3239,0.236769697714693,0.277672145009437,1.10873144834724,NA,0.249570729838238
"spherical","03242.png",3242,0.237085640298463,0.278052342012097,1.12338605914784,NA,0.249703200983493
"spherical","03245.png",3245,0.234965444496094,0.276102983443063,1.09856143947729,NA,0.248801458959646
"spherical","03248.png",3248,0.234123929383176,0.275162102195413,1.10605420049459,NA,0.248655847762711
"spherical","03251.png",3251,0.235459517239998,0.276627581538973,1.0946450168938,NA,0.251116510964182
"spherical","03255.png",3255,0.236603059723409,0.277523696645037,1.11442357782687,NA,0.249235242565573
"spherical","03258.png",3258,0.23735524822817,0.278324192330076,1.12359729884273,NA,0.250260465215422
"spherical","03261.png",3261,0.235300193417604,0.276316588398158,1.09509073519192,NA,0.249852087964988
"spherical","03264.png",3264,0.234042375288209,0.275384935273821,1.1012579719553,NA,0.249397846334377
"spherical","03267.png",3267,0.236430328805025,0.277393115872587,1.09521012103164,NA,0.250161183808102
"spherical","03271.png",3271,0.237355760333047,0.278204327028426,1.12356531196462,NA,0.250708444234847
"spherical","03274.png",3274,0.233452397103562,0.274705799521502,1.10810769733951,NA,0.247894734435958
"spherical","03277.png",3277,0.236540992387336,0.277539139402941,1.10041058131504,NA,0.251701333958677
"spherical","03280.png",3280,0.236889294173314,0.277697193904183,1.12044723728158,NA,0.249560930606395
"spherical","03284.png",3284,0.234003900906166,0.275164384340585,1.10157037268619,NA,0.247322731181177
"spherical","03287.png",3287,0.234560429438631,0.275819384750055,1.11379767628466,NA,0.249946713809981
"spherical","03290.png",3290,0.23759320659347,0.278560792204004,1.09578488181177,NA,0.252428686501653
"spherical","03293.png",3293,0.237107139011931,0.27799234057439,1.09249653685877,NA,0.251227321899449
"spherical","03296.png",3296,0.237754316329818,0.27869758837842,1.11372776488669,NA,0.250230694267329
"spherical","03300.png",3300,0.235030456082723,0.276192534926427,1.09266175856609,NA,0.248626326963686
"spherical","03303.png",3303,0.234829595525258,0.275774765624203,1.09285170229946,NA,0.249334235980826
"spherical","03306.png",3306,0.236912347283596,0.277882522111492,1.09345992215528,NA,0.251912879080884
"spherical","03309.png",3309,0.237806722725556,0.278758973073271,1.1177438272171,NA,0.250180465048808
"spherical","03312.png",3312,0.234955085973564,0.275989198865254,1.09187046990493,NA,0.248861670152808
"spherical","03316.png",3316,0.23506412073739,0.276273762038702,1.10201508675554,NA,0.249897547448246
"spherical","03319.png",3319,0.236272788338114,0.27718655950141,1.08923048944086,NA,0.249233171739753
"spherical","03322.png",3322,0.237851139512723,0.278794610668406,1.11908917592473,NA,0.250236531516245
"spherical","03325.png",3325,0.236185583304244,0.277166934028035,1.11429164958075,NA,0.249307469452812
"spherical","03328.png",3328,0.232495798369273,0.273713011693685,1.09514160650649,NA,0.246623390882498
"spherical","03332.png",3332,0.234698975640525,0.276017405295394,1.10865674664999,NA,0.249703444835757
"spherical","03335.png",3335,0.237030642031727,0.277858000425015,1.09823981616271,NA,0.24962866760114
"spherical","03338.png",3338,0.238336975517395,0.279193174023724,1.12156799485565,NA,0.251314255509004
"spherical","03341.png",3341,0.233340812170346,0.274463689742995,1.11606970622634,NA,0.248114280147007
"spherical","03344.png",3344,0.233174943348008,0.274593263720868,1.11679270640895,NA,0.248045949850374
"spherical","03348.png",3348,0.236968411525873,0.277886159875802,1.09765150209279,NA,0.250725251377348
"spherical","03351.png",3351,0.237468531247241,0.278361705600462,1.13866946990244,NA,0.249136073415235
"spherical","03354.png",3354,0.237082378610554,0.277954615008748,1.10575143764334,NA,0.249973146683006
"spherical","03357.png",3357,0.232979320554534,0.274105353085769,1.10232198979654,NA,0.247302204903026
"spherical","03360.png",3360,0.234180498702773,0.275437272612881,1.10962723517687,NA,0.248613507208909
"spherical","03364.png",3364,0.23647309471194,0.277293466396896,1.10753046588857,NA,0.248403955302234
"spherical","03367.png",3367,0.238228623947534,0.279108132181638,1.1227652926645,NA,0.250688819154713
"spherical","03370.png",3370,0.235307609728393,0.276260500935532,1.09652530860861,NA,0.249449578469635
"spherical","03373.png",3373,0.234174247472176,0.27553861948978,1.10478683287377,NA,0.249119432958003
"spherical","03376.png",3376,0.2356916712787,0.276744251715662,1.08780188643871,NA,0.24863575058412
"spherical","03380.png",3380,0.235343149023906,0.276427278083319,1.12684484096163,NA,0.246108394390391
"spherical","03383.png",3383,0.236862317366733,0.277830749738828,1.09806766239255,NA,0.248978765588568
"spherical","03386.png",3386,0.234401955410773,0.275503416726283,1.09014630174194,NA,0.249363765506476
"spherical","03389.png",3389,0.235675877170642,0.276844830126989,1.10279407482999,NA,0.250174309942352
"spherical","03392.png",3392,0.236594857713451,0.277544123077541,1.08879168847159,NA,0.249575577007697
"spherical","03396.png",3396,0.23774982710611,0.278741301582612,1.12571512926516,NA,0.249163067693816
"spherical","03399.png",3399,0.236189912765751,0.27722778243568,1.10994670040947,NA,0.249968134230713
"spherical","03402.png",3402,0.233184670590342,0.274589772651016,1.11264051594151,NA,0.247764289932864
"spherical","03405.png",3405,0.236113837616374,0.277148543056656,1.10568281769696,NA,0.248682448860897
"spherical","03408.png",3408,0.23870737843372,0.2794640922523,1.12246049587051,NA,0.25081647312924
"spherical","03412.png",3412,0.236697233799119,0.2777286327866,1.11137525761338,NA,0.248315983287928
"spherical","03415.png",3415,0.235785990261971,0.276868870796499,1.11486185425249,NA,0.248958870745105
"spherical","03418.png",3418,0.233707671649641,0.274777707241568,1.10096869375635,NA,0.247799844503627
"spherical","03421.png",3421,0.233766395137313,0.275134484409635,1.1308929639344,NA,0.248342151238027
"spherical","03424.png",3424,0.236406752589725,0.277391500147182,1.08246628650592,NA,0.250011561080871
"spherical","03428.png",3428,0.238492388837625,0.279456538968632,1.12089296103846,NA,0.250389467145564
"spherical","03431.png",3431,0.233053648331428,0.274203190871487,1.09387542207904,NA,0.246669035389872
"spherical","03434.png",3434,0.236399115823426,0.277451967322935,1.1009767045129,NA,0.250877121261136
"spherical","03437.png",3437,0.237011194341101,0.27780081936168,1.09974978779693,NA,0.248720577580851
"spherical","03440.png",3440,0.237861726870349,0.278891889555332,1.12196807623442,NA,0.249663800168322
"spherical","03444.png",3444,0.23567759583793,0.276661493537031,1.10612602369239,NA,0.24953092204487
"spherical","03447.png",3447,0.231653787677338,0.273156572459981,1.1033713334331,NA,0.24602825614514
"spherical","03450.png",3450,0.235230452248228,0.276508525213613,1.12308259489379,NA,0.248806757265138
"spherical","03453.png",3453,0.235933290941872,0.276895433197137,1.09827229345789,NA,0.2480324996096
"spherical","03456.png",3456,0.236794988937864,0.277643288997974,1.12354899616157,NA,0.247882098548735
"spherical","03460.png",3460,0.236670402935619,0.27773050342238,1.12373893497194,NA,0.248513228047842
"spherical","03463.png",3463,0.235177255604333,0.27630712622295,1.10180010261641,NA,0.248624071451755
"spherical","03466.png",3466,0.232327051979457,0.273701770199087,1.10767865563165,NA,0.246952193491519
"spherical","03469.png",3469,0.236571115848189,0.277536259631738,1.0950019944431,NA,0.25019289412982
"spherical","03472.png",3472,0.239154428571151,0.280033123969209,1.12668516205679,NA,0.251134660611531
"spherical","03476.png",3476,0.235224505622333,0.276338959666128,1.105026407917,NA,0.248428039970238
"spherical","03479.png",3479,0.233760717593714,0.274842386310531,1.09773011354158,NA,0.24780472756623
"spherical","03482.png",3482,0.236110222441521,0.277150229388931,1.10004876856302,NA,0.250429181410943
"spherical","03485.png",3485,0.236243198838585,0.277175696113491,1.1031722541631,NA,0.248263780888763
"spherical","03488.png",3488,0.23745240613023,0.27841035313245,1.1134554217336,NA,0.248826414844725
"spherical","03492.png",3492,0.236595567609633,0.277498758759628,1.10452137270525,NA,0.249145407333129
"spherical","03495.png",3495,0.234108742233386,0.275210421465901,1.09725282029684,NA,0.247095023479116
"spherical","03498.png",3498,0.232875089592671,0.274164059036363,1.10081816052542,NA,0.24749247891438
"spherical","03501.png",3501,0.236404604888359,0.277498420392652,1.09152043170552,NA,0.250693488805857
"spherical","03504.png",3504,0.237165486944473,0.277984760910358,1.09707391969093,NA,0.250062728758399
"spherical","03508.png",3508,0.237685935326818,0.27868905702084,1.12042161154602,NA,0.249539317023061
"spherical","03511.png",3511,0.235533783994509,0.276539979577717,1.0980144177845,NA,0.248617757368157
"spherical","03514.png",3514,0.232635456008655,0.273855326492942,1.10403220662137,NA,0.246562873404857
"spherical","03517.png",3517,0.235628538339069,0.276762904708011,1.08254871213699,NA,0.249608622252047
"spherical","03520.png",3520,0.23602439508388,0.276912267623376,1.10095356843294,NA,0.248368447206869
"spherical","03524.png",3524,0.237741474782795,0.278750733950266,1.11733117464206,NA,0.24884482455969
"spherical","03527.png",3527,0.236270847339725,0.277276702608743,1.11786016226333,NA,0.249357100145946
"spherical","03530.png",3530,0.232616846065669,0.2738613898897,1.12101953111704,NA,0.246705656624574
"spherical","03533.png",3533,0.234854198148176,0.276040792291157,1.11200927470365,NA,0.249079452043002
"spherical","03536.png",3536,0.237608217018702,0.278464654211871,1.09111393147307,NA,0.251167183831435
"spherical","03540.png",3540,0.236915752492188,0.277630652636329,1.10941787993738,NA,0.248364586374709
"spherical","03543.png",3543,0.237442410224058,0.278421642428792,1.12667650092032,NA,0.248490719407245
"spherical","03546.png",3546,0.235452467564078,0.276531710734006,1.10331744797264,NA,0.247893526710394
"spherical","03549.png",3549,0.233442557490987,0.274615040611886,1.08102319400724,NA,0.247692538197506
"spherical","03552.png",3552,0.234902830372549,0.276119854166077,1.11291085868341,NA,0.248755931333058
"spherical","03556.png",3556,0.236434926645429,0.277338142464473,1.09853075780145,NA,0.248453904538937
"spherical","03559.png",3559,0.238135508341968,0.278952514457994,1.11907367634639,NA,0.249065892749106
"spherical","03562.png",3562,0.236805053542876,0.277703599601677,1.11273932267931,NA,0.248907993635333
"spherical","03565.png",3565,0.234482263296101,0.275591506434499,1.10394276208929,NA,0.247094646174049
"spherical","03568.png",3568,0.233885679672672,0.27494001374816,1.09247516603468,NA,0.248151009286162
"spherical","03572.png",3572,0.234375808057697,0.275663691648488,1.1010913928518,NA,0.248437682585805
"spherical","03575.png",3575,0.237045343949814,0.277941559079846,1.10675148460723,NA,0.249747520601581
"spherical","03578.png",3578,0.237131337079982,0.277923552741102,1.1007604193526,NA,0.248595176960306
"spherical","03581.png",3581,0.237775679963503,0.278762029194435,1.12165945722247,NA,0.249044419149099
"spherical","03584.png",3584,0.234407036311113,0.275513505070887,1.0852024791926,NA,0.247058472002584
"spherical","03588.png",3588,0.233861902530432,0.275047000412205,1.09487665719779,NA,0.248093373553536
"spherical","03591.png",3591,0.236757634684999,0.277749244317541,1.10329971214656,NA,0.251223644083186
"spherical","03594.png",3594,0.235961357981917,0.276971047199663,1.09978140002129,NA,0.248334138952531
"spherical","03597.png",3597,0.238005282762768,0.278684334680284,1.12715630421855,NA,0.248803282151117
"spherical","03600.png",3600,0.23812965108954,0.278941650296096,1.12327777482339,NA,0.249778287579461
"spherical","03604.png",3604,0.233596924076268,0.274707420480836,1.10237150850116,NA,0.246402700646236
"spherical","03607.png",3607,0.233846753992581,0.275036842776876,1.10807079660256,NA,0.248107852469195
"spherical","03610.png",3610,0.235596687426703,0.276789084889199,1.09852279122423,NA,0.249959190895306
"spherical","03613.png",3613,0.237568883388027,0.278364593503977,1.08889484550798,NA,0.250642531411844
"spherical","03616.png",3616,0.23689419648323,0.277737902859834,1.09846182666866,NA,0.248084717883579
"spherical","03620.png",3620,0.23637400728173,0.27736952047937,1.13989005448086,NA,0.247130064841724
"spherical","03623.png",3623,0.236441975598536,0.277361577379872,1.11059007711716,NA,0.248427482948374
"spherical","03626.png",3626,0.23411592162268,0.275138797481539,1.09990929533708,NA,0.247235926316683
"spherical","03629.png",3629,0.233199594304487,0.274443098499476,1.09558196174811,NA,0.247311959453165
"spherical","03632.png",3632,0.235332210225588,0.276420194356333,1.10526953199744,NA,0.249158454175807
"spherical","03636.png",3636,0.236552720771387,0.277572007411587,1.09344458863468,NA,0.250758523177072
"spherical","03639.png",3639,0.237659790348099,0.278550043615328,1.09535566685857,NA,0.249378074273453
"spherical","03642.png",3642,0.237662777625359,0.278574171387388,1.12459757022196,NA,0.248284825082622
"spherical","03645.png",3645,0.236907365704937,0.277779813993376,1.10912015164437,NA,0.248821159817373
"spherical","03648.png",3648,0.234106587494668,0.27512198704125,1.09719302730323,NA,0.247395888665982
"spherical","03652.png",3652,0.234858388567347,0.276032773969808,1.11663782660151,NA,0.248981407721644
"spherical","03655.png",3655,0.235952031756723,0.277038257432164,1.10416532736903,NA,0.249530118030225
"spherical","03658.png",3658,0.236531700069352,0.277385416973318,1.0971960971,NA,0.248464155504506
"spherical","03661.png",3661,0.236016401303581,0.276952853408226,1.09441212487827,NA,0.247315023608322
"spherical","03664.png",3664,0.236041309329079,0.276881993766039,1.1079059366217,NA,0.246814637089832
"spherical","03668.png",3668,0.237669978996054,0.278532346546275,1.11257488284108,NA,0.248714090035985
"spherical","03671.png",3671,0.236625691246195,0.277463535008768,1.10530806970394,NA,0.2484675470523
"spherical","03674.png",3674,0.232848130348948,0.274001100981765,1.09684788425927,NA,0.246612626401544
"spherical","03677.png",3677,0.234697049200333,0.275916786761221,1.10242525805046,NA,0.24897372381113
"spherical","03680.png",3680,0.235288303563281,0.276374120042651,1.08851948732176,NA,0.24710316794332
"spherical","03684.png",3684,0.236991256034618,0.277781521412643,1.13253987182845,NA,0.247964197838659
"spherical","03687.png",3687,0.236314165078868,0.277407710432035,1.119888750952,NA,0.246610439232167
"spherical","03690.png",3690,0.23666396572373,0.2776368336976,1.11759488018494,NA,0.24806721694938
"spherical","03693.png",3693,0.233830480389665,0.274953803794255,1.09527157466241,NA,0.246338537880308
"spherical","03696.png",3696,0.233280676034127,0.274702199559972,1.08231509385894,NA,0.247005636057265
"spherical","03700.png",3700,0.236183544490357,0.277180459766983,1.10237474364368,NA,0.250111515683169
"spherical","03703.png",3703,0.236985859333473,0.278010737000093,1.08495125619204,NA,0.250529540496895
"spherical","03706.png",3706,0.237823695051126,0.278661914089333,1.10219720535978,NA,0.249480781935967
"spherical","03709.png",3709,0.235775925929085,0.27674811620753,1.10150119603864,NA,0.246268374603985
"spherical","03712.png",3712,0.237325820943494,0.278258649493701,1.13226127298223,NA,0.247745642953613
"spherical","03716.png",3716,0.235596090954482,0.276543011510706,1.10712655511209,NA,0.24768940937356
"spherical","03719.png",3719,0.232773300175378,0.274102731943647,1.09823007028158,NA,0.246921552814615
"spherical","03722.png",3722,0.235305696452632,0.276401126971442,1.10805639283207,NA,0.249002460844828
"spherical","03725.png",3725,0.236759032712426,0.277621838289917,1.09174254623911,NA,0.249950600752807
"spherical","03728.png",3728,0.236331764458436,0.277232089484486,1.08885099961613,NA,0.248710270044269
"spherical","03732.png",3732,0.236228551615381,0.277097720231362,1.11118782660219,NA,0.246214826589867
"spherical","03735.png",3735,0.235462005888877,0.276428534895928,1.11757380597938,NA,0.245268274452704
"spherical","03738.png",3738,0.235891616714986,0.276857374375309,1.12795871804683,NA,0.246186333183553
"spherical","03741.png",3741,0.236248225542471,0.277221512586747,1.12529697906058,NA,0.247635357284093
"spherical","03744.png",3744,0.235111729628292,0.276146583807458,1.10845200614513,NA,0.246314331504849
"spherical","03748.png",3748,0.234862784394083,0.275867684439329,1.10494077128449,NA,0.247230683693505
"spherical","03751.png",3751,0.233226482922253,0.274207775288102,1.08949794347333,NA,0.246189467443184
"spherical","03754.png",3754,0.232876448691203,0.27408203386442,1.10486515002465,NA,0.246319255608179
"spherical","03757.png",3757,0.235694330524611,0.276800520274873,1.10067073690759,NA,0.249027056113186
"spherical","03760.png",3760,0.237725765927534,0.278504066168371,1.09930061687344,NA,0.250182962931263
"spherical","03764.png",3764,0.237563565589024,0.278346148261727,1.11731259996708,NA,0.247368471438327
"spherical","03767.png",3767,0.236742759681967,0.27766005859168,1.12131030478179,NA,0.247367858616116
"spherical","03770.png",3770,0.233753766032059,0.274790830339115,1.09950851611296,NA,0.245475234759344
"spherical","03773.png",3773,0.23382303028698,0.274894380401175,1.12577493466402,NA,0.246324550131988
"spherical","03776.png",3776,0.234421188905393,0.275647679019383,1.10763458791152,NA,0.24796178906025
"spherical","03780.png",3780,0.235087098184399,0.276266576591999,1.11614334701127,NA,0.248457746382194
"spherical","03783.png",3783,0.234044022373408,0.275253169532436,1.09491195420126,NA,0.246970811287963
"spherical","03786.png",3786,0.236966550566566,0.277983915516746,1.10927340457212,NA,0.250152026777382
"spherical","03789.png",3789,0.236982092769289,0.277753577226366,1.10325322689199,NA,0.249590810538911
"spherical","03792.png",3792,0.236375777615502,0.2771233025191,1.09774051121257,NA,0.247958368254145
"spherical","03796.png",3796,0.23725286829062,0.277965606676535,1.11781522091,NA,0.24786192004243
"spherical","03799.png",3799,0.235878197776778,0.276883301135928,1.12416519920598,NA,0.245746743232251
"spherical","03802.png",3802,0.236243514899563,0.277138289392783,1.12373494881152,NA,0.247209696253833
"spherical","03805.png",3805,0.235679889821854,0.276714399992378,1.09726299511381,NA,0.248129999878567
"spherical","03808.png",3808,0.232479143555028,0.273655889349676,1.10329576657662,NA,0.245079116716851
"spherical","03812.png",3812,0.233436074095475,0.274726450499489,1.10926954907324,NA,0.246243427957331
"spherical","03815.png",3815,0.234684633316806,0.275841832191733,1.1136968319871,NA,0.248159465335287
"spherical","03818.png",3818,0.235851293602783,0.276980339817903,1.10554775408898,NA,0.249289852604157
"spherical","03821.png",3821,0.235418946402368,0.276535395940863,1.0898159814484,NA,0.248632003385604
"spherical","03824.png",3824,0.237321109379009,0.278246730657344,1.11228120127584,NA,0.250702268749795
"spherical","03828.png",3828,0.23607584440348,0.277046129216879,1.10453244364247,NA,0.247291659198063
"spherical","03831.png",3831,0.236676265824527,0.27750237305484,1.10553204596434,NA,0.247619616077202
"spherical","03834.png",3834,0.237155883660681,0.277949900859214,1.13151735295788,NA,0.246863979538747
"spherical","03837.png",3837,0.236913501626593,0.277760689819751,1.12530344601068,NA,0.246936215177175
"spherical","03840.png",3840,0.235788940101308,0.276603314454621,1.12296224320169,NA,0.245980389525472
"spherical","03844.png",3844,0.234770963040793,0.27578688512922,1.11156818838417,NA,0.246436464085981
"spherical","03847.png",3847,0.232362050818161,0.273534431058963,1.10600342103839,NA,0.244894455406436
"spherical","03850.png",3850,0.233692749812017,0.274792022646173,1.10415436608859,NA,0.24637921586046
"spherical","03853.png",3853,0.234279474706737,0.275547146356154,1.09770119713127,NA,0.247444299679284
"spherical","03856.png",3856,0.236809846603373,0.277823442248858,1.10441882610052,NA,0.250226314139032
"spherical","03860.png",3860,0.235089978243082,0.276195191258619,1.09975334136481,NA,0.247936512097429
"spherical","03863.png",3863,0.236446203764545,0.277360896362131,1.0918421942559,NA,0.248787767184347
"spherical","03866.png",3866,0.237383333522343,0.278303468787904,1.10420836558911,NA,0.249471046571175
"spherical","03869.png",3869,0.237066574740559,0.277762411776401,1.10062380464882,NA,0.248187340378287
"spherical","03872.png",3872,0.23648664775389,0.277450418007436,1.10937025728951,NA,0.246652499522486
"spherical","03876.png",3876,0.23539762849622,0.276278985732805,1.1244553771861,NA,0.24484538989043
"spherical","03879.png",3879,0.235509074995786,0.276488592543978,1.1221024571202,NA,0.245389865879877
"spherical","03882.png",3882,0.235055344678945,0.276084605155039,1.12641185374231,NA,0.24461861545621
"spherical","03885.png",3885,0.235805548337469,0.27678958974041,1.11702145167012,NA,0.245921203110673
"spherical","03888.png",3888,0.235298614651288,0.276325430083226,1.09866161488001,NA,0.24614659922613
"spherical","03892.png",3892,0.234070375504207,0.275256458577804,1.08996536601378,NA,0.246034561051505
"spherical","03895.png",3895,0.233297900646129,0.27443533978642,1.09175881294879,NA,0.244936877089059
"spherical","03898.png",3898,0.234351804935541,0.275334411343666,1.10285076591373,NA,0.246508555914472
"spherical","03901.png",3901,0.23501515844303,0.275979728676357,1.10776056425395,NA,0.247826788880387
"spherical","03904.png",3904,0.23483854518354,0.275705222335498,1.09263689534391,NA,0.247314159743972
"spherical","03908.png",3908,0.233290404697713,0.274387716345843,1.10479013203825,NA,0.245276707564091
"spherical","03911.png",3911,0.234408832014177,0.275521415147053,1.10378214404516,NA,0.247287352072792
"spherical","03914.png",3914,0.236050982307396,0.277045660518259,1.11689767728042,NA,0.249173686586086
"spherical","03917.png",3917,0.236450371111061,0.277441343515741,1.11125640989201,NA,0.249752938154985
"spherical","03920.png",3920,0.236794923718903,0.277668662687537,1.10683114739403,NA,0.249830702753483
"spherical","03924.png",3924,0.237116888187289,0.27797365071968,1.10937637596699,NA,0.248502266535993
"spherical","03927.png",3927,0.236040671046164,0.276978514178315,1.10990700718668,NA,0.245693518237966
"spherical","03930.png",3930,0.236573415507332,0.277327443127061,1.11876117095426,NA,0.246133014810573
"spherical","03933.png",3933,0.23620606618303,0.277061377128592,1.12525580846828,NA,0.245745431915096
"spherical","03936.png",3936,0.236341019861055,0.277267526720603,1.13072671029336,NA,0.246647374574924
"spherical","03940.png",3940,0.234476784982837,0.27539132102281,1.10333887711501,NA,0.245234004593752
"spherical","03943.png",3943,0.234543240010877,0.275548136072437,1.09830113414373,NA,0.246256059811221
"spherical","03946.png",3946,0.234248590778809,0.275406138947304,1.09308569272679,NA,0.246036253147533
"spherical","03949.png",3949,0.234652796582636,0.275725824996857,1.0912103147219,NA,0.246804977191751
"spherical","03952.png",3952,0.23401714812188,0.275050122600356,1.09429997062188,NA,0.246303350884194
"spherical","03956.png",3956,0.234812826549405,0.275726823783456,1.11526816112187,NA,0.247117906172862
"spherical","03959.png",3959,0.234759242123742,0.275850087667746,1.10373958816408,NA,0.247958972091485
"spherical","03962.png",3962,0.235154783268777,0.276260854456092,1.09828244330403,NA,0.248346726734054
"spherical","03965.png",3965,0.236101998593331,0.277128727786609,1.09979046701077,NA,0.248872538281676
"spherical","03968.png",3968,0.23686056055112,0.277782831710078,1.1137013668199,NA,0.249989498710175
"spherical","03972.png",3972,0.236459985395174,0.27746105050911,1.09675276406782,NA,0.248585897019564
"spherical","03975.png",3975,0.237262748093784,0.278150389268844,1.09865517407492,NA,0.249077151657849
"spherical","03978.png",3978,0.236360252394838,0.277183957977407,1.10202464636705,NA,0.246881371476081
"spherical","03981.png",3981,0.235821619247228,0.276730014285386,1.11025462196608,NA,0.246190563303583
"spherical","03984.png",3984,0.235536134035527,0.27645435454076,1.101255603996,NA,0.247542077755105
"spherical","03988.png",3988,0.236071961784351,0.276923883550945,1.08868226452431,NA,0.247086719567702
"spherical","03991.png",3991,0.235233217826419,0.27618834484284,1.09577268679934,NA,0.246267865607575
"spherical","03994.png",3994,0.235374303829815,0.276379706625613,1.09466129623416,NA,0.247234660990002
"spherical","03997.png",3997,0.236567078588522,0.27731786006022,1.10115806577229,NA,0.247679680340223
"spherical","04000.png",4000,0.235148964637015,0.276111431545736,1.1047501064673,NA,0.246095764524147
"spherical","04004.png",4004,0.235367960315019,0.276316474964519,1.10200917036821,NA,0.245868216980518
"spherical","04007.png",4007,0.235184397445928,0.276173258849798,1.10773322761075,NA,0.244411504773064
"spherical","04010.png",4010,0.235909935887026,0.276750411157933,1.12055097412383,NA,0.24536664243775
"spherical","04013.png",4013,0.23342702774664,0.274248897267703,1.1184464223491,NA,0.242215395253204
"spherical","04016.png",4016,0.235650536367808,0.276618514355986,1.10670252417825,NA,0.245489802652505
"spherical","04020.png",4020,0.235472856158208,0.276451376051752,1.12000592244,NA,0.245066113682166
"spherical","04023.png",4023,0.235016237835355,0.275978233698459,1.12735006915139,NA,0.24477824672044
"spherical","04026.png",4026,0.235390305977225,0.27642760434458,1.12201995203926,NA,0.24478853742335
"spherical","04029.png",4029,0.234203010825055,0.27514080644887,1.12750662984278,NA,0.242969172369589
"spherical","04032.png",4032,0.232772218180635,0.273713049307554,1.11761054501058,NA,0.242363257861955
"spherical","04036.png",4036,0.23574421834439,0.276661229043514,1.1343884927442,NA,0.245074851264291
"spherical","04039.png",4039,0.236255201814542,0.277177692352678,1.12777904220975,NA,0.245581106010393
"spherical","04042.png",4042,0.23542292710257,0.276410905343463,1.12730501054468,NA,0.244648916909911
"spherical","04045.png",4045,0.236110126341168,0.27713167115796,1.11580336652862,NA,0.245657881138543
"spherical","04048.png",4048,0.234820642301271,0.275918396336376,1.12470330045433,NA,0.243870967835975
"spherical","04052.png",4052,0.235702998239893,0.276609345371459,1.10148929843681,NA,0.245437750052196
"spherical","04055.png",4055,0.234835966165995,0.275868356032692,1.10989384978291,NA,0.244054988239797
"spherical","04058.png",4058,0.236151272034579,0.277134611562083,1.1158426130125,NA,0.245917474198525
"spherical","04061.png",4061,0.234683107969303,0.275749576005041,1.14155849809604,NA,0.24386947806958
"spherical","04064.png",4064,0.233465572893475,0.274637768739359,1.13483592931849,NA,0.242665897667675
"spherical","04068.png",4068,0.235223435813116,0.276235144230852,1.129586087727,NA,0.244385647387854
"spherical","04071.png",4071,0.235392572026742,0.276445505660529,1.12054910344001,NA,0.245029131566533
"spherical","04074.png",4074,0.236415216236715,0.277353095603876,1.12315083270662,NA,0.246599604790748
"spherical","04077.png",4077,0.233848526953932,0.274982324672488,1.11479488270891,NA,0.242788846580999
"spherical","04080.png",4080,0.232971006841316,0.274037872929854,1.120291702077,NA,0.24250048955378
"spherical","04084.png",4084,0.234958837824225,0.2758922748974,1.12785274298166,NA,0.24381961061678
"spherical","04087.png",4087,0.233737092693184,0.274702465232486,1.11490324946871,NA,0.242240921900693
"spherical","04090.png",4090,0.235469676064076,0.276471970187858,1.11233906916398,NA,0.245553595320206
"spherical","04093.png",4093,0.235808143415032,0.276818740528206,1.12637924255425,NA,0.245012903689141
"spherical","04096.png",4096,0.23351578046858,0.274470665155295,1.13301591968896,NA,0.241530658210966
"spherical","04100.png",4100,0.235573383382765,0.276521187549569,1.11923173388239,NA,0.245110649680485
"spherical","04103.png",4103,0.234775697332097,0.275765707817341,1.12323333581676,NA,0.24352771002502
"spherical","04106.png",4106,0.234096066194387,0.275115936505004,1.11236382866217,NA,0.242635510179779
"spherical","04109.png",4109,0.234520104471817,0.275492933750548,1.11629317107027,NA,0.243154918456349
"spherical","04112.png",4112,0.233687312211933,0.274679493821442,1.12342344192959,NA,0.242315978074746
"spherical","04116.png",4116,0.234625877590919,0.275544302630904,1.12011282346706,NA,0.244012641858962
"spherical","04119.png",4119,0.233436265722806,0.274471235704241,1.11601209459809,NA,0.242593744586662
"spherical","04122.png",4122,0.234163372447821,0.275058537236636,1.12071731584878,NA,0.242948037290432
"spherical","04125.png",4125,0.234444887056382,0.275404483811708,1.11690678596963,NA,0.243449082039048
"spherical","04128.png",4128,0.234364868437818,0.275403676338289,1.11338379909796,NA,0.2435792374293
"spherical","04132.png",4132,0.235544593147754,0.276479305720096,1.11974825735156,NA,0.24442176094344
"spherical","04135.png",4135,0.235766775730191,0.276547913165512,1.12696520796664,NA,0.244784218168305
"spherical","04138.png",4138,0.235179557306341,0.276161716725989,1.1197323456836,NA,0.243907354439875
"spherical","04141.png",4141,0.23616207878818,0.277133765259081,1.12189895398492,NA,0.245580133182854
"spherical","04144.png",4144,0.233418738881289,0.274468229458343,1.12357427028825,NA,0.242591757731859
"spherical","04148.png",4148,0.233636865048758,0.274677972692346,1.0928604218664,NA,0.243608001026377
"spherical","04151.png",4151,0.235203970776584,0.276264624236939,1.09956111030479,NA,0.246587318862479
"spherical","04154.png",4154,0.234552221234949,0.275433056745012,1.09705222721244,NA,0.245488730463128
"spherical","04157.png",4157,0.234785603790178,0.275800479824027,1.11395033335388,NA,0.246047471827415
"spherical","04160.png",4160,0.235044119867064,0.276054172805845,1.09536029261965,NA,0.246093116924638
"spherical","04164.png",4164,0.235911537073014,0.276939766257378,1.09863042725015,NA,0.248413857373593
"spherical","04167.png",4167,0.235381729963522,0.276442626042073,1.10915377570501,NA,0.247918789758448
"spherical","04170.png",4170,0.234976423660305,0.276240006673677,1.11216979853859,NA,0.247028528853296
"spherical","04173.png",4173,0.234864011051705,0.275917542592675,1.10176845622576,NA,0.246937936654868
"spherical","04176.png",4176,0.234309906442879,0.275475622884132,1.11069409311061,NA,0.24652447563645
"spherical","04180.png",4180,0.236875695413874,0.27783514761154,1.1126057593272,NA,0.248767197642869
"spherical","04183.png",4183,0.233878221069849,0.274787732511447,1.12523619982459,NA,0.245768882622847
"spherical","04186.png",4186,0.236182494123759,0.277225247725525,1.11529470145262,NA,0.248331608904724
"spherical","04189.png",4189,0.23562079328825,0.276720199775283,1.09492338371401,NA,0.247285825779096
"spherical","04192.png",4192,0.235218557027587,0.276349390526705,1.11950738209907,NA,0.247687227442219
"spherical","04196.png",4196,0.234695207072179,0.27576829648983,1.0936656001262,NA,0.246057884002811
"spherical","04199.png",4199,0.23574807716198,0.276760438078801,1.10051941846182,NA,0.247600193503422
"spherical","04202.png",4202,0.235353541688753,0.276344841224182,1.08616273396856,NA,0.247074722440881
"spherical","04205.png",4205,0.23525484814674,0.276220938299616,1.09897157010301,NA,0.246328120776647
"spherical","04208.png",4208,0.23613540944071,0.277113391590991,1.08549324631628,NA,0.24713064110495
"spherical","04212.png",4212,0.235145121688007,0.276205577117658,1.09193570667573,NA,0.245304190097549
"spherical","04215.png",4215,0.23721143617666,0.278131912688139,1.08853255212323,NA,0.247051507213616
"spherical","04218.png",4218,0.237116584568728,0.278045487245248,1.09061596803528,NA,0.246306586923736
"spherical","04221.png",4221,0.237103562116852,0.278098158055439,1.12342683383367,NA,0.245498180345319
"spherical","04224.png",4224,0.236074878162264,0.27712437044613,1.12061831177499,NA,0.244412194606439
"spherical","04228.png",4228,0.233972076566652,0.274823166295532,1.1302333396498,NA,0.241627864800909
"spherical","04231.png",4231,0.23373344679819,0.274844454888922,1.12369071038928,NA,0.241981577875039
"spherical","04234.png",4234,0.233553086449781,0.274629163124105,1.10678867041938,NA,0.242559941806308
"spherical","04237.png",4237,0.233444448768521,0.274357598133008,1.09228092043967,NA,0.242110593786246
"spherical","04240.png",4240,0.234273165651481,0.275370888335727,1.1000403719729,NA,0.243262141603836
"spherical","04244.png",4244,0.236204584743509,0.277175402625026,1.09879692815483,NA,0.246261669457297
"spherical","04247.png",4247,0.234792020400565,0.275674483624337,1.10680236952598,NA,0.245230094043203
"spherical","04250.png",4250,0.235002611054603,0.276015870025029,1.08533307611433,NA,0.245269894473507
"spherical","04253.png",4253,0.235175690131606,0.276060935198745,1.09975252101475,NA,0.246196692935674
"spherical","04256.png",4256,0.236208276363047,0.277184118932962,1.11232462564036,NA,0.247709121357556
"spherical","04260.png",4260,0.23397274292047,0.275190942264027,1.09606808955365,NA,0.24546598120571
"spherical","04263.png",4263,0.236473774917051,0.277465686262269,1.09583906177615,NA,0.247272522770651
"spherical","04266.png",4266,0.236197427708851,0.277124869303965,1.09074448517311,NA,0.246370664855186
"spherical","04269.png",4269,0.237105725614353,0.277946225741009,1.09709143829568,NA,0.246674795352195
"spherical","04272.png",4272,0.23735532811736,0.278084591253517,1.11299050514885,NA,0.24681050647761
"spherical","04276.png",4276,0.236120763176998,0.276959266524271,1.12603759205289,NA,0.244376026514954
"spherical","04279.png",4279,0.233820700642265,0.274628674973382,1.11906137720737,NA,0.241116897221525
"spherical","04282.png",4282,0.234697603383139,0.275735316909376,1.12190877526003,NA,0.242648373530865
"spherical","04285.png",4285,0.234273025836106,0.275300028607783,1.12581012910401,NA,0.242476771509339
"spherical","04288.png",4288,0.234301852494814,0.275263521228711,1.10325387401622,NA,0.243723490864353
"spherical","04292.png",4292,0.235262849059723,0.276263778890525,1.10969203188622,NA,0.24593882429371
"spherical","04295.png",4295,0.235161420349294,0.276053829330105,1.09626190533876,NA,0.245228165529596
"spherical","04298.png",4298,0.234667638081785,0.275701227862791,1.10730591705889,NA,0.246279792147605
"spherical","04301.png",4301,0.233482094061795,0.274670030564907,1.08962326194676,NA,0.244743006812741
"spherical","04304.png",4304,0.234181116013851,0.275338430266711,1.10535578723788,NA,0.244580474929825
"spherical","04308.png",4308,0.23678860152464,0.277695394693766,1.11024375948224,NA,0.247033984323501
"spherical","04311.png",4311,0.238236597754206,0.278955253644051,1.1135977605012,NA,0.248300881973489
"spherical","04314.png",4314,0.236505757191228,0.277511237392776,1.09058525270911,NA,0.245441656691365
"spherical","04317.png",4317,0.236045309094931,0.2771146610609,1.11563328601328,NA,0.244367441763212
"spherical","04320.png",4320,0.235450235326527,0.27647403047837,1.1221093179732,NA,0.242819200639526
"spherical","04324.png",4324,0.234223163208456,0.275353471030182,1.12028209060519,NA,0.241983620656579
"spherical","04327.png",4327,0.234701137158318,0.275634433870084,1.09922018586127,NA,0.24405639913644
"spherical","04330.png",4330,0.23469277364573,0.275783717001884,1.1034656788719,NA,0.244869883453007
"spherical","04333.png",4333,0.235025108971444,0.275909167080061,1.10516775408619,NA,0.245239198331111
"spherical","04336.png",4336,0.234777688699401,0.275649919291305,1.10009850648621,NA,0.245822940184566
"spherical","04340.png",4340,0.232676585827723,0.273837116795802,1.10339181147662,NA,0.243418852172891
"spherical","04343.png",4343,0.236701096383197,0.277685356145426,1.09349692399512,NA,0.246695969850627
"spherical","04346.png",4346,0.236714005662942,0.277630360815524,1.10947966274638,NA,0.246870638699553
"spherical","04349.png",4349,0.23714823479904,0.278047090913107,1.11161812955543,NA,0.245706639747889
"spherical","04352.png",4352,0.236396446454712,0.27729925495528,1.129562641193,NA,0.244639398113004
"spherical","04356.png",4356,0.234456920777708,0.275471970273323,1.12604621426412,NA,0.242471075529055
"spherical","04359.png",4359,0.234130115969907,0.275071092489455,1.10194015202041,NA,0.243171991298183
"spherical","04362.png",4362,0.235504814545946,0.276481575830831,1.09127376053483,NA,0.245445745570284
"spherical","04365.png",4365,0.234964382911261,0.275937280340762,1.10221580809283,NA,0.245322104360082
"spherical","04368.png",4368,0.233409127141935,0.274440405111119,1.11288839688767,NA,0.244254551457472
"spherical","04372.png",4372,0.234578717611701,0.275799749388637,1.11074554535337,NA,0.246299211070013
"spherical","04375.png",4375,0.234638885555589,0.275465099893166,1.09904792716534,NA,0.24512432325189
"spherical","04378.png",4378,0.236641304991032,0.277618274208012,1.09882830768986,NA,0.246767127077813
"spherical","04381.png",4381,0.238783759663012,0.279473115474648,1.10411546523838,NA,0.248203223216977
"spherical","04384.png",4384,0.236782350923416,0.277715381771115,1.11351726384704,NA,0.244693149472056
"spherical","04388.png",4388,0.236174648611732,0.277042222484784,1.12895079894489,NA,0.244254959490077
"spherical","04391.png",4391,0.233952664078785,0.275030082062486,1.10637213976868,NA,0.242292640181289
"spherical","04394.png",4394,0.233764573555219,0.27472697108223,1.09389249666926,NA,0.243582038557597
"spherical","04397.png",4397,0.235222158964478,0.276283209069921,1.11036224363498,NA,0.246346154540537
"spherical","04400.png",4400,0.234292842638788,0.27558894894516,1.11249443949713,NA,0.245737300456152
"spherical","04404.png",4404,0.234766030456794,0.275882333469748,1.11290538938615,NA,0.245991607963005
"spherical","04407.png",4407,0.234678536295087,0.275841807308404,1.10127092379865,NA,0.246091533829198
"spherical","04410.png",4410,0.237182027875668,0.277976190800463,1.09684637985735,NA,0.246215987214374
"spherical","04413.png",4413,0.237509274825317,0.278328157632143,1.13511613729039,NA,0.245289755693178
"spherical","04416.png",4416,0.234895399342811,0.275927530107643,1.11977732803967,NA,0.242513085196151
"spherical","04420.png",4420,0.234679283220854,0.275558547286573,1.09614735476112,NA,0.243490631473006
"spherical","04423.png",4423,0.235076015292366,0.276168008800628,1.08921589428088,NA,0.244418175804226
"spherical","04426.png",4426,0.235305556477392,0.276223032266253,1.11437386111428,NA,0.246283275653849
"spherical","04429.png",4429,0.235614848271607,0.276671582706011,1.09285885189811,NA,0.246354221838298
"spherical","04432.png",4432,0.234644307831549,0.275737387940229,1.10127621484786,NA,0.245847527997149
"spherical","04436.png",4436,0.233066724563479,0.274256165710182,1.10523085307121,NA,0.243899618245576
"spherical","04439.png",4439,0.235479629082566,0.276426084641863,1.09596187081999,NA,0.246364676694401
"spherical","04442.png",4442,0.237137811027068,0.277906200544729,1.10102285194013,NA,0.246657476779942
"spherical","04445.png",4445,0.237699255899373,0.278489709442992,1.12442558539712,NA,0.245446116667562
"spherical","04448.png",4448,0.23515529160524,0.276115753828622,1.12316952078995,NA,0.243063353094363
"spherical","04452.png",4452,0.235032300243957,0.276031365970941,1.09812525662879,NA,0.244214750394437
"spherical","04455.png",4455,0.235181996092525,0.276296425180831,1.10354137913169,NA,0.24556665408588
"spherical","04458.png",4458,0.235274196246174,0.2764249666585,1.10956436567317,NA,0.247183727714764
"spherical","04461.png",4461,0.234042540983954,0.27531421493278,1.10707431829255,NA,0.245262807816058
"spherical","04464.png",4464,0.236011452535976,0.277022232725892,1.09053598199534,NA,0.245646043442788
"spherical","04468.png",4468,0.237993292434271,0.278821849180875,1.10095374497442,NA,0.247040143009282
"spherical","04471.png",4471,0.236986789452025,0.277806462831822,1.11591703162546,NA,0.245701882043108
"spherical","04474.png",4474,0.23405964218446,0.274975877803537,1.12345234956863,NA,0.241577950168964
"spherical","04477.png",4477,0.234605505981068,0.275723985639768,1.1019572083247,NA,0.244839987769195
"spherical","04480.png",4480,0.232804778377812,0.274117621004864,1.10442739449635,NA,0.243907560013837
"spherical","04484.png",4484,0.232164205905725,0.273279327008157,1.11402041708025,NA,0.242363992242958
"spherical","04487.png",4487,0.234180010919068,0.275154556150849,1.10253740778068,NA,0.244682721045653
"spherical","04490.png",4490,0.237552262343962,0.278484596359567,1.09050287776595,NA,0.247688429276442
"spherical","04493.png",4493,0.237350650042817,0.278175135107418,1.10889494770705,NA,0.245718311313683
"spherical","04496.png",4496,0.237180794187542,0.278012276105108,1.12560599973328,NA,0.245263016939303
"spherical","04500.png",4500,0.234809902953804,0.275728408738617,1.10322130290449,NA,0.242651873790651
"spherical","04503.png",4503,0.235506752234547,0.276470754894932,1.09305766047728,NA,0.245045503870353
"spherical","04506.png",4506,0.233911302423182,0.275182233098612,1.09857363431471,NA,0.244476839880098
"spherical","04509.png",4509,0.234750461554079,0.275716688969665,1.09972611954645,NA,0.245128635766965
"spherical","04512.png",4512,0.237714785090763,0.278473983339266,1.1095379228119,NA,0.246524145935072
"spherical","04516.png",4516,0.23729652315089,0.278145990821807,1.12498492247632,NA,0.245948181506014
"spherical","04519.png",4519,0.234699971632047,0.275700389344301,1.12250709271512,NA,0.242107392475534
"spherical","04522.png",4522,0.234454631981886,0.275365316403963,1.10220200472426,NA,0.243415176940081
"spherical","04525.png",4525,0.235055294041394,0.276039204880545,1.09471272088459,NA,0.244582891957642
"spherical","04528.png",4528,0.233663705663521,0.274846869022096,1.09350220837951,NA,0.244091699368487
"spherical","04532.png",4532,0.233429452342701,0.274602588446717,1.11684290514733,NA,0.243696915723305
"spherical","04535.png",4535,0.235608332244542,0.276402400002951,1.1080740159541,NA,0.245518377242532
"spherical","04538.png",4538,0.237450291106063,0.278359881251164,1.09736247747757,NA,0.246247011413741
"spherical","04541.png",4541,0.23542289721441,0.276254954005007,1.13038923887063,NA,0.24229259852514
"spherical","04544.png",4544,0.235342737013646,0.276267978071446,1.09042478215722,NA,0.243938119781103
"spherical","04548.png",4548,0.233822719321422,0.274909241459883,1.1015818092394,NA,0.243654331139056
"spherical","04551.png",4551,0.233255125741783,0.274358665100149,1.12078183512149,NA,0.243953721000564
"spherical","04554.png",4554,0.234816882793385,0.275881038308867,1.10282209976041,NA,0.244676119070628
"spherical","04557.png",4557,0.238086961321528,0.278846725552669,1.09892959590628,NA,0.24712095950299
"spherical","04560.png",4560,0.237355751687565,0.278108278901492,1.10244676558657,NA,0.24572183864714
"spherical","04564.png",4564,0.234482820339623,0.275469285026981,1.11052762922128,NA,0.241957710368709
"spherical","04567.png",4567,0.234665603398851,0.275653299616228,1.09446969071516,NA,0.243864639070961
"spherical","04570.png",4570,0.234420692332764,0.27560625496105,1.10752324451802,NA,0.24496354210279
"spherical","04573.png",4573,0.233596688168372,0.274723719593689,1.09163589942745,NA,0.244199165870155
"spherical","04576.png",4576,0.236600277103659,0.277483287478125,1.09429830836019,NA,0.246525719184999
"spherical","04580.png",4580,0.238365771860318,0.279116104769464,1.12120464187521,NA,0.247593854083526
"spherical","04583.png",4583,0.236531036314216,0.277460076299672,1.13072294709138,NA,0.244224771489032
"spherical","04586.png",4586,0.23404504513869,0.27489072099106,1.10766957673289,NA,0.241324676982813
"spherical","04589.png",4589,0.2351030135942,0.276163717956854,1.09533147409382,NA,0.245960004372244
"spherical","04592.png",4592,0.233352432043397,0.274644899080129,1.10707116854841,NA,0.244547932240006
"spherical","04596.png",4596,0.236682028588798,0.277629949070355,1.09952221228422,NA,0.246625961772287
"spherical","04599.png",4599,0.237506874285121,0.278384223306779,1.11012417002078,NA,0.245713826124067
"spherical","04602.png",4602,0.235219042821586,0.276251398615915,1.11558601339332,NA,0.242729539784413
"spherical","04605.png",4605,0.234315928590334,0.275366129844161,1.09884424935101,NA,0.243180272180672
"spherical","04608.png",4608,0.234581090698087,0.275707141259637,1.10496435385478,NA,0.245114954178525
"spherical","04612.png",4612,0.235100244091141,0.276142062850859,1.10507341936506,NA,0.245715611944945
"spherical","04615.png",4615,0.238072233632877,0.278888169333191,1.09981839509691,NA,0.247006899088339
"spherical","04618.png",4618,0.237963450493632,0.278827181706635,1.13974246793734,NA,0.245613184937467
"spherical","04621.png",4621,0.235216143058425,0.276240415480167,1.10511003430612,NA,0.242400713084769
"spherical","04624.png",4624,0.235040014968105,0.276013468040931,1.11909562286755,NA,0.242318978412254
"spherical","04628.png",4628,0.234322158332562,0.275435354346791,1.10060099196412,NA,0.244856901300523
"spherical","04631.png",4631,0.233284417195413,0.274501834093192,1.12560609493611,NA,0.243952609017154
"spherical","04634.png",4634,0.236718486296297,0.277647944408072,1.09374915372093,NA,0.246245745959208
"spherical","04637.png",4637,0.237344900462353,0.278294183129708,1.12679123834125,NA,0.24447045563595
"spherical","04640.png",4640,0.236026788659443,0.276870688195287,1.10308862373167,NA,0.243802476123269
"spherical","04644.png",4644,0.235280312076236,0.276291491625677,1.11082096925655,NA,0.244968547049235
"spherical","04647.png",4647,0.235177715687826,0.276210711315274,1.10460779280435,NA,0.244929473521834
"spherical","04650.png",4650,0.235832179198573,0.276877282127382,1.09807475084646,NA,0.246166644748632
"spherical","04653.png",4653,0.233909953585359,0.274967952013491,1.10615932310663,NA,0.244094910210446
"spherical","04656.png",4656,0.238286768897173,0.279081314364709,1.11223974386849,NA,0.246881752127325
"spherical","04660.png",4660,0.234943233977512,0.275906796968276,1.12228902781648,NA,0.24233073236773
"spherical","04663.png",4663,0.232852989869687,0.274011343808114,1.10736752981505,NA,0.243599015946682
"spherical","04666.png",4666,0.233545973495935,0.274730772757196,1.10037138629838,NA,0.243801819935616
"spherical","04669.png",4669,0.23697257577805,0.277848117541233,1.10281408905999,NA,0.246674541802701
"spherical","04672.png",4672,0.237536495464038,0.278410329819142,1.11669632312204,NA,0.245708235852036
"spherical","04676.png",4676,0.236378870891952,0.277356760232527,1.11271317906712,NA,0.243697141758113
"spherical","04679.png",4679,0.235274973822191,0.276303585672147,1.1327080086563,NA,0.24239578770414
"spherical","04682.png",4682,0.233735386732266,0.274802115900648,1.11383135576157,NA,0.240985754873452
"spherical","04685.png",4685,0.233106327456584,0.274272364248558,1.10295164791324,NA,0.243087042122197
"spherical","04688.png",4688,0.234228843456585,0.275372234803272,1.10471158640279,NA,0.245091891991911
"spherical","04692.png",4692,0.237245438614082,0.278110169439397,1.11795010958676,NA,0.245256742639813
"spherical","04695.png",4695,0.235630496666077,0.276607639997301,1.13173409993392,NA,0.242688096474367
"spherical","04698.png",4698,0.235469423233112,0.276473300832456,1.10387697642431,NA,0.244772672634693
"spherical","04701.png",4701,0.233663015162415,0.274831699593179,1.11609047869713,NA,0.243543909457768
"spherical","04704.png",4704,0.234412608500993,0.275516630876583,1.11552462518398,NA,0.244476672809237
"spherical","04708.png",4708,0.238122808410683,0.278915932082101,1.11597273189733,NA,0.246678665760112
"spherical","04711.png",4711,0.236931069300775,0.277807948980857,1.12304036387643,NA,0.244461155488009
"spherical","04714.png",4714,0.235864547989724,0.276985144295807,1.1292281989807,NA,0.242853366792709
"spherical","04717.png",4717,0.23472892569733,0.275661743405558,1.10879608081817,NA,0.24233385086528
"spherical","04720.png",4720,0.231520536915865,0.272973910157088,1.11259502783803,NA,0.24178019285349
"spherical","04724.png",4724,0.238224579470571,0.279008171479871,1.12376295636876,NA,0.246553774514663
"spherical","04727.png",4727,0.23600483388724,0.276882088070393,1.11183955713524,NA,0.242948225295859
"spherical","04730.png",4730,0.234591841776534,0.275641095975992,1.11060801272019,NA,0.241527310922326
"spherical","04733.png",4733,0.235430411799085,0.276537641106506,1.10091525605809,NA,0.245046265641169
"spherical","04736.png",4736,0.232558963353174,0.273964052330046,1.09941203921946,NA,0.243328176905028
"spherical","04740.png",4740,0.236011641967597,0.277035978564818,1.10903082940331,NA,0.245083305973057
"spherical","04743.png",4743,0.238694320574268,0.279514560808484,1.11553099354714,NA,0.247325260179459
"spherical","04746.png",4746,0.236528367297572,0.277611365193662,1.13049091306138,NA,0.243649484992486
"spherical","04749.png",4749,0.235018934604017,0.276055324985955,1.11003180116109,NA,0.243259603711789
"spherical","04752.png",4752,0.233854742837412,0.275025281655464,1.09631763818426,NA,0.244393112045958
"spherical","04756.png",4756,0.236866798137408,0.277760715398347,1.09200678391194,NA,0.246323123488931
"spherical","04759.png",4759,0.237031366224202,0.277977798163765,1.11452127263079,NA,0.245397996665518
"spherical","04762.png",4762,0.235467707586406,0.276457822859071,1.12586671447978,NA,0.242426720894564
"spherical","04765.png",4765,0.233896444018858,0.275139334424875,1.09424795668359,NA,0.243069815169059
"spherical","04768.png",4768,0.233248965334701,0.274434586955754,1.09911806669903,NA,0.243386124549736
"spherical","04772.png",4772,0.237461520046772,0.278237486085622,1.11610083529008,NA,0.246336682953456
"spherical","04775.png",4775,0.236433671151159,0.277555732689144,1.12452703782107,NA,0.243491591415906
"spherical","04778.png",4778,0.235180966488847,0.276139203335575,1.11744529612072,NA,0.241779626491154
"spherical","04781.png",4781,0.234795883981217,0.275905792319332,1.09807259283873,NA,0.244783546862619
"spherical","04784.png",4784,0.233014909449999,0.274350254277836,1.09715774146548,NA,0.243561107737805
"spherical","04788.png",4788,0.237974645924899,0.278889431444789,1.10512497690828,NA,0.245985772974615
"spherical","04791.png",4791,0.235935910224873,0.276995374940668,1.13671103299917,NA,0.242914800060526
"spherical","04794.png",4794,0.235256387366358,0.276384180294815,1.1051280953598,NA,0.244447868962399
"spherical","04797.png",4797,0.23351024779289,0.274787924339056,1.09738048518222,NA,0.243566472302837
"spherical","04800.png",4800,0.234670952367122,0.275779878115215,1.09802103047062,NA,0.244276138603791
"spherical","04804.png",4804,0.238087866777513,0.278885775269324,1.1078925930564,NA,0.246497694613247
"spherical","04807.png",4807,0.237291078441934,0.278232087522559,1.11165114631654,NA,0.244387530202948
"spherical","04810.png",4810,0.23487234916679,0.275838745711819,1.10983576541779,NA,0.242038509448432
"spherical","04813.png",4813,0.234546534903187,0.275722400002481,1.09721620841115,NA,0.244116390790619
"spherical","04816.png",4816,0.232607162486134,0.273925387472205,1.1005047247951,NA,0.24278529258834
"spherical","04820.png",4820,0.238263271438021,0.279161661025967,1.13396267603002,NA,0.24595968915675
"spherical","04823.png",4823,0.236726613599057,0.277645207764148,1.13578712536543,NA,0.243949007608113
"spherical","04826.png",4826,0.234269919968032,0.275347067510637,1.10589130498035,NA,0.241058715714126
"spherical","04829.png",4829,0.233432008249022,0.274693259391274,1.10247783751516,NA,0.243565541438583
"spherical","04832.png",4832,0.235056998597396,0.276060383897486,1.10557674244252,NA,0.244726625350938
"spherical","04836.png",4836,0.236963564347493,0.277978347803344,1.12556085862582,NA,0.243904315067388
"spherical","04839.png",4839,0.235103432614962,0.27616591402172,1.11909828712491,NA,0.241933480055262
"spherical","04842.png",4842,0.233552941679435,0.274750613700493,1.09655337443599,NA,0.240564148845613
"spherical","04845.png",4845,0.234231239479878,0.275496530565787,1.10617535156347,NA,0.244370222157969
"spherical","04848.png",4848,0.234495526560812,0.275584004920041,1.11109624144147,NA,0.243466593075293
"spherical","04852.png",4852,0.237596434718112,0.278510304250408,1.13064179617721,NA,0.24406588274934
"spherical","04855.png",4855,0.235843732563849,0.276820712331963,1.09661311800308,NA,0.243778999530946
"spherical","04858.png",4858,0.233449848100657,0.274751047365467,1.10563348279955,NA,0.244218546085864
"spherical","04861.png",4861,0.235166591749687,0.276220177970674,1.1071929624036,NA,0.244577358562822
"spherical","04864.png",4864,0.238308612880672,0.279120670523658,1.11125577237095,NA,0.245409385161479
"spherical","04868.png",4868,0.236442179684321,0.277419730378157,1.11172189206303,NA,0.243302842724265
"spherical","04871.png",4871,0.235645291961324,0.276611055032747,1.09490428187644,NA,0.243536998897557
"spherical","04874.png",4874,0.234014456548633,0.275228371133715,1.11098369340857,NA,0.243830746745444
"spherical","04877.png",4877,0.235252367281996,0.276293475513186,1.10770753746488,NA,0.244677443323526
"spherical","04880.png",4880,0.237690526171855,0.278575238479823,1.13528167010298,NA,0.244578127706443
"spherical","04884.png",4884,0.235145904859179,0.27627423753424,1.10270750551288,NA,0.244810752978643
"spherical","04887.png",4887,0.232980979224824,0.27440528525666,1.11335173038384,NA,0.24331486516172
"spherical","04890.png",4890,0.234608931508361,0.275725523957953,1.09992347492501,NA,0.244192181470227
"spherical","04893.png",4893,0.236859009824561,0.277742298911257,1.10463867412014,NA,0.245749033112135
"spherical","04896.png",4896,0.238227872003324,0.279102317724417,1.12575142574419,NA,0.245202149959819
"spherical","04900.png",4900,0.236430416086672,0.277467199364416,1.09758122486838,NA,0.245683784867966
"spherical","04903.png",4903,0.23365686221178,0.274858656498118,1.11508593344304,NA,0.244013476179253
"spherical","04906.png",4906,0.237774776505639,0.278782566334548,1.10947998490429,NA,0.245546545369044
"spherical","04909.png",4909,0.2368234501292,0.277803564429687,1.11830288740897,NA,0.243283940910814
"spherical","04912.png",4912,0.235489058553608,0.276607516165434,1.09487173112243,NA,0.244052574276322
"spherical","04916.png",4916,0.23389225733966,0.275134211793267,1.10347853433225,NA,0.244081921908574
"spherical","04919.png",4919,0.237016024743644,0.277866333676413,1.11053690808169,NA,0.245760762866743
"spherical","04922.png",4922,0.237808724127788,0.278785682843569,1.11179542748071,NA,0.245282434693433
"spherical","04925.png",4925,0.235074973882026,0.276156930588429,1.13333112049,NA,0.241316896575186
"spherical","04928.png",4928,0.234943845917507,0.275913577457811,1.11376748125918,NA,0.241673213769932
"spherical","04932.png",4932,0.232387177397366,0.273894934935547,1.11466144799257,NA,0.24245214714108
"spherical","04935.png",4935,0.235247137583173,0.27634944440019,1.10815217914716,NA,0.244039169134014
"spherical","04938.png",4938,0.238574722506015,0.279445557131793,1.13026181636605,NA,0.245905674384449
"spherical","04941.png",4941,0.235472369206606,0.276461345245414,1.11508397079866,NA,0.241818129577074
"spherical","04944.png",4944,0.23187458569192,0.273289975838112,1.1167099037874,NA,0.241522423858984
"spherical","04948.png",4948,0.236836745030571,0.277655721839009,1.09839538222027,NA,0.245182838119109
"spherical","04951.png",4951,0.236223022151875,0.277167472640758,1.10434597711501,NA,0.242341850693645
"spherical","04954.png",4954,0.235433538692387,0.276539835742867,1.09493419222628,NA,0.244218179050794
"spherical","04957.png",4957,0.234400125791593,0.275651516139154,1.0887118331795,NA,0.243976818094426
"spherical","04960.png",4960,0.234111893290776,0.275414006752918,1.09583338964248,NA,0.244078820831563
"spherical","04964.png",4964,0.238309706609765,0.279198583961363,1.09753951912264,NA,0.246352496982589
"spherical","04967.png",4967,0.236566677223089,0.277582266479941,1.13335677564156,NA,0.242695830318139
"spherical","04970.png",4970,0.234682711695077,0.275803413470995,1.1033791036404,NA,0.243705234735471
"spherical","04973.png",4973,0.234293696923046,0.275473257595212,1.11140834458499,NA,0.243391936207213
"spherical","04976.png",4976,0.236637335906962,0.277610461728131,1.10717190374288,NA,0.244967293733006
"spherical","04980.png",4980,0.235536688031972,0.276634367078521,1.11625306148467,NA,0.241254386735396
"spherical","04983.png",4983,0.234995323937155,0.276118096320079,1.09614901386151,NA,0.243950788516105
"spherical","04986.png",4986,0.233570157876585,0.274750604939698,1.09759524639105,NA,0.243160059144283
"spherical","04989.png",4989,0.236744168354197,0.277705416074257,1.10325502658587,NA,0.245463415853226
"spherical","04992.png",4992,0.238143946149108,0.279042008693827,1.12735856727891,NA,0.245103352489255
"spherical","04996.png",4996,0.235811132380515,0.276771556497824,1.09863337427268,NA,0.242982162893552
"spherical","04999.png",4999,0.232481740061278,0.273870380182489,1.09984910999218,NA,0.24202286610342
"spherical","05002.png",5002,0.236756551068491,0.277647533556015,1.08886906209553,NA,0.245286673457762
"spherical","05005.png",5005,0.238198531487973,0.279118529133144,1.13513795288419,NA,0.245003003772362
"spherical","05008.png",5008,0.236157351674942,0.277029331042376,1.09319207744908,NA,0.24370565687902
"spherical","05012.png",5012,0.234502103363095,0.275611506220977,1.09417293186964,NA,0.24359438460816
"spherical","05015.png",5015,0.237779413905677,0.278742181904212,1.11009193394366,NA,0.244912888229129
"spherical","05018.png",5018,0.235344995641324,0.27642418471699,1.12766383775216,NA,0.241053104151835
"spherical","05021.png",5021,0.23547969338267,0.27638579978114,1.11515688555195,NA,0.242338206089262
"spherical","05024.png",5024,0.2338135130201,0.275250066680114,1.10341831323371,NA,0.244119397661039
"spherical","05028.png",5028,0.236236335953273,0.277237298900373,1.10714416337173,NA,0.244747261322591
"spherical","05031.png",5031,0.23703991623994,0.277966399168251,1.12302114733625,NA,0.243750935348785
"spherical","05034.png",5034,0.234949153460552,0.276037846329017,1.0889043204729,NA,0.242463800935769
"spherical","05037.png",5037,0.232956031111322,0.274332314554403,1.10096053954224,NA,0.242885568772892
"spherical","05040.png",5040,0.238344603481233,0.279239922624188,1.10252904913251,NA,0.246068138023311
"spherical","05044.png",5044,0.234967825094215,0.276015012396668,1.11806562428535,NA,0.241031630187984
"spherical","05047.png",5047,0.235174114008288,0.276368958589134,1.08748807373127,NA,0.244068136594228
"spherical","05050.png",5050,0.234315889874086,0.275392949256464,1.09963371901176,NA,0.24366364721392
"spherical","05053.png",5053,0.238311293582816,0.279281246716027,1.10971530723726,NA,0.245853811186495
"spherical","05056.png",5056,0.237058274980602,0.278033224782794,1.12293087091492,NA,0.243435281662499
"spherical","05060.png",5060,0.234903394493139,0.275934097211594,1.09127125501057,NA,0.242683250736782
"spherical","05063.png",5063,0.233026019232722,0.274444622938535,1.09113599809558,NA,0.242308676612913
"spherical","05066.png",5066,0.238016949781166,0.278843738542732,1.10974578882549,NA,0.246425336842961
"spherical","05069.png",5069,0.237341818485876,0.278321263309628,1.12346508353045,NA,0.243518567576833
"spherical","05072.png",5072,0.234715066210385,0.275976566238987,1.08814479781626,NA,0.242420585635797
"spherical","05076.png",5076,0.237589522940654,0.278476669535349,1.10691508002431,NA,0.246595287145393
"spherical","05079.png",5079,0.236943747269956,0.277919979290483,1.12388674228574,NA,0.243547906114252
"spherical","05082.png",5082,0.235903583741439,0.276878083588411,1.10180668951156,NA,0.24310780724909
"spherical","05085.png",5085,0.234034516638663,0.275298793618145,1.09522306124868,NA,0.243574635028889
"spherical","05088.png",5088,0.234049207518292,0.275298560760829,1.10566489046513,NA,0.243620369508777
"spherical","05092.png",5092,0.236223095080617,0.277180681559619,1.1084575229261,NA,0.245095894426707
"spherical","05095.png",5095,0.23755283561545,0.27860067681783,1.12618972419603,NA,0.243901780585838
"spherical","05098.png",5098,0.236795236005552,0.277619943180783,1.09851929789819,NA,0.24368102479117
"spherical","05101.png",5101,0.233963895226302,0.275135949838243,1.10230230900984,NA,0.2436920914232
"spherical","05104.png",5104,0.237481118094398,0.278501141517325,1.09694521290516,NA,0.244521717537209
"spherical","05108.png",5108,0.235268557210275,0.276254834615847,1.10793553631222,NA,0.241595675719708
"spherical","05111.png",5111,0.235752781795012,0.276888639887227,1.0940492173264,NA,0.245101423683028
"spherical","05114.png",5114,0.23335256238874,0.274774256380393,1.1031006169548,NA,0.242973975039693
"spherical","05117.png",5117,0.237624789558413,0.278484422053237,1.10382159261333,NA,0.246130597412433
"spherical","05120.png",5120,0.237927272897826,0.278939820324216,1.13276477014603,NA,0.244846685049919
"spherical","05124.png",5124,0.23588548575555,0.276914658852141,1.08574693958828,NA,0.245160025992712
"spherical","05127.png",5127,0.234154151354623,0.275226963165789,1.10729667848404,NA,0.243337762332481
"spherical","05130.png",5130,0.23798107288237,0.27896895380281,1.13891642802586,NA,0.245227596221858
"spherical","05133.png",5133,0.235703549940977,0.276816493464718,1.11879258327501,NA,0.241418268579007
"spherical","05136.png",5136,0.236105085078947,0.277005499885291,1.09663039346773,NA,0.244292919119879
"spherical","05140.png",5140,0.233591247381772,0.274845593784253,1.10410079805774,NA,0.243419581683465
"spherical","05143.png",5143,0.237387720760235,0.278272159129072,1.12188131924381,NA,0.245495872807416
"spherical","05146.png",5146,0.236327927206088,0.27741359033033,1.11641354004617,NA,0.242152538114246
"spherical","05149.png",5149,0.235504040349287,0.276605449327736,1.08242134936238,NA,0.243545467884347
"spherical","05152.png",5152,0.2345244611122,0.275847076113595,1.1010838052477,NA,0.244551850955756
"spherical","05156.png",5156,0.238517334309203,0.279359249676347,1.12079351964288,NA,0.246846584112201
"spherical","05159.png",5159,0.236036390725612,0.277077413568918,1.12238802543133,NA,0.242541155848551
"spherical","05162.png",5162,0.235150317890945,0.276291942490335,1.09066573846215,NA,0.243888349605963
"spherical","05165.png",5165,0.235418259380897,0.276399490508419,1.10597593328203,NA,0.244844199100701
"spherical","05168.png",5168,0.238162490048457,0.279071744595768,1.11354347724514,NA,0.246256433825218
"spherical","05172.png",5172,0.236628489376857,0.27765666282582,1.1255611372183,NA,0.243181020186397
"spherical","05175.png",5175,0.23557415828036,0.276576395063063,1.11012503137864,NA,0.242289476521108
"spherical","05178.png",5178,0.234719709906493,0.275936425107488,1.11284389099345,NA,0.244214983039784
"spherical","05181.png",5181,0.234644128069424,0.275785026919562,1.10751007384145,NA,0.243593649720846
"spherical","05184.png",5184,0.237461064397807,0.278525324556852,1.12742967102819,NA,0.243461569641274
"spherical","05188.png",5188,0.236473040417551,0.277471245259026,1.09062565209146,NA,0.244293037679112
"spherical","05191.png",5191,0.233990747157029,0.275356652344375,1.11192915173131,NA,0.243418519695479
"spherical","05194.png",5194,0.238922545734806,0.279726295295443,1.09673228465851,NA,0.247020095769158
"spherical","05197.png",5197,0.23653840513939,0.277440994077571,1.10356747133122,NA,0.24291175211491
"spherical","05200.png",5200,0.234957998824379,0.276142326015373,1.09792913677957,NA,0.243472166956699
"spherical","05204.png",5204,0.235357741223092,0.276354939092434,1.0998979145315,NA,0.244904400101469
"spherical","05207.png",5207,0.237634521415252,0.278548661076333,1.12270011278184,NA,0.245720118186939
"spherical","05210.png",5210,0.237207995340844,0.278251334479275,1.13547010128641,NA,0.243455470814637
"spherical","05213.png",5213,0.235447355946232,0.276431823744856,1.10321106786024,NA,0.242513692726887
"spherical","05216.png",5216,0.233411247470762,0.274848098260506,1.11541263588818,NA,0.243520931795734
"spherical","05220.png",5220,0.236911969067221,0.277847932644099,1.11232467678795,NA,0.244435603396129
"spherical","05223.png",5223,0.236471629213655,0.277531273145349,1.10989756660379,NA,0.24228400565362
"spherical","05226.png",5226,0.235646486613178,0.276752482737071,1.10094092901469,NA,0.243762977129118
"spherical","05229.png",5229,0.235599621994284,0.276688091821246,1.10276080054612,NA,0.244169938581993
"spherical","05232.png",5232,0.238624652117066,0.279558862277484,1.1294274272158,NA,0.245662589878697
"spherical","05236.png",5236,0.235866327160089,0.276890743252094,1.10048507176633,NA,0.242228459627968
"spherical","05239.png",5239,0.234018049208454,0.27533276282568,1.0915158502205,NA,0.242998962935319
"spherical","05242.png",5242,0.236080561690164,0.277123798269448,1.09646330447935,NA,0.244236406727807
"spherical","05245.png",5245,0.236200199181352,0.277338241787555,1.12086772104243,NA,0.242829732514533
"spherical","05248.png",5248,0.235899192606433,0.276965529569353,1.12472865049199,NA,0.241770103857443
"spherical","05252.png",5252,0.235711107797878,0.276792124520738,1.08318224032784,NA,0.244304800687498
"spherical","05255.png",5255,0.234460698986379,0.275544013293057,1.10105523181137,NA,0.243596812195652
"spherical","05258.png",5258,0.237368012930213,0.278432215762247,1.12037629898754,NA,0.244254031815128
"spherical","05261.png",5261,0.236171185630281,0.277011894602004,1.09692096406288,NA,0.242573525814046
"spherical","05264.png",5264,0.233895235739869,0.27519836659454,1.1046660210277,NA,0.243266705449871
"spherical","05268.png",5268,0.237607312253959,0.278464605116203,1.10711008719618,NA,0.245572946222388
"spherical","05271.png",5271,0.237972817910137,0.278932008058289,1.11726881802361,NA,0.244632808586086
"spherical","05274.png",5274,0.236117937732254,0.27709620993922,1.10204394122523,NA,0.242533189335373
"spherical","05277.png",5277,0.233691837611164,0.275026661278132,1.09776166566369,NA,0.243109045285775
"spherical","05280.png",5280,0.236400501328615,0.277391737168425,1.10729565101717,NA,0.245139237515408
"spherical","05284.png",5284,0.235950159313858,0.277002992319381,1.12419722188428,NA,0.241801659081653
"spherical","05287.png",5287,0.236183262563804,0.277233578194384,1.09324765464823,NA,0.244549622185676
"spherical","05290.png",5290,0.233303076297824,0.274822428042042,1.10611028018858,NA,0.24271257593917
"spherical","05293.png",5293,0.236366549535773,0.277464651495005,1.10651879188346,NA,0.244226825376243
"spherical","05296.png",5296,0.23758170509704,0.278500892899026,1.13079530170942,NA,0.244052948715963
"spherical","05300.png",5300,0.236328998915959,0.277304384531448,1.07973552279514,NA,0.245082960995255
"spherical","05303.png",5303,0.234501728217591,0.275545542472982,1.11635944400587,NA,0.244090313775439
"spherical","05306.png",5306,0.236011178775301,0.277027860625602,1.10685449500634,NA,0.244933078047209
"spherical","05309.png",5309,0.237200574663093,0.278294424267088,1.10158774632871,NA,0.243146911754357
"spherical","05312.png",5312,0.235659184883155,0.276628535183503,1.10185309337445,NA,0.242007812291169
"spherical","05316.png",5316,0.234859559957215,0.275889636186212,1.11498451935966,NA,0.244059172875496
"spherical","05319.png",5319,0.23850323463642,0.279442089856734,1.12481067873828,NA,0.245620432313109
"spherical","05322.png",5322,0.236207242859513,0.277203652836249,1.11185841980629,NA,0.242189152830002
"spherical","05325.png",5325,0.235455811401917,0.27659671577622,1.09245878268015,NA,0.244027489095531
"spherical","05328.png",5328,0.234618505644631,0.27578735045664,1.11491460695851,NA,0.244626809038098
"spherical","05332.png",5332,0.238080153936605,0.278946714814949,1.1158492310453,NA,0.245894937990184
"spherical","05335.png",5335,0.23876137271011,0.279669948861585,1.11171479850489,NA,0.246450804488131
"spherical","05338.png",5338,0.235720270250136,0.276787774689665,1.13255056643799,NA,0.242167134948041
"spherical","05341.png",5341,0.235576973017069,0.276620708796098,1.09007157138387,NA,0.243681706881356
"spherical","05344.png",5344,0.234026048827605,0.275120836942999,1.1038835967519,NA,0.243343896574167
"spherical","05348.png",5348,0.236503393800596,0.277515375270994,1.12149730308979,NA,0.242342161142854
"spherical","05351.png",5351,0.235428182144163,0.276518162324138,1.08998863369308,NA,0.2439260886144
"spherical","05354.png",5354,0.233967224731819,0.275285237592415,1.10085896118211,NA,0.243211741970475
"spherical","05357.png",5357,0.237260753785617,0.278215150574103,1.11727091879643,NA,0.245842250527675
"spherical","05360.png",5360,0.237955593129084,0.27891029411717,1.1332174684227,NA,0.244572595519324
"spherical","05364.png",5364,0.235620070463855,0.276506798733373,1.09042790083626,NA,0.24259368823454
"spherical","05367.png",5367,0.234509366460815,0.275755447850687,1.09573786765688,NA,0.2431543325166
"spherical","05370.png",5370,0.233991128575478,0.275205722655845,1.11930060013821,NA,0.243148254543109
"spherical","05373.png",5373,0.238445502493102,0.279152005074883,1.12430917009114,NA,0.246525572417081
"spherical","05376.png",5376,0.235172678760051,0.276323319211904,1.12284093420881,NA,0.240968432792109
"spherical","05380.png",5380,0.236059055931496,0.277083591247875,1.0816687907049,NA,0.243283136840331
"spherical","05383.png",5383,0.233914066144425,0.27528128175628,1.09822279127732,NA,0.243452541163896
"spherical","05386.png",5386,0.238241322916332,0.27908666719626,1.12130849158809,NA,0.246050956416877
"spherical","05389.png",5389,0.236668598849999,0.277662329818937,1.11181304762933,NA,0.242282995447766
"spherical","05392.png",5392,0.236492434714287,0.277400816564293,1.08539158976205,NA,0.244438872850275
"spherical","05396.png",5396,0.234454207651168,0.275624102106738,1.10284363066256,NA,0.243835749703025
"spherical","05399.png",5399,0.237420964298648,0.278365516179208,1.1109608611974,NA,0.245655339055021
"spherical","05402.png",5402,0.238076402843357,0.279084218480218,1.12417423034897,NA,0.244876650420705
"spherical","05405.png",5405,0.235857404735316,0.276811409206448,1.10549965669187,NA,0.242333914576502
"spherical","05408.png",5408,0.233354457641376,0.274773044461982,1.0986526951215,NA,0.24278388203892
"spherical","05412.png",5412,0.237582711683644,0.278513283894538,1.11725111351345,NA,0.244633950304852
"spherical","05415.png",5415,0.236330963356768,0.277416424078092,1.12777631784311,NA,0.243333475780012
"spherical","05418.png",5418,0.234953448954091,0.276091630525934,1.10538812944173,NA,0.240992656851885
"spherical","05421.png",5421,0.235407208501919,0.276498361164733,1.0949783568236,NA,0.24387508024497
"spherical","05424.png",5424,0.233073866545589,0.2744887596606,1.10854937495618,NA,0.242180634748999
"spherical","05428.png",5428,0.238237779780517,0.279126921993772,1.12040838936487,NA,0.245884397344819
"spherical","05431.png",5431,0.236019910640567,0.277072743402975,1.12909863914019,NA,0.241602130040355
"spherical","05434.png",5434,0.235649530316054,0.276709392874512,1.07936510507124,NA,0.243230305207222
"spherical","05437.png",5437,0.234339020811555,0.275773611540905,1.10151605596207,NA,0.243694962657779
"spherical","05440.png",5440,0.237351037704637,0.278346571578187,1.10688593693354,NA,0.244963381811762
"spherical","05444.png",5444,0.23550817181985,0.276615600447059,1.11390042259422,NA,0.2411722904616
"spherical","05447.png",5447,0.235375230899286,0.276498851898862,1.08830362132091,NA,0.243575082406558
"spherical","05450.png",5450,0.234777491478929,0.276158368563992,1.09504032923007,NA,0.24384548659412
"spherical","05453.png",5453,0.23633216182336,0.277385704386185,1.10816493747913,NA,0.244771025846155
"spherical","05457.png",5457,0.238044646901351,0.279057391206285,1.1374814215666,NA,0.244448561030154
"spherical","05460.png",5460,0.234828648185188,0.275945103500397,1.09110978851385,NA,0.240226871466798
"spherical","05463.png",5463,0.235316571297699,0.276476227823718,1.09770649284435,NA,0.243756950301774
"spherical","05466.png",5466,0.234553696404165,0.275819112075677,1.09854987853372,NA,0.243254961408566
"spherical","05469.png",5469,0.237777531017865,0.278628499799791,1.11655940686221,NA,0.245280882698231
"spherical","05473.png",5473,0.23638906096799,0.277271018738419,1.10562538107062,NA,0.24271486326987
"spherical","05476.png",5476,0.234399877461039,0.27575225895697,1.08689535196028,NA,0.243340670760811
"spherical","05479.png",5479,0.23568624427933,0.276737136161453,1.09082892152224,NA,0.244153808143291
"spherical","05482.png",5482,0.238636357302969,0.279432058015842,1.12050246962261,NA,0.245932846001194
"spherical","05485.png",5485,0.236378073578273,0.277403786377996,1.12723131600139,NA,0.241869482443322
"spherical","05489.png",5489,0.234604894449709,0.275804359911546,1.1046676968722,NA,0.243050152757382
"spherical","05492.png",5492,0.234543636985223,0.275857088642046,1.10304916071714,NA,0.243772739262323
"spherical","05495.png",5495,0.23434936486153,0.275647738648812,1.10708105173837,NA,0.24327286165538
"spherical","05498.png",5498,0.239305514189668,0.280041003180015,1.12173249717122,NA,0.246857333902147
"spherical","05501.png",5501,0.235808723076356,0.276859535530084,1.13238088180612,NA,0.240822991642353
"spherical","05505.png",5505,0.234833850018307,0.276051621667789,1.10748594831723,NA,0.242666555388672
"spherical","05508.png",5508,0.234337881864979,0.275475919328951,1.10403762407159,NA,0.242591399575761
"spherical","05511.png",5511,0.238184558521058,0.279130305299008,1.12432358917941,NA,0.24475249859644
"spherical","05514.png",5514,0.236353222148325,0.277426113095484,1.12976265120545,NA,0.241351042106992
"spherical","05517.png",5517,0.235553275874386,0.276655014002637,1.08869390971144,NA,0.243346372243823
"spherical","05521.png",5521,0.235667492067294,0.276921505694528,1.11463358631555,NA,0.244897452426087
"spherical","05524.png",5524,0.235575511112933,0.276694013917194,1.10539377355364,NA,0.243192657000825
"spherical","05527.png",5527,0.237977282150329,0.278969834628452,1.12606131595253,NA,0.243940743611641
"spherical","05530.png",5530,0.235872455001383,0.276971996081715,1.09993875777626,NA,0.241415227767712
"spherical","05533.png",5533,0.236280325671725,0.277159328231324,1.08910102046741,NA,0.242990760121815
"spherical","05537.png",5537,0.2337269908092,0.275047210691183,1.10331982600669,NA,0.242647837144886
"spherical","05540.png",5540,0.237815122818262,0.27876884718077,1.1169162936629,NA,0.245276017946932
"spherical","05543.png",5543,0.236602187750092,0.277549376796671,1.12681951020981,NA,0.241632973638906
"spherical","05546.png",5546,0.236479602043227,0.277351375384918,1.09282227150425,NA,0.243215492915941
"spherical","05549.png",5549,0.235698705545081,0.276831358003968,1.09286719096353,NA,0.244101375685623
"spherical","05553.png",5553,0.23665469524349,0.277594769022152,1.10295084274775,NA,0.244856604425398
"spherical","05556.png",5556,0.238166899402316,0.279066272841006,1.12749125437865,NA,0.245345201432122
"spherical","05559.png",5559,0.235908210233599,0.27701478767351,1.11952930172777,NA,0.241101548479703
"spherical","05562.png",5562,0.234918421741268,0.276076312634767,1.08946025326457,NA,0.243034455644447
"spherical","05565.png",5565,0.235135504388963,0.276247229532263,1.11215650481723,NA,0.243640077146118
"spherical","05569.png",5569,0.237729229444908,0.278664095747536,1.12178176594299,NA,0.244004499739862
"spherical","05572.png",5572,0.236262084075259,0.277379468413487,1.1285525025594,NA,0.242106410476359
"spherical","05575.png",5575,0.235209063669614,0.276265732387031,1.11257171393782,NA,0.24047946831745
"spherical","05578.png",5578,0.236509374796108,0.277300354831031,1.07437885780211,NA,0.243074883376682
"spherical","05581.png",5581,0.234631225921928,0.275870400915367,1.09692415592725,NA,0.242402803929247
"spherical","05585.png",5585,0.234375616901367,0.275554219579147,1.11472318350988,NA,0.242935082952067
"spherical","05588.png",5588,0.238458255478996,0.279311701397535,1.11800182720741,NA,0.245687057039498
"spherical","05591.png",5591,0.236075597542733,0.277121517210251,1.12274565353267,NA,0.241222144105084
"spherical","05594.png",5594,0.235092116393841,0.276248060961915,1.09602716602767,NA,0.243308084293829
"spherical","05597.png",5597,0.234568749796789,0.275825641431643,1.09923957341124,NA,0.243302439892423
"spherical","05601.png",5601,0.237369346470509,0.278334262605429,1.12692935080994,NA,0.244876219694238
"spherical","05604.png",5604,0.236144359344629,0.277321362356881,1.12680224902502,NA,0.24148288529262
"spherical","05607.png",5607,0.235397431424226,0.276542733226027,1.1176058879213,NA,0.240679619751887
"spherical","05610.png",5610,0.23533343773838,0.276309862229684,1.07689775278217,NA,0.241564015284753
"spherical","05613.png",5613,0.233990195920061,0.275411135174808,1.09886348359247,NA,0.242221125906445
"spherical","05617.png",5617,0.237039342683418,0.2779893991982,1.10186356255412,NA,0.245107527106532
"spherical","05620.png",5620,0.238215183122689,0.279064838019888,1.10956861397605,NA,0.245233632549619
"spherical","05623.png",5623,0.23638868506031,0.277512612837958,1.13008515340521,NA,0.242377545222004
"spherical","05626.png",5626,0.235318071376553,0.276410737438002,1.10302581551309,NA,0.240554265407826
"spherical","05629.png",5629,0.236251335551186,0.277171855829648,1.09251114607449,NA,0.243182673710406
"spherical","05633.png",5633,0.236423270057391,0.277456128657356,1.1040541629377,NA,0.243887576570081
"spherical","05636.png",5636,0.237578609012261,0.278639818888872,1.12214667746893,NA,0.243749222612714
"spherical","05639.png",5639,0.235481236274226,0.276562022304191,1.09168735375157,NA,0.241054157382241
"spherical","05642.png",5642,0.23592775733762,0.276948671531435,1.08711583408419,NA,0.242434609908133
"spherical","05645.png",5645,0.234298998976673,0.275695203573979,1.09618604345618,NA,0.242761795319677
"spherical","05649.png",5649,0.234658067561185,0.275844227141235,1.09546838511689,NA,0.24224655181386
"spherical","05652.png",5652,0.239305918210115,0.280176927965575,1.13482634608626,NA,0.245416908028649
"spherical","05655.png",5655,0.236780594773977,0.277767055425164,1.12865816030832,NA,0.241960010061521
"spherical","05658.png",5658,0.235729528608896,0.276747084717134,1.09099474728071,NA,0.241435898903933
"spherical","05661.png",5661,0.235942015083264,0.277009778756818,1.09893602668169,NA,0.243347912046024
"spherical","05665.png",5665,0.236195152765299,0.277244370121684,1.11246965388786,NA,0.244628139185621
"spherical","05668.png",5668,0.238432503490383,0.279271123297892,1.12382789807569,NA,0.245546915186418
"spherical","05671.png",5671,0.23703052659022,0.278074683218618,1.13845068144654,NA,0.243491983181007
"spherical","05674.png",5674,0.235148515957742,0.276235022171795,1.10075624798083,NA,0.240943235190096
"spherical","05677.png",5677,0.235359962612567,0.276477891411919,1.08715528254335,NA,0.242550751040073
"spherical","05681.png",5681,0.233874038087679,0.275253128718052,1.10350145388162,NA,0.242211870239364
"spherical","05684.png",5684,0.237684018628792,0.278608772980764,1.12533346246266,NA,0.245179532854526
"spherical","05687.png",5687,0.238122256619205,0.279131640337698,1.12521300304625,NA,0.243999082318099
"spherical","05690.png",5690,0.235169574448542,0.276299094613163,1.11174808943951,NA,0.240098523760749
"spherical","05693.png",5693,0.236604445174016,0.277489099220375,1.07891743417258,NA,0.243522384601313
"spherical","05697.png",5697,0.2347121748087,0.276007320925741,1.10258246132962,NA,0.243368620843617
"spherical","05700.png",5700,0.235068528362456,0.276201551932663,1.10890507053631,NA,0.243592922749349
"spherical","05703.png",5703,0.238492347047955,0.279356992389273,1.1211540438981,NA,0.245762303779886
"spherical","05706.png",5706,0.236914943099582,0.27804634420839,1.12142388386702,NA,0.242713118386634
"spherical","05709.png",5709,0.235375983936092,0.276496019814109,1.10652174946924,NA,0.240287134944216
"spherical","05713.png",5713,0.236490474530286,0.27741372024848,1.07912047704841,NA,0.244008629360768
"spherical","05716.png",5716,0.234637932358199,0.27600176806973,1.09122275756094,NA,0.242873058796115
"spherical","05719.png",5719,0.236868123031245,0.277877388233379,1.11078177503606,NA,0.244871837017074
"spherical","05722.png",5722,0.237878048259483,0.278820579877445,1.12542828298957,NA,0.244630046501846
"spherical","05725.png",5725,0.235859260970882,0.276862584360572,1.1023875445378,NA,0.241492018146917
"spherical","05729.png",5729,0.235612169398712,0.276577977249238,1.08488493619494,NA,0.24234292982604
"spherical","05732.png",5732,0.235040249708298,0.276202271412626,1.10586876804584,NA,0.243298345878733
"spherical","05735.png",5735,0.234746151686119,0.276168589196317,1.09777642741607,NA,0.243025338943559
"spherical","05738.png",5738,0.235590392662316,0.276710642584477,1.10686007067137,NA,0.242610525447738
"spherical","05741.png",5741,0.239155195059186,0.279914058793773,1.12581911712463,NA,0.246193647857066
"spherical","05745.png",5745,0.236580242249852,0.277648414767967,1.12693842942087,NA,0.241885499127884
"spherical","05748.png",5748,0.236056227769005,0.2769196804528,1.09381298223723,NA,0.242231522419195
"spherical","05751.png",5751,0.234864042466687,0.276089926299472,1.0870872040586,NA,0.242756548336351
"spherical","05754.png",5754,0.234650887315932,0.275941465055763,1.10565144369456,NA,0.24326468100516
"spherical","05757.png",5757,0.235008565319888,0.276209172271229,1.1225449390818,NA,0.242510574377821
"spherical","05761.png",5761,0.237671396604014,0.278703117917646,1.12891288240613,NA,0.243527221948355
"spherical","05764.png",5764,0.235294500937194,0.276402489944259,1.13030872128803,NA,0.240260801346381
"spherical","05767.png",5767,0.23560408880683,0.276659038634538,1.10584747275269,NA,0.241023131041144
"spherical","05770.png",5770,0.236371271074459,0.277364048815606,1.08193132452984,NA,0.241866058590183
"spherical","05773.png",5773,0.236124028196586,0.277224385532866,1.08799862130441,NA,0.243051103744342
"spherical","05777.png",5777,0.234714242124769,0.275972622578984,1.10402509520946,NA,0.242883425207751
"spherical","05780.png",5780,0.236607007879569,0.277670902452614,1.10866511348326,NA,0.244167440296864
"spherical","05783.png",5783,0.237634308217061,0.278499568095267,1.1271308013591,NA,0.243965262897488
"spherical","05786.png",5786,0.235875924020944,0.276986023586355,1.11018794119554,NA,0.241014470713784
"spherical","05789.png",5789,0.236364444677733,0.277202626412502,1.09838947913455,NA,0.243570217594103
"spherical","05793.png",5793,0.234272339447355,0.275580766644959,1.09942086491796,NA,0.242807392672509
"spherical","05796.png",5796,0.23428298843066,0.275396392179326,1.10251708960604,NA,0.242279470312482
"spherical","05799.png",5799,0.236896828780153,0.277935785971909,1.11330420800961,NA,0.244713969379241
"spherical","05802.png",5802,0.238853600701987,0.279640737395188,1.1365250104665,NA,0.245517668942811
"spherical","05805.png",5805,0.234701320399466,0.275775069685812,1.13037621059988,NA,0.23948549310428
"spherical","05809.png",5809,0.235196562930587,0.276382946983317,1.0939673470228,NA,0.242021363124773
"spherical","05812.png",5812,0.233921367581465,0.275304894628814,1.09856609357411,NA,0.241935746956136
"spherical","05815.png",5815,0.234935781266068,0.27611354134318,1.10815416047951,NA,0.243451672384387
"spherical","05818.png",5818,0.236257964182155,0.27726824045803,1.10848240553036,NA,0.244797215459744
"spherical","05821.png",5821,0.235591636418601,0.276702049569924,1.10406821341115,NA,0.243265082738795
"spherical","05825.png",5825,0.238421079354525,0.279268923490663,1.11618719069301,NA,0.246068284877142
"spherical","05828.png",5828,0.237787846613416,0.278677838939459,1.11191167588333,NA,0.245037371971909
"spherical","05831.png",5831,0.234862598759674,0.276011730767633,1.10858056491154,NA,0.24005919990749
"spherical","05834.png",5834,0.235216600609995,0.276323528436568,1.10195493959079,NA,0.240691788697536
"spherical","05837.png",5837,0.235844184507473,0.276709905135462,1.0864043540876,NA,0.242678819887252
"spherical","05841.png",5841,0.234140052064922,0.275535276029248,1.10969387320256,NA,0.242697162359983
"spherical","05844.png",5844,0.236967613566274,0.278011338267011,1.10919393687107,NA,0.24532123694557
"spherical","05847.png",5847,0.237973082070848,0.278839261248837,1.13075436731696,NA,0.245206821812249
"spherical","05850.png",5850,0.236778073073077,0.277903466289537,1.13511167212556,NA,0.242834493223643
"spherical","05853.png",5853,0.23552204428529,0.276622530929876,1.11963031818553,NA,0.241415050589931
"spherical","05857.png",5857,0.234714046084433,0.275825349607281,1.12250692793149,NA,0.240197818653354
"spherical","05860.png",5860,0.235075528813525,0.275980887466168,1.08853291754677,NA,0.241791742108676
"spherical","05863.png",5863,0.235255043079773,0.27641069680052,1.09177454779519,NA,0.243144830863416
"spherical","05866.png",5866,0.234935573184135,0.276147370157871,1.09297297795165,NA,0.243637980680884
"spherical","05869.png",5869,0.234934890258247,0.276170894152273,1.10670754518851,NA,0.24370694125931
"spherical","05873.png",5873,0.238509664417837,0.279404717410318,1.12332119962269,NA,0.246414690158338
"spherical","05876.png",5876,0.235957438448355,0.277086777884893,1.12573821694698,NA,0.241666671114034
"spherical","05879.png",5879,0.235202241676457,0.276294542386162,1.10123972633885,NA,0.240468234445733
"spherical","05882.png",5882,0.236243172038189,0.277196256569914,1.09264431671676,NA,0.242425615484618
"spherical","05885.png",5885,0.235580033520049,0.276725764935233,1.08273149037914,NA,0.243496893221452
"spherical","05889.png",5889,0.234159834047578,0.275449777816065,1.11342071063729,NA,0.242843511764089
"spherical","05892.png",5892,0.235873536730588,0.276945323239118,1.09522509351706,NA,0.244245997019097
"spherical","05895.png",5895,0.236487474534482,0.277533478479836,1.10580772774079,NA,0.244430202069843
"spherical","05898.png",5898,0.237680069126605,0.278546525473988,1.11808626210071,NA,0.244532198747585
"spherical","05901.png",5901,0.236344210697593,0.277407248199544,1.12388639642972,NA,0.241986974294453
"spherical","05905.png",5905,0.235252972232606,0.276374353534564,1.10449887631664,NA,0.24072787055669
"spherical","05908.png",5908,0.236436406660921,0.27727128278832,1.09150538210546,NA,0.243642176135057
"spherical","05911.png",5911,0.23565367022197,0.276687560408083,1.08239482496248,NA,0.242871345592006
"spherical","05914.png",5914,0.236003663508563,0.277049184544478,1.10279295439858,NA,0.243597166087769
"spherical","05917.png",5917,0.234834906628383,0.276167225047329,1.09085599681296,NA,0.243047702708962
"spherical","05921.png",5921,0.237184366587899,0.278201910326049,1.10390251076575,NA,0.244856546846028
"spherical","05924.png",5924,0.237916375941868,0.278830443897078,1.12343876698935,NA,0.244201237304959
"spherical","05927.png",5927,0.236645565769835,0.277633606001609,1.1238313835435,NA,0.242706554297463
"spherical","05930.png",5930,0.235189294777193,0.276242166671726,1.12273750418832,NA,0.240497112078093
"spherical","05933.png",5933,0.2351659937703,0.276135371954228,1.09835125048852,NA,0.240965383999349
"spherical","05937.png",5937,0.236670499394773,0.277556432101516,1.09194623922468,NA,0.243394068530865
"spherical","05940.png",5940,0.236992940940319,0.277949770644905,1.10377508987704,NA,0.245205736462045
"spherical","05943.png",5943,0.23513125900764,0.276405838213405,1.10278537646121,NA,0.243341109022144
"spherical","05946.png",5946,0.235983103161085,0.277025004870396,1.10595698481413,NA,0.244606699969157
"spherical","05949.png",5949,0.235261516815798,0.276309531748608,1.09214429960097,NA,0.243050421128715
"spherical","05953.png",5953,0.237916562660073,0.278826599109869,1.11462544712042,NA,0.24587017802697
"spherical","05956.png",5956,0.237139902517436,0.278056011446574,1.11797725844834,NA,0.244857384295789
"spherical","05959.png",5959,0.236107286350034,0.277127957620961,1.10991542581305,NA,0.243721035751769
"spherical","05962.png",5962,0.237114160772974,0.27809324364562,1.13925224244393,NA,0.243560654939423
"spherical","05965.png",5965,0.235199131359883,0.276184028882825,1.09777633863498,NA,0.241167303214115
"spherical","05969.png",5969,0.236259592887545,0.277191465389602,1.08302650622526,NA,0.243490091220229
"spherical","05972.png",5972,0.235076004219314,0.276243179813389,1.1063438052,NA,0.242818113062326
"spherical","05975.png",5975,0.234652335314816,0.275967843279486,1.11653038379678,NA,0.243125544969392
"spherical","05978.png",5978,0.236285274658813,0.277335019081825,1.09412837272277,NA,0.24496985666508
"spherical","05981.png",5981,0.234940030796879,0.276046812973341,1.10328119811059,NA,0.242845808131223
"spherical","05985.png",5985,0.23684371034215,0.277867929601224,1.10112422565577,NA,0.24462411605635
"spherical","05988.png",5988,0.23881032741822,0.279565895086651,1.13183171135516,NA,0.245774426559173
"spherical","05991.png",5991,0.236829246452783,0.277914303357046,1.13615789958916,NA,0.24283500170428
"spherical","05994.png",5994,0.235544258339564,0.276644596629684,1.14330315500994,NA,0.241508306118244
"spherical","05997.png",5997,0.234927503077478,0.276113501638652,1.12803585814491,NA,0.240069358213807
"spherical","06001.png",6001,0.235268890349331,0.276209409041904,1.09170156133547,NA,0.241175149192802
"spherical","06004.png",6004,0.235152830476025,0.276135205600331,1.08507831915342,NA,0.241873132860517
"spherical","06007.png",6007,0.234335228199265,0.275572643419276,1.09586996503915,NA,0.242338374649795
"spherical","06010.png",6010,0.234162665862763,0.275489109201709,1.09121404442139,NA,0.24163021715668
"spherical","06013.png",6013,0.235580442225222,0.276754960410449,1.09251650294217,NA,0.24358083395657
"spherical","06017.png",6017,0.235098679169048,0.27632203051965,1.1014305350836,NA,0.242892616945375
"spherical","06020.png",6020,0.236802539369128,0.27778855075452,1.11623184987493,NA,0.244540086350952
"spherical","06023.png",6023,0.236743830310555,0.277806356423949,1.10344988504767,NA,0.244660019263732
"spherical","06026.png",6026,0.238247219356237,0.279148741790849,1.11746395848737,NA,0.246048036961848
"spherical","06029.png",6029,0.237114875741889,0.278062683616925,1.11484932919058,NA,0.24360691240222
"spherical","06033.png",6033,0.235784742441118,0.276949066597561,1.13552661011979,NA,0.241280812152616
"spherical","06036.png",6036,0.233419233754931,0.274660606519064,1.10971122195921,NA,0.238175446253272
"spherical","06039.png",6039,0.235102947798826,0.276198476180003,1.12327833689106,NA,0.240261404027158
"spherical","06042.png",6042,0.234797137053528,0.275891570428707,1.11978562246916,NA,0.240112661341067
"spherical","06045.png",6045,0.23557430759705,0.276606222975995,1.10017245337673,NA,0.241378255292838
"spherical","06049.png",6049,0.235819517189214,0.276782220851182,1.09527160425523,NA,0.242898636049302
"spherical","06052.png",6052,0.234040014563033,0.275334601267546,1.09238672529735,NA,0.241873967382418
"spherical","06055.png",6055,0.234466549767961,0.275676260436021,1.10220181756626,NA,0.242241287037342
"spherical","06058.png",6058,0.235497360724705,0.276657125206438,1.08904741110121,NA,0.242943326282364
"spherical","06061.png",6061,0.235374829171935,0.276530078241689,1.10099292183416,NA,0.243410545252666
"spherical","06065.png",6065,0.237423634650248,0.278366702361797,1.10467845644025,NA,0.245439754227413
"spherical","06068.png",6068,0.235883410300077,0.276986015185313,1.11054708865278,NA,0.243212747182082
"spherical","06071.png",6071,0.235317022076897,0.276444524176967,1.10612156059778,NA,0.241826898060472
"spherical","06074.png",6074,0.237216071175561,0.278251659862153,1.10734558661677,NA,0.244711781267261
"spherical","06077.png",6077,0.23666281535068,0.277566957207252,1.131023122979,NA,0.24306549458377
"spherical","06081.png",6081,0.236615316992763,0.277545928744693,1.12202473473724,NA,0.242644868437496
"spherical","06084.png",6084,0.235433047474011,0.276542927447781,1.12607173917362,NA,0.240608499137752
"spherical","06087.png",6087,0.234863793363256,0.275988476494389,1.14691999131161,NA,0.239717520374064
"spherical","06090.png",6090,0.234248086880473,0.275349430644393,1.11213885936634,NA,0.238962852526161
"spherical","06093.png",6093,0.234535571964974,0.275682389131652,1.09926453691107,NA,0.23929066207261
"spherical","06097.png",6097,0.235664424371973,0.276546611500414,1.09597792715317,NA,0.241553709105417
"spherical","06100.png",6100,0.236071929473617,0.277119460293448,1.0919604998848,NA,0.241505085157845
"spherical","06103.png",6103,0.235656891808126,0.276571813399669,1.08485742798744,NA,0.240850565941632
"spherical","06106.png",6106,0.234886181391443,0.275873201604246,1.09439056174855,NA,0.240186010184046
"spherical","06109.png",6109,0.237383118123498,0.278178126761747,1.0857222102723,NA,0.243722113707233
"spherical","06113.png",6113,0.23640610252077,0.277309153483167,1.08186763524058,NA,0.242459273401752
"spherical","06116.png",6116,0.237045234948101,0.277854006873877,1.09229670032393,NA,0.243526007772741
"spherical","06119.png",6119,0.23672073631708,0.277692144474187,1.08264824169799,NA,0.243911106518952
"spherical","06122.png",6122,0.233092635233448,0.274358832253612,1.10370685372356,NA,0.240368964988859
"spherical","06125.png",6125,0.235270991661393,0.276449110625658,1.10523592367086,NA,0.242839850305065
"spherical","06129.png",6129,0.235883937330776,0.276892440096101,1.09233211374677,NA,0.243043073526465
"spherical","06132.png",6132,0.235982158491941,0.277001915615256,1.10273256366308,NA,0.243547226104272
"spherical","06135.png",6135,0.236147328480051,0.277189364908137,1.10252126733443,NA,0.243406573002691
"spherical","06138.png",6138,0.237242092859636,0.278210900784034,1.1182446338294,NA,0.244246987044523
"spherical","06141.png",6141,0.237021728777693,0.277862157916849,1.12845406691394,NA,0.242843660688721
"spherical","06145.png",6145,0.23669255307089,0.277669908526446,1.12816651371618,NA,0.242355330456325
"spherical","06148.png",6148,0.235340732806461,0.276372695121572,1.13631542810693,NA,0.240695983963387
"spherical","06151.png",6151,0.236145644062229,0.277091192460909,1.13537711461414,NA,0.242240524859533
"spherical","06154.png",6154,0.235385311565538,0.276438713235858,1.13027571234788,NA,0.240509289656801
"spherical","06157.png",6157,0.235681080769953,0.276792708937239,1.13294158850668,NA,0.240999060970049
"spherical","06161.png",6161,0.234450193693904,0.27565036969364,1.1225444786512,NA,0.239218445300339
"spherical","06164.png",6164,0.235220625683731,0.276277846730851,1.12669335498061,NA,0.240538649261431
"spherical","06167.png",6167,0.234570313992058,0.275766289008755,1.11902122179105,NA,0.238700009588093
"spherical","06170.png",6170,0.234324721351365,0.275510613051,1.11813077367615,NA,0.23877153382914
"spherical","06173.png",6173,0.234554043094199,0.275650349740338,1.10332183456302,NA,0.239076592176103
"spherical","06177.png",6177,0.235824251111385,0.276771071904999,1.0848473686811,NA,0.241080538483121
"spherical","06180.png",6180,0.23662322365617,0.277449092587919,1.08549567126093,NA,0.242469901267719
"spherical","06183.png",6183,0.235936609301676,0.276744740851446,1.09683306350283,NA,0.241414532196418
"spherical","06186.png",6186,0.235979432869692,0.276944671719767,1.09798688637061,NA,0.241024938388507
"spherical","06189.png",6189,0.237388481004881,0.278252328459109,1.08569354634634,NA,0.24303173726839
"spherical","06193.png",6193,0.237156788422774,0.278014560346665,1.08758590960963,NA,0.242925428642936
"spherical","06196.png",6196,0.235991371697088,0.276741607397899,1.08236871547204,NA,0.241357861481345
"spherical","06199.png",6199,0.236850679419802,0.277566982047615,1.09469056856909,NA,0.242228125329379
"spherical","06202.png",6202,0.23679237055063,0.277610820205189,1.09861999781949,NA,0.242180788139279
"spherical","06205.png",6205,0.237720924118566,0.27855064323537,1.08452659232096,NA,0.2443132053285
"spherical","06209.png",6209,0.234228563888941,0.275275506629721,1.09560023815756,NA,0.24093297740712
"spherical","06212.png",6212,0.235185646386361,0.27620057815466,1.09280636820735,NA,0.242191686696509
"spherical","06215.png",6215,0.236957341288142,0.277926534256963,1.0976783900217,NA,0.244648042484034
"spherical","06218.png",6218,0.234916270286254,0.27611907578142,1.09172743852176,NA,0.241901741762928
"spherical","06221.png",6221,0.235103403442958,0.27628077860782,1.09851300661924,NA,0.242487630411
"spherical","06225.png",6225,0.235996903623274,0.277099542538434,1.09041082878196,NA,0.243346701213616
"spherical","06228.png",6228,0.23619064967147,0.277336407518624,1.09386727266368,NA,0.243747518573944
"spherical","06231.png",6231,0.237435828238553,0.278392941806456,1.09489245985836,NA,0.244957126937079
"spherical","06234.png",6234,0.236296891430489,0.277305345727045,1.09672024548753,NA,0.243126844470004
"spherical","06237.png",6237,0.236347345698985,0.27719916951594,1.09467727178527,NA,0.243725703495516
"spherical","06241.png",6241,0.2361935696154,0.277346350629864,1.09548968977097,NA,0.243144142647745
"spherical","06244.png",6244,0.235568034095394,0.276547431288022,1.08638509385894,NA,0.242414006951761
"spherical","06247.png",6247,0.235940836065721,0.276961030294626,1.08944662920246,NA,0.243119520320141
"spherical","06250.png",6250,0.237093191234496,0.278089058930266,1.10521592948672,NA,0.244605443948122
"spherical","06253.png",6253,0.235402786212893,0.276606141076775,1.09829621740711,NA,0.24257075660932
"spherical","06257.png",6257,0.235707197100709,0.276832178140156,1.09175762005221,NA,0.243053390992152
"spherical","06260.png",6260,0.236213717871949,0.277155189705369,1.09816695699692,NA,0.243174880884309
"spherical","06263.png",6263,0.237516189336545,0.278375319756343,1.08309782308117,NA,0.243734693102888
"spherical","06266.png",6266,0.237685190561883,0.278641822701027,1.08806628011895,NA,0.244337056508303
"spherical","06269.png",6269,0.235888770963665,0.276836277701137,1.09273944864187,NA,0.24261459416684
"spherical","06273.png",6273,0.237276658191914,0.2782319929722,1.08394433681661,NA,0.244054143591643
"spherical","06276.png",6276,0.235924264457759,0.277041699280765,1.08851632393663,NA,0.242930459745404
"spherical","06279.png",6279,0.236188724147346,0.277193974207039,1.09637379158048,NA,0.242684056605189
"spherical","06282.png",6282,0.237562282338471,0.278424388010323,1.09369961949427,NA,0.24455147645021
"spherical","06285.png",6285,0.236930088361406,0.277926028277557,1.08426424171069,NA,0.243927832482822
"spherical","06289.png",6289,0.2368588892502,0.277790142568773,1.09720810317242,NA,0.243768656315666
"spherical","06292.png",6292,0.237830007707695,0.278590686261049,1.09729485913481,NA,0.243205478274646
"spherical","06295.png",6295,0.236257269453827,0.277277615073608,1.0916580222815,NA,0.243312435912153
"spherical","06298.png",6298,0.234418333545193,0.275483175273707,1.09320545987488,NA,0.240692176055988
"spherical","06301.png",6301,0.235666231632434,0.27661091108564,1.09300003426906,NA,0.241893891721404
"spherical","06305.png",6305,0.23896099440452,0.279728875244145,1.08041012429442,NA,0.245594570712019
"spherical","06308.png",6308,0.237696130639509,0.278540191971698,1.07613232844813,NA,0.243651233289712
"spherical","06311.png",6311,0.236961016262542,0.277636847836138,1.08210700954549,NA,0.241824462002035
"spherical","06314.png",6314,0.234134844543156,0.274841093446301,1.09101997844496,NA,0.237820794562154
"spherical","06317.png",6317,0.23652696121532,0.277371973013256,1.09056240548087,NA,0.241153777906401
"spherical","06321.png",6321,0.234951438776239,0.27608807075826,1.10478420120933,NA,0.238579548836717
"spherical","06324.png",6324,0.234640805754971,0.275788964462964,1.12044186026131,NA,0.238304222800221
"spherical","06327.png",6327,0.23531964286062,0.276443223496304,1.10690204998776,NA,0.23912856314957
"spherical","06330.png",6330,0.235441656581359,0.276474175766589,1.0973067249758,NA,0.239347107627296
"spherical","06333.png",6333,0.235082911016593,0.276271252261212,1.11038567176571,NA,0.23841146848988
"spherical","06337.png",6337,0.23580489137881,0.276897335645083,1.0989832569996,NA,0.239462864571626
"spherical","06340.png",6340,0.236141978254394,0.277132624980872,1.10933312354418,NA,0.240319982845043
"spherical","06343.png",6343,0.235296851308164,0.276425372932067,1.11178831111962,NA,0.23914011811496
"spherical","06346.png",6346,0.235721278455101,0.276806471314157,1.14126563284131,NA,0.240163423264827
"spherical","06349.png",6349,0.233806027506355,0.274685357064169,1.12274530064934,NA,0.238911029142267
"spherical","06353.png",6353,0.23567674646231,0.276615952364345,1.1116537077232,NA,0.241406269543424
"spherical","06356.png",6356,0.235048168532025,0.276177046891452,1.100596741517,NA,0.241362014693978
"spherical","06359.png",6359,0.23381566506967,0.274978870081952,1.10576958449052,NA,0.240124535050378
"spherical","06362.png",6362,0.234197864294596,0.275384750466082,1.10162657735706,NA,0.240510436803895
"spherical","06365.png",6365,0.235034954306214,0.276068652567632,1.10277652851161,NA,0.241147837217938
"spherical","06369.png",6369,0.234833881818891,0.275908386714241,1.09987968385899,NA,0.240533077558176
"spherical","06372.png",6372,0.235279098850748,0.276359364149545,1.09651850212354,NA,0.241773165959699
"spherical","06375.png",6375,0.235647202791157,0.276740240574209,1.09738054283847,NA,0.242588878842167
"spherical","06378.png",6378,0.235482459508859,0.276587951922821,1.10361244684661,NA,0.241974910672873
"spherical","06381.png",6381,0.237695637727386,0.278720886239175,1.08614480110889,NA,0.243984468520066
"spherical","06385.png",6385,0.235603191732483,0.276598512352783,1.09309216273384,NA,0.241791908494628
"spherical","06388.png",6388,0.235508844053591,0.276658163971372,1.09849240898806,NA,0.24178589037021
"spherical","06391.png",6391,0.237862674959386,0.278828713179127,1.09020072369622,NA,0.245082947223909
"spherical","06394.png",6394,0.236912170730836,0.277593126766646,1.09445933940022,NA,0.242533136888446
"spherical","06397.png",6397,0.237807715897534,0.278424884592826,1.08613690759363,NA,0.243104590504824
"spherical","06401.png",6401,0.237856469758698,0.278607018382965,1.07384201871248,NA,0.242400318262949
"spherical","06404.png",6404,0.236075925832097,0.276970513217581,1.08977798130671,NA,0.239700134077795
"spherical","06407.png",6407,0.237243558220982,0.278105465962872,1.08012552825344,NA,0.241231638155928
"spherical","06410.png",6410,0.235825413540659,0.276888705327893,1.09963786393929,NA,0.239346564139608
"spherical","06413.png",6413,0.236090723475817,0.277046054460394,1.11591334890147,NA,0.239825836333305
"spherical","06417.png",6417,0.235528808644986,0.276536411038417,1.13978357886305,NA,0.240308741059466
"spherical","06420.png",6420,0.235558891368035,0.276642669002684,1.14121288788006,NA,0.240716695045779
"spherical","06423.png",6423,0.234551288103405,0.275582008619217,1.10440895469163,NA,0.240066116444082
"spherical","06426.png",6426,0.235352054799882,0.276316220533828,1.11479761908254,NA,0.241200079314956
"spherical","06429.png",6429,0.234476138302837,0.275563197003248,1.11323552263616,NA,0.240627796149539
"spherical","06433.png",6433,0.234080278234724,0.275301652591454,1.09429005531984,NA,0.23999365438555
"spherical","06436.png",6436,0.235432535392588,0.276579491809386,1.10253040502604,NA,0.241980345773759
"spherical","06439.png",6439,0.23651885812533,0.277582039248085,1.09150225917476,NA,0.242464752344146
"spherical","06442.png",6442,0.237018005358775,0.277910642032891,1.0981305526395,NA,0.24321615463045
"spherical","06445.png",6445,0.237778917644724,0.278721430794033,1.08199326652782,NA,0.243350834171434
"spherical","06449.png",6449,0.237298473776619,0.278132181582419,1.08862383984006,NA,0.242330032202716
"spherical","06452.png",6452,0.237052416889861,0.277870847815178,1.07764989472437,NA,0.241266799771157
"spherical","06455.png",6455,0.235648619457278,0.276485246246978,1.09537068643696,NA,0.239263097548867
"spherical","06458.png",6458,0.236902581452499,0.277766570558302,1.11247171453956,NA,0.241795918936562
"spherical","06461.png",6461,0.235560724001116,0.27663082854698,1.12326970889605,NA,0.239348581976106
"spherical","06465.png",6465,0.235012063756271,0.276088210713797,1.12999293867964,NA,0.238314213394633
"spherical","06468.png",6468,0.236134130516736,0.277231018467761,1.13524782609794,NA,0.239965010887017
"spherical","06471.png",6471,0.235276722487633,0.276347491919354,1.13156712313441,NA,0.240040774911045
"spherical","06474.png",6474,0.234538868879788,0.275577062942377,1.11452919840723,NA,0.240152764741067
"spherical","06477.png",6477,0.233140443727277,0.274438873567823,1.10245973687611,NA,0.239517276355639
"spherical","06481.png",6481,0.235017285376399,0.276056907115127,1.08954895796234,NA,0.241001753612093
"spherical","06484.png",6484,0.235921090255969,0.276963790846898,1.0889533727038,NA,0.241740936756899
"spherical","06487.png",6487,0.23730186014813,0.278085757142311,1.09347693263398,NA,0.243020910291199
"spherical","06490.png",6490,0.236260061916487,0.276907503405051,1.07657537832638,NA,0.239939462163187
"spherical","06493.png",6493,0.236505407036826,0.277455506031213,1.09598455821299,NA,0.239876880907875
"spherical","06497.png",6497,0.236068923743421,0.277088583574045,1.11262246398532,NA,0.239445361583657
"spherical","06500.png",6500,0.23518271956261,0.2762284855162,1.13738092222848,NA,0.238609699843572
"spherical","06503.png",6503,0.23612148302898,0.277041233011123,1.13169130259782,NA,0.240278290223008
"spherical","06506.png",6506,0.234956667529877,0.275979509296576,1.12393523474546,NA,0.240100244426143
"spherical","06509.png",6509,0.2326680836819,0.273963422774872,1.1059320147145,NA,0.238293185857389
"spherical","06513.png",6513,0.234995243496817,0.276098410017161,1.10710578835914,NA,0.241295778871376
"spherical","06516.png",6516,0.234175203063798,0.275269744309918,1.11398576986254,NA,0.240092143250299
"spherical","06519.png",6519,0.235321214979897,0.276512836728279,1.09756466655044,NA,0.241583473410644
"spherical","06522.png",6522,0.23731897959638,0.278110125846584,1.08862035549252,NA,0.242711326528079
"spherical","06525.png",6525,0.236841092276408,0.277658779801558,1.08888187665386,NA,0.241237768440777
"spherical","06529.png",6529,0.236286746185801,0.277157050398272,1.08597374551596,NA,0.240236986471081
"spherical","06532.png",6532,0.236306595664041,0.277300853384029,1.1053804612623,NA,0.24006829627738
"spherical","06535.png",6535,0.234467145077268,0.275532131486449,1.11256899183629,NA,0.236979802043313
"spherical","06538.png",6538,0.236151569957377,0.277083927908146,1.1195284370239,NA,0.239597168164086
"spherical","06541.png",6541,0.235180255113222,0.276200904281839,1.12538136225409,NA,0.238334686564108
"spherical","06545.png",6545,0.234401499938135,0.275461885451911,1.13619110932021,NA,0.238861210679505
"spherical","06548.png",6548,0.233805912986855,0.274938239257404,1.11184504652156,NA,0.239370168787847
"spherical","06551.png",6551,0.234056114398041,0.275158981108937,1.10996463103342,NA,0.240218960834815
"spherical","06554.png",6554,0.234748547499021,0.27599539994268,1.09545818767705,NA,0.240369706033941
"spherical","06557.png",6557,0.235179817946244,0.276115341643841,1.09961413104615,NA,0.240297727985877
"spherical","06561.png",6561,0.236850493809819,0.277725873617569,1.08876229621532,NA,0.241525555162713
"spherical","06564.png",6564,0.23738239412813,0.278210349917747,1.08378211132731,NA,0.241175475296283
"spherical","06567.png",6567,0.235897818598065,0.27706209579169,1.12681496671228,NA,0.238348821379107
"spherical","06570.png",6570,0.237242248445131,0.278197216421015,1.12115949375808,NA,0.240854163561199
"spherical","06573.png",6573,0.235599039196588,0.276713125018006,1.11850744074566,NA,0.239243219052614
"spherical","06577.png",6577,0.233887069209277,0.274865247809575,1.11931014548031,NA,0.238195552144562
"spherical","06580.png",6580,0.2340310350262,0.275267427928428,1.11729336072271,NA,0.239613486778273
"spherical","06583.png",6583,0.234139751768886,0.275171431425847,1.09429122536856,NA,0.240192174419317
"spherical","06586.png",6586,0.234878253881649,0.276055847232558,1.09656445570797,NA,0.240625806575907
"spherical","06589.png",6589,0.238379065106119,0.279162232521078,1.09065766764659,NA,0.24349621132157
"spherical","06593.png",6593,0.23435226015768,0.275493967711167,1.11709497811017,NA,0.236603408295129
"spherical","06596.png",6596,0.235738666943883,0.27684306444945,1.13128513752532,NA,0.23808017072822
"spherical","06599.png",6599,0.236311112930003,0.277229746071145,1.13772105347617,NA,0.239762415338849
"spherical","06602.png",6602,0.235892673184239,0.276904826914681,1.12304071439443,NA,0.240542757572911
"spherical","06605.png",6605,0.233362788473607,0.27445459118625,1.10087373782262,NA,0.23848883741045
"spherical","06609.png",6609,0.233811521361824,0.275019984263054,1.10444781743786,NA,0.239320089121017
"spherical","06612.png",6612,0.233880317063727,0.275296903424979,1.11736482379807,NA,0.238929451385909
"spherical","06615.png",6615,0.237006584342868,0.277948486592829,1.10338546118657,NA,0.242029835219147
"spherical","06618.png",6618,0.237481533898688,0.278340590026111,1.08521063959341,NA,0.241214675277841
"spherical","06621.png",6621,0.237826102252737,0.278781019655429,1.11755455255609,NA,0.241067647355021
"spherical","06625.png",6625,0.23663676093902,0.277726617330652,1.12273473540787,NA,0.240432797812539
"spherical","06628.png",6628,0.236645723416815,0.277598436459497,1.14232426664928,NA,0.240148567095144
"spherical","06631.png",6631,0.234213948535482,0.275411821820238,1.15225383507656,NA,0.238279281813141
"spherical","06634.png",6634,0.235129002016634,0.276142147797725,1.11419305518834,NA,0.239849021846325
"spherical","06637.png",6637,0.232911944009246,0.274082983386023,1.1062377306768,NA,0.237988933968624
"spherical","06641.png",6641,0.236746496933796,0.27772140370996,1.09638905123571,NA,0.241903558428207
"spherical","06644.png",6644,0.238042187724656,0.278782746354508,1.08498262522767,NA,0.242458423565098
"spherical","06647.png",6647,0.238193781134441,0.278902687153777,1.085058519823,NA,0.242267051270073
"spherical","06650.png",6650,0.236636583919494,0.277618380300531,1.09422126599483,NA,0.239925933277461
"spherical","06653.png",6653,0.23624997268573,0.2772413262385,1.12136667315624,NA,0.239094194222109
"spherical","06657.png",6657,0.235548516187515,0.27656696099621,1.12258983682709,NA,0.240229492703291
"spherical","06660.png",6660,0.232962247992011,0.274332964490361,1.0993676652639,NA,0.23783255642781
"spherical","06663.png",6663,0.23435683706082,0.275457161488075,1.10157982112004,NA,0.239890641118177
"spherical","06666.png",6666,0.235729702423532,0.276738361199044,1.10188340759269,NA,0.240581032239403
"spherical","06669.png",6669,0.237441697266786,0.2784161714766,1.09086452488987,NA,0.242645491723083
"spherical","06673.png",6673,0.236791164410987,0.277529965043263,1.09280056312082,NA,0.239961270702159
"spherical","06676.png",6676,0.235601378191107,0.276595316012609,1.11644670509892,NA,0.238150239949054
"spherical","06679.png",6679,0.236942426430186,0.277882371101771,1.14021740306572,NA,0.241026107304648
"spherical","06682.png",6682,0.23231481340654,0.273566571476496,1.10398601454434,NA,0.237122001252547
"spherical","06685.png",6685,0.23541505826721,0.276536031444415,1.10545770340767,NA,0.240800943004287
"spherical","06689.png",6689,0.237180944701932,0.278110084669251,1.08581232169886,NA,0.241806059462947
"spherical","06692.png",6692,0.238191928602188,0.279024947426261,1.08619104025791,NA,0.241797623856122
"spherical","06695.png",6695,0.235990689361661,0.276921802579585,1.10966478800548,NA,0.23836203433419
"spherical","06698.png",6698,0.236218184739105,0.277271631345094,1.10534829727652,NA,0.238540248757249
"spherical","06701.png",6701,0.236211775473583,0.277189313297398,1.12459214759104,NA,0.238961790985748
"spherical","06705.png",6705,0.233764472799539,0.274939554913496,1.10844311077649,NA,0.238946734506728
"spherical","06708.png",6708,0.234444130551206,0.275583746909658,1.10039144947271,NA,0.239867599411175
"spherical","06711.png",6711,0.234903379259642,0.276106929337799,1.09870911844387,NA,0.240215621945462
"spherical","06714.png",6714,0.237518248033522,0.278522799917797,1.09829763397021,NA,0.243050962942705
"spherical","06717.png",6717,0.237303064791196,0.278076286639404,1.08224082440192,NA,0.240501639540218
"spherical","06721.png",6721,0.237029609718029,0.278023834762088,1.12319348729199,NA,0.239611322632446
"spherical","06724.png",6724,0.235872350010574,0.276968704036432,1.13196774249534,NA,0.23948787997939
"spherical","06727.png",6727,0.233228726843827,0.274480844840245,1.104117636322,NA,0.238111102817811
"spherical","06730.png",6730,0.234262830707396,0.275492372231451,1.09777673785825,NA,0.239337456256349
"spherical","06733.png",6733,0.237764213901686,0.278693733079669,1.09757778509753,NA,0.242357270414538
"spherical","06737.png",6737,0.236880847059378,0.277972789978766,1.09844705798292,NA,0.239489344348765
"spherical","06740.png",6740,0.236773640917149,0.277651096648752,1.12818536331076,NA,0.240067067252989
"spherical","06743.png",6743,0.236510736055459,0.277505743002332,1.11490134054835,NA,0.24071364642027
"spherical","06746.png",6746,0.233099237158093,0.274258522617246,1.11039251884341,NA,0.237398327190288
"spherical","06749.png",6749,0.232888778838412,0.274295224932772,1.0994693624261,NA,0.237198177692322
"spherical","06753.png",6753,0.235959206277687,0.276736806226349,1.07763662002948,NA,0.238969061005715
"spherical","06756.png",6756,0.235678509632888,0.276542166912442,1.10130338052831,NA,0.237583978976034
"spherical","06759.png",6759,0.235515807219178,0.276680220864375,1.10547158903604,NA,0.237178520068901
"spherical","06762.png",6762,0.236177572331009,0.277187021542102,1.13364796933597,NA,0.238935443789109
"spherical","06765.png",6765,0.235013379483667,0.276084145157389,1.11512958550524,NA,0.238871364173156
"spherical","06769.png",6769,0.233182772373013,0.27447196546793,1.09877489504253,NA,0.238475614507787
"spherical","06772.png",6772,0.237115247753837,0.278018562841586,1.07351316313724,NA,0.240193338823633
"spherical","06775.png",6775,0.234984172705137,0.276008385236729,1.1028588508931,NA,0.236329923447179
"spherical","06778.png",6778,0.235199041547586,0.276353624290082,1.1103228632881,NA,0.236680437752431
"spherical","06781.png",6781,0.236804506171737,0.277787572528371,1.14305420756972,NA,0.239173849253788
"spherical","06785.png",6785,0.235182172806567,0.276334920971998,1.11709735257084,NA,0.239286859844253
"spherical","06788.png",6788,0.232657094870793,0.273828288524962,1.09998145933126,NA,0.237022136212622
"spherical","06791.png",6791,0.23488509295238,0.276003662110622,1.10082275409316,NA,0.23998029105533
"spherical","06794.png",6794,0.23746811911079,0.278242896046198,1.08448482280452,NA,0.240868276590405
"spherical","06797.png",6797,0.235657182959219,0.276649579570712,1.12062787528087,NA,0.237311687714252
"spherical","06801.png",6801,0.236350847046566,0.277347960743842,1.13871478852079,NA,0.238785230553257
"spherical","06804.png",6804,0.235717360908108,0.27684166567265,1.12053410344375,NA,0.239463565593024
"spherical","06807.png",6807,0.232853677623454,0.274101490940013,1.10274520433581,NA,0.237024864303326
"spherical","06810.png",6810,0.233898733265189,0.275164942885741,1.09988590077126,NA,0.238435994457209
"spherical","06813.png",6813,0.237461593898226,0.278544649602733,1.09671595590806,NA,0.241374722434584
"spherical","06817.png",6817,0.237077948005111,0.278094176399708,1.12200955025286,NA,0.238325530791659
"spherical","06820.png",6820,0.237079054258124,0.278146362539999,1.13983465054722,NA,0.240146930283349
"spherical","06823.png",6823,0.235092320329366,0.276085443946269,1.11180691208881,NA,0.23965585129503
"spherical","06826.png",6826,0.234763245964309,0.275978183143529,1.09363940066325,NA,0.239656902624106
"spherical","06829.png",6829,0.237265524310784,0.278218133303173,1.08323650072343,NA,0.241164070420049
"spherical","06833.png",6833,0.237196544304929,0.278144099779066,1.11960346571229,NA,0.24003250560647
"spherical","06836.png",6836,0.234689263847714,0.275700867763185,1.12292030830865,NA,0.23876914036827
"spherical","06839.png",6839,0.233362952595249,0.274663730734676,1.10563782545922,NA,0.238172260149425
"spherical","06842.png",6842,0.234279757926728,0.275414515210959,1.10571493462121,NA,0.238861487068282
"spherical","06845.png",6845,0.237085882152227,0.278076645088789,1.10298090488922,NA,0.241910245737926
"spherical","06849.png",6849,0.23701504598432,0.277938201823835,1.09119012550449,NA,0.239397688327158
"spherical","06852.png",6852,0.236801615141777,0.277836001193586,1.12244245480785,NA,0.239090931165475
"spherical","06855.png",6855,0.236169363026213,0.277263569229282,1.13064889391355,NA,0.239710339873024
"spherical","06858.png",6858,0.234533915359443,0.275638692876771,1.10952120531085,NA,0.239052601196695
"spherical","06861.png",6861,0.234175857463099,0.275422132736169,1.0957873628392,NA,0.238680969263046
"spherical","06865.png",6865,0.236053265672298,0.27702398433689,1.1088942446101,NA,0.238207303651949
"spherical","06868.png",6868,0.237698538295775,0.27860356829681,1.12391523016136,NA,0.240217145318124
"spherical","06871.png",6871,0.236132618915061,0.277130292329915,1.10861002162507,NA,0.239558093349663
"spherical","06874.png",6874,0.234945974677025,0.275968567470434,1.11735974727182,NA,0.238968886643407
"spherical","06877.png",6877,0.234031527133538,0.275220412515208,1.09925044220355,NA,0.239002270857479
"spherical","06881.png",6881,0.237150440081447,0.278076135535125,1.08145156245079,NA,0.240616043442176
"spherical","06884.png",6884,0.236456439025601,0.277323917399729,1.10554277597377,NA,0.238369834603584
"spherical","06887.png",6887,0.237245846623617,0.278136319682217,1.12852971857057,NA,0.240219764144479
"spherical","06890.png",6890,0.23576224078702,0.276831646566668,1.11455779119409,NA,0.239753907586674
"spherical","06893.png",6893,0.233082241782587,0.274417888770748,1.10892756022967,NA,0.238141216786345
"spherical","06897.png",6897,0.236079220224294,0.277201217670733,1.08515874199733,NA,0.240550118788248
"spherical","06900.png",6900,0.236620158397339,0.277589211913512,1.10414002591533,NA,0.23865351414876
"spherical","06903.png",6903,0.237341772969252,0.278249758002299,1.11805642594639,NA,0.239610558409907
"spherical","06906.png",6906,0.23595356345896,0.27690934164607,1.11451411216721,NA,0.240217488464877
"spherical","06909.png",6909,0.233260530018183,0.274594447489633,1.09687931194183,NA,0.23796422556494
"spherical","06913.png",6913,0.237466289732566,0.278369639795625,1.09043089464194,NA,0.241608953950636
"spherical","06916.png",6916,0.236208630027244,0.277082274567717,1.08078850044156,NA,0.238516649051791
"spherical","06919.png",6919,0.236940102754315,0.277833409995831,1.13564943722809,NA,0.238701377426362
"spherical","06922.png",6922,0.23441695203828,0.27552599506006,1.11034809446852,NA,0.238122695944966
"spherical","06925.png",6925,0.23299892461738,0.274352490626961,1.09870663250284,NA,0.237370794976555
"spherical","06929.png",6929,0.236265670952663,0.277250987642573,1.09188825115796,NA,0.238058476645132
"spherical","06932.png",6932,0.238192796288737,0.27905727813777,1.12458065919693,NA,0.241082424248719
"spherical","06935.png",6935,0.235203780571301,0.276307988825909,1.12064283644356,NA,0.238634310020961
"spherical","06938.png",6938,0.233312625918074,0.274522973717979,1.11056977808396,NA,0.23672674925579
"spherical","06941.png",6941,0.232997316799293,0.274334968209302,1.0878037067584,NA,0.237518206532824
"spherical","06945.png",6945,0.238030810555161,0.278877128625645,1.09648768700524,NA,0.241915825158637
"spherical","06948.png",6948,0.236479614779079,0.277471406350996,1.10769799900032,NA,0.238184355014629
"spherical","06951.png",6951,0.237279516370854,0.278290172149773,1.11856594431407,NA,0.24026885483705
"spherical","06954.png",6954,0.232935702935408,0.274253646459347,1.11604322150667,NA,0.237265259712561
"spherical","06957.png",6957,0.235559338006603,0.276722521241164,1.09323417555756,NA,0.239338758284032
"spherical","06961.png",6961,0.236835689670991,0.277775843427741,1.08292568878185,NA,0.238518589203787
"spherical","06964.png",6964,0.236423764415959,0.277614286069741,1.12763193082715,NA,0.23712530512235
"spherical","06967.png",6967,0.23537623541489,0.276689184579639,1.11652296672768,NA,0.236844352874401
"spherical","06970.png",6970,0.233006918125167,0.274466963152139,1.09973308689738,NA,0.235975901061865
"spherical","06973.png",6973,0.236160841051265,0.277415157908426,1.09604713805559,NA,0.238139726154404
"spherical","06977.png",6977,0.237142756496761,0.278172158237342,1.09288151297172,NA,0.237198767318621
"spherical","06980.png",6980,0.236484059271605,0.27765143913133,1.09757080355048,NA,0.235581850895745
"spherical","06983.png",6983,0.234183664943942,0.275410196826725,1.12214289747832,NA,0.236079161064744
"spherical","06986.png",6986,0.233308868808408,0.274805672852796,1.13038135350581,NA,0.235152164106912
"spherical","06989.png",6989,0.235466731348286,0.276689009483187,1.1046059559802,NA,0.235103876321725
"spherical","06993.png",6993,0.236777668885329,0.27790915708838,1.12724069777544,NA,0.236994844185217
"spherical","06996.png",6996,0.235542391280711,0.276799673944548,1.14804202035434,NA,0.236399464183213
"spherical","06999.png",6999,0.230531993939402,0.272222450260615,1.14356777297074,NA,0.231791718932692
"spherical","07002.png",7002,0.236176229608001,0.277437756580032,1.11809278019451,NA,0.23857337811401
"spherical","07005.png",7005,0.236754507693497,0.277941807901394,1.11783405977052,NA,0.236604638784259
"spherical","07009.png",7009,0.236462294967799,0.27747916051888,1.17577689144397,NA,0.236203073757844
"spherical","07012.png",7012,0.234044485695783,0.275373933731236,1.15153760176702,NA,0.23568670868598
"spherical","07015.png",7015,0.23477607763327,0.276204423032605,1.12962487521191,NA,0.237596378608402
"spherical","07018.png",7018,0.237646004931998,0.278557890220235,1.09692783477005,NA,0.238552040827982
"spherical","07021.png",7021,0.237205734110555,0.278263270067616,1.14967877855794,NA,0.238555314466742
"spherical","07025.png",7025,0.233959896795552,0.275226732057714,1.14197876839645,NA,0.236355513331287
"spherical","07028.png",7028,0.232742953069415,0.273970969862283,1.13001147917184,NA,0.236575432730464
"spherical","07031.png",7031,0.236282774288927,0.277422086581708,1.09902693845174,NA,0.239948869523799
"spherical","07034.png",7034,0.237054534536618,0.277936722148159,1.09169885412052,NA,0.238867711235746
"spherical","07037.png",7037,0.236724387304054,0.277715438672649,1.11401598141934,NA,0.238286217975781
"spherical","07041.png",7041,0.234371863823986,0.275432373631753,1.13551892802125,NA,0.23811395510913
"spherical","07044.png",7044,0.233543636724508,0.274849748403611,1.10623402359408,NA,0.237630531112742
"spherical","07047.png",7047,0.236664668734594,0.277708522618654,1.09217005074644,NA,0.2394583948927
"spherical","07050.png",7050,0.237606273072792,0.278376639472126,1.0872682364395,NA,0.239890001823686
"spherical","07053.png",7053,0.237455941716293,0.278439243910612,1.11583187801108,NA,0.238943921364019
"spherical","07057.png",7057,0.233376855263697,0.274553497847693,1.11111656208955,NA,0.236696798542685
"spherical","07060.png",7060,0.234215160250246,0.275607027042527,1.09996085962017,NA,0.238378818794417
"spherical","07063.png",7063,0.236564112055702,0.277503988196914,1.09431656689322,NA,0.237741755508072
"spherical","07066.png",7066,0.237456698670567,0.278357845493695,1.12537714870941,NA,0.237951396211207
"spherical","07069.png",7069,0.235468264490471,0.276525702113251,1.10737973096291,NA,0.238665361576234
"spherical","07073.png",7073,0.236231712369203,0.277300863362738,1.0957052787223,NA,0.238801837976654
"spherical","07076.png",7076,0.236430175802352,0.277434337148492,1.08360717934936,NA,0.237735571254902
"spherical","07079.png",7079,0.237645052905196,0.278585090743294,1.12026560864438,NA,0.238711862815242
"spherical","07082.png",7082,0.234022655960265,0.275229029655763,1.10261596933322,NA,0.237127086698399
"spherical","07085.png",7085,0.236377167842271,0.277542586333175,1.09701461581691,NA,0.239469732195758
"spherical","07089.png",7089,0.236821195836108,0.27783506827822,1.08842444895756,NA,0.237908992005752
"spherical","07092.png",7092,0.236165295541609,0.277210348441321,1.12103173140009,NA,0.236393089297816
"spherical","07095.png",7095,0.237842222709832,0.278746302204313,1.12215348356609,NA,0.238813795753934
"spherical","07098.png",7098,0.235188303621485,0.276274611709962,1.1116567517036,NA,0.238126750751444
"spherical","07101.png",7101,0.234133484506187,0.275442584277581,1.09579117633786,NA,0.237940353047031
"spherical","07105.png",7105,0.236624441730643,0.277642471214197,1.12675938215746,NA,0.237190121964094
"spherical","07108.png",7108,0.236092067083607,0.277102855856401,1.12919263444026,NA,0.238834921821469
"spherical","07111.png",7111,0.232991861647256,0.274478979237339,1.09433819077236,NA,0.236178951843206
"spherical","07114.png",7114,0.237316479355544,0.278204181356672,1.08213918175148,NA,0.240138118076244
"spherical","07117.png",7117,0.23603839920189,0.277081494445821,1.09693684385709,NA,0.23626383778724
"spherical","07121.png",7121,0.237405812224523,0.27834501642637,1.14598075760179,NA,0.238691561359402
"spherical","07124.png",7124,0.235233904299048,0.276278230924198,1.12438778047306,NA,0.237688453243227
"spherical","07127.png",7127,0.233588809857484,0.274872917827158,1.10921646462358,NA,0.237605286848388
"spherical","07130.png",7130,0.236670214628559,0.277630929573233,1.07465057279354,NA,0.238400931197945
"spherical","07133.png",7133,0.236692936168419,0.277628929153825,1.10906336926226,NA,0.237678283358767
"spherical","07137.png",7137,0.236977004222572,0.278059606064074,1.12498867062795,NA,0.239596142970923
"spherical","07140.png",7140,0.232853810816102,0.274117012234132,1.10828008776749,NA,0.236423944352394
"spherical","07143.png",7143,0.237295590940624,0.278190696269643,1.09538180591618,NA,0.24063971391835
"spherical","07146.png",7146,0.23560278226678,0.27664342586187,1.11608295787511,NA,0.235747724693372
"spherical","07149.png",7149,0.235991112516571,0.277047897733936,1.11918115417979,NA,0.23872568613204
"spherical","07153.png",7153,0.233577426039004,0.274956310539909,1.09667679100641,NA,0.237572252308689
"spherical","07156.png",7156,0.23622699231702,0.277386400058305,1.09440576104218,NA,0.238965185711096
"spherical","07159.png",7159,0.237062003835642,0.278058083497255,1.10861688056852,NA,0.237662695910049
"spherical","07162.png",7162,0.23541176590842,0.276594688475146,1.10558485063161,NA,0.237747191699856
"spherical","07165.png",7165,0.232869463543475,0.274209760490811,1.10006402466736,NA,0.236273862860443
"spherical","07169.png",7169,0.237398801784066,0.278303307056904,1.06918095912818,NA,0.239954334027662
"spherical","07172.png",7172,0.236950938319613,0.277922431132307,1.11840680320508,NA,0.237408433812631
"spherical","07175.png",7175,0.236809220333728,0.277805791835101,1.10340200773616,NA,0.239617753343332
"spherical","07178.png",7178,0.23384024010024,0.2751127455448,1.10332681136815,NA,0.237777108698635
"spherical","07181.png",7181,0.236770692734634,0.277827146927772,1.09106123696271,NA,0.239254023156022
"spherical","07185.png",7185,0.236810619129963,0.277746670124561,1.09777367237916,NA,0.23720303559363
"spherical","07188.png",7188,0.2372546073723,0.278196295288271,1.12309755556865,NA,0.23829289537207
"spherical","07191.png",7191,0.233503303283733,0.27475677041504,1.11391637292802,NA,0.235899368722126
"spherical","07194.png",7194,0.233942126317576,0.275234732503565,1.10548719950872,NA,0.237516220652775
"spherical","07197.png",7197,0.237573291631589,0.278431461079417,1.10146313673329,NA,0.2393568492792
"spherical","07201.png",7201,0.237910521582962,0.278782482791811,1.11823575205195,NA,0.2396630819661
"spherical","07204.png",7204,0.235868072136936,0.276950198155931,1.11469572314942,NA,0.238335455183618
"spherical","07207.png",7207,0.233536222037412,0.274814591422291,1.10232943068014,NA,0.236802614127444
"spherical","07210.png",7210,0.237836849999197,0.278682938494469,1.08380647380927,NA,0.240554875373236
"spherical","07213.png",7213,0.236362513680572,0.277398939655726,1.12925439290427,NA,0.23638259816065
"spherical","07217.png",7217,0.233634861373891,0.274738571566722,1.10806624436827,NA,0.236873318424463
"spherical","07220.png",7220,0.235962711778155,0.277064301810506,1.09412958015615,NA,0.239634493463571
"spherical","07223.png",7223,0.23580924403515,0.276834500077594,1.09317014544051,NA,0.236245289289043
"spherical","07226.png",7226,0.23793787161749,0.278708940235805,1.12369487162396,NA,0.239193938454679
"spherical","07229.png",7229,0.233794449542571,0.274936018502203,1.10552516328885,NA,0.236625300552073
"spherical","07233.png",7233,0.236674476978111,0.277604317366623,1.09417384780319,NA,0.239395231704864
"spherical","07236.png",7236,0.236462125548313,0.277397688963781,1.11792616108869,NA,0.23686974197085
"spherical","07239.png",7239,0.236909623947933,0.277924921806948,1.11291184858059,NA,0.239556847544147
"spherical","07242.png",7242,0.231980526125034,0.273389987986296,1.10770401221234,NA,0.23495770068954
"spherical","07245.png",7245,0.23615423643561,0.277318582794785,1.09126706686195,NA,0.238991846989903
"spherical","07249.png",7249,0.236766549566165,0.277777753053741,1.1174754526506,NA,0.236845805541434
"spherical","07252.png",7252,0.237908214075069,0.278815473280033,1.11077912655075,NA,0.239731597018682
"spherical","07255.png",7255,0.232344314016453,0.273579346930323,1.11012445403938,NA,0.235152621497922
"spherical","07258.png",7258,0.2351281604761,0.276341913322913,1.09722479732162,NA,0.238323595147177
"spherical","07261.png",7261,0.237519225323964,0.278405227423561,1.11060209720657,NA,0.238774494967991
"spherical","07265.png",7265,0.232979152478012,0.274258726787805,1.1032087670855,NA,0.235705195622086
"spherical","07268.png",7268,0.233440419171854,0.27494912057361,1.08825594198764,NA,0.236394000767892
"spherical","07271.png",7271,0.238042161004646,0.278863729482448,1.09766116830274,NA,0.239983324948536
"spherical","07274.png",7274,0.237724035510913,0.27866687275495,1.1257462824871,NA,0.23765954937071
"spherical","07277.png",7277,0.236567441388357,0.277635436965419,1.12899905965921,NA,0.238737781247181
"spherical","07281.png",7281,0.233188617258701,0.274555839491105,1.09414002859543,NA,0.236417620284059
"spherical","07284.png",7284,0.237498877424876,0.278491001563625,1.07807118534693,NA,0.240507953125893
"spherical","07287.png",7287,0.237148671831873,0.278113280348628,1.12729687349939,NA,0.237311176550173
"spherical","07290.png",7290,0.23530595979105,0.276405299053088,1.11272370379016,NA,0.237450645537599
"spherical","07293.png",7293,0.233732872355939,0.275036325710511,1.10010991134856,NA,0.236936205949794
"spherical","07297.png",7297,0.23660729767683,0.277646599250443,1.09516925103556,NA,0.239229404877857
"spherical","07300.png",7300,0.236987433302656,0.277987350661283,1.11730360682172,NA,0.236542967570098
"spherical","07303.png",7303,0.237499764052625,0.278458720412071,1.12102295474359,NA,0.238648684850435
"spherical","07306.png",7306,0.233084743356574,0.274318245113651,1.11379739618824,NA,0.236299481067157
"spherical","07309.png",7309,0.236034852275706,0.277132329298206,1.09010056563919,NA,0.238818230546499
"spherical","07313.png",7313,0.23718898297925,0.278164037013696,1.13181502611724,NA,0.237007137357646
"spherical","07316.png",7316,0.235195295776248,0.27627513666351,1.12404346616594,NA,0.237216430830098
"spherical","07319.png",7319,0.232526544879822,0.273857010286737,1.11639862046661,NA,0.235802743927375
"spherical","07322.png",7322,0.236839332278849,0.277768809372365,1.08530284592864,NA,0.238401274895288
"spherical","07325.png",7325,0.236056390421235,0.277115532120691,1.11003874618987,NA,0.235882103865773
"spherical","07329.png",7329,0.235253952303593,0.276380263190097,1.10920157946704,NA,0.237427097666101
"spherical","07332.png",7332,0.233123030593139,0.274522506555909,1.09807013710553,NA,0.236239754192041
"spherical","07335.png",7335,0.237205989635486,0.278036325161886,1.09065138256423,NA,0.239968929308779
"spherical","07338.png",7338,0.236211050383913,0.277152293575947,1.10720973622725,NA,0.236545284870861
"spherical","07341.png",7341,0.237578436164381,0.278505560526954,1.11993967143147,NA,0.238497554986139
"spherical","07345.png",7345,0.232769826484929,0.274124138450185,1.10355322468703,NA,0.235773722286444
"spherical","07348.png",7348,0.237116401004366,0.27803165475403,1.08949436337734,NA,0.238904612901514
"spherical","07351.png",7351,0.238232641708834,0.27904033669492,1.12023869510509,NA,0.239021361408238
"spherical","07354.png",7354,0.232827336151111,0.274124575033711,1.10028498347341,NA,0.235224011779952
"spherical","07357.png",7357,0.235484930520903,0.276709839862217,1.10661541207097,NA,0.23859285355499
"spherical","07361.png",7361,0.236781659950051,0.277783237815713,1.11949607815746,NA,0.236591796712348
"spherical","07364.png",7364,0.236191100744608,0.277259857201803,1.12831384512566,NA,0.237516507485174
"spherical","07367.png",7367,0.233462544365335,0.274618283392163,1.10231225960838,NA,0.236086093071149
"spherical","07370.png",7370,0.235439143938127,0.27673885332516,1.09832198151337,NA,0.238363379159765
"spherical","07373.png",7373,0.235799193083404,0.27691131586715,1.09485221474078,NA,0.235362018221607
"spherical","07377.png",7377,0.238227766743216,0.279029724078298,1.12770413099532,NA,0.238788762610063
"spherical","07380.png",7380,0.234890242207251,0.276006168202867,1.12247891263072,NA,0.236676004520318
"spherical","07383.png",7383,0.232546171740591,0.27394173741048,1.1055009744938,NA,0.235619082964619
"spherical","07386.png",7386,0.236636413399048,0.277611344068256,1.09125742933996,NA,0.237447591334643
"spherical","07389.png",7389,0.237779093528343,0.278789701093352,1.1166672494513,NA,0.236921853226619
"spherical","07393.png",7393,0.232507559655556,0.273883458652209,1.11443599197457,NA,0.234631192228089
"spherical","07396.png",7396,0.236723745186783,0.277664325717752,1.09612462191245,NA,0.238969269514844
"spherical","07399.png",7399,0.236793005076041,0.277695580141298,1.11313385133197,NA,0.236618721731276
"spherical","07402.png",7402,0.237764237854431,0.278640877544241,1.12813951102334,NA,0.238387038648192
"spherical","07405.png",7405,0.233202916975846,0.274390300662154,1.10433613826044,NA,0.235940040150194
"spherical","07409.png",7409,0.236617175304562,0.277600215338532,1.1064675119032,NA,0.238092392530373
"spherical","07412.png",7412,0.236663996448166,0.277615178247675,1.10787246408858,NA,0.23616217066875
"spherical","07415.png",7415,0.237170650000524,0.278049052102077,1.11129053435859,NA,0.237671727360297
"spherical","07418.png",7418,0.233529624587625,0.274717713279383,1.09789917685712,NA,0.236486819449187
"spherical","07421.png",7421,0.235868892489663,0.276892337118189,1.09314429996374,NA,0.237258682629569
"spherical","07425.png",7425,0.236815694650091,0.277844533764642,1.12382198083361,NA,0.236289059389118
"spherical","07428.png",7428,0.236653847602034,0.277737153523238,1.12027374805423,NA,0.23794649019024
"spherical","07431.png",7431,0.232601754730343,0.274007143476876,1.09993112683342,NA,0.235395546339375
"spherical","07434.png",7434,0.236642120046628,0.277624562101824,1.09531900815128,NA,0.239155539546207
"spherical","07437.png",7437,0.23586417546607,0.276886840990909,1.10426218173481,NA,0.23448354751369
"spherical","07441.png",7441,0.235147037750725,0.276290754493839,1.11624309029773,NA,0.236463565296428
"spherical","07444.png",7444,0.233540182467006,0.274849068665386,1.11750990887259,NA,0.236413584950356
"spherical","07447.png",7447,0.236580400846405,0.27757671338836,1.0882031631643,NA,0.238864232204374
"spherical","07450.png",7450,0.236189445692381,0.277195209181598,1.11909641646376,NA,0.234953683635857
"spherical","07453.png",7453,0.238017404099792,0.278753847990973,1.11645162563789,NA,0.238443849036696
"spherical","07457.png",7457,0.234260679486952,0.275353117672122,1.10521758986597,NA,0.236193248034973
"spherical","07460.png",7460,0.233766904582918,0.2751520847657,1.09911544118494,NA,0.236429109988862
"spherical","07463.png",7463,0.236527820274263,0.277597073507853,1.09632805777495,NA,0.236299429125182
"spherical","07466.png",7466,0.239057137383179,0.279809048609573,1.1341393964779,NA,0.239602530787379
"spherical","07469.png",7469,0.234128369955964,0.275218559726238,1.10244509061894,NA,0.235941998639253
"spherical","07473.png",7473,0.23663205932657,0.27763891451925,1.08210187734876,NA,0.238290180470598
"spherical","07476.png",7476,0.23693142589643,0.277856320633984,1.11282506254325,NA,0.235853188648574
"spherical","07479.png",7479,0.237349817845891,0.278313793589911,1.12431503146797,NA,0.238048176685416
"spherical","07482.png",7482,0.232551865863624,0.273919737036447,1.10240495614336,NA,0.234427667804753
"spherical","07485.png",7485,0.236446447706821,0.277490388334827,1.08894682717109,NA,0.238134969910512
"spherical","07489.png",7489,0.237130449846482,0.278040083025245,1.12302932643579,NA,0.236191103199711
"spherical","07492.png",7492,0.23745933211658,0.27835614289411,1.12774469961114,NA,0.237979786389506
"spherical","07495.png",7495,0.232214723271759,0.273542190941494,1.10393628270785,NA,0.234147772534541
"spherical","07498.png",7498,0.236580690897884,0.27773345490754,1.09587204289473,NA,0.239112360585323
"spherical","07501.png",7501,0.237697858005604,0.278568792461006,1.08166678100632,NA,0.238402667029876
"spherical","07505.png",7505,0.237620099859215,0.278463582490185,1.1201119938571,NA,0.23759408494486
"spherical","07508.png",7508,0.232360188291635,0.273667151138778,1.10472824500855,NA,0.23416933691931
"spherical","07511.png",7511,0.236188944769795,0.277262740084639,1.11497445038808,NA,0.238116489106845
"spherical","07514.png",7514,0.23643398550438,0.277398461518259,1.10418114694719,NA,0.235691436236557
"spherical","07517.png",7517,0.238122264808361,0.278900968916787,1.12418697546134,NA,0.237835662356363
"spherical","07521.png",7521,0.233190881139208,0.274538435582408,1.09658246584045,NA,0.235581902629694
"spherical","07524.png",7524,0.23712602474437,0.278103234378465,1.09359905511119,NA,0.238789835085436
"spherical","07527.png",7527,0.235615970246411,0.276649389748481,1.09839764212714,NA,0.234801554406676
"spherical","07530.png",7530,0.237109513779857,0.278163078967096,1.1227016931728,NA,0.235834298482848
"spherical","07533.png",7533,0.23482832854514,0.275849282698196,1.09791153871622,NA,0.236607129599008
"spherical","07537.png",7537,0.234373679484688,0.275725181962453,1.09685060343535,NA,0.236487561182877
"spherical","07540.png",7540,0.237048667448966,0.277992545141029,1.09118805001528,NA,0.237135091122366
"spherical","07543.png",7543,0.238105560786149,0.279088177235949,1.11483790360213,NA,0.237189195212889
"spherical","07546.png",7546,0.237233100896042,0.278153311086893,1.11629592028292,NA,0.237712863711169
"spherical","07549.png",7549,0.231817134480056,0.273222445864917,1.10244044638308,NA,0.234088869301417
"spherical","07553.png",7553,0.236989955482901,0.277932425495188,1.08574164951457,NA,0.237900338328483
"spherical","07556.png",7556,0.237106859284112,0.278039499053378,1.12889524584715,NA,0.236510696269973
"spherical","07559.png",7559,0.235897849456935,0.277102518018612,1.11821082301283,NA,0.236912365139695
"spherical","07562.png",7562,0.232345491839587,0.273794258972199,1.11153031757582,NA,0.234499137916143
"spherical","07565.png",7565,0.236426963746152,0.277460396931012,1.09143625862633,NA,0.23675283137325
"spherical","07569.png",7569,0.236690500883189,0.277703224049266,1.12845895120844,NA,0.235713900231936
"spherical","07572.png",7572,0.236914768650328,0.277899469524388,1.10935484949715,NA,0.237311926931583
"spherical","07575.png",7575,0.233372047233391,0.274504018748834,1.10866738530398,NA,0.234845619348821
"spherical","07578.png",7578,0.234159453538761,0.275499491584086,1.09596991303175,NA,0.236444196907501
"spherical","07581.png",7581,0.237276633724051,0.278192369754238,1.09515412342576,NA,0.237431953624067
"spherical","07585.png",7585,0.236679763393934,0.277765719011827,1.11554161942199,NA,0.236798722446722
"spherical","07588.png",7588,0.233888678648963,0.274992445761468,1.10923120448906,NA,0.236127441735973
"spherical","07591.png",7591,0.236004427215091,0.277147497675651,1.08975109459243,NA,0.238269456244954
"spherical","07594.png",7594,0.236219994792194,0.277181306944778,1.09994173845189,NA,0.234576358001642
"spherical","07597.png",7597,0.238186261760935,0.279049396523397,1.11776300185467,NA,0.238581488621764
"spherical","07601.png",7601,0.233780048024254,0.275095936592394,1.0980493915082,NA,0.236056608068925
"spherical","07604.png",7604,0.23599969415046,0.277141841817454,1.09982059740621,NA,0.236472246205638
"spherical","07607.png",7607,0.236626344615914,0.27758241924743,1.11738396093688,NA,0.235217875006214
"spherical","07610.png",7610,0.238673366283586,0.27935692611593,1.12204015230299,NA,0.238581676034055
"spherical","07613.png",7613,0.23466451272562,0.275700474013807,1.10860742496145,NA,0.23628592990798
"spherical","07617.png",7617,0.236313258658882,0.27739843885982,1.09566222744165,NA,0.238137414214809
"spherical","07620.png",7620,0.235965154220756,0.27704710567969,1.08310301536628,NA,0.23568478308501
"spherical","07623.png",7623,0.237666816486342,0.278613329568421,1.12953811104822,NA,0.236487589149344
"spherical","07626.png",7626,0.235965588752645,0.277071684045483,1.1177749835657,NA,0.236979081797096
"spherical","07629.png",7629,0.233687921970377,0.27482829772777,1.10864057164,NA,0.234851332222915
"spherical","07633.png",7633,0.236361685374435,0.277316425673949,1.0874861888601,NA,0.237019114911394
"spherical","07636.png",7636,0.237541101863633,0.278509149489378,1.12328215980943,NA,0.236184640962996
"spherical","07639.png",7639,0.233420957130648,0.274498795493325,1.09526758104043,NA,0.234624936977378
"spherical","07642.png",7642,0.235046096623595,0.276241781080839,1.09479036921768,NA,0.237065149951932
"spherical","07646.png",7646,0.236799115968416,0.27771346576183,1.09656280540382,NA,0.235904910538893
"spherical","07649.png",7649,0.236379530809299,0.277365604008723,1.12002682126341,NA,0.234205018486866
"spherical","07652.png",7652,0.237058593583792,0.278045875940286,1.1195650710763,NA,0.23711003434427
"spherical","07655.png",7655,0.233261718331589,0.274445225924861,1.10420393505748,NA,0.234654706174106
"spherical","07658.png",7658,0.234971734037186,0.276210128788997,1.10875563401597,NA,0.23718535760965
"spherical","07662.png",7662,0.237102170519745,0.278020816156117,1.07934073647415,NA,0.237155534541737
"spherical","07665.png",7665,0.236861727584259,0.27787823956518,1.11839497187305,NA,0.234870163861045
"spherical","07668.png",7668,0.235358600498599,0.276328809932051,1.12500217856306,NA,0.236602838930557
"spherical","07671.png",7671,0.233004568769443,0.274242374128047,1.11689209838842,NA,0.234419609362621
"spherical","07674.png",7674,0.236737951984474,0.277613282031442,1.09773832034051,NA,0.237796286209098
"spherical","07678.png",7678,0.237154842367325,0.278188280944979,1.12201520122327,NA,0.235323179231363
"spherical","07681.png",7681,0.234164153432703,0.275279217359956,1.09818570769623,NA,0.234207763270056
"spherical","07684.png",7684,0.233560717709666,0.274840298778646,1.09751884387153,NA,0.235278205735588
"spherical","07687.png",7687,0.236834809964367,0.277819732666346,1.09815905040278,NA,0.237928481274694
"spherical","07690.png",7690,0.237376629792367,0.278196164170186,1.10975734478705,NA,0.235807822738725
"spherical","07694.png",7694,0.237702652390807,0.278570765883044,1.10797778610647,NA,0.237220495020688
"spherical","07697.png",7697,0.233339298014514,0.274502425432454,1.1221250589695,NA,0.233968566456358
"spherical","07700.png",7700,0.23386189540367,0.275300363200575,1.11466342923057,NA,0.233834728626153
"spherical","07703.png",7703,0.236463834896285,0.277438578606038,1.08124798036663,NA,0.235900395704974
"spherical","07706.png",7706,0.237235607260689,0.278096698655558,1.09406174050609,NA,0.23621771009791
"spherical","07710.png",7710,0.236668151317263,0.277695520621247,1.116998279659,NA,0.236772255793714
"spherical","07713.png",7713,0.23240246324158,0.273694892198339,1.10852472716764,NA,0.233090129019393
"spherical","07716.png",7716,0.235693036992291,0.276971426825673,1.10441578263276,NA,0.236954531195589
"spherical","07719.png",7719,0.237047583593162,0.277970282161264,1.10864915846845,NA,0.235988864929764
"spherical","07722.png",7722,0.235979136392635,0.277009708682371,1.13406782300385,NA,0.233487350840345
"spherical","07726.png",7726,0.235596329301057,0.276654276808416,1.10516010566996,NA,0.235650699924237
"spherical","07729.png",7729,0.235650496020151,0.276806005431199,1.08887180816274,NA,0.237600504763422
"spherical","07732.png",7732,0.236050550742381,0.277089379815772,1.1123962949852,NA,0.234936843112444
"spherical","07735.png",7735,0.236410814637761,0.277445838930934,1.12530790751008,NA,0.233973342086143
"spherical","07738.png",7738,0.237409921190573,0.278172001701302,1.12332777840634,NA,0.235993644616099
"spherical","07742.png",7742,0.231158992056998,0.272592199891138,1.11618366103365,NA,0.231998627601435
"spherical","07745.png",7745,0.23523390369767,0.276378777443941,1.12157470816068,NA,0.237709849079888
"spherical","07748.png",7748,0.237175137625329,0.27810677260943,1.08168363342262,NA,0.237564890865805
"spherical","07751.png",7751,0.236553926476135,0.277669211819955,1.1099948161343,NA,0.233502324064727
"spherical","07754.png",7754,0.237285149445734,0.278278718521474,1.11343317421195,NA,0.237645844458992
"spherical","07758.png",7758,0.233797932191378,0.274974341040197,1.10336480853581,NA,0.235636911373509
"spherical","07761.png",7761,0.236188823099999,0.277313348369781,1.11192320076222,NA,0.237534094583952
"spherical","07764.png",7764,0.236990748800478,0.277860868119178,1.10536434625902,NA,0.235719476542792
"spherical","07767.png",7767,0.236639050141974,0.277725658307111,1.12704843150964,NA,0.234337546234766
"spherical","07770.png",7770,0.234668188515069,0.275922298499629,1.13653463994106,NA,0.234137704164098
"spherical","07774.png",7774,0.23276246511682,0.274070610631142,1.10629208006517,NA,0.233909747699794
"spherical","07777.png",7777,0.237018567507203,0.278070438109056,1.09498820994932,NA,0.238496868113398
"spherical","07780.png",7780,0.236762761685172,0.277708056166927,1.09995673654043,NA,0.236010964429882
"spherical","07783.png",7783,0.236801929780481,0.277752171607343,1.11144858593307,NA,0.235306256735456
"spherical","07786.png",7786,0.237454695025016,0.278315601830071,1.1352975678847,NA,0.235623644692948
"spherical","07790.png",7790,0.23420288302179,0.275205211509442,1.10625856740255,NA,0.234339984920486
"spherical","07793.png",7793,0.232816749696224,0.274087785983939,1.1189456190803,NA,0.234657457283529
"spherical","07796.png",7796,0.234939114155013,0.276139048098136,1.10042876096331,NA,0.236484815280161
"spherical","07799.png",7799,0.236837490319103,0.277791632533668,1.09254735078874,NA,0.236047981700794
"spherical","07802.png",7802,0.238174861496865,0.279075585990129,1.12376382061728,NA,0.236678872272727
"spherical","07806.png",7806,0.235105602244284,0.276168739793208,1.10881500092255,NA,0.235660543664263
"spherical","07809.png",7809,0.233219070248086,0.274505055185309,1.11746575832733,NA,0.23536620237888
"spherical","07812.png",7812,0.237388291940081,0.278295283867243,1.0824511411824,NA,0.23873060287221
"spherical","07815.png",7815,0.235395524485717,0.27648356144742,1.10544128785628,NA,0.233916497954321
"spherical","07818.png",7818,0.236648031350335,0.277598968010848,1.13410166150862,NA,0.234471835462377
"spherical","07822.png",7822,0.236596712098049,0.277446807045688,1.1190036025946,NA,0.236477896726688
"spherical","07825.png",7825,0.233146127827835,0.274203233479946,1.11673966047779,NA,0.234475210120735
"spherical","07828.png",7828,0.235594337544564,0.27676993912328,1.09842964651799,NA,0.237449804025054
"spherical","07831.png",7831,0.236407812614741,0.277408992289781,1.1019914988185,NA,0.235587314568638
"spherical","07834.png",7834,0.236190637632029,0.277220078722011,1.13030445018673,NA,0.234017926557073
"spherical","07838.png",7838,0.236666570719737,0.277603561484225,1.11632919235252,NA,0.236116205229486
"spherical","07841.png",7841,0.233179586857059,0.27432706954954,1.09691645052318,NA,0.234679878096355
"spherical","07844.png",7844,0.235322750680134,0.276550992068773,1.09208835100335,NA,0.237043563145524
"spherical","07847.png",7847,0.236486053413086,0.277406221377044,1.09096595432543,NA,0.236397882832417
"spherical","07850.png",7850,0.235916647566433,0.276914975479027,1.11654710435632,NA,0.233551123029107
"spherical","07854.png",7854,0.236925937159262,0.277801331567589,1.12963052894178,NA,0.235633153482039
"spherical","07857.png",7857,0.234713541123375,0.275821082175891,1.10519002529271,NA,0.235227067963123
"spherical","07860.png",7860,0.233977232356668,0.275279793183458,1.11757812169484,NA,0.23652297093875
"spherical","07863.png",7863,0.235616405046472,0.276601204833238,1.09787379791998,NA,0.235755545239102
"spherical","07866.png",7866,0.236099564422682,0.277152309200933,1.08955420805719,NA,0.234442703505004
"spherical","07870.png",7870,0.235920610804015,0.276979451394044,1.12709239359418,NA,0.233356764719457
"spherical","07873.png",7873,0.235749757424966,0.276769210607237,1.11901256708749,NA,0.234322795147107
"spherical","07876.png",7876,0.233303635088158,0.274381452705309,1.0945370730926,NA,0.234878247927695
"spherical","07879.png",7879,0.234011963172625,0.275236398679006,1.10275509644488,NA,0.235827883030357
"spherical","07882.png",7882,0.236852720093623,0.277716377340792,1.09933880795093,NA,0.236350435590124
"spherical","07886.png",7886,0.236880881482136,0.27787807089943,1.11992288816526,NA,0.234534233905656
"spherical","07889.png",7889,0.237625235217163,0.278421190150669,1.11529666040201,NA,0.237438509576355
"spherical","07892.png",7892,0.234330846275067,0.275535478596158,1.10512090042484,NA,0.234047817742011
"spherical","07895.png",7895,0.232576649185945,0.273821941585007,1.11875067344249,NA,0.234310653043428
"spherical","07898.png",7898,0.236445229918755,0.277403171937747,1.09694050403977,NA,0.237899150539393
"spherical","07902.png",7902,0.236708673594927,0.277518743589868,1.09082859109372,NA,0.237240710019044
"spherical","07905.png",7905,0.236018410302266,0.277033143517489,1.10378946094945,NA,0.234860942917099
"spherical","07908.png",7908,0.23667582716456,0.277720469063381,1.11903306959112,NA,0.234516720642855
"spherical","07911.png",7911,0.236720185654921,0.277464282170469,1.11437619785335,NA,0.235715965908633
"spherical","07914.png",7914,0.232078173823559,0.273247449976958,1.09834296612702,NA,0.232219435116721
"spherical","07918.png",7918,0.23614437635794,0.277268197897652,1.10633385919112,NA,0.237836495004233
"spherical","07921.png",7921,0.236311946427159,0.277367515453352,1.08730163665922,NA,0.235465411604851
"spherical","07924.png",7924,0.23683518049796,0.277870818019084,1.13769366011107,NA,0.234520351051427
"spherical","07927.png",7927,0.235907635634373,0.276939902175967,1.10670587128633,NA,0.235997962953436
"spherical","07930.png",7930,0.234721002075819,0.275720256698291,1.10362758312714,NA,0.23554774241644
"spherical","07934.png",7934,0.234209878706483,0.275471565629959,1.1062586102176,NA,0.235881905356368
"spherical","07937.png",7937,0.237037581720213,0.278012671901975,1.09801220862388,NA,0.238969835083954
"spherical","07940.png",7940,0.236338554880587,0.277265013760607,1.10745495027186,NA,0.235552868150952
"spherical","07943.png",7943,0.236175101556278,0.27717780366459,1.10714563313325,NA,0.233865299982227
"spherical","07946.png",7946,0.235976710033128,0.277062511257662,1.13076176367981,NA,0.23368097437524
"spherical","07950.png",7950,0.236401630506054,0.27737264718383,1.12582152845418,NA,0.234710200894593
"spherical","07953.png",7953,0.235078416967993,0.276265686974353,1.11293930184368,NA,0.23453125854795
"spherical","07956.png",7956,0.232746875978899,0.274057970030154,1.09621173072091,NA,0.234563987753452
"spherical","07959.png",7959,0.236542505091103,0.277598274168458,1.08669333892909,NA,0.238028170625311
"spherical","07962.png",7962,0.236011275329874,0.277031763698887,1.10105473890271,NA,0.23654361541356
"spherical","07966.png",7966,0.235434009420136,0.276472592511074,1.10238163361354,NA,0.233311215837443
"spherical","07969.png",7969,0.236059359220752,0.27704954896997,1.11182051005486,NA,0.233823097693691
"spherical","07972.png",7972,0.236776860378377,0.277525869883443,1.11445354668288,NA,0.235635372418451
"spherical","07975.png",7975,0.233232252663376,0.274397870367784,1.11230305757043,NA,0.23348831364422
"spherical","07978.png",7978,0.233273346495226,0.274506936444237,1.09489537566093,NA,0.235005920263675
"spherical","07982.png",7982,0.235261563273063,0.276439099245318,1.11132900924667,NA,0.236830867366383
"spherical","07985.png",7985,0.23673446661037,0.277714372075747,1.09840618544489,NA,0.235469530449499
"spherical","07988.png",7988,0.236346638869154,0.27724980417847,1.11100386151434,NA,0.233973007880462
"spherical","07991.png",7991,0.236592905791869,0.277529404392104,1.1164633675611,NA,0.234077789157064
"spherical","07994.png",7994,0.236464941370003,0.277327689788286,1.12338716689529,NA,0.235089597295847
"spherical","07998.png",7998,0.232905203187163,0.273995245066865,1.10214024833094,NA,0.232560839838225
"spherical","08001.png",8001,0.234406560008179,0.275434152628662,1.11017529350228,NA,0.234761737178686
"spherical","08004.png",8004,0.234887018508075,0.276047752835259,1.11121899995628,NA,0.236352026000503
"spherical","08007.png",8007,0.236107490321799,0.277202253891661,1.09090544075428,NA,0.236014999293418
"spherical","08010.png",8010,0.236310907580425,0.277329278299711,1.11169095278153,NA,0.233635450394585
"spherical","08014.png",8014,0.236561523729025,0.277583121456451,1.11882225757315,NA,0.233560444395187
"spherical","08017.png",8017,0.236051216582441,0.276976061936351,1.12785962521503,NA,0.234478578413608
"spherical","08020.png",8020,0.234663996303995,0.275761827645138,1.11410602289293,NA,0.234533552215369
"spherical","08023.png",8023,0.235238093239404,0.276210661934368,1.09826424313607,NA,0.235527897614191
"spherical","08026.png",8026,0.234263362006401,0.275218819842322,1.10332734278177,NA,0.234771147490616
"spherical","08030.png",8030,0.235073684012067,0.276250219159702,1.09900734971792,NA,0.236163259431505
"spherical","08033.png",8033,0.237491736154948,0.278212013134086,1.08231427453861,NA,0.237525151862915
"spherical","08036.png",8036,0.236714673872509,0.277667207599492,1.09873010482548,NA,0.235455684296502
"spherical","08039.png",8039,0.236056863081674,0.277003519669238,1.10874017021051,NA,0.233673999127531
"spherical","08042.png",8042,0.236302477569577,0.277282434226192,1.11855803884058,NA,0.233630467146274
"spherical","08046.png",8046,0.236481629790136,0.277283266196138,1.11334115487229,NA,0.23523551983711
"spherical","08049.png",8049,0.234496239094621,0.275551744999399,1.10853236377381,NA,0.234811706902536
"spherical","08052.png",8052,0.232495291567294,0.273717227567686,1.10260595945844,NA,0.232909705756076
"spherical","08055.png",8055,0.233990649925741,0.275219626314226,1.10216012681566,NA,0.234708270339096
"spherical","08058.png",8058,0.235495478611929,0.276718818092376,1.10836701593047,NA,0.236639050347839
"spherical","08062.png",8062,0.236695619015321,0.277790479384793,1.08271135347417,NA,0.236959650356731
"spherical","08065.png",8065,0.237187790910751,0.2780504881407,1.09469690474616,NA,0.237317033449672
"spherical","08068.png",8068,0.237285145359442,0.278132866785827,1.10751201275125,NA,0.235820985697193
"spherical","08071.png",8071,0.236466585715812,0.277458675858358,1.10648703861916,NA,0.23378999770249
"spherical","08074.png",8074,0.238015880516498,0.278795391437382,1.12345052476097,NA,0.236164365490775
"spherical","08078.png",8078,0.233284511469601,0.274405922691702,1.11298454771876,NA,0.232492276444993
"spherical","08081.png",8081,0.232705031188664,0.273932545447148,1.10062965756108,NA,0.233588525679655
"spherical","08084.png",8084,0.234099429080998,0.275356885664696,1.10548311075837,NA,0.235402448235497
"spherical","08087.png",8087,0.237825592662521,0.278515443348173,1.09631680651198,NA,0.237356478449485
"spherical","08090.png",8090,0.236513191962286,0.277532101177251,1.10977379744199,NA,0.234178434129185
"spherical","08094.png",8094,0.235521823489186,0.276508256571236,1.10707750111426,NA,0.232258133508718
"spherical","08097.png",8097,0.235975992471221,0.276998573538918,1.12439728487495,NA,0.232353618441
"spherical","08100.png",8100,0.235734231561536,0.276806772687889,1.12378587454523,NA,0.233030203747573
"spherical","08103.png",8103,0.23568547202898,0.276738817521009,1.12048201650161,NA,0.233986093582391
"spherical","08106.png",8106,0.234052480168745,0.275140860531645,1.11202000365577,NA,0.233924735905928
"spherical","08110.png",8110,0.2340663591025,0.275094960179154,1.10334148957208,NA,0.234800071375473
"spherical","08113.png",8113,0.233541684535089,0.274581119220247,1.10601273683957,NA,0.234525672393216
"spherical","08116.png",8116,0.235341028605357,0.276406268936224,1.11196149948716,NA,0.236823142363045
"spherical","08119.png",8119,0.237314813613315,0.278061373445668,1.09498894467,NA,0.236344145181202
"spherical","08122.png",8122,0.235853820494513,0.27679505065611,1.11081029112705,NA,0.233443362393842
"spherical","08126.png",8126,0.235711864501553,0.276616783240131,1.1122437329968,NA,0.232860369041536
"spherical","08129.png",8129,0.23550290056968,0.276529300096124,1.12491922672776,NA,0.232274999118353
"spherical","08132.png",8132,0.235869495358423,0.276869124549606,1.12185561638364,NA,0.233061427672519
"spherical","08135.png",8135,0.236042125667015,0.276887223793189,1.11571449000292,NA,0.234570969209206
"spherical","08138.png",8138,0.235743973340167,0.276789990247039,1.11049704178086,NA,0.235032057321998
"spherical","08142.png",8142,0.232337198148006,0.273500280126683,1.12614233737611,NA,0.232851685410025
"spherical","08145.png",8145,0.233232540222529,0.274334439958123,1.09847539552272,NA,0.233765808882111
"spherical","08148.png",8148,0.234559053364408,0.275621867396601,1.11183871565245,NA,0.234170727018128
"spherical","08151.png",8151,0.235643888890376,0.276560038155587,1.10826532565161,NA,0.23683718672232
"spherical","08154.png",8154,0.235336556027296,0.276295485673427,1.10495638876505,NA,0.236382110140568
"spherical","08158.png",8158,0.237152234574013,0.277910504876718,1.08762149832166,NA,0.237243446692598
"spherical","08161.png",8161,0.236816373286304,0.277636437389671,1.09420626896909,NA,0.23536898977901
"spherical","08164.png",8164,0.235688848223063,0.276682198445428,1.11061859352484,NA,0.23275461103448
"spherical","08167.png",8167,0.234997933608953,0.275935331756301,1.12895085881051,NA,0.231226392030066
"spherical","08170.png",8170,0.234192706332068,0.275254045876675,1.11200353285712,NA,0.232762204600203
"spherical","08174.png",8174,0.23268025191741,0.273864950853447,1.0968713619772,NA,0.233206486347646
"spherical","08177.png",8177,0.233603225297784,0.274835058198578,1.10056220207982,NA,0.233895353872575
"spherical","08180.png",8180,0.234181733515944,0.275382288195813,1.09875374124625,NA,0.234894763462977
"spherical","08183.png",8183,0.235450518148445,0.276575913259253,1.09257774907165,NA,0.236538292100008
"spherical","08186.png",8186,0.237001363957256,0.277867353276356,1.10313325733332,NA,0.237159636427256
"spherical","08190.png",8190,0.23561362196124,0.27671824698886,1.10169764019143,NA,0.236672081052821
"spherical","08193.png",8193,0.234828852489112,0.27592129831546,1.1018704518389,NA,0.235896235634385
"spherical","08196.png",8196,0.234487007450637,0.27565194233747,1.10000863499022,NA,0.235442339367054
"spherical","08199.png",8199,0.235723985291853,0.276694434264905,1.11098553134377,NA,0.236972904982062
"spherical","08202.png",8202,0.236443858929237,0.277260427494305,1.10381202365188,NA,0.235503735080654
"spherical","08206.png",8206,0.235810130800544,0.276764960544543,1.09233837100806,NA,0.233203453036113
"spherical","08209.png",8209,0.235620786071768,0.27666007918792,1.1153567083068,NA,0.232151791175657
"spherical","08212.png",8212,0.235699112548577,0.276856078512148,1.11461164232217,NA,0.232225874730463
"spherical","08215.png",8215,0.23594886234596,0.277014524975397,1.12152186080182,NA,0.232585804832125
"spherical","08218.png",8218,0.236711049280795,0.277698250442311,1.12611164696694,NA,0.233970637288671
"spherical","08222.png",8222,0.235965430344816,0.276738232335214,1.10543541566917,NA,0.234128668383611
"spherical","08225.png",8225,0.234688313313982,0.2756186053835,1.10161124843632,NA,0.232878860814655
"spherical","08228.png",8228,0.23508629188477,0.276067095451205,1.11395972120868,NA,0.233563209754431
"spherical","08231.png",8231,0.233891574110048,0.274988921356846,1.10875007882641,NA,0.233585293882699
"spherical","08234.png",8234,0.233469755554531,0.274557525389387,1.12166573516837,NA,0.233534505385399
"spherical","08238.png",8238,0.235081773749737,0.275968320147033,1.10861076139545,NA,0.235069822894722
"spherical","08241.png",8241,0.233995123534372,0.275202926631902,1.10036806193059,NA,0.23429126363667
"spherical","08244.png",8244,0.23472526961254,0.275784085340125,1.11743314961349,NA,0.235713749493361
"spherical","08247.png",8247,0.235021131564294,0.276152743659488,1.10399629611731,NA,0.235610874640413
"spherical","08250.png",8250,0.237069238788417,0.277993832247775,1.10384929468068,NA,0.237914676479783
"spherical","08254.png",8254,0.238217554172709,0.278879085941406,1.08604199138627,NA,0.237805296786478
"spherical","08257.png",8257,0.235009022737951,0.275828946783763,1.09075910503426,NA,0.233804106689163
"spherical","08260.png",8260,0.236604461850547,0.277335246201492,1.09425425926186,NA,0.236089599826909
"spherical","08263.png",8263,0.236411742304346,0.277365628484413,1.10710189681183,NA,0.233976626212775
"spherical","08266.png",8266,0.235582812899371,0.276531407105338,1.11181640325665,NA,0.231786759509349
"spherical","08270.png",8270,0.23391288189526,0.27493520064024,1.11976638785301,NA,0.229914768317321
"spherical","08273.png",8273,0.235413686122182,0.276342945119164,1.14158719873307,NA,0.231891536926808
"spherical","08276.png",8276,0.236291715657344,0.277126984178564,1.12383056345057,NA,0.23414823106331
"spherical","08279.png",8279,0.235726218287382,0.276592901939355,1.11036083105512,NA,0.233926390037278
"spherical","08282.png",8282,0.235479515438934,0.276391139877469,1.11333304923027,NA,0.233662007209417
"spherical","08286.png",8286,0.234831678300219,0.275831878616865,1.12241772397431,NA,0.232017117467959
"spherical","08289.png",8289,0.23357469639931,0.274687415612569,1.09276795102157,NA,0.232523622053551
"spherical","08292.png",8292,0.234719828352085,0.275831028118764,1.10459156949075,NA,0.233340536319711
"spherical","08295.png",8295,0.234946704338949,0.275963016673288,1.10183627099515,NA,0.234226298576525
"spherical","08298.png",8298,0.232789139932215,0.273894393260038,1.11187233544669,NA,0.232506353336549
"spherical","08302.png",8302,0.236327151299444,0.277195247860885,1.11760838488544,NA,0.23747868002588
"spherical","08305.png",8305,0.236598772641557,0.277468058237907,1.11754314910587,NA,0.235644207004651
"spherical","08308.png",8308,0.237695180045732,0.278593620328499,1.09811727349066,NA,0.237160991722692
"spherical","08311.png",8311,0.235943634927528,0.276775544181393,1.10920006494707,NA,0.234665948699687
"spherical","08314.png",8314,0.234600267771013,0.275467098294669,1.10976952375933,NA,0.233263425099464
"spherical","08318.png",8318,0.234399648135101,0.275407222931387,1.0960534755241,NA,0.234192017210805
"spherical","08321.png",8321,0.234315148534047,0.275409226352832,1.09950412508444,NA,0.234005214505227
"spherical","08324.png",8324,0.233648176832226,0.274774459217173,1.11383473709922,NA,0.233909648172479
"spherical","08327.png",8327,0.23373051995991,0.274901409194678,1.10311347111406,NA,0.234151184389916
"spherical","08330.png",8330,0.23640061865324,0.277344904815691,1.09328658758524,NA,0.237652685216219
"spherical","08334.png",8334,0.235835321997474,0.276838137834442,1.09880887081621,NA,0.236637719631856
"spherical","08337.png",8337,0.237095889286625,0.278093376520398,1.09306830476211,NA,0.2375683874244
"spherical","08340.png",8340,0.236157865585992,0.276951129545447,1.09978868400916,NA,0.235981730908278
"spherical","08343.png",8343,0.235947322874763,0.276874427565609,1.1063687535707,NA,0.237185551897687
"spherical","08346.png",8346,0.236319414813311,0.277428651077516,1.10094459272858,NA,0.23695879535129
"spherical","08350.png",8350,0.236300873946008,0.27699402912786,1.09895409656698,NA,0.235712525642844
"spherical","08353.png",8353,0.235353273427902,0.276047354017125,1.10239455221339,NA,0.234788955204104
"spherical","08356.png",8356,0.235525160304313,0.276240255243729,1.11179328831345,NA,0.234968979709849
"spherical","08359.png",8359,0.237177741774745,0.277868131365421,1.09073923292621,NA,0.236742353607591
"spherical","08362.png",8362,0.236093404258383,0.276969578919099,1.09675537442289,NA,0.235137745004708
"spherical","08366.png",8366,0.236067563396607,0.276996139673942,1.10696894533764,NA,0.233943274978451
"spherical","08369.png",8369,0.23540336656513,0.276407243704349,1.11210086212001,NA,0.232990772206002
"spherical","08372.png",8372,0.234928988810209,0.275774601974942,1.09362218930715,NA,0.232456332702139
"spherical","08375.png",8375,0.234767018532759,0.27576850831698,1.10557781320417,NA,0.231644094859836
"spherical","08378.png",8378,0.235245377523389,0.276143791221267,1.10474154533095,NA,0.233085887449104
"spherical","08382.png",8382,0.236989140852956,0.277787134474612,1.09078882601439,NA,0.236512609482487
"spherical","08385.png",8385,0.236659220742459,0.277473736667156,1.09114111129736,NA,0.235146507675511
"spherical","08388.png",8388,0.235695693864881,0.276710587363009,1.10924879814613,NA,0.233461049306796
"spherical","08391.png",8391,0.235205782378272,0.27617682973132,1.10551645120464,NA,0.232448069084509
"spherical","08394.png",8394,0.235570941925174,0.276370253855412,1.09157735003501,NA,0.234924165950792
"spherical","08398.png",8398,0.235505595244722,0.276306506034176,1.09820941132715,NA,0.234262549028239
"spherical","08401.png",8401,0.235806265553691,0.276743274932906,1.08529925756304,NA,0.234561528364492
"spherical","08404.png",8404,0.236121636686858,0.277028189149899,1.09507043017977,NA,0.234249397159632
"spherical","08407.png",8407,0.234729073759374,0.275672736991002,1.10419377871147,NA,0.231746439533969
"spherical","08410.png",8410,0.23536376985678,0.27627608552284,1.10763223815781,NA,0.232731427724902
"spherical","08414.png",8414,0.23624098744421,0.277200890357136,1.09993163091459,NA,0.233738893675454
"spherical","08417.png",8417,0.235257227359955,0.276141439649942,1.11640376047736,NA,0.231895987870961
"spherical","08420.png",8420,0.235185621741034,0.276016474331954,1.12266479428189,NA,0.231513090581301
"spherical","08423.png",8423,0.233913708326857,0.274882549505542,1.11973986652383,NA,0.229645446799921
"spherical","08426.png",8426,0.23319965493798,0.274280191813209,1.10673980114836,NA,0.229570055686114
"spherical","08430.png",8430,0.234281862044746,0.275373968816976,1.12443474980894,NA,0.231192106793691
"spherical","08433.png",8433,0.234332573216083,0.275372775992982,1.11758987300102,NA,0.230636406133832
"spherical","08436.png",8436,0.235216519629982,0.276081332083909,1.09412423700582,NA,0.234287864819427
"spherical","08439.png",8439,0.234898759317559,0.275881484065935,1.10968858835289,NA,0.234395418121528
"spherical","08442.png",8442,0.233923372889543,0.275009548904959,1.11525236777247,NA,0.234864495816019
"spherical","08446.png",8446,0.235959281322018,0.27705157619294,1.09131046018289,NA,0.235927482306801
"spherical","08449.png",8449,0.236753477174794,0.277539272452048,1.12076343953738,NA,0.237449896641088
"spherical","08452.png",8452,0.237554608948519,0.27838098478847,1.09913703791716,NA,0.236331581726042
"spherical","08455.png",8455,0.236718249237427,0.27759213017234,1.11127781610022,NA,0.236817057608586
"spherical","08458.png",8458,0.234029625008203,0.274874565215855,1.09643775445832,NA,0.232878302021447
"spherical","08462.png",8462,0.234854914776418,0.275816728149495,1.10166781722892,NA,0.235256995021428
"spherical","08465.png",8465,0.233310429393648,0.274346314882815,1.10203125331402,NA,0.233496060534557
"spherical","08468.png",8468,0.234318986725411,0.275491230390689,1.10026110162329,NA,0.234733580183665
"spherical","08471.png",8471,0.235842594876135,0.276861829531459,1.10341204793961,NA,0.23649265742544
"spherical","08474.png",8474,0.23578313363702,0.276866771008654,1.10311488789254,NA,0.237033397237874
"spherical","08478.png",8478,0.234483630033719,0.275558820345889,1.10028157114562,NA,0.234222569170427
"spherical","08481.png",8481,0.235186718391111,0.276042051376023,1.09817278737368,NA,0.234449684074736
"spherical","08484.png",8484,0.235216111240818,0.276111800667234,1.10535937789303,NA,0.234660137795202
"spherical","08487.png",8487,0.234579391530007,0.275521620235784,1.11677045051692,NA,0.234467241809637
"spherical","08490.png",8490,0.236455569915165,0.277389856413245,1.11522784328272,NA,0.235674687273357
"spherical","08494.png",8494,0.23554560704274,0.276341162724597,1.10671258789776,NA,0.23508914032354
"spherical","08497.png",8497,0.23567334413979,0.276558487844159,1.09965252450242,NA,0.234814891938617
"spherical","08500.png",8500,0.235427320862703,0.27633912812819,1.10722936031849,NA,0.234307953488852
"spherical","08503.png",8503,0.235708668243634,0.276431540026813,1.11412464563757,NA,0.233485389812683
"spherical","08506.png",8506,0.235708892650196,0.276561862777466,1.11313677260604,NA,0.232616406394995
"spherical","08510.png",8510,0.235006279365249,0.275934529936323,1.10415784858975,NA,0.232824635397197
"spherical","08513.png",8513,0.235885630959753,0.276859798389466,1.11538430822039,NA,0.233192096173661
"spherical","08516.png",8516,0.235477161144712,0.276395501920008,1.12003338876427,NA,0.23232250965624
"spherical","08519.png",8519,0.236030471184748,0.276887631807348,1.11425430259221,NA,0.234067256824567
"spherical","08522.png",8522,0.236087065852803,0.276974528588697,1.09908299001228,NA,0.234986042404638
"spherical","08526.png",8526,0.23528338704935,0.276310132539335,1.13175302867335,NA,0.232020157275625
"spherical","08529.png",8529,0.233241732217408,0.274427061330764,1.11649513487232,NA,0.229895971937955
"spherical","08532.png",8532,0.233213973924264,0.274261538207335,1.09441746878903,NA,0.229813237664251
"spherical","08535.png",8535,0.234196219382778,0.275157810666447,1.09246486400465,NA,0.230864659064451
"spherical","08538.png",8538,0.235004800935361,0.276020696344856,1.0858261365557,NA,0.232449509644792
"spherical","08542.png",8542,0.235571190047326,0.276509031355668,1.0918979875539,NA,0.233373816655822
"spherical","08545.png",8545,0.235295880943014,0.276138605431329,1.09226442611517,NA,0.234084665116712
"spherical","08548.png",8548,0.235796499285754,0.276853893156813,1.09463133270633,NA,0.235974029452491
"spherical","08551.png",8551,0.23402110253679,0.275121529119829,1.10225339258123,NA,0.234146879700795
"spherical","08554.png",8554,0.234591912171422,0.275542879946971,1.12113520378054,NA,0.234046487557913
"spherical","08558.png",8558,0.235087592254582,0.275861418714286,1.10141570320785,NA,0.233506401063949
"spherical","08561.png",8561,0.235020939018388,0.276112208012434,1.10910329900981,NA,0.234054149810877
"spherical","08564.png",8564,0.234084045252438,0.274929103682924,1.10831998050977,NA,0.232968196827838
"spherical","08567.png",8567,0.236399580295497,0.277343797511298,1.11341977463582,NA,0.235749091235472
"spherical","08570.png",8570,0.235928033642795,0.276930769320486,1.09549764342962,NA,0.23456794735137
"spherical","08574.png",8574,0.237629381349393,0.278394598198763,1.11756633179016,NA,0.235146077710977
"spherical","08577.png",8577,0.236811491911347,0.277753454019194,1.13541115321077,NA,0.233684366843091
"spherical","08580.png",8580,0.234486986691306,0.275468729635148,1.12435817583442,NA,0.230428001727354
"spherical","08583.png",8583,0.234512455185608,0.27555732653377,1.12778065432325,NA,0.230558548952363
"spherical","08586.png",8586,0.233390325774267,0.274480360102068,1.11902176071802,NA,0.228951758857708
"spherical","08590.png",8590,0.234098713678963,0.275157301734361,1.09870575603154,NA,0.23101653062782
"spherical","08593.png",8593,0.234342021651408,0.275356609850548,1.09205629239337,NA,0.231566299973085
"spherical","08596.png",8596,0.235846541079831,0.276843423018956,1.10582569029556,NA,0.234052597158049
"spherical","08599.png",8599,0.234318781085206,0.275095765791065,1.10066345249813,NA,0.232107912038534
"spherical","08602.png",8602,0.234963521906988,0.275902127113662,1.10220542829886,NA,0.23392975047581
"spherical","08606.png",8606,0.236167222303673,0.277066118162956,1.09259852220784,NA,0.235693138830692
"spherical","08609.png",8609,0.235033855963912,0.276047833382185,1.08698377093139,NA,0.234888730249434
"spherical","08612.png",8612,0.234791162633272,0.27592396597059,1.1085334168544,NA,0.235109997093609
"spherical","08615.png",8615,0.234643386538388,0.275714220301237,1.10324239302609,NA,0.235262772898868
"spherical","08618.png",8618,0.234719086781132,0.27549694208647,1.11028886397357,NA,0.234241367801151
"spherical","08622.png",8622,0.237033079212993,0.277922940720564,1.11611767859111,NA,0.23566322683803
"spherical","08625.png",8625,0.238485734899052,0.279149753885974,1.13105932713104,NA,0.236225997878121
"spherical","08628.png",8628,0.23691174385842,0.277722099233082,1.14019948478325,NA,0.233970510476613
"spherical","08631.png",8631,0.235515655038495,0.276450858594863,1.13159311189121,NA,0.232274332117281
"spherical","08634.png",8634,0.232598656135566,0.273877767116135,1.11310803984177,NA,0.227753952547948
"spherical","08638.png",8638,0.233507461893918,0.274414335571286,1.10342679738885,NA,0.230548430614282
"spherical","08641.png",8641,0.235579507991569,0.276519214382891,1.09414329433374,NA,0.235175561963188
"spherical","08644.png",8644,0.235103438651983,0.276145585296345,1.0912395907778,NA,0.234210489486804
"spherical","08647.png",8647,0.234226670264465,0.275561894137538,1.10592340974861,NA,0.234930263699754
"spherical","08650.png",8650,0.234257521752525,0.275131531908726,1.11939245179992,NA,0.233363427669235
"spherical","08654.png",8654,0.236625168361263,0.277486821833158,1.11578388212075,NA,0.236304068763963
"spherical","08657.png",8657,0.236497065448255,0.27730928414409,1.10839057015381,NA,0.235747822427085
"spherical","08660.png",8660,0.235903198813194,0.27696178292658,1.10747624312094,NA,0.234188289817924
"spherical","08663.png",8663,0.235702672145708,0.276778592189987,1.10871577043898,NA,0.233884890227017
"spherical","08666.png",8666,0.235311265428716,0.276337365803699,1.12290562348991,NA,0.23381844728688
"spherical","08670.png",8670,0.235570208650154,0.276551405048963,1.12725599149253,NA,0.23171024920394
"spherical","08673.png",8673,0.233402360657817,0.274431896637153,1.11914690948053,NA,0.22915160855305
"spherical","08676.png",8676,0.234646308580755,0.275673154429671,1.12056493350168,NA,0.23085911527162
"spherical","08679.png",8679,0.23554753419119,0.276583118805947,1.1072760670092,NA,0.232828385127273
"spherical","08682.png",8682,0.23447746839182,0.27545504361428,1.1037526679191,NA,0.234474201291984
"spherical","08686.png",8686,0.234372443042136,0.275316970988361,1.10326953585154,NA,0.234239973565488
"spherical","08689.png",8689,0.237228591192549,0.278016141944282,1.10270773808445,NA,0.235176435992087
"spherical","08692.png",8692,0.237195385634061,0.27799206955611,1.1192129981635,NA,0.235459204937685
"spherical","08695.png",8695,0.235863586799583,0.276679234152292,1.11831943801745,NA,0.23383225420016
"spherical","08698.png",8698,0.236754164413953,0.277475848841633,1.13406293021131,NA,0.233661331444444
"spherical","08702.png",8702,0.234587706620079,0.2756421758813,1.13440326878848,NA,0.230549904354214
"spherical","08705.png",8705,0.233726842797754,0.274873850065577,1.09068842153817,NA,0.230397803713901
"spherical","08708.png",8708,0.235279175782841,0.276294088931914,1.10759125520127,NA,0.23565707555168
"spherical","08711.png",8711,0.233224048849269,0.274277051187118,1.10413715420615,NA,0.232852037465488
"spherical","08714.png",8714,0.234764352675216,0.275942756430546,1.09687956183042,NA,0.23501878448551
"spherical","08718.png",8718,0.235117163269795,0.275940834160073,1.10807491171751,NA,0.234568901326735
"spherical","08721.png",8721,0.235737893764952,0.276735684836454,1.11061615747481,NA,0.234996092440389
"spherical","08724.png",8724,0.236555131900349,0.277435803562385,1.11320384790088,NA,0.234956785381323
"spherical","08727.png",8727,0.23794416529994,0.278687899927735,1.12293320577206,NA,0.235372646247674
"spherical","08730.png",8730,0.235963019505804,0.276931631272653,1.13132659534126,NA,0.231629568023809
"spherical","08734.png",8734,0.234522242960867,0.275602258949436,1.11723181864922,NA,0.230178519024098
"spherical","08737.png",8737,0.234028338992221,0.275037392147606,1.09947610827224,NA,0.230411061152301
"spherical","08740.png",8740,0.235216791726021,0.276213461313499,1.08937260571201,NA,0.232534342727614
"spherical","08743.png",8743,0.234125099056471,0.275247373906493,1.09452153618338,NA,0.233320842332301
"spherical","08746.png",8746,0.233454882846464,0.274511431494978,1.11986712152125,NA,0.233620160563409
"spherical","08750.png",8750,0.234673020154008,0.275573771903349,1.1167985434203,NA,0.232730918390814
"spherical","08753.png",8753,0.237474150053514,0.278227512600431,1.1192288670946,NA,0.235654161166742
"spherical","08756.png",8756,0.236061465852868,0.276772358783599,1.11901528572712,NA,0.232097150776004
"spherical","08759.png",8759,0.235190796218202,0.276157965056425,1.11067630758084,NA,0.2311194567127
"spherical","08762.png",8762,0.234011975732759,0.275049317775769,1.11560656477842,NA,0.229634866085189
"spherical","08766.png",8766,0.233626142393798,0.274645095384416,1.11802930696692,NA,0.229156615095587
"spherical","08769.png",8769,0.234692691087877,0.275791627659265,1.09494544785703,NA,0.232972217001169
"spherical","08772.png",8772,0.233518742547735,0.274500430104435,1.10300777869773,NA,0.232981721736434
"spherical","08775.png",8775,0.236097401991129,0.277201669011858,1.10962651284618,NA,0.234552682648922
"spherical","08778.png",8778,0.238057410764719,0.278694705191101,1.12248141478951,NA,0.235950468626364
"spherical","08782.png",8782,0.234698770379843,0.275658563932369,1.13203304185423,NA,0.230449061336134
"spherical","08785.png",8785,0.234507994791145,0.275631994054378,1.11344536854643,NA,0.230272964324001
"spherical","08788.png",8788,0.233709454214467,0.274724234976473,1.11037596374793,NA,0.22929064617177
"spherical","08791.png",8791,0.233823171933087,0.274720668102364,1.09091657449248,NA,0.232246681097144
"spherical","08794.png",8794,0.233054694745241,0.274247922355784,1.10356605469354,NA,0.233159797625756
"spherical","08798.png",8798,0.234473730820985,0.275398825281161,1.10886650259645,NA,0.234241956396072
"spherical","08801.png",8801,0.237718510783539,0.278519301048985,1.12287306144649,NA,0.234966642740853
"spherical","08804.png",8804,0.23547099321555,0.276528284742961,1.11875621047241,NA,0.230711881626191
"spherical","08807.png",8807,0.235471618183861,0.27646048137791,1.12103195261462,NA,0.2311819025812
"spherical","08810.png",8810,0.233700466622797,0.274608817391648,1.11556375134107,NA,0.229076892585284
"spherical","08814.png",8814,0.235556490403255,0.276512481090122,1.09270174214268,NA,0.234062441211555
"spherical","08817.png",8817,0.232805784288979,0.274135492042455,1.10625043661045,NA,0.232945080342806
"spherical","08820.png",8820,0.234486962837524,0.275412184647357,1.09571303108971,NA,0.233754357848817
"spherical","08823.png",8823,0.238835927199917,0.279474139836269,1.11784848575818,NA,0.236561367185674
"spherical","08826.png",8826,0.236312859893414,0.277221811116034,1.12279162505147,NA,0.232388430978828
"spherical","08830.png",8830,0.234433865611737,0.275454618424353,1.13029488174496,NA,0.229556429732561
"spherical","08833.png",8833,0.233676832917311,0.27475442729727,1.11465262843921,NA,0.229041368151213
"spherical","08836.png",8836,0.233927424280985,0.274901743140162,1.10905778066119,NA,0.230357927437561
"spherical","08839.png",8839,0.234928385387305,0.27592279230414,1.09438877709039,NA,0.234003174691176
"spherical","08842.png",8842,0.233354543788093,0.274587140370661,1.11057089711039,NA,0.232996981034092
"spherical","08846.png",8846,0.235149838437842,0.27622631298508,1.1098094603064,NA,0.234647246708381
"spherical","08849.png",8849,0.234120069251863,0.275041119928833,1.11553768611296,NA,0.232830055721666
"spherical","08852.png",8852,0.237707708275425,0.278585203917631,1.12326259447611,NA,0.235281596128979
"spherical","08855.png",8855,0.237408798075959,0.278137658083371,1.13278990596985,NA,0.234135957546171
"spherical","08858.png",8858,0.234273829373904,0.275392949257192,1.12151061755754,NA,0.229050006314291
"spherical","08862.png",8862,0.233751479987087,0.274837410003233,1.10255470955277,NA,0.231732254764129
"spherical","08865.png",8865,0.23314757158356,0.274259682920728,1.10445677491005,NA,0.233154051083617
"spherical","08868.png",8868,0.234354357033601,0.275367413558968,1.11273590500644,NA,0.232546404323207
"spherical","08871.png",8871,0.23780190351033,0.278645820696496,1.121544841571,NA,0.236334028615368
"spherical","08874.png",8874,0.236441225878586,0.277377214331914,1.11684290099592,NA,0.233702959782806
"spherical","08878.png",8878,0.234884296824608,0.275829652447431,1.13596406498587,NA,0.23058445262559
"spherical","08881.png",8881,0.234164545107994,0.275114046984962,1.10705268626594,NA,0.230107967422427
"spherical","08884.png",8884,0.23472105841938,0.275831082752566,1.09139001906828,NA,0.233661260328722
"spherical","08887.png",8887,0.233043978444624,0.274286191210805,1.10047787267064,NA,0.232666096954642
"spherical","08890.png",8890,0.234189715027007,0.275236454166468,1.11178354486312,NA,0.232281101511696
"spherical","08894.png",8894,0.237573889114626,0.278311274140285,1.12945841662536,NA,0.233954965445264
"spherical","08897.png",8897,0.235084545523649,0.276165785730078,1.11939270729563,NA,0.230361634776385
"spherical","08900.png",8900,0.236066566454241,0.276973954250444,1.11624879447437,NA,0.233312184874561
"spherical","08903.png",8903,0.234824107441432,0.275831862659461,1.09042755340167,NA,0.232320996664752
"spherical","08906.png",8906,0.234847425396338,0.275822366814289,1.10437105606113,NA,0.234293297844818
"spherical","08910.png",8910,0.233396468904611,0.274412750612818,1.11669230435441,NA,0.233082687916514
"spherical","08913.png",8913,0.235791978172832,0.276693774465959,1.11728271351171,NA,0.234476520799243
"spherical","08916.png",8916,0.238306886289863,0.279002289944709,1.12757053987199,NA,0.234837205630149
"spherical","08919.png",8919,0.235904592670784,0.27695187353271,1.11979372860011,NA,0.231439531675505
"spherical","08922.png",8922,0.234522066624704,0.275602395895914,1.10899963719079,NA,0.230196231370627
"spherical","08926.png",8926,0.234763322981107,0.275917132385072,1.09863364866923,NA,0.234015855132192
"spherical","08929.png",8929,0.233532972148532,0.274670398915604,1.11386983968053,NA,0.232638976839054
"spherical","08932.png",8932,0.237719635503559,0.278481672293679,1.11731380334312,NA,0.234916426864465
"spherical","08935.png",8935,0.236005455194555,0.277091458466178,1.11870588756637,NA,0.231174882864951
"spherical","08938.png",8938,0.234840882508634,0.275746959230405,1.09863885364958,NA,0.231043962965239
"spherical","08942.png",8942,0.234896785497169,0.275863882554892,1.10290486272413,NA,0.23176010864448
"spherical","08945.png",8945,0.233888284965647,0.275059667910471,1.10777931590787,NA,0.232257296690067
"spherical","08948.png",8948,0.233980586878172,0.275047306904529,1.10841617307894,NA,0.233063162176369
"spherical","08951.png",8951,0.236212674327504,0.277221967122823,1.13206836180113,NA,0.234493917125973
"spherical","08954.png",8954,0.23681330074134,0.277661496208829,1.13416687309594,NA,0.232400574368198
"spherical","08958.png",8958,0.234087988904493,0.275175903853992,1.11334038621353,NA,0.229089011809008
"spherical","08961.png",8961,0.234879640945455,0.27595571330414,1.09605225612346,NA,0.23254906290305
"spherical","08964.png",8964,0.23320533063585,0.274467350230161,1.11224485130442,NA,0.232308163725716
"spherical","08967.png",8967,0.235162633978105,0.276126730021261,1.11425910453138,NA,0.233492147963689
"spherical","08970.png",8970,0.236835793779624,0.277806506404502,1.12421264039843,NA,0.234889580139621
"spherical","08974.png",8974,0.236677053853117,0.277400266564261,1.14133284715549,NA,0.232930981105478
"spherical","08977.png",8977,0.234646461867883,0.275690438746508,1.11086244959396,NA,0.229855920263739
"spherical","08980.png",8980,0.235483090403348,0.276550304747557,1.09682933170251,NA,0.232884471122984
"spherical","08983.png",8983,0.233875759600359,0.274992379475576,1.1018544392478,NA,0.233669119241186
"spherical","08986.png",8986,0.234012019872205,0.275146007348101,1.10720932026915,NA,0.232932669666918
"spherical","08990.png",8990,0.238429292037424,0.279120487914471,1.11926925934278,NA,0.235243889984274
"spherical","08993.png",8993,0.235475255007444,0.276516125148252,1.10633963421869,NA,0.23074940477355
"spherical","08996.png",8996,0.235318785469221,0.276418773033484,1.08739684127146,NA,0.232022531288591
"spherical","08999.png",8999,0.235377117978555,0.27644627563366,1.09101774069058,NA,0.233608804728924
"spherical","09002.png",9002,0.233009485890677,0.274287783482841,1.10556962496855,NA,0.231834708615154
"spherical","09006.png",9006,0.236774913376257,0.277828755040499,1.12218496505911,NA,0.234575002139835
"spherical","09009.png",9009,0.238453100881493,0.279250748850137,1.11416391671358,NA,0.23665026459754
"spherical","09012.png",9012,0.236464435636395,0.27734945179273,1.13112313934039,NA,0.232614940671179
"spherical","09015.png",9015,0.234716382479675,0.275755151067821,1.11564846336806,NA,0.230157247561614
"spherical","09018.png",9018,0.233408378241632,0.274661536856927,1.1006289427642,NA,0.23334643526604
"spherical","09022.png",9022,0.235356151614189,0.276301695708251,1.12062581403858,NA,0.23250625752248
"spherical","09025.png",9025,0.236464600101269,0.277227879900151,1.13153100756285,NA,0.231921374682252
"spherical","09028.png",9028,0.235290374364406,0.276334944609764,1.11392708002376,NA,0.230734423311243
"spherical","09031.png",9031,0.235263641040646,0.276297795163938,1.08917026781649,NA,0.231843123117131
"spherical","09034.png",9034,0.234923210085849,0.276072365374607,1.10029513167495,NA,0.233362172761881
"spherical","09038.png",9038,0.235563163073927,0.276417799046478,1.10880184013856,NA,0.23485214527604
"spherical","09041.png",9041,0.23707984990595,0.277853103557738,1.11600284020819,NA,0.234106813827505
"spherical","09044.png",9044,0.236112513596205,0.277111810223195,1.13554562600659,NA,0.231373641341274
"spherical","09047.png",9047,0.235282189810912,0.27630063153413,1.08655089870739,NA,0.23167351319732
"spherical","09050.png",9050,0.232979424683654,0.27420146041312,1.10479304914036,NA,0.231896664177759
"spherical","09054.png",9054,0.236337396312438,0.27727137612959,1.10867957155164,NA,0.235247875941119
"spherical","09057.png",9057,0.2382021040698,0.279027643794735,1.12992735542175,NA,0.234582675947852
"spherical","09060.png",9060,0.234988486031021,0.276004382321312,1.11351568655163,NA,0.23008923912389
"spherical","09063.png",9063,0.236375575726082,0.277260295332436,1.09911578008873,NA,0.23427822875986
"spherical","09066.png",9066,0.235695418275696,0.27676475795278,1.0958237698776,NA,0.234955447032778
"spherical","09070.png",9070,0.236358124172685,0.277295841229865,1.11208453348405,NA,0.23531093355757
"spherical","09073.png",9073,0.237707984377114,0.278575541128727,1.10977025055669,NA,0.235303234102116
"spherical","09076.png",9076,0.236945911909455,0.277743491109933,1.12413371833641,NA,0.233994884925438
"spherical","09079.png",9079,0.235296621339989,0.276357899286186,1.12207657105348,NA,0.230704986597677
"spherical","09082.png",9082,0.234559359570423,0.275535871203306,1.08501207774536,NA,0.230919334297904
"spherical","09086.png",9086,0.233934098980207,0.275041866143321,1.11281549373097,NA,0.233221830736764
"spherical","09089.png",9089,0.238211745063599,0.278957817921186,1.12506868947424,NA,0.23542938653141
"spherical","09092.png",9092,0.23535542902038,0.276333530356352,1.13322233604491,NA,0.230945353493078
"spherical","09095.png",9095,0.232913311661945,0.274076385685687,1.11185926825477,NA,0.227433940489899
"spherical","09098.png",9098,0.235435579489909,0.276335132506099,1.0858724478099,NA,0.232605945071563
"spherical","09102.png",9102,0.232205290592727,0.273400591883822,1.10970752016338,NA,0.231242765577085
"spherical","09105.png",9105,0.236697931419145,0.277733299401588,1.14000546612088,NA,0.23502029014915
"spherical","09108.png",9108,0.235693036987429,0.2767095806613,1.1129142220046,NA,0.231018495543548
"spherical","09111.png",9111,0.235192336120828,0.276082042950297,1.1014777699916,NA,0.232283640804643
"spherical","09114.png",9114,0.234121954665657,0.275363282714294,1.10114241550827,NA,0.233297777097592
"spherical","09118.png",9118,0.236160229004025,0.277145110427059,1.11880511907335,NA,0.23436390632607
"spherical","09121.png",9121,0.238433093668625,0.279258910439627,1.12929981569795,NA,0.235889027612546
"spherical","09124.png",9124,0.236479455496753,0.277472520641189,1.13059294495344,NA,0.231704643898724
"spherical","09127.png",9127,0.234374374185153,0.275405678179458,1.09688170288487,NA,0.229943702763956
"spherical","09130.png",9130,0.234511528605306,0.275687299684569,1.09858940151191,NA,0.232264951338442
"spherical","09134.png",9134,0.23352391892838,0.274719124420322,1.10805545972695,NA,0.23147216994183
"spherical","09137.png",9137,0.238285345465853,0.279075980254745,1.12571671356822,NA,0.235148663858448
"spherical","09140.png",9140,0.234896581450157,0.275907609516734,1.13257129804501,NA,0.22980928879626
"spherical","09143.png",9143,0.235629065178272,0.276573028254323,1.10370596916684,NA,0.231973065648368
"spherical","09146.png",9146,0.235078607245383,0.276179287227092,1.09545761524599,NA,0.233337513055271
"spherical","09150.png",9150,0.235994032912673,0.276895649703763,1.11628482076469,NA,0.23420168610889
"spherical","09153.png",9153,0.23821415884464,0.278994409616279,1.12683336598165,NA,0.234776906000881
"spherical","09156.png",9156,0.235025401002833,0.276265982814311,1.11694947001228,NA,0.229582231123261
"spherical","09159.png",9159,0.235231311713333,0.27622431028573,1.09636687375142,NA,0.231972923763217
"spherical","09162.png",9162,0.232822464756068,0.274099870725882,1.10269056488442,NA,0.230677508679161
"spherical","09166.png",9166,0.234667851145838,0.275756864027061,1.10189682495271,NA,0.233237252482525
"spherical","09169.png",9169,0.2378808287478,0.278772059991766,1.12910058967942,NA,0.235415633980105
"spherical","09172.png",9172,0.235651697279042,0.276654712367927,1.11907979185377,NA,0.230483367211248
"spherical","09175.png",9175,0.235055147194781,0.276168784859365,1.09448126333413,NA,0.23340394386926
"spherical","09178.png",9178,0.234748847991898,0.275811962521109,1.1131806560174,NA,0.234097581248306
"spherical","09182.png",9182,0.23814999455124,0.27890675326864,1.13194360593232,NA,0.234044177647237
"spherical","09185.png",9185,0.235115000564575,0.276151838781639,1.1203568562559,NA,0.229889111761467
"spherical","09188.png",9188,0.235760858510523,0.276740634920474,1.08369023253464,NA,0.233965271413829
"spherical","09191.png",9191,0.233632093237578,0.274838002591477,1.102235577025,NA,0.233007645618535
"spherical","09194.png",9194,0.23548061172419,0.27640798127968,1.13133867781258,NA,0.234034426338504
"spherical","09198.png",9198,0.237638367344085,0.278583764435159,1.14192055908764,NA,0.233399036546203
"spherical","09201.png",9201,0.234725175671789,0.275836876807234,1.08634244428364,NA,0.230589417248443
"spherical","09204.png",9204,0.23350698072909,0.274806013041628,1.10151487351061,NA,0.23278494920854
"spherical","09207.png",9207,0.235233421280464,0.276185314130183,1.12075979339733,NA,0.233807772425156
"spherical","09210.png",9210,0.237985869557696,0.278808115685224,1.12938806061902,NA,0.234263432020909
"spherical","09214.png",9214,0.234133360051914,0.275164591401828,1.11166021365441,NA,0.229018927194947
"spherical","09217.png",9217,0.235070819035416,0.276069660673583,1.08996510967454,NA,0.232146941001604
"spherical","09220.png",9220,0.233666280758709,0.274935990339553,1.11482113155031,NA,0.233330631090626
"spherical","09223.png",9223,0.23737343397727,0.278280436031285,1.13026659769027,NA,0.235895714589194
"spherical","09226.png",9226,0.23691654983659,0.277727033092158,1.12072710572528,NA,0.232242325944631
"spherical","09230.png",9230,0.235540430642638,0.276481532493226,1.089493313865,NA,0.232537546921816
"spherical","09233.png",9233,0.23413140457829,0.275345609894643,1.09903987091111,NA,0.23289878974784
"spherical","09236.png",9236,0.236505501503285,0.277459870150475,1.10781800017219,NA,0.23476966844681
"spherical","09239.png",9239,0.237152313227203,0.277999073359895,1.13736091537934,NA,0.233024836295049
"spherical","09242.png",9242,0.235290089769143,0.276263298573112,1.10446282484114,NA,0.230966215096631
"spherical","09246.png",9246,0.234720774250951,0.275946206917246,1.09849311496535,NA,0.233644887464544
"spherical","09249.png",9249,0.233922324881163,0.275067971535707,1.11139583207824,NA,0.232996771938619
"spherical","09252.png",9252,0.238287851336055,0.279104834816862,1.13658731635926,NA,0.235676454694811
"spherical","09255.png",9255,0.23658567499271,0.27745415823397,1.13057148893238,NA,0.231864327230259
"spherical","09258.png",9258,0.234468340683156,0.27559071762086,1.12886036297284,NA,0.229530624448509
"spherical","09262.png",9262,0.234527282669219,0.275703137746378,1.09586483636489,NA,0.233336689297128
"spherical","09265.png",9265,0.236350661101013,0.277278767622586,1.1021321784269,NA,0.235189053994318
"spherical","09268.png",9268,0.236366081297036,0.277314937107157,1.12084754147335,NA,0.231597740474591
"spherical","09271.png",9271,0.235986592484999,0.27699670934831,1.07875824554949,NA,0.23368528196166
"spherical","09274.png",9274,0.233371974669304,0.27470530025261,1.10354169013076,NA,0.232836124969062
"spherical","09278.png",9278,0.236357365405373,0.277354128951124,1.1245741299558,NA,0.234150500167226
"spherical","09281.png",9281,0.238002037479789,0.278798075284578,1.13697381518692,NA,0.23479053849434
"spherical","09284.png",9284,0.234284928596216,0.275350618850152,1.10180467454045,NA,0.229067270120169
"spherical","09287.png",9287,0.233181243540523,0.274417910886125,1.10131283374886,NA,0.232293028707106
"spherical","09290.png",9290,0.234730084058457,0.275746401812945,1.11776931392161,NA,0.233165550510308
"spherical","09294.png",9294,0.237110335942605,0.277964834430717,1.13197624025074,NA,0.234167763891679
"spherical","09297.png",9297,0.235734544899268,0.27679977771367,1.11991986207467,NA,0.231206237124235
"spherical","09300.png",9300,0.234264059410209,0.275414005061519,1.08643743791609,NA,0.232349113138446
"spherical","09303.png",9303,0.235789696482861,0.276869343503093,1.12142162199653,NA,0.234358540491463
"spherical","09306.png",9306,0.236834274739184,0.27772470916834,1.13303376684496,NA,0.232365215432125
"spherical","09310.png",9310,0.234992733343513,0.275998683253445,1.08714522939181,NA,0.230899044357958
"spherical","09313.png",9313,0.234225358718044,0.275400058924424,1.10636420632568,NA,0.233302487221822
"spherical","09316.png",9316,0.23331441311324,0.274626948280963,1.10749221916021,NA,0.232523081486468
"spherical","09319.png",9319,0.23751249649769,0.278489609487903,1.1260028357597,NA,0.235085966626161
"spherical","09322.png",9322,0.237471359889094,0.278407550486533,1.12006212649344,NA,0.233669717047295
"spherical","09326.png",9326,0.234953188737299,0.276052148165067,1.10154357798957,NA,0.230356579365344
"spherical","09329.png",9329,0.234011049253722,0.27522272903655,1.09696220638111,NA,0.233689878761729
"spherical","09332.png",9332,0.237432549435077,0.278401972978739,1.1150247795973,NA,0.235212138322492
"spherical","09335.png",9335,0.236474112807886,0.277374596669693,1.12384887924372,NA,0.231768216604881
"spherical","09338.png",9338,0.233906715021773,0.275033729215095,1.11583572798855,NA,0.228418895961412
"spherical","09342.png",9342,0.233365747235105,0.274692367876018,1.09845866337908,NA,0.232486292369691
"spherical","09345.png",9345,0.235756174849643,0.276763992198753,1.10238686849889,NA,0.23488574184505
"spherical","09348.png",9348,0.237000016843747,0.277924883947639,1.12839707452897,NA,0.234279559727527
"spherical","09351.png",9351,0.235035294246116,0.276051175135369,1.1095157162288,NA,0.230250290989407
"spherical","09354.png",9354,0.233572490973089,0.274831347840385,1.09497507255124,NA,0.231578125122152
"spherical","09358.png",9358,0.236934352605919,0.27789641129586,1.12756095559139,NA,0.235269330631211
"spherical","09361.png",9361,0.23716888776052,0.278022244132406,1.12557458543389,NA,0.232824131070534
"spherical","09364.png",9364,0.234468028228405,0.275590586879481,1.09871116093824,NA,0.230248153412916
"spherical","09367.png",9367,0.233148955779589,0.27455745946139,1.10317759702626,NA,0.23191893499789
"spherical","09370.png",9370,0.236562006239365,0.277559611036453,1.10938512951601,NA,0.234612819153794
"spherical","09374.png",9374,0.236750775349953,0.277722670246059,1.1145913137633,NA,0.232163652848538
"spherical","09377.png",9377,0.235568134911579,0.276565622959305,1.10441675548378,NA,0.231433520748815
"spherical","09380.png",9380,0.233923647449564,0.275217583038638,1.09501448505333,NA,0.232320593522991
"spherical","09383.png",9383,0.234444053106766,0.275666430197719,1.0972992727772,NA,0.23267777023463
"spherical","09386.png",9386,0.237667982151646,0.278533777676442,1.14671719459884,NA,0.234378851658346
"spherical","09390.png",9390,0.234010710165841,0.275164212423837,1.11720369648835,NA,0.228783613729434
"spherical","09393.png",9393,0.232982911838436,0.274315135851299,1.10991002467016,NA,0.231753210208375
"spherical","09396.png",9396,0.235835742407542,0.276833911776271,1.11973179642337,NA,0.234392364316417
"spherical","09399.png",9399,0.238337399201021,0.279141056684334,1.13598626436489,NA,0.234810383237078
"spherical","09402.png",9402,0.235199263770965,0.276262451888464,1.09434579704032,NA,0.23110956214082
"spherical","09406.png",9406,0.234183265811354,0.275546282636162,1.0917367248506,NA,0.233086344896654
"spherical","09409.png",9409,0.234344598808128,0.275473611174343,1.10600153833292,NA,0.232791447308809
"spherical","09412.png",9412,0.238245524226854,0.279102692078075,1.13555904869181,NA,0.235565834658407
"spherical","09415.png",9415,0.235817109864815,0.276935540624431,1.12554380723336,NA,0.230708627206137
"spherical","09418.png",9418,0.236646459775982,0.277570219070919,1.09437345194023,NA,0.233305626393827
"spherical","09422.png",9422,0.233992489367219,0.275242281297487,1.10348201603321,NA,0.232304428535452
"spherical","09425.png",9425,0.238523189913899,0.279254921768332,1.14190397795326,NA,0.235576857244605
"spherical","09428.png",9428,0.235043198356496,0.276089150374561,1.10183834913062,NA,0.230403634890454
"spherical","09431.png",9431,0.235574199398395,0.276733175149958,1.08773453611698,NA,0.234617945541217
"spherical","09434.png",9434,0.235031544021202,0.27608562034678,1.11014492871891,NA,0.233201516829138
"spherical","09438.png",9438,0.236281617129058,0.277292222074687,1.12465260241697,NA,0.231682541476485
"spherical","09441.png",9441,0.235774844170287,0.276763227380035,1.09153541629429,NA,0.232656213174865
"spherical","09444.png",9444,0.234102521434387,0.275379465188833,1.0912845957585,NA,0.233593347574965
"spherical","09447.png",9447,0.236144732699031,0.277089392320679,1.12315194907556,NA,0.234470433494163
"spherical","09450.png",9450,0.236633294714063,0.277558560007129,1.14867771880404,NA,0.231875080989607
"spherical","09454.png",9454,0.236042714168933,0.277072030788823,1.08417368399069,NA,0.233070881751532
"spherical","09457.png",9457,0.234662913136647,0.275810152755038,1.109723162349,NA,0.233245482917232
"spherical","09460.png",9460,0.238051885482024,0.278942996693761,1.14218546898784,NA,0.235792012292009
"spherical","09463.png",9463,0.234890501146653,0.276036693452003,1.13588836023476,NA,0.229513675366539
"spherical","09466.png",9466,0.235326529805423,0.276366139244147,1.08943242435821,NA,0.230779931555504
"spherical","09470.png",9470,0.233520956819318,0.274809281965509,1.09945491751254,NA,0.232586111401811
"spherical","09473.png",9473,0.236850706880817,0.277825489299777,1.10450632509387,NA,0.234870029278117
"spherical","09476.png",9476,0.236807817175853,0.27779586352419,1.12433783364799,NA,0.232047307512003
"spherical","09479.png",9479,0.236463528109796,0.27737507458895,1.09681811582563,NA,0.233265292764039
"spherical","09482.png",9482,0.234179186108506,0.275432988309178,1.09867272468158,NA,0.232907237189858
"spherical","09486.png",9486,0.238516800106994,0.27925786831236,1.12714429399771,NA,0.235464326705075
"spherical","09489.png",9489,0.234379067497075,0.275651218177659,1.10607686416361,NA,0.228719581432341
"spherical","09492.png",9492,0.235881835463566,0.276841275277724,1.08262414135255,NA,0.23335798047935
"spherical","09495.png",9495,0.234012265287872,0.275352988718366,1.10839657805756,NA,0.232992584760989
"spherical","09498.png",9498,0.236973984279346,0.27794284940579,1.13610150967213,NA,0.235590208163729
"spherical","09502.png",9502,0.235641803111381,0.27674106468982,1.12621099542515,NA,0.23004486382199
"spherical","09505.png",9505,0.235564104644143,0.276594480157676,1.09989294955065,NA,0.230653098766722
"spherical","09508.png",9508,0.233609587560278,0.274930568426015,1.09978780267312,NA,0.232533207193345
"spherical","09511.png",9511,0.237015050194825,0.277966976463549,1.12440353936575,NA,0.235007417646652
"spherical","09514.png",9514,0.237321393810387,0.278192148158692,1.12823251680214,NA,0.232639321374633
"spherical","09518.png",9518,0.235231715504797,0.276300279197564,1.09387942700806,NA,0.233056802389217
"spherical","09521.png",9521,0.235671215009603,0.276603530382987,1.11525823625472,NA,0.234014418050309
"spherical","09524.png",9524,0.238514365052756,0.27930847530019,1.12572309936474,NA,0.234823417943031
"spherical","09527.png",9527,0.234457289534435,0.275594143940386,1.10519662598282,NA,0.229424086317426
"spherical","09530.png",9530,0.235644508010615,0.276604336493563,1.08704554138288,NA,0.233350752050841
"spherical","09534.png",9534,0.236205114762671,0.277235129942384,1.11302027634489,NA,0.234164152458721
"spherical","09537.png",9537,0.238762295499043,0.279462422957918,1.13920806200275,NA,0.235761868892019
"spherical","09540.png",9540,0.235236861671242,0.276338837657388,1.12618131438417,NA,0.230011916365776
"spherical","09543.png",9543,0.236164046976895,0.277136396194161,1.08051496806284,NA,0.233670358927596
"spherical","09546.png",9546,0.232691586190501,0.274180790777477,1.11476472976954,NA,0.231612372574779
"spherical","09550.png",9550,0.237144986657453,0.278198623030952,1.12634438109841,NA,0.232206755712337
"spherical","09553.png",9553,0.234538470826381,0.275805058258884,1.09224365393116,NA,0.232939766305636
"spherical","09556.png",9556,0.234467446265373,0.275761250039515,1.10236365356475,NA,0.23309434907871
"spherical","09559.png",9559,0.237286192791327,0.278301857013266,1.11770715159653,NA,0.234359593003406
"spherical","09562.png",9562,0.236759877012382,0.27767260493355,1.14163354875963,NA,0.23244764997396
"spherical","09566.png",9566,0.234783386883642,0.275923518420805,1.10195874602532,NA,0.229835934953175
"spherical","09569.png",9569,0.235890972280168,0.276851081528395,1.10348585080156,NA,0.233503507508416
"spherical","09572.png",9572,0.23508428321193,0.276257392885371,1.1017976873239,NA,0.233888087319488
"spherical","09575.png",9575,0.237640849683439,0.278502306671653,1.14484711500819,NA,0.234887302243823
"spherical","09578.png",9578,0.235878757356455,0.276968387139495,1.1288780100848,NA,0.230428646252802
"spherical","09582.png",9582,0.234731417688372,0.275847706432142,1.08525048516943,NA,0.233641877395334
"spherical","09585.png",9585,0.236480763787467,0.277504383976603,1.12407639635227,NA,0.234432998156479
"spherical","09588.png",9588,0.236951411210637,0.277906408895478,1.13346880881792,NA,0.232104038588101
"spherical","09591.png",9591,0.236040942004495,0.27707828306062,1.0981608331875,NA,0.231302165129955
"spherical","09594.png",9594,0.236055468173045,0.277041224043186,1.08552030770698,NA,0.234729166637194
"spherical","09598.png",9598,0.23740980111147,0.278415489200106,1.13733383218814,NA,0.23540946456986
"spherical","09601.png",9601,0.237504331408247,0.278398915315627,1.13158009382248,NA,0.233517693643483
"spherical","09604.png",9604,0.234560482672675,0.275745817744887,1.10271817877844,NA,0.229710143992539
"spherical","09607.png",9607,0.235257642956682,0.276373405308093,1.09787463257645,NA,0.234023840866445
"spherical","09610.png",9610,0.234836732513621,0.275987407247016,1.11063557308379,NA,0.233084258930021
"spherical","09614.png",9614,0.237768445905622,0.27863594136587,1.1449995499942,NA,0.233959686362643
"spherical","09617.png",9617,0.235710364408405,0.276717097268692,1.09333559374271,NA,0.231433324394757
"spherical","09620.png",9620,0.234182440945803,0.275599348148444,1.09282720471903,NA,0.233817421901565
"spherical","09623.png",9623,0.234813284579326,0.27600200081189,1.12312579721292,NA,0.233649325692291
"spherical","09626.png",9626,0.237627624564,0.278530555785632,1.13715887197247,NA,0.234599192942153
"spherical","09630.png",9630,0.235338063145855,0.276459551509291,1.10885508334,NA,0.230615862779421
"spherical","09633.png",9633,0.2355570698196,0.276751010603796,1.0970702818207,NA,0.234002886470079
"spherical","09636.png",9636,0.234600322994896,0.275874160471062,1.1255828736814,NA,0.233729830612256
"spherical","09639.png",9639,0.238337686054276,0.279184558958744,1.13511875201951,NA,0.235288808156124
"spherical","09642.png",9642,0.236034633288125,0.277195761799823,1.11761810605363,NA,0.23110744114662
"spherical","09646.png",9646,0.233794700266794,0.275183504411865,1.10223880173119,NA,0.232668054663314
"spherical","09649.png",9649,0.237200097912919,0.278165394750006,1.11537837940279,NA,0.235591545413558
"spherical","09652.png",9652,0.237553026474092,0.278422496513873,1.14003608380901,NA,0.233973296862085
"spherical","09655.png",9655,0.23551708291177,0.276594585026039,1.11077765704478,NA,0.231164550329412
"spherical","09658.png",9658,0.235908610807881,0.276796766870514,1.08960256432712,NA,0.233007450814326
"spherical","09662.png",9662,0.234150355057777,0.275419554519516,1.10103166820265,NA,0.233329655700048
"spherical","09665.png",9665,0.237162781066906,0.278056304808632,1.12709709595802,NA,0.235695338918967
"spherical","09668.png",9668,0.238106081673913,0.278948575995319,1.14685487643523,NA,0.234510152366504
"spherical","09671.png",9671,0.23453468138609,0.275663012081462,1.1097427344859,NA,0.229386531446153
"spherical","09674.png",9674,0.234931991178717,0.276130312427314,1.09330909809494,NA,0.233842783886066
"spherical","09678.png",9678,0.239020186589562,0.279789102276504,1.14285736167935,NA,0.236594835124372
"spherical","09681.png",9681,0.235085328052223,0.27616602931041,1.09326498238238,NA,0.230432879091779
"spherical","09684.png",9684,0.235069094989175,0.276227739656554,1.10346099228995,NA,0.233656753344483
"spherical","09687.png",9687,0.23475903910942,0.275953232306607,1.1062537107023,NA,0.233439623643134
"spherical","09690.png",9690,0.23702121194326,0.27800120901559,1.14663597195723,NA,0.234786000176616
"spherical","09694.png",9694,0.236371846712698,0.277325530083614,1.11546730300161,NA,0.231991916297481
"spherical","09697.png",9697,0.235514771406778,0.276531199209031,1.08674679172164,NA,0.232934814787227
"spherical","09700.png",9700,0.234068012914045,0.27534666358697,1.10142945709156,NA,0.232930444578693
"spherical","09703.png",9703,0.237487960383504,0.278498625589356,1.12731093700546,NA,0.235350596766705
"spherical","09706.png",9706,0.237472905376034,0.27830334945496,1.13777461093067,NA,0.232957512415462
"spherical","09710.png",9710,0.235603599025135,0.276597145133656,1.10067678521381,NA,0.23238919144221
"spherical","09713.png",9713,0.234527813804079,0.27574323621672,1.09226909388455,NA,0.233579919445745
"spherical","09716.png",9716,0.237204907666087,0.278146043007979,1.13158186171443,NA,0.23548440859422
"spherical","09719.png",9719,0.236032127139451,0.277050087379463,1.13261428272814,NA,0.231511359595537
"spherical","09722.png",9722,0.234715327554668,0.275858933167555,1.0902269437272,NA,0.230255461884484
"spherical","09726.png",9726,0.233436383232962,0.274754383204424,1.10751311476693,NA,0.231599490562124
"spherical","09729.png",9729,0.23630137726533,0.277299927489968,1.11227807954252,NA,0.234908994569439
"spherical","09732.png",9732,0.238037804597495,0.278842429706109,1.13826946358871,NA,0.234689066296677
"spherical","09735.png",9735,0.235468760825539,0.276591306413642,1.10109458832933,NA,0.230552964524942
"spherical","09738.png",9738,0.235112065956109,0.276236463666848,1.09627337274546,NA,0.230582983735008
"spherical","09742.png",9742,0.233167266350103,0.274539669779579,1.09629389056061,NA,0.232047461160368
"spherical","09745.png",9745,0.238284626079799,0.279184073480027,1.13115645528202,NA,0.235078610501101
"spherical","09748.png",9748,0.236120629385293,0.277081750136614,1.13855026344672,NA,0.231388711349008
"spherical","09751.png",9751,0.235126251490097,0.276206426520195,1.10484770157017,NA,0.230628893939809
"spherical","09754.png",9754,0.23363208179351,0.274893480086577,1.08625856311891,NA,0.231631017107689
"spherical","09758.png",9758,0.238819669574533,0.279673827692943,1.1327196399045,NA,0.236934071966164
"spherical","09761.png",9761,0.236726406937967,0.277668519378643,1.13732792356785,NA,0.232439592917787
"spherical","09764.png",9764,0.234985584944747,0.276081330447748,1.08721146311219,NA,0.230625017869193
"spherical","09767.png",9767,0.234608263251216,0.275782358735149,1.09318211305923,NA,0.233355532954128
"spherical","09770.png",9770,0.237293171606237,0.27820881629588,1.11829510133554,NA,0.235380606333188
"spherical","09774.png",9774,0.236361576868175,0.277278907981615,1.1272068437783,NA,0.231737575634129
"spherical","09777.png",9777,0.235283909330187,0.276296608101334,1.09055243078745,NA,0.231329090871749
"spherical","09780.png",9780,0.234441755114853,0.275636856917719,1.08947269770606,NA,0.232204023190822
"spherical","09783.png",9783,0.234103230220871,0.275486648447755,1.10697563204735,NA,0.232929370126137
"spherical","09786.png",9786,0.236822635023606,0.27778411212726,1.10664548972003,NA,0.234884532872418
"spherical","09790.png",9790,0.236644084231829,0.277580090730416,1.13390755464564,NA,0.231695169724883
"spherical","09793.png",9793,0.235814292859807,0.27675059952285,1.09082119534918,NA,0.233973435741719
"spherical","09796.png",9796,0.235717378245235,0.276744964166751,1.09821160601878,NA,0.233658051651714
"spherical","09799.png",9799,0.237128077623792,0.278089419546023,1.1388725342766,NA,0.232601317953357
"spherical","09802.png",9802,0.235587167594113,0.276669422617198,1.08998036567057,NA,0.230843345482093
"spherical","09806.png",9806,0.235629878494048,0.276662210993154,1.09277616460607,NA,0.233245586920681
"spherical","09809.png",9809,0.234373340146261,0.275605741972083,1.10700057138845,NA,0.232984764698501
"spherical","09812.png",9812,0.236596191176466,0.277609128738566,1.12152429861036,NA,0.234563939785587
"spherical","09815.png",9815,0.237813420470452,0.278740197000836,1.14398674523347,NA,0.234415597593503
"spherical","09819.png",9819,0.234749796558138,0.275830416357201,1.10088610566375,NA,0.229950474090476
"spherical","09822.png",9822,0.235246513328788,0.276233313155849,1.08458161919192,NA,0.23115472425658
"spherical","09825.png",9825,0.234600046008848,0.275767011562314,1.10702034385289,NA,0.232515472416005
"spherical","09828.png",9828,0.237141329284099,0.278109079517866,1.13469159856847,NA,0.234374040149959
"spherical","09831.png",9831,0.235889129660103,0.276962283015249,1.12655920161841,NA,0.230514438714556
"spherical","09835.png",9835,0.234190303536737,0.275469785965141,1.09769628746376,NA,0.231781492703001
"spherical","09838.png",9838,0.235315457759463,0.276489338201151,1.11142080830854,NA,0.233098470572322
"spherical","09841.png",9841,0.238259719628041,0.279035924819492,1.14673194084616,NA,0.23424680048429
"spherical","09844.png",9844,0.2354241762323,0.276520777569448,1.12662751443388,NA,0.229588642380173
"spherical","09847.png",9847,0.235124352264175,0.276317980282001,1.10308527330774,NA,0.229562141935634
"spherical","09851.png",9851,0.23458289188825,0.275721753100857,1.08607197882077,NA,0.232822717124552
"spherical","09854.png",9854,0.23504044759871,0.276235923224952,1.10132296810579,NA,0.233214344244228
"spherical","09857.png",9857,0.237809030877076,0.278723405692116,1.14305447968371,NA,0.235306620382719
"spherical","09860.png",9860,0.236179487387571,0.277155162337861,1.14251025204607,NA,0.231012398767105
"spherical","09863.png",9863,0.235492051243867,0.276596183938828,1.09404262074912,NA,0.231080827020122
"spherical","09867.png",9867,0.234751425431766,0.275907876822937,1.09589438564194,NA,0.233709015298592
"spherical","09870.png",9870,0.235773301155381,0.276892757270953,1.10438659158759,NA,0.23366819102124
"spherical","09873.png",9873,0.238366706728272,0.279147584106552,1.15330337280818,NA,0.235068770230768
"spherical","09876.png",9876,0.235357337764524,0.276477249863874,1.11150168399178,NA,0.230719498208441
"spherical","09879.png",9879,0.235672057826949,0.276638542377841,1.08452428762064,NA,0.231817580034934
"spherical","09883.png",9883,0.23518173396532,0.276339179219784,1.10009970122916,NA,0.233890300456878
"spherical","09886.png",9886,0.237668566323798,0.278546061281135,1.12800877089345,NA,0.235125194312105
"spherical","09889.png",9889,0.237510361037153,0.278448672146039,1.13224167353714,NA,0.233032372831881
"spherical","09892.png",9892,0.235042489633436,0.276175613228817,1.09503809980425,NA,0.230415151848541
"spherical","09895.png",9895,0.235053455348599,0.276121421619163,1.10026228267031,NA,0.233474611739889
"spherical","09899.png",9899,0.234869246456496,0.276230289358773,1.11441634923304,NA,0.233539934454242
"spherical","09902.png",9902,0.23710437615494,0.278074094026535,1.11769876518631,NA,0.234312080275601
"spherical","09905.png",9905,0.237607628838653,0.278473046851688,1.16235677256958,NA,0.23332482156919
"spherical","09908.png",9908,0.235084592857597,0.276169312668705,1.09047933306468,NA,0.230211197369482
"spherical","09911.png",9911,0.235899495640194,0.276937440755538,1.08898154377473,NA,0.232180159686026
"spherical","09915.png",9915,0.235110298861306,0.276347923912897,1.09838693203885,NA,0.233771551735854
"spherical","09918.png",9918,0.236698517657062,0.277720322085885,1.11177932958649,NA,0.234599420354844
"spherical","09921.png",9921,0.237982752928647,0.278855063655583,1.14910316917436,NA,0.234680058358309
"spherical","09924.png",9924,0.234880444921071,0.276056243510407,1.10743707291428,NA,0.229266626622401
"spherical","09927.png",9927,0.235290039979856,0.276343830472792,1.08113438188095,NA,0.232532771377968
"spherical","09931.png",9931,0.234915118136029,0.276111024998736,1.11497183050562,NA,0.232974059768928
"spherical","09934.png",9934,0.238325543754292,0.279131016658164,1.15170423928251,NA,0.235005528272809
"spherical","09937.png",9937,0.236873965722308,0.277822967754577,1.14871051586023,NA,0.232802923713709
"spherical","09940.png",9940,0.235454121326353,0.276501929491109,1.11114793352651,NA,0.230273023687455
"spherical","09943.png",9943,0.235533892181912,0.276520672428204,1.08449516301312,NA,0.231591328355574
"spherical","09947.png",9947,0.233909220684702,0.275279592898551,1.09656794688613,NA,0.232061474591303
"spherical","09950.png",9950,0.237832225588598,0.278808101294483,1.14042510038429,NA,0.234743153700905
"spherical","09953.png",9953,0.236131671938561,0.27719717655028,1.12256088697853,NA,0.230694446073298
"spherical","09956.png",9956,0.236157722561137,0.277254180350419,1.11160557509872,NA,0.231221877344401
"spherical","09959.png",9959,0.235199197231274,0.276265109914827,1.08563939865941,NA,0.230797468041612
"spherical","09963.png",9963,0.234185513729396,0.275520728194739,1.1038905211543,NA,0.232715529252286
"spherical","09966.png",9966,0.237777522382116,0.278667135886949,1.12390028332234,NA,0.235942869171848
"spherical","09969.png",9969,0.236902163079137,0.277860315586483,1.14082964530129,NA,0.232505988875557
"spherical","09972.png",9972,0.23486629211874,0.276013237874269,1.11448275604756,NA,0.229282213316371
"spherical","09975.png",9975,0.23623957179559,0.27721544872499,1.09010141889748,NA,0.233284971726967
"spherical","09979.png",9979,0.233517921666949,0.274951252416109,1.09984883653259,NA,0.231042865624325
"spherical","09982.png",9982,0.235756841668528,0.276889367353209,1.10642742147225,NA,0.233797878630968
"spherical","09985.png",9985,0.238047652728558,0.278952208960427,1.12566497117338,NA,0.235957587906036
"spherical","09988.png",9988,0.236974296175573,0.277925655269555,1.14630930477411,NA,0.232662164853052
"spherical","09991.png",9991,0.235926642541834,0.27698142793438,1.11055535250179,NA,0.232139078859372
"spherical","09995.png",9995,0.234713076136762,0.275800250532347,1.08218764115638,NA,0.231715513869477
"spherical","09998.png",9998,0.234850550060961,0.276108307825799,1.10260472241028,NA,0.2333688282001
"spherical","10001.png",10001,0.235535281960241,0.276643727246958,1.11776533532535,NA,0.232989046668225
"spherical","10004.png",10004,0.238537294845006,0.279392643840613,1.15218700814297,NA,0.234896748790661
"spherical","10007.png",10007,0.236192080390207,0.277193982859375,1.11933217061017,NA,0.231003227295367
"spherical","10011.png",10011,0.235545725440308,0.276573949866616,1.08699477526185,NA,0.231414519041655
"spherical","10014.png",10014,0.235003777458118,0.276128337962984,1.09002111834324,NA,0.233464867142312
"spherical","10017.png",10017,0.234399114781009,0.275735876377325,1.11049193003506,NA,0.232747620206141
"spherical","10020.png",10020,0.238229656665933,0.279100852167586,1.13832701927495,NA,0.235473946426206
"spherical","10023.png",10023,0.236931149484981,0.277851215278211,1.15049139221563,NA,0.232812917851077
"spherical","10027.png",10027,0.235010815308608,0.276114942034306,1.11884330243612,NA,0.230658950077728
"spherical","10030.png",10030,0.236001142226397,0.276961495273116,1.08949068180432,NA,0.233817481059473
"spherical","10033.png",10033,0.235620145510691,0.276754742355405,1.09120323858445,NA,0.234858739338751
"spherical","10036.png",10036,0.234885621245067,0.276155042969669,1.10049810765571,NA,0.232932623964881
"spherical","10039.png",10039,0.2382199256316,0.278988836558301,1.15009037945531,NA,0.234765741966991
"spherical","10043.png",10043,0.235297543202784,0.2763965735581,1.10141078087319,NA,0.230488567018868
"spherical","10046.png",10046,0.235401326135564,0.276399201937723,1.0979850484648,NA,0.233889841833568
"spherical","10049.png",10049,0.233774381046089,0.275126380239814,1.10122932524085,NA,0.23215752493826
"spherical","10052.png",10052,0.23685971681431,0.277872660896833,1.12740999619665,NA,0.234693531705046
"spherical","10055.png",10055,0.237697857179518,0.27857186911096,1.14711173441705,NA,0.233306725004717
"spherical","10059.png",10059,0.235301393291277,0.276420260094749,1.12059488814261,NA,0.230387134490159
"spherical","10062.png",10062,0.233671559994073,0.27491619076775,1.10353039272121,NA,0.227858239288999
"spherical","10065.png",10065,0.235920037125005,0.276991596179658,1.09851991004919,NA,0.231337825783085
"spherical","10068.png",10068,0.235149851024539,0.276125288287615,1.08820569342508,NA,0.23300121380318
"spherical","10071.png",10071,0.234612714637127,0.275906468209892,1.09092177800271,NA,0.233076563570221
"spherical","10075.png",10075,0.237522013929187,0.278446189088308,1.11352196826094,NA,0.235561148077587
"spherical","10078.png",10078,0.238362903433164,0.27923522300555,1.12831880065199,NA,0.233959674979601
"spherical","10081.png",10081,0.2357053765213,0.276786498932017,1.09440233611342,NA,0.230848192420861
"spherical","10084.png",10084,0.235790999766947,0.27678925287217,1.08990111062566,NA,0.233046777599518
"spherical","10087.png",10087,0.234966284702379,0.276251627461354,1.09714939182493,NA,0.233367617817781
"spherical","10091.png",10091,0.236129599745461,0.277257417899299,1.1126309847368,NA,0.233370101360064
"spherical","10094.png",10094,0.237085646399876,0.278064798114509,1.12850066306696,NA,0.234670762428152
"spherical","10097.png",10097,0.237521006871959,0.278380570780661,1.15714181749749,NA,0.233279478441741
"spherical","10100.png",10100,0.235220275235619,0.276298584463634,1.13379930306852,NA,0.230261197079559
"spherical","10103.png",10103,0.234607591340852,0.275756110770906,1.11031730940896,NA,0.229035761752039
"spherical","10107.png",10107,0.235661899298142,0.276706843925484,1.0935960026384,NA,0.232882731923368
"spherical","10110.png",10110,0.235321597600351,0.27656341164814,1.09436447067687,NA,0.234113914247819
"spherical","10113.png",10113,0.236646377925447,0.27768336636196,1.1156707461968,NA,0.234938811246489
"spherical","10116.png",10116,0.238071105751,0.278914498621157,1.14711113510504,NA,0.234534079410177
"spherical","10119.png",10119,0.236138447201183,0.277124649086627,1.13472589571818,NA,0.231554175591175
"spherical","10123.png",10123,0.234491433344623,0.275580702211176,1.08981590493064,NA,0.230146810645525
"spherical","10126.png",10126,0.235440501938132,0.276426827653429,1.09214059587672,NA,0.233526144170698
"spherical","10129.png",10129,0.235012072208503,0.276346365010052,1.100504283469,NA,0.233135585881457
"spherical","10132.png",10132,0.236871853230993,0.277876637370348,1.11927347326717,NA,0.23437535937931
"spherical","10135.png",10135,0.23760594966435,0.278495700890462,1.15387738938907,NA,0.234437318252017
"spherical","10139.png",10139,0.236680680746924,0.277619361175323,1.13438502781424,NA,0.232464580729221
"spherical","10142.png",10142,0.233148894696703,0.274401926745861,1.12275727427068,NA,0.227571133841877
"spherical","10145.png",10145,0.2353344633678,0.276441126091659,1.10348143372469,NA,0.231107445070837
"spherical","10148.png",10148,0.235715197370558,0.276619472831552,1.09173955727807,NA,0.23361837676633
"spherical","10151.png",10151,0.236172354272987,0.277096941078021,1.09346701611807,NA,0.233892116726099
"spherical","10155.png",10155,0.235035246911957,0.276349903050647,1.10547609384367,NA,0.233324633402159
"spherical","10158.png",10158,0.23606706166527,0.277183845415122,1.10370901128151,NA,0.234211240285352
"spherical","10161.png",10161,0.239027096717173,0.279896195909404,1.14189275487407,NA,0.235718675563179
"spherical","10164.png",10164,0.238069536919938,0.278910524270428,1.14272076302968,NA,0.234470368653563
"spherical","10167.png",10167,0.234928692329742,0.276033663791039,1.12752474213541,NA,0.230047110666394
"spherical","10171.png",10171,0.235990232804038,0.276963071212631,1.0896840950328,NA,0.232509670585177
"spherical","10174.png",10174,0.234411806242277,0.275591147017949,1.09192104029536,NA,0.232529150493916
"spherical","10177.png",10177,0.234408615464205,0.275716216325952,1.1081077154223,NA,0.233032533096804
"spherical","10180.png",10180,0.236512095119855,0.277562810608409,1.1255960556183,NA,0.233632454821328
"spherical","10183.png",10183,0.235862983825966,0.276926703577653,1.11640836016185,NA,0.233730069728171
"spherical","10187.png",10187,0.237185823646595,0.278048641885339,1.13941586358668,NA,0.233724703084957
"spherical","10190.png",10190,0.235223422167304,0.276342577217121,1.10554833418084,NA,0.230430194178704
"spherical","10193.png",10193,0.235461684380331,0.276468314228232,1.07873461166287,NA,0.232411957878238
"spherical","10196.png",10196,0.235085992017495,0.276141456374238,1.08653053975698,NA,0.233197012821376
"spherical","10199.png",10199,0.23457713893134,0.27586089615643,1.09667753556611,NA,0.233000778779134
"spherical","10203.png",10203,0.235578669282838,0.276774228405906,1.10337209745415,NA,0.234390854793611
"spherical","10206.png",10206,0.235745394395804,0.276884128693677,1.12218589611392,NA,0.233781120063003
"spherical","10209.png",10209,0.23792194138843,0.278768538288501,1.16813992865374,NA,0.234297697059114
"spherical","10212.png",10212,0.236911874104297,0.277807763960352,1.13594156660268,NA,0.232638220571611
"spherical","10215.png",10215,0.236293336658143,0.277258007104032,1.13224553686773,NA,0.2317777008635
"spherical","10219.png",10219,0.234332681880716,0.275494291330117,1.10335168820063,NA,0.229275478633526
"spherical","10222.png",10222,0.235637855772255,0.276636487697114,1.07615725423378,NA,0.23231790364554
"spherical","10225.png",10225,0.234776126592943,0.275884845072204,1.08400530389984,NA,0.2329501487623
"spherical","10228.png",10228,0.23620465697763,0.277211070960947,1.09710843443201,NA,0.234626456336433
"spherical","10231.png",10231,0.234594535658142,0.275880972559362,1.09628713170383,NA,0.23278876794495
"spherical","10235.png",10235,0.237677842594709,0.278628669955332,1.11191999399051,NA,0.235564591652109
"spherical","10238.png",10238,0.237534303255902,0.278461939019524,1.14327275976169,NA,0.234219705822178
"spherical","10241.png",10241,0.237171607655954,0.2780757919674,1.14844476933914,NA,0.232814788714141
"spherical","10244.png",10244,0.23479259113265,0.275959773224463,1.11180544546039,NA,0.229442650292396
"spherical","10247.png",10247,0.23442650945862,0.275571593097083,1.09543120883833,NA,0.22935775476892
"spherical","10251.png",10251,0.235377608544164,0.276424716775775,1.08943459728128,NA,0.231260252448799
"spherical","10254.png",10254,0.235834665948006,0.276881834531888,1.08517313920576,NA,0.234195213264207
"spherical","10257.png",10257,0.234740412043891,0.276073688926112,1.10470525859962,NA,0.233403646249482
"spherical","10260.png",10260,0.235973008883431,0.277100638434472,1.11902256700317,NA,0.234822415625499
"spherical","10263.png",10263,0.237168174582297,0.278128714527115,1.13047889029162,NA,0.234786961728054
"spherical","10267.png",10267,0.236969535892468,0.27795480715023,1.12503360109934,NA,0.234522292231886
"spherical","10270.png",10270,0.23639059172846,0.27741260653119,1.13220685563718,NA,0.233206692169222
"spherical","10273.png",10273,0.236034237298832,0.277017974412411,1.13675052827855,NA,0.232312284186328
"spherical","10276.png",10276,0.234872412899134,0.275918751775684,1.11987234089545,NA,0.230508034274912
"spherical","10279.png",10279,0.234629101618062,0.275707183458452,1.10726759609847,NA,0.229884047516928
"spherical","10283.png",10283,0.23483198062504,0.275875366491004,1.08535750033475,NA,0.23206222676357
"spherical","10286.png",10286,0.236028124651006,0.276923519262416,1.07792931247408,NA,0.234017959130969
"spherical","10289.png",10289,0.235743691106725,0.276918273980646,1.08865827086588,NA,0.234407952816703
"spherical","10292.png",10292,0.236237073754908,0.277279338014744,1.11051874624152,NA,0.23454919229677
"spherical","10295.png",10295,0.237792183865242,0.278687387468954,1.13272427024389,NA,0.235211447257582
"spherical","10299.png",10299,0.236813856656178,0.277724129464469,1.12588707894986,NA,0.232478358668864
"spherical","10302.png",10302,0.234370957048641,0.275552046350701,1.11870519325205,NA,0.229209819439679
"spherical","10305.png",10305,0.234974111109857,0.276097951338623,1.098556677169,NA,0.230244142923007
"spherical","10308.png",10308,0.236290171342146,0.277084540467827,1.08351868328839,NA,0.23284759471927
"spherical","10311.png",10311,0.235145526859092,0.276126460344347,1.08743401722535,NA,0.232476150610691
"spherical","10315.png",10315,0.236720568830705,0.277520565637434,1.09126888825759,NA,0.234387013349427
"spherical","10318.png",10318,0.236286680101946,0.277183761776325,1.09508737127419,NA,0.234653793121482
"spherical","10321.png",10321,0.234928386253573,0.276057357151868,1.09754904809456,NA,0.233053351997325
"spherical","10324.png",10324,0.235263505277986,0.276534938985022,1.09611708566417,NA,0.233343983769319
"spherical","10327.png",10327,0.238290611773599,0.279193330683568,1.13041981271547,NA,0.235734179394235
"spherical","10331.png",10331,0.236869361911874,0.277789563727012,1.14942222902795,NA,0.233839903439251
"spherical","10334.png",10334,0.235821512130733,0.276736929748356,1.14963606833613,NA,0.231380440256256
"spherical","10337.png",10337,0.234524777993476,0.275632778512955,1.12883771082694,NA,0.229479576561294
"spherical","10340.png",10340,0.234091138498619,0.275292174123717,1.14303642327229,NA,0.228914204051324
"spherical","10343.png",10343,0.234415442278275,0.275588229885636,1.1045104961037,NA,0.229440307525868
"spherical","10347.png",10347,0.235272349155205,0.276465188662235,1.1161196039965,NA,0.230738783954689
"spherical","10350.png",10350,0.235217791435559,0.276306521332303,1.11040926713945,NA,0.231492674922139
"spherical","10353.png",10353,0.235292586458365,0.276367591163224,1.08264336125585,NA,0.231376291835158
"spherical","10356.png",10356,0.235376202221914,0.276346022948618,1.09209058419207,NA,0.23144129773138
"spherical","10359.png",10359,0.236006013130156,0.2770543300763,1.08719856321802,NA,0.232938603257615
"spherical","10363.png",10363,0.235623196427525,0.276587545578989,1.08368695721711,NA,0.233668264850795
"spherical","10366.png",10366,0.233717836547978,0.275033161527779,1.10239290398663,NA,0.231475569712807
"spherical","10369.png",10369,0.235522911796994,0.276659103490606,1.10582141299007,NA,0.23361388350127
"spherical","10372.png",10372,0.238159163746229,0.279009768363268,1.13104784156918,NA,0.235731603855173
"spherical","10375.png",10375,0.237422569651175,0.278318799822501,1.14535420294753,NA,0.234134473013091
"spherical","10379.png",10379,0.235590843227724,0.276532197792982,1.15206123555272,NA,0.23123557491531
"spherical","10382.png",10382,0.235669259024563,0.276706640974654,1.14614086721352,NA,0.231243547047106
"spherical","10385.png",10385,0.234946531617537,0.276061305880026,1.11148535363674,NA,0.23035304260609
"spherical","10388.png",10388,0.234045613768619,0.275266422329882,1.10700193881725,NA,0.228846320991695
"spherical","10391.png",10391,0.234793757107073,0.275878231512806,1.08829306889401,NA,0.230306429497103
"spherical","10395.png",10395,0.235582058173974,0.276653970490722,1.08393156095697,NA,0.231509093603264
"spherical","10398.png",10398,0.235679210446733,0.276779402141474,1.09671955223866,NA,0.23106271022401
"spherical","10401.png",10401,0.235694734531728,0.276716486368614,1.09099724163355,NA,0.231091118713231
"spherical","10404.png",10404,0.235792102861065,0.276737685333726,1.09058798935374,NA,0.231763736629192
"spherical","10407.png",10407,0.236288940114459,0.277258955099579,1.09436041191171,NA,0.233809259938661
"spherical","10411.png",10411,0.236984391029097,0.27787037284286,1.08631779166688,NA,0.234837684912415
"spherical","10414.png",10414,0.236444908813429,0.27721195557811,1.08687062378424,NA,0.234210402798639
"spherical","10417.png",10417,0.2364902131299,0.277411441072725,1.0838958028628,NA,0.235093318520424
"spherical","10420.png",10420,0.235586534300201,0.276704717314103,1.09377093358223,NA,0.234208866863421
"spherical","10423.png",10423,0.236222668882069,0.277363927077832,1.08792650806818,NA,0.234917557267437
"spherical","10427.png",10427,0.236154097059725,0.277265349562707,1.09402664768931,NA,0.234737146679941
"spherical","10430.png",10430,0.234690051363784,0.275966111854095,1.09979877889994,NA,0.23248568777698
"spherical","10433.png",10433,0.235408005178774,0.276465331302282,1.11218653236364,NA,0.233264181791036
"spherical","10436.png",10436,0.237656856036389,0.278504345043719,1.12996970240437,NA,0.235775176157918
"spherical","10439.png",10439,0.237393377722957,0.278282069591423,1.13311532091663,NA,0.234011836302973
"spherical","10443.png",10443,0.236239718299877,0.277343243989625,1.1425843301894,NA,0.233558459922737
"spherical","10446.png",10446,0.236410472720065,0.27737784382105,1.15561151025505,NA,0.232826442559166
"spherical","10449.png",10449,0.23654290688748,0.277503843904146,1.13380788547433,NA,0.232323270304455
"spherical","10452.png",10452,0.23546749755111,0.276420117972284,1.15511778782561,NA,0.23153360226152
"spherical","10455.png",10455,0.234572456042181,0.275592072136444,1.15246031393974,NA,0.229832317051253
"spherical","10459.png",10459,0.23486551865502,0.275967467425103,1.12536947857068,NA,0.230527605449833
"spherical","10462.png",10462,0.234158654485722,0.275344954618731,1.12493809574147,NA,0.229642741117577
"spherical","10465.png",10465,0.234435704303113,0.275589198826228,1.10904256654162,NA,0.229773710762263
"spherical","10468.png",10468,0.234105910397505,0.275160726117482,1.11028249143307,NA,0.22917018722194
"spherical","10471.png",10471,0.234499004344727,0.275480522221275,1.10315259422911,NA,0.230010862626126
"spherical","10475.png",10475,0.234975511495641,0.276081674196048,1.09719620437131,NA,0.230753239106036
"spherical","10478.png",10478,0.235173330873331,0.276196419098918,1.08507113086788,NA,0.231142309106196
"spherical","10481.png",10481,0.235874587065688,0.276887362461839,1.08560420947298,NA,0.231751151032503
"spherical","10484.png",10484,0.236478370371326,0.277296159966228,1.09337610595805,NA,0.234060494036561
"spherical","10487.png",10487,0.236227298539508,0.277200040055348,1.07926204501631,NA,0.233407285924885
"spherical","10491.png",10491,0.236384871424969,0.277252186298252,1.09191072806067,NA,0.234701938149522
"spherical","10494.png",10494,0.236712386371986,0.277662667218672,1.08577520543959,NA,0.234872657941299
"spherical","10497.png",10497,0.236064247278783,0.277221963857571,1.09211142755125,NA,0.234716107059276
"spherical","10500.png",10500,0.236174549565514,0.277279273243758,1.09454383503282,NA,0.234989186616936
"spherical","10503.png",10503,0.235792750637972,0.276971464232604,1.11010934495616,NA,0.233886552416557
"spherical","10507.png",10507,0.23578059583293,0.276887316906789,1.10586090271182,NA,0.233843632914798
"spherical","10510.png",10510,0.235723130871862,0.276918134902388,1.10502952406885,NA,0.234333509105785
"spherical","10513.png",10513,0.235209075054901,0.276369584066032,1.10173826290425,NA,0.233430153150336
"spherical","10516.png",10516,0.23644031248272,0.277625297815019,1.090810383119,NA,0.234542687747617
"spherical","10519.png",10519,0.235826939867882,0.276923901634195,1.10528724225928,NA,0.234273667378595
"spherical","10523.png",10523,0.235950203167589,0.27710182432336,1.10351440221447,NA,0.234250531117364
"spherical","10526.png",10526,0.23611434742703,0.277233351046634,1.1097656196715,NA,0.234764170960177
"spherical","10529.png",10529,0.234778741031765,0.27593242905089,1.10854292515863,NA,0.23295197961625
"spherical","10532.png",10532,0.23454620685272,0.275634069750601,1.10229074135282,NA,0.232289542566314
"spherical","10535.png",10535,0.237305052408924,0.278018821594369,1.11546197780641,NA,0.235859050457657
"spherical","10539.png",10539,0.23690558361841,0.277855638964304,1.12432095079881,NA,0.234321659076477
"spherical","10542.png",10542,0.23702721320871,0.277882395027537,1.14603384542346,NA,0.234468543971965
"spherical","10545.png",10545,0.237012544429763,0.277963306329803,1.14350668082915,NA,0.233853322465353
"spherical","10548.png",10548,0.23617932942576,0.277074804965131,1.14347161456599,NA,0.23225178425681
"spherical","10551.png",10551,0.235569519439712,0.276501292576332,1.13919023521856,NA,0.231364248128706
"spherical","10555.png",10555,0.235568903460816,0.276499768954126,1.14292073103674,NA,0.2313370508701
"spherical","10558.png",10558,0.23457950490727,0.275621309493504,1.13743552724902,NA,0.230285027573342
"spherical","10561.png",10561,0.234839217393654,0.275818039179022,1.14689591022763,NA,0.231123254055031
"spherical","10564.png",10564,0.23525033757143,0.276327976300066,1.12811605243652,NA,0.232906674621966
"spherical","10567.png",10567,0.235390394635004,0.276453851169876,1.13450812194362,NA,0.232508595655717
"spherical","10571.png",10571,0.235128503736431,0.275983013684282,1.13550069802474,NA,0.230942432513933
"spherical","10574.png",10574,0.234853083242048,0.275848899099022,1.13635046746268,NA,0.230847916550375
"spherical","10577.png",10577,0.234145790154015,0.275252959541649,1.14355990521185,NA,0.229587430293469
"spherical","10580.png",10580,0.234564133027203,0.275593388203216,1.15508964389604,NA,0.229875160361404
"spherical","10583.png",10583,0.234914396631001,0.275992401260027,1.12636075062197,NA,0.230277661107602
"spherical","10587.png",10587,0.234976413794697,0.275987310527064,1.13451116679126,NA,0.231426718198328
"spherical","10590.png",10590,0.235299536447007,0.276226866210374,1.14029763306086,NA,0.231700719426347
"spherical","10593.png",10593,0.235187969126216,0.276165421406288,1.12430177233076,NA,0.232030570801073
"spherical","10596.png",10596,0.235595982935719,0.276689209185643,1.13622015324689,NA,0.232847668118657
"spherical","10599.png",10599,0.233891350950107,0.275088882931404,1.13204706906229,NA,0.231275674685334
"spherical","10603.png",10603,0.234928380020726,0.276050030412039,1.11679995035061,NA,0.23298107376593
"spherical","10606.png",10606,0.23500575853601,0.276047264940743,1.1199267970342,NA,0.232648383473755
"spherical","10609.png",10609,0.235068619158767,0.276176458992655,1.1274566797265,NA,0.233295564931984
"spherical","10612.png",10612,0.23543955588463,0.276526911253085,1.12809102967464,NA,0.233334455076317
"spherical","10615.png",10615,0.236986299903869,0.277882488541333,1.14731545849476,NA,0.233251393791962
"spherical","10619.png",10619,0.236793157041602,0.277603769364906,1.14172441967867,NA,0.232498118111326
"spherical","10622.png",10622,0.235791947435422,0.276777470430142,1.12399296203482,NA,0.232820360445268
"spherical","10625.png",10625,0.2358562773178,0.276800970306024,1.13074552152897,NA,0.233820735342562
"spherical","10628.png",10628,0.234710005138683,0.275795430308914,1.11156541947397,NA,0.232608796634393
"spherical","10631.png",10631,0.234676030411966,0.275770017793219,1.10864987297113,NA,0.232741058578616
"spherical","10635.png",10635,0.233857787373873,0.275021422749536,1.12417427755789,NA,0.23128527301309
"spherical","10638.png",10638,0.23481523339674,0.275966557357313,1.09614316823063,NA,0.232862290639855
"spherical","10641.png",10641,0.23453946129656,0.275844491987125,1.10194027780553,NA,0.232353767817947
"spherical","10644.png",10644,0.234821929799541,0.276051061982384,1.10235783852235,NA,0.232650519439602
"spherical","10647.png",10647,0.23628162465677,0.277285748982515,1.09391968030256,NA,0.234108327893604
"spherical","10651.png",10651,0.236591578434259,0.277566075013276,1.09128954322917,NA,0.233656908084268
"spherical","10654.png",10654,0.237213257639651,0.278136358763438,1.08644704368539,NA,0.23458229351892
"spherical","10657.png",10657,0.236674243722884,0.277528252648931,1.07940726119197,NA,0.233901737013526
"spherical","10660.png",10660,0.23797416617381,0.278794700951627,1.08273202187307,NA,0.235590727476587
"spherical","10663.png",10663,0.237008993983746,0.277737813478361,1.08072983698503,NA,0.233046952204963
"spherical","10667.png",10667,0.2358960494123,0.276879698997634,1.09899506039263,NA,0.231253484054845
"spherical","10670.png",10670,0.235078768084474,0.276130449091353,1.11500658769198,NA,0.230181156270545
"spherical","10673.png",10673,0.235814736347726,0.276946970470226,1.10759529620316,NA,0.231378259755919
"spherical","10676.png",10676,0.23554453077692,0.276532337510173,1.12011031316783,NA,0.230879746722254
"spherical","10679.png",10679,0.234816719215221,0.275914785836748,1.13289259249366,NA,0.229743055436174
"spherical","10683.png",10683,0.234182287758012,0.275452838747311,1.11367196252369,NA,0.228674500205461
"spherical","10686.png",10686,0.235470413392373,0.276493742668158,1.13776155269592,NA,0.231192805357142
"spherical","10689.png",10689,0.235907831893582,0.276965136752725,1.14307409878026,NA,0.231133757254863
"spherical","10692.png",10692,0.235264486854639,0.27644309540901,1.12821811444472,NA,0.23065419261142
"spherical","10695.png",10695,0.235231511441426,0.27631770593747,1.12929958977935,NA,0.230515097444797
"spherical","10699.png",10699,0.235859719339627,0.276823706863828,1.14619099922826,NA,0.23136701754909
"spherical","10702.png",10702,0.235014072618363,0.276079320874244,1.15030335257763,NA,0.230706758230814
"spherical","10705.png",10705,0.235107720507522,0.276126136418173,1.14114776090988,NA,0.231743713933056
"spherical","10708.png",10708,0.2339061837784,0.274984653295176,1.1164080583273,NA,0.23144829524641
"spherical","10711.png",10711,0.234439471644765,0.275558474855541,1.10209577810561,NA,0.233140575895147
"spherical","10715.png",10715,0.234475654908629,0.275498545759557,1.10131766040162,NA,0.232544547524712
"spherical","10718.png",10718,0.233526662463716,0.274871747597868,1.10458077248091,NA,0.230469508234047
"spherical","10721.png",10721,0.236644040469537,0.277671651658901,1.07948994000424,NA,0.235208827357608
"spherical","10724.png",10724,0.233925344359968,0.275157136571936,1.10252124229327,NA,0.231131680458178
"spherical","10727.png",10727,0.235605774716787,0.276651133148533,1.0927437259688,NA,0.23322363363357
"spherical","10731.png",10731,0.236839328657613,0.277779374366863,1.08122009091578,NA,0.234061595951487
"spherical","10734.png",10734,0.237397654622829,0.278201338600967,1.09320141946747,NA,0.234799001310576
"spherical","10737.png",10737,0.236828447366687,0.277735120815732,1.08569062102125,NA,0.232846389734027
"spherical","10740.png",10740,0.236163547740666,0.276970875755167,1.09976028386474,NA,0.231351062405928
"spherical","10743.png",10743,0.236312369549094,0.277413836673605,1.0997201007596,NA,0.231728250897574
"spherical","10747.png",10747,0.234247253987707,0.275297110296868,1.11530649222603,NA,0.228837695578782
"spherical","10750.png",10750,0.235668778991068,0.276703116590932,1.12962499962593,NA,0.230682672135548
"spherical","10753.png",10753,0.234634612159792,0.275653783987196,1.12732070383297,NA,0.229438996718042
"spherical","10756.png",10756,0.23572371172162,0.276679910757897,1.14893687200762,NA,0.232279703262655
"spherical","10759.png",10759,0.234353896799822,0.275539111656359,1.11040520843662,NA,0.2317337577162
"spherical","10763.png",10763,0.23428351313488,0.275443795316124,1.11093563530783,NA,0.232180727871749
"spherical","10766.png",10766,0.233150523062932,0.274120014156286,1.11850808254968,NA,0.230055766188877
"spherical","10769.png",10769,0.234708891603269,0.275904675157772,1.11189764395539,NA,0.232862800071871
"spherical","10772.png",10772,0.234705122820262,0.275911565464628,1.09147182157309,NA,0.232888683495234
"spherical","10775.png",10775,0.235921640019889,0.276750488705096,1.0937602915227,NA,0.233260014637213
"spherical","10779.png",10779,0.236630195459132,0.277446924581838,1.08378290061689,NA,0.23375303357016
"spherical","10782.png",10782,0.236423170681896,0.277302902673469,1.08851243209989,NA,0.232069956342363
"spherical","10785.png",10785,0.235999649657193,0.276967903586907,1.10295890868027,NA,0.230729284989678
"spherical","10788.png",10788,0.236620063327197,0.277585472212159,1.10498193498072,NA,0.232227121431771
"spherical","10791.png",10791,0.23564867943063,0.276629620588328,1.08499700446073,NA,0.23117498704701
"spherical","10795.png",10795,0.235251529421061,0.276339684469166,1.09396001395955,NA,0.2304786213584
"spherical","10798.png",10798,0.235894721759694,0.276717485007636,1.09534934439967,NA,0.231967169198585
"spherical","10801.png",10801,0.235985492714209,0.27695532226644,1.09919556480011,NA,0.231524049164791
"spherical","10804.png",10804,0.235343210600944,0.27628113449302,1.14837450506858,NA,0.23064527827014
"spherical","10807.png",10807,0.236653722553206,0.277548425170607,1.14056946742575,NA,0.233944990065177
"spherical","10811.png",10811,0.233970328505787,0.275256699995975,1.10610599039446,NA,0.232181572188766
"spherical","10814.png",10814,0.234263061925449,0.275573763003517,1.10931788006499,NA,0.232363975815042
"spherical","10817.png",10817,0.235366387686822,0.276591716332865,1.09627107406778,NA,0.233680446100696
"spherical","10820.png",10820,0.234974298923502,0.276141552160157,1.11339772542987,NA,0.23314091983584
"spherical","10823.png",10823,0.23566318075908,0.276783751814992,1.09611855653403,NA,0.234391049557904
"spherical","10827.png",10827,0.237016724375547,0.277940252057439,1.08669454983438,NA,0.235401777354692
"spherical","10830.png",10830,0.237057398730865,0.277938444106151,1.09680723606924,NA,0.234691726631476
"spherical","10833.png",10833,0.237972105737144,0.278800909520316,1.08329225315234,NA,0.235148338133557
"spherical","10836.png",10836,0.235721435642645,0.276533064375305,1.08961759460163,NA,0.231215730822702
"spherical","10839.png",10839,0.236317158364421,0.277211731570724,1.12812510931043,NA,0.231544512532279
"spherical","10843.png",10843,0.236541400694911,0.277442534358491,1.13330085618282,NA,0.234096851757788
"spherical","10846.png",10846,0.23427766878311,0.275420138629878,1.11891119738378,NA,0.232280714438962
"spherical","10849.png",10849,0.234292061992209,0.275609359546229,1.09973481146004,NA,0.232636907171786
"spherical","10852.png",10852,0.233705200672451,0.274813841664706,1.11122863797182,NA,0.231911084135349
"spherical","10855.png",10855,0.236216155906435,0.277276046984019,1.08176673023283,NA,0.2345349842899
"spherical","10859.png",10859,0.236064750674893,0.27699382210505,1.08508902955121,NA,0.233520812389611
"spherical","10862.png",10862,0.236495419126488,0.277348039821113,1.08369684053058,NA,0.234040877009304
"spherical","10865.png",10865,0.236310909248872,0.277272052531165,1.07895153077053,NA,0.232776388824995
"spherical","10868.png",10868,0.236662580271018,0.277413034427539,1.08534725614982,NA,0.232033351552484
"spherical","10871.png",10871,0.23685524999798,0.277810163884407,1.11959016533406,NA,0.232298940388594
"spherical","10875.png",10875,0.236640527855477,0.277632700417869,1.13642592577844,NA,0.232063706868721
"spherical","10878.png",10878,0.235627320345565,0.276476227978624,1.13696412102049,NA,0.231074087331552
"spherical","10881.png",10881,0.235300962570478,0.27636800805745,1.1226599743436,NA,0.23211910974993
"spherical","10884.png",10884,0.232934798124541,0.27424918800476,1.10843698679572,NA,0.230289142168707
"spherical","10887.png",10887,0.233091597426912,0.274486061150371,1.10352448663257,NA,0.230583414352492
"spherical","10891.png",10891,0.236365489425556,0.277341505412727,1.09932770741084,NA,0.233918651765519
"spherical","10894.png",10894,0.235736897433972,0.276617582514402,1.08175613962137,NA,0.231801278354284
"spherical","10897.png",10897,0.237085650862845,0.27785842601555,1.07508542041426,NA,0.232690091218179
"spherical","10900.png",10900,0.236611913768094,0.277692201549563,1.11993410729471,NA,0.231946693958958
"spherical","10903.png",10903,0.236411652635547,0.277282718842411,1.14264720815646,NA,0.232078120544539
"spherical","10907.png",10907,0.235517152054405,0.276470982099653,1.12646204638081,NA,0.23277562944339
"spherical","10910.png",10910,0.233244778982206,0.274375230317521,1.11598006153483,NA,0.23134091869238
"spherical","10913.png",10913,0.233386021945415,0.274881682776029,1.12252794269785,NA,0.230650857369945
"spherical","10916.png",10916,0.235366072194116,0.276365994908765,1.09362977538629,NA,0.233078676201848
"spherical","10919.png",10919,0.236662196117897,0.277547184669395,1.089501245324,NA,0.233414805462404
"spherical","10923.png",10923,0.235827794394598,0.27680690940886,1.10037256537629,NA,0.230630034860951
"spherical","10926.png",10926,0.23622350836207,0.277213867254697,1.09476986309609,NA,0.231618018131183
"spherical","10929.png",10929,0.23431289411682,0.275529341820151,1.12793814108315,NA,0.228837919201134
"spherical","10932.png",10932,0.235272924104383,0.276370636519064,1.16021111662172,NA,0.230567949850404
"spherical","10935.png",10935,0.235978206493024,0.277016357411307,1.14420911088273,NA,0.233145388260479
"spherical","10939.png",10939,0.234838833886517,0.275939550271361,1.10915405020411,NA,0.232350855781853
"spherical","10942.png",10942,0.234184437661357,0.275520921658443,1.10705929568929,NA,0.231721952998848
"spherical","10945.png",10945,0.233884476627189,0.275102447789127,1.09860433062717,NA,0.231155058400222
"spherical","10948.png",10948,0.236941987424843,0.27791516743288,1.1095821786989,NA,0.235450553049687
"spherical","10951.png",10951,0.235465850107017,0.276363763346985,1.09840672743263,NA,0.23112928392585
"spherical","10955.png",10955,0.237883278714205,0.278715087551091,1.14369679924358,NA,0.233563479783212
"spherical","10958.png",10958,0.236479103212052,0.277345747406029,1.1342153549477,NA,0.232773172833201
"spherical","10961.png",10961,0.234820423496168,0.275645485443932,1.13281935700279,NA,0.232014679025304
"spherical","10964.png",10964,0.233507377362563,0.274667053911304,1.11162979101532,NA,0.231448922212713
"spherical","10967.png",10967,0.234741833080616,0.275876602709368,1.09139795986716,NA,0.233565955463756
"spherical","10971.png",10971,0.236102691487728,0.277091217180191,1.10183942182658,NA,0.234035522087642
"spherical","10974.png",10974,0.236804575060703,0.277717663078783,1.07746826905034,NA,0.233283271012669
"spherical","10977.png",10977,0.236380429986733,0.277089774453303,1.08116778028926,NA,0.232379620688411
"spherical","10980.png",10980,0.235520529427605,0.276702552256761,1.12570609123832,NA,0.229936318398308
"spherical","10983.png",10983,0.238024148308999,0.278913666139382,1.14670463715806,NA,0.234539658134897
"spherical","10987.png",10987,0.235292347147998,0.276324174596327,1.12719003810932,NA,0.232495184103365
"spherical","10990.png",10990,0.235029818847181,0.276097844915139,1.1250286793959,NA,0.232782045038416
"spherical","10993.png",10993,0.231455451815303,0.272656235190266,1.10712960640279,NA,0.228800222132119
"spherical","10996.png",10996,0.234825642641779,0.2758542079599,1.08807703988793,NA,0.232673903262509
"spherical","10999.png",10999,0.235942171398583,0.276619178051272,1.08606218802096,NA,0.231629624784882
"spherical","11003.png",11003,0.236963915211674,0.277861501966032,1.14454135962786,NA,0.232280816109506
"spherical","11006.png",11006,0.236722950727627,0.277603895114192,1.12315256396828,NA,0.233558801140018
"spherical","11009.png",11009,0.234296097807641,0.275445555836571,1.11177866168485,NA,0.232239519054179
"spherical","11012.png",11012,0.23440590693502,0.275592963943756,1.10702864300946,NA,0.232119168255554
"spherical","11015.png",11015,0.234751527806021,0.275932095287493,1.10118971951902,NA,0.232707918830504
"spherical","11019.png",11019,0.236737476913253,0.277481568064086,1.08470728299267,NA,0.233210606695368
"spherical","11022.png",11022,0.235836576854031,0.276901051923002,1.10642720901612,NA,0.230905462268177
"spherical","11025.png",11025,0.236626944862965,0.27760364202457,1.14295614920673,NA,0.231618395031161
"spherical","11028.png",11028,0.237286234460705,0.278105937752823,1.14090004327772,NA,0.23347763029757
"spherical","11031.png",11031,0.234360258311897,0.275431988442251,1.13236472775584,NA,0.231246605557005
"spherical","11035.png",11035,0.233082333626076,0.274413194567668,1.10873502455982,NA,0.230773462707665
"spherical","11038.png",11038,0.234393603942618,0.275636195971093,1.09540473042267,NA,0.23265716525116
"spherical","11041.png",11041,0.235443765364767,0.276673904664654,1.09790066230769,NA,0.23389928029626
"spherical","11044.png",11044,0.235601891654364,0.276565410673604,1.08855441982445,NA,0.232484298694303
"spherical","11047.png",11047,0.236779635597799,0.277604306191033,1.07927119017334,NA,0.232831565136484
"spherical","11051.png",11051,0.235541735427676,0.276361621470418,1.13738727418856,NA,0.229827459076007
"spherical","11054.png",11054,0.235152030697343,0.275953346629209,1.12585141193522,NA,0.231925059481976
"spherical","11057.png",11057,0.234698953542522,0.27598392290569,1.09096853720612,NA,0.233025812706635
"spherical","11060.png",11060,0.235673711337041,0.276615889394134,1.09239355327762,NA,0.233648888904139
"spherical","11063.png",11063,0.237916026866699,0.278654589767758,1.07698867523976,NA,0.234448579274566
"spherical","11067.png",11067,0.235520024216234,0.276709981034262,1.1129607578232,NA,0.230128489723355
"spherical","11070.png",11070,0.235334357791383,0.276403560182363,1.13173456197897,NA,0.229981353011569
"spherical","11073.png",11073,0.236814736751057,0.277809227243833,1.13287607569171,NA,0.232670747509653
"spherical","11076.png",11076,0.236229870196103,0.277254609529278,1.13852179117106,NA,0.232872674838233
"spherical","11079.png",11079,0.23500121071723,0.276067525505428,1.12217569396135,NA,0.231345603701182
"spherical","11083.png",11083,0.234444939312376,0.275580392193181,1.09057579032622,NA,0.232517959823538
"spherical","11086.png",11086,0.235121090596537,0.276035137589928,1.09008336627806,NA,0.230057832786565
"spherical","11089.png",11089,0.236402764657464,0.277325167539251,1.13659197904775,NA,0.231560298459519
"spherical","11092.png",11092,0.236242775037238,0.277230211152944,1.1132040012678,NA,0.232702529653326
"spherical","11095.png",11095,0.233909587469589,0.275101861467986,1.11027784539365,NA,0.230994278910705
"spherical","11099.png",11099,0.235195945867014,0.276352052613167,1.10044566045062,NA,0.232164685171648
"spherical","11102.png",11102,0.235250385137784,0.276323904473458,1.08706211452172,NA,0.23128583722583
"spherical","11105.png",11105,0.237190545398456,0.27801418059358,1.07996888443342,NA,0.232750291531273
"spherical","11108.png",11108,0.236510213302817,0.277555874498687,1.08927888218546,NA,0.231584244932739
"spherical","11111.png",11111,0.236586204086137,0.277450943889743,1.13123180122657,NA,0.231369456245073
"spherical","11115.png",11115,0.235532175541034,0.276441087305668,1.11742989819949,NA,0.232560975023004
"spherical","11118.png",11118,0.233350091623622,0.274708012058629,1.10312369867978,NA,0.231069318610016
"spherical","11121.png",11121,0.236094815707211,0.277150785344945,1.09677919427249,NA,0.233248603925897
"spherical","11124.png",11124,0.236994688757701,0.277820352733504,1.09067800707044,NA,0.232096870887535
"spherical","11127.png",11127,0.236099622244241,0.277133057603386,1.12201135770654,NA,0.230048157360787
"spherical","11131.png",11131,0.235404341590983,0.276413625035602,1.11916441128192,NA,0.232080147664592
"spherical","11134.png",11134,0.234231056936897,0.275556435057678,1.11265301539484,NA,0.231509827125859
"spherical","11137.png",11137,0.234145102101946,0.275439120983352,1.10551557073822,NA,0.231295632187097
"spherical","11140.png",11140,0.236605956342643,0.277595610053685,1.09329629836685,NA,0.233258865126893
"spherical","11143.png",11143,0.237161892162628,0.278016687966437,1.09434439069635,NA,0.23263703094502
"spherical","11147.png",11147,0.238204796053893,0.278951382379174,1.13733026011633,NA,0.234090624458081
"spherical","11150.png",11150,0.235455807560201,0.276281349581249,1.12409746622143,NA,0.232543397331139
"spherical","11153.png",11153,0.23518793479985,0.276357121614992,1.11671209208391,NA,0.233775750005505
"spherical","11156.png",11156,0.235913613163679,0.276755767375326,1.08292023642324,NA,0.231801999224414
"spherical","11159.png",11159,0.235749395823443,0.276937656335559,1.10275653224648,NA,0.230407123698321
"spherical","11163.png",11163,0.235127628029644,0.276298173096248,1.13771637874078,NA,0.230546349490635
"spherical","11166.png",11166,0.235649094287366,0.276566196906842,1.12201855489043,NA,0.232768578481189
"spherical","11169.png",11169,0.233175266224258,0.27448570720419,1.10969359423261,NA,0.230528781660915
"spherical","11172.png",11172,0.234911199494393,0.276106950208205,1.09777272894152,NA,0.233090857360417
"spherical","11175.png",11175,0.236552995922919,0.277493032692073,1.09212271755617,NA,0.233061056015547
"spherical","11179.png",11179,0.235912086295822,0.27701112993792,1.1131302693922,NA,0.230860208576215
"spherical","11182.png",11182,0.236874453054051,0.277894526006834,1.13933985612897,NA,0.232586294083461
"spherical","11185.png",11185,0.233928507315853,0.275002431389929,1.12084774487921,NA,0.231164524151242
"spherical","11188.png",11188,0.23439174786585,0.275635428170315,1.09998366418593,NA,0.232687224726318
"spherical","11191.png",11191,0.235637500950242,0.276687940211811,1.08321167177455,NA,0.232322130340465
"spherical","11195.png",11195,0.236026701657494,0.276985985836637,1.12021797448283,NA,0.230125419779836
"spherical","11198.png",11198,0.23664670710047,0.27759054796589,1.14565639396861,NA,0.232364481547399
"spherical","11201.png",11201,0.235664103312643,0.276688106607399,1.11797220889408,NA,0.232730305202243
"spherical","11204.png",11204,0.234254980854815,0.275326679592117,1.11283989572078,NA,0.231978152714558
"spherical","11207.png",11207,0.234892989788159,0.276081416423232,1.09782050461053,NA,0.233039051669106
"spherical","11211.png",11211,0.236034699769954,0.277088881750839,1.11715788980972,NA,0.23060509012649
"spherical","11214.png",11214,0.236875665340586,0.277807300669701,1.13944794682731,NA,0.232597386207433
"spherical","11217.png",11217,0.235605946837192,0.276628441647908,1.11893894939395,NA,0.232829570963889
"spherical","11220.png",11220,0.234016009005119,0.275323872988534,1.11992317441098,NA,0.232259137475448
"spherical","11223.png",11223,0.236348944932224,0.277351508027998,1.10494598588681,NA,0.233790192167248
"spherical","11227.png",11227,0.236588286665853,0.277679153478438,1.09810428378929,NA,0.231558540937068
"spherical","11230.png",11230,0.237846693629713,0.278701836703192,1.14519522668052,NA,0.233849422251352
"spherical","11233.png",11233,0.235719444504206,0.276524056470904,1.13124308135977,NA,0.232685440563671
"spherical","11236.png",11236,0.233722282741778,0.274925439582744,1.10489885103078,NA,0.230983783893545
"spherical","11239.png",11239,0.234365806823244,0.275557611792549,1.09767787039188,NA,0.231941144751724
"spherical","11243.png",11243,0.235922268899227,0.276902057254679,1.10113401009352,NA,0.23053136167932
"spherical","11246.png",11246,0.236081702439274,0.276928775635145,1.11916362631853,NA,0.232697085100658
"spherical","11249.png",11249,0.23333570562365,0.274590480236945,1.1132367796609,NA,0.230751237668233
"spherical","11252.png",11252,0.235878222803823,0.276884807601385,1.11078597756313,NA,0.233975195590588
"spherical","11255.png",11255,0.236554777477303,0.277451375679805,1.0866545171605,NA,0.232408678213752
"spherical","11259.png",11259,0.235519716124495,0.276572628808241,1.1149013509075,NA,0.229651540134133
"spherical","11262.png",11262,0.236248643146282,0.277334897399457,1.14286651481952,NA,0.231795593558483
"spherical","11265.png",11265,0.23433455931783,0.275500010518941,1.11320956592979,NA,0.232462538993944
"spherical","11268.png",11268,0.23523146837235,0.276256030003253,1.09783033041271,NA,0.23299601889035
"spherical","11271.png",11271,0.236899019170411,0.277668722943305,1.08772005066114,NA,0.232302458412612
"spherical","11275.png",11275,0.237229900452807,0.278095947426457,1.13843786259229,NA,0.231769987224631
"spherical","11278.png",11278,0.235240293653778,0.276301302239038,1.12693943629524,NA,0.231194873984314
"spherical","11281.png",11281,0.235402934134989,0.276505868686095,1.1299131104928,NA,0.231425869748223
"spherical","11284.png",11284,0.23447036306136,0.275697017234248,1.0800927947874,NA,0.231382901695634
"spherical","11287.png",11287,0.234941138781342,0.276098757790552,1.08604889921646,NA,0.228080517834409
"spherical","11291.png",11291,0.235364729051145,0.276637307277959,1.10499055606259,NA,0.22840920977989
"spherical","11294.png",11294,0.23499237860077,0.276286324982508,1.11633172340144,NA,0.228663056314783
"spherical","11297.png",11297,0.236672861478648,0.277743639554115,1.09925957845678,NA,0.232358163799384
"spherical","11300.png",11300,0.233636962019505,0.274956013060632,1.11564619041574,NA,0.228140220821664
"spherical","11303.png",11303,0.23683643581734,0.277825526455979,1.1146671860905,NA,0.230615595435491
"spherical","11307.png",11307,0.237025950290239,0.278050812216468,1.11632805977759,NA,0.230905093478879
"spherical","11310.png",11310,0.235812629634568,0.276788201479165,1.134374330121,NA,0.231464981155965
"spherical","11313.png",11313,0.2362728699743,0.277395257844023,1.12851439754256,NA,0.231636799327954
"spherical","11316.png",11316,0.23615540714758,0.277224912774129,1.12956360479842,NA,0.229296238279907
"spherical","11319.png",11319,0.233716876766083,0.27518342654508,1.12903457131266,NA,0.224435383408079
"spherical","11323.png",11323,0.23600077852512,0.277019493172192,1.17867541352193,NA,0.228585801418857
"spherical","11326.png",11326,0.235522943371248,0.276739469383831,1.17548644336642,NA,0.229318669259038
"spherical","11329.png",11329,0.23275412184159,0.274267315349169,1.1499045486393,NA,0.228822917245489
"spherical","11332.png",11332,0.236300644630729,0.277374651092001,1.12337908519427,NA,0.229748649624683
"spherical","11335.png",11335,0.236218415153382,0.277208273751732,1.16924185561466,NA,0.228991719866758
"spherical","11339.png",11339,0.236193770061269,0.277098476215037,1.12795183517831,NA,0.23288506821157
"spherical","11342.png",11342,0.234090835654616,0.275465893000475,1.11177228196964,NA,0.231566508471479
"spherical","11345.png",11345,0.235176703997692,0.276158209050749,1.10316666486515,NA,0.229309446570169
"spherical","11348.png",11348,0.236492145983888,0.27742017046217,1.17318845237631,NA,0.230759690393878
"spherical","11351.png",11351,0.236759966570291,0.277689533864142,1.1286240863219,NA,0.232936604545488
"spherical","11355.png",11355,0.236201744909155,0.27706229394244,1.12593859270047,NA,0.233349196836312
"spherical","11358.png",11358,0.233322931157461,0.274557724685935,1.09985228238089,NA,0.231461086918515
"spherical","11361.png",11361,0.23650926366547,0.27760104467504,1.09837937427793,NA,0.233588646257072
"spherical","11364.png",11364,0.235963384791807,0.277024884107444,1.0908007445475,NA,0.230911862136614
"spherical","11367.png",11367,0.23620323102422,0.277217309934129,1.13670476602651,NA,0.232287741191709
"spherical","11371.png",11371,0.233600971198622,0.274933150989161,1.08591902243163,NA,0.231224487541491
"spherical","11374.png",11374,0.236416854462673,0.277375249424596,1.08360303467157,NA,0.232448399573068
"spherical","11377.png",11377,0.235985714205468,0.276931640042019,1.12902458189135,NA,0.230292130327579
"spherical","11380.png",11380,0.235625407804761,0.276517628515749,1.12971242717245,NA,0.231950614365067
"spherical","11383.png",11383,0.232732934869482,0.273907568381927,1.12484894484152,NA,0.228858689614362
"spherical","11387.png",11387,0.235633423975477,0.276734310709896,1.09696153076873,NA,0.232161277513475
"spherical","11390.png",11390,0.235827539322638,0.276793186478659,1.09846713940094,NA,0.230398862452625
"spherical","11393.png",11393,0.235815347191117,0.276836886877297,1.12461684887629,NA,0.22958675203829
"spherical","11396.png",11396,0.236705074193708,0.277639214274454,1.13215713348036,NA,0.23253035188525
"spherical","11399.png",11399,0.235342245769042,0.276437125349294,1.08475466137792,NA,0.232473160952895
"spherical","11403.png",11403,0.234753476594295,0.275999251535152,1.11016644786376,NA,0.228356664181476
"spherical","11406.png",11406,0.237356595481575,0.27831705341085,1.14386976988697,NA,0.232729307969029
"spherical","11409.png",11409,0.23384585384349,0.275034664987371,1.1150417974922,NA,0.230147207585021
"spherical","11412.png",11412,0.235138941467497,0.276312185391841,1.11152850963957,NA,0.231983670527996
"spherical","11415.png",11415,0.236132232861257,0.276989810555747,1.08413020144166,NA,0.230387595967952
"spherical","11419.png",11419,0.237122115667684,0.278098426723277,1.12970664994295,NA,0.231744687697991
"spherical","11422.png",11422,0.235467634330046,0.276457582573566,1.12399917145088,NA,0.231439544431198
"spherical","11425.png",11425,0.233680543775211,0.274934497743054,1.11953403713605,NA,0.231212366595104
"spherical","11428.png",11428,0.236791568680887,0.277750107850915,1.09736744712638,NA,0.234209434744793
"spherical","11431.png",11431,0.236017441249434,0.277098110798676,1.11098797984802,NA,0.229666183559231
"spherical","11435.png",11435,0.236768945875288,0.2776064498475,1.12932497886633,NA,0.233189908380091
"spherical","11438.png",11438,0.233490591099484,0.274918072044706,1.09578562088031,NA,0.230816927568293
"spherical","11441.png",11441,0.234875961072691,0.275952588551958,1.10990584464236,NA,0.228998616203989
"spherical","11444.png",11444,0.235678004174781,0.276750998791852,1.13548432249038,NA,0.229779067234866
"spherical","11447.png",11447,0.237085919721152,0.277963222417356,1.12998040089217,NA,0.234026521744901
"spherical","11451.png",11451,0.233065545887035,0.274551244526669,1.10059920830888,NA,0.230027998377911
"spherical","11454.png",11454,0.236544802913019,0.27755361354258,1.08100562248472,NA,0.233866026741362
"spherical","11457.png",11457,0.236565190287398,0.277422721298957,1.0947120686537,NA,0.231559620899607
"spherical","11460.png",11460,0.23746292696549,0.278275273873137,1.12483780331479,NA,0.232213611825517
"spherical","11463.png",11463,0.236726742091217,0.277535131810069,1.12855738631942,NA,0.233965770551538
"spherical","11467.png",11467,0.235180792896338,0.2762695658006,1.10068719949164,NA,0.232091193674728
"spherical","11470.png",11470,0.235780664058644,0.276866938414927,1.11353530702748,NA,0.23005578724562
"spherical","11473.png",11473,0.236214669461843,0.277141190616657,1.11439963856997,NA,0.232585022150999
"spherical","11476.png",11476,0.234606726237924,0.275713182895853,1.10912009143171,NA,0.231326841076427
"spherical","11479.png",11479,0.234207531724211,0.275518621967752,1.0925392055502,NA,0.231585083069408
"spherical","11483.png",11483,0.234939738770011,0.276028441788478,1.09922434661483,NA,0.229062068328653
"spherical","11486.png",11486,0.236648779293884,0.277568949208094,1.14722582042592,NA,0.230851157493817
"spherical","11489.png",11489,0.235365767561868,0.27638883450508,1.10581157666475,NA,0.232042853334886
"spherical","11492.png",11492,0.235669305395473,0.276723548116276,1.09288519448524,NA,0.232997450064174
"spherical","11495.png",11495,0.236441878735195,0.277314809934401,1.06922932064211,NA,0.232031714263088
"spherical","11499.png",11499,0.236296905007755,0.277265770641018,1.12952428737279,NA,0.230542333382941
"spherical","11502.png",11502,0.235825757298421,0.276770415294444,1.11758039072873,NA,0.232044330071859
"spherical","11505.png",11505,0.23385574523284,0.275187902739,1.11032849693294,NA,0.231538263906274
"spherical","11508.png",11508,0.236559478230385,0.277473043429263,1.0871860305244,NA,0.232766926200575
"spherical","11511.png",11511,0.235555260427459,0.276673053336574,1.1212747176883,NA,0.228951066909592
"spherical","11515.png",11515,0.235569690650109,0.276541992984141,1.12752195617959,NA,0.232372272725728
"spherical","11518.png",11518,0.234660155208252,0.275869211544698,1.09471966429535,NA,0.232542451174021
"spherical","11521.png",11521,0.236412546372058,0.277420019692147,1.08793899851226,NA,0.233739791084655
"spherical","11524.png",11524,0.236052041377668,0.27707329197816,1.10516704377009,NA,0.230683696037713
"spherical","11527.png",11527,0.237397727931046,0.278292813597337,1.12345384643927,NA,0.23379827811601
"spherical","11531.png",11531,0.234268706012778,0.275541923561159,1.10201587350797,NA,0.231632790164528
"spherical","11534.png",11534,0.23591568223606,0.276995392859537,1.09811018001984,NA,0.232807195408959
"spherical","11537.png",11537,0.235540430197787,0.276526402869552,1.09885359613726,NA,0.230166280921892
"spherical","11540.png",11540,0.236836208775573,0.277754940586785,1.14316579673985,NA,0.231468237624177
"spherical","11543.png",11543,0.235022517829193,0.275927275917099,1.12162465796324,NA,0.231253585197785
"spherical","11547.png",11547,0.235486023964748,0.276658668461202,1.09987295762808,NA,0.232993332747643
"spherical","11550.png",11550,0.236355236870104,0.277306905221848,1.09855359078847,NA,0.231343708716407
"spherical","11553.png",11553,0.237322156951132,0.278184720719789,1.14769684247704,NA,0.232992861682578
"spherical","11556.png",11556,0.233731813362502,0.274950772032747,1.11249628313557,NA,0.231245875622176
"spherical","11559.png",11559,0.235639536038618,0.276577591355568,1.08275078863989,NA,0.231379434044643
"spherical","11563.png",11563,0.237981987434082,0.278732859491208,1.13393931698459,NA,0.233527653446532
"spherical","11566.png",11566,0.234229337445772,0.275332120242107,1.12805852734209,NA,0.230647311194507
"spherical","11569.png",11569,0.23401374353059,0.275229231965756,1.10449668848219,NA,0.231201127379934
"spherical","11572.png",11572,0.236800698277255,0.277693453356717,1.09983520451448,NA,0.234343219113291
"spherical","11575.png",11575,0.23566443576112,0.27679438964537,1.11943330965613,NA,0.229198667245997
"spherical","11579.png",11579,0.236863951989639,0.277700080625808,1.12448360659782,NA,0.233598928727925
"spherical","11582.png",11582,0.23464624873032,0.275763601553158,1.11422206632344,NA,0.232889055580054
"spherical","11585.png",11585,0.235384323351449,0.276478503082082,1.09058378184198,NA,0.232122155629847
"spherical","11588.png",11588,0.235189355192323,0.276342462196865,1.09410722878874,NA,0.228823983241048
"spherical","11591.png",11591,0.237812442118944,0.278562473471295,1.13536704032857,NA,0.234520454244658
"spherical","11595.png",11595,0.235849880033275,0.276922721117361,1.10115730978904,NA,0.233748713364741
"spherical","11598.png",11598,0.236533692272667,0.277401794698875,1.07680920271704,NA,0.231146373890247
"spherical","11601.png",11601,0.235956899319679,0.277006740812163,1.09621454454178,NA,0.230079734168791
"spherical","11604.png",11604,0.237143209285728,0.278104642163811,1.13214806301533,NA,0.232955764165331
"spherical","11607.png",11607,0.234330512444156,0.275492613210154,1.0964299365138,NA,0.232049818395241
"spherical","11611.png",11611,0.235663615068683,0.276698312216195,1.09300358681977,NA,0.233049189970223
"spherical","11614.png",11614,0.236685843123163,0.277626838254754,1.09719062578949,NA,0.23259580601249
"spherical","11617.png",11617,0.237547229524858,0.278418859399065,1.14046073676581,NA,0.233511189608517
"spherical","11620.png",11620,0.234712928384308,0.276014255504684,1.10826663774479,NA,0.231996739521168
"spherical","11623.png",11623,0.236275849639151,0.277181163220938,1.07451214267546,NA,0.231366992178392
"spherical","11627.png",11627,0.237525677233903,0.278407502291346,1.11718663587973,NA,0.233385876828691
"spherical","11630.png",11630,0.234740437911338,0.275814274404614,1.1145557710934,NA,0.232249620252593
"spherical","11633.png",11633,0.233950524103834,0.275319064059514,1.11522418087405,NA,0.231844091141703
"spherical","11636.png",11636,0.23645050589072,0.277312984562906,1.08806291447464,NA,0.23208303673812
"spherical","11639.png",11639,0.23536984541018,0.276503051120716,1.12314782474453,NA,0.229454807017545
"spherical","11643.png",11643,0.236951546914131,0.277743495145379,1.12264701091243,NA,0.233542529408092
"spherical","11646.png",11646,0.235403764901281,0.276615819739395,1.09638617884636,NA,0.233652466045464
"spherical","11649.png",11649,0.235389014346915,0.276542148735607,1.10434524820128,NA,0.229314207439763
"spherical","11652.png",11652,0.236814877089637,0.277708256885067,1.13245438001071,NA,0.23146711670935
"spherical","11655.png",11655,0.234956986962896,0.276031031227792,1.11498789336771,NA,0.232512263570996
"spherical","11659.png",11659,0.236731466481437,0.277670578630499,1.06468902893104,NA,0.232844410957416
"spherical","11662.png",11662,0.236200925549748,0.277149286076509,1.12521604191517,NA,0.230467185322263
"spherical","11665.png",11665,0.235808551390333,0.276807806487976,1.13248957792929,NA,0.231690821387924
"spherical","11668.png",11668,0.233349205811382,0.274617422078831,1.11598883157261,NA,0.231210339481519
"spherical","11671.png",11671,0.235730167492713,0.276797007847284,1.08342559590039,NA,0.232797114158444
"spherical","11675.png",11675,0.236386689644215,0.277467679038174,1.11019592763845,NA,0.230329318039402
"spherical","11678.png",11678,0.236806007892839,0.277775159440446,1.13412701963214,NA,0.232418593242658
"spherical","11681.png",11681,0.233904787820542,0.275183985576061,1.10764817406574,NA,0.231698747525055
"spherical","11684.png",11684,0.235307006597164,0.276267505893217,1.09095846134684,NA,0.229822850059531
"spherical","11687.png",11687,0.237222109032952,0.27818973266294,1.12741982011858,NA,0.232760140964241
"spherical","11691.png",11691,0.234419989411187,0.275525266509195,1.1210344988052,NA,0.231749638671803
"spherical","11694.png",11694,0.23527974346115,0.276481619248364,1.09850262575458,NA,0.231950608982511
"spherical","11697.png",11697,0.237650037607627,0.278457884636911,1.0916654617617,NA,0.233753033566267
"spherical","11700.png",11700,0.235678257111761,0.276822122234349,1.0921544847375,NA,0.229899164932052
"spherical","11703.png",11703,0.236605473777025,0.27751980753502,1.14576008748826,NA,0.231187750709104
"spherical","11707.png",11707,0.233446224938425,0.274771389302458,1.11699757094386,NA,0.230907920507084
"spherical","11710.png",11710,0.236028624078892,0.276999021612817,1.09241135177572,NA,0.231528675728921
"spherical","11713.png",11713,0.237020738851727,0.277963272674651,1.13958586365201,NA,0.231001987222691
"spherical","11716.png",11716,0.235810021102218,0.276645886830085,1.12534787992708,NA,0.232918213954007
"spherical","11719.png",11719,0.234816240781172,0.276036523404363,1.11967007241775,NA,0.232708900153585
"spherical","11723.png",11723,0.235458122979217,0.276582551618253,1.10068725609282,NA,0.229605419711343
"spherical","11726.png",11726,0.236674520604864,0.277555092165671,1.13485743752837,NA,0.231719231516188
"spherical","11729.png",11729,0.234255540022262,0.275359776737679,1.11751885884612,NA,0.231671182190008
"spherical","11732.png",11732,0.23508717912188,0.276354590957681,1.09049892282712,NA,0.23270489886244
"spherical","11735.png",11735,0.236487412144701,0.277380159215629,1.08257112817165,NA,0.231730840419809
"spherical","11739.png",11739,0.23632724759063,0.277233728120328,1.12633548885128,NA,0.230775690464321
"spherical","11742.png",11742,0.236688212351518,0.277481269388581,1.12022165654995,NA,0.233553326472132
"spherical","11745.png",11745,0.233629813058338,0.274934076021087,1.12291853028516,NA,0.231169450642294
"spherical","11748.png",11748,0.236328512511214,0.277247444786259,1.08378335983065,NA,0.232283713984748
"spherical","11751.png",11751,0.236643581120628,0.277531977106105,1.13280667282965,NA,0.231091826331104
"spherical","11755.png",11755,0.234214503283782,0.27538990340284,1.10502621925269,NA,0.231855767756618
"spherical","11758.png",11758,0.236052672969863,0.276977621490207,1.11952305065946,NA,0.232935016967778
"spherical","11761.png",11761,0.235653856995974,0.276802363903257,1.08569754976072,NA,0.229757870827588
"spherical","11764.png",11764,0.236828043042352,0.277659148091208,1.1241686033531,NA,0.231489495821266
"spherical","11767.png",11767,0.236631385248477,0.277556828065279,1.13793394815319,NA,0.232744408802275
"spherical","11771.png",11771,0.234646889272252,0.275865255565881,1.09809163806848,NA,0.231931908215438
"spherical","11774.png",11774,0.235253514260535,0.276441156609228,1.0958502543362,NA,0.22917765795777
"spherical","11777.png",11777,0.236007668634089,0.276976869842051,1.11389914391099,NA,0.23038617881296
"spherical","11780.png",11780,0.235370678064538,0.276270669103377,1.11405451714145,NA,0.232140424556334
"spherical","11783.png",11783,0.234390231033291,0.275770747656447,1.10387211899584,NA,0.23207149342223
"spherical","11787.png",11787,0.236207089341381,0.27713610903952,1.08850637768521,NA,0.232033433721808
"spherical","11790.png",11790,0.235733240344887,0.276792134911933,1.10586386856031,NA,0.230179522871525
"spherical","11793.png",11793,0.236820952856531,0.277725908901159,1.12126930400625,NA,0.232217253000233
"spherical","11796.png",11796,0.233751519520215,0.275020212454682,1.10734797176347,NA,0.231554285582731
"spherical","11799.png",11799,0.236293881467503,0.277222925045981,1.0945572444426,NA,0.232244549045333
"spherical","11803.png",11803,0.238086404991472,0.278879991794753,1.14323491932681,NA,0.233072412866181
"spherical","11806.png",11806,0.233792441848912,0.275070993412226,1.11504959288577,NA,0.231026411462832
"spherical","11809.png",11809,0.235859889994186,0.276857730642786,1.10927059870077,NA,0.232075730193
"spherical","11812.png",11812,0.236713464247226,0.27753469672494,1.09780807636186,NA,0.231763057653309
"spherical","11815.png",11815,0.23571512904339,0.276868521582572,1.10550369308361,NA,0.229165532717804
"spherical","11819.png",11819,0.2349251276353,0.275859609456844,1.11845722535072,NA,0.231610135463507
"spherical","11822.png",11822,0.234485964739784,0.275714576516069,1.10398653701772,NA,0.232176565843535
"spherical","11825.png",11825,0.236428227532368,0.277320545233074,1.08785455821025,NA,0.232323940805571
"spherical","11828.png",11828,0.235735337871784,0.276839923569176,1.09250433241852,NA,0.229847422562396
"spherical","11831.png",11831,0.236513096817512,0.277434646918846,1.13615189262366,NA,0.230724032715624
"spherical","11835.png",11835,0.233833794258135,0.275026894308796,1.12412669005652,NA,0.231556366357712
"spherical","11838.png",11838,0.236227776379851,0.277155569899879,1.082924348561,NA,0.231964867094332
"spherical","11841.png",11841,0.236847189177712,0.277799748450632,1.12812381488735,NA,0.231058885987375
"spherical","11844.png",11844,0.236657244941594,0.277614451206895,1.12777375320603,NA,0.23295266100325
"spherical","11847.png",11847,0.233474561043418,0.274677737472233,1.10477875324735,NA,0.230782561109549
"spherical","11851.png",11851,0.235613457425333,0.276494244762219,1.08500973124569,NA,0.23015547007522
"spherical","11854.png",11854,0.235029024023968,0.276161061202105,1.12943723813358,NA,0.22843895438053
"spherical","11857.png",11857,0.236226102306149,0.277146874876916,1.13288903973073,NA,0.230966106142402
"spherical","11860.png",11860,0.235800525891028,0.27680244669785,1.13149416087741,NA,0.231482922204806
"spherical","11863.png",11863,0.23345276472915,0.274804409699053,1.10487315153332,NA,0.231204019630075
"spherical","11867.png",11867,0.235168526494876,0.276355294843457,1.11020146592625,NA,0.229056581845702
"spherical","11870.png",11870,0.236351950544047,0.277301222608424,1.12738459947361,NA,0.232032035378978
"spherical","11873.png",11873,0.234558140930419,0.275765759406512,1.10654002089901,NA,0.232997329983958
"spherical","11876.png",11876,0.236054202596602,0.277004539931577,1.0951392293548,NA,0.231903135436487
"spherical","11879.png",11879,0.23525256203678,0.276405493698598,1.11149185898795,NA,0.228996360079141
"spherical","11883.png",11883,0.236077975852765,0.277068435331379,1.11890897693314,NA,0.231473726736508
"spherical","11886.png",11886,0.234366553807509,0.2754459996521,1.12502427116605,NA,0.231372982716043
"spherical","11889.png",11889,0.234446617104377,0.275697201514542,1.12840316858998,NA,0.23243922015102
"spherical","11892.png",11892,0.236297381977313,0.277246567946837,1.07985943281316,NA,0.230896687837042
"spherical","11895.png",11895,0.237042926775293,0.277895703028153,1.12362742970743,NA,0.231524531719328
"spherical","11899.png",11899,0.235536607172139,0.27643772710645,1.12690603018063,NA,0.23273128394016
"spherical","11902.png",11902,0.234582394966661,0.275834870785276,1.10974866632099,NA,0.231697285710297
"spherical","11905.png",11905,0.235093872676693,0.276221945257464,1.12934428209362,NA,0.22840059179417
"spherical","11908.png",11908,0.237551474880307,0.278344182966757,1.12997616666744,NA,0.23421695636041
"spherical","11911.png",11911,0.234037884170655,0.27510023187208,1.10181694111183,NA,0.231569461078413
"spherical","11915.png",11915,0.235639063693942,0.276612016520602,1.10307801892912,NA,0.231870839841381
"spherical","11918.png",11918,0.234745649983316,0.275975263851844,1.10301479564614,NA,0.227736227427797
"spherical","11921.png",11921,0.236783645999759,0.277561016222341,1.13928467635246,NA,0.231291906919061
"spherical","11924.png",11924,0.23455062128815,0.275582839177148,1.12332954668556,NA,0.230513484336694
"spherical","11927.png",11927,0.234264879964428,0.275605094650384,1.11213530918188,NA,0.231873685111953
"spherical","11931.png",11931,0.236616311973497,0.277672569574673,1.10300161794544,NA,0.230744008406786
"spherical","11934.png",11934,0.236606107170795,0.277505915557418,1.13185122557345,NA,0.2321243763624
"spherical","11937.png",11937,0.234604318782595,0.275599664287363,1.11807906953988,NA,0.231756203943742
"spherical","11940.png",11940,0.233486349075298,0.274873121526053,1.09896238898057,NA,0.230844279380547
"spherical","11943.png",11943,0.23511330340481,0.276239583493047,1.1053026294856,NA,0.23239421550018
"spherical","11947.png",11947,0.236627519499567,0.277601795148719,1.09808163802992,NA,0.232994976081638
"spherical","11950.png",11950,0.238172055825823,0.278866561144036,1.11897257382536,NA,0.233227773219048
"spherical","11953.png",11953,0.234118874658563,0.275325291447656,1.11678238167177,NA,0.231790306064842
"spherical","11956.png",11956,0.235932446119993,0.276817752673189,1.08900030360669,NA,0.23116964342121
"spherical","11959.png",11959,0.236044076736136,0.277164922914678,1.10258067393417,NA,0.229821178577116
"spherical","11963.png",11963,0.236255935697843,0.277209363761877,1.12360856424114,NA,0.232476614986399
"spherical","11966.png",11966,0.234045158999422,0.275299490519691,1.10615904471354,NA,0.232158864558287
"spherical","11969.png",11969,0.235559378138007,0.276561977101391,1.10060327678453,NA,0.232010683540178
"spherical","11972.png",11972,0.236033201161628,0.277195541774386,1.10752707977005,NA,0.22981391114644
"spherical","11975.png",11975,0.236708960312624,0.277643255936429,1.14083174144291,NA,0.231278385220627
"spherical","11979.png",11979,0.235672563074226,0.276585571641398,1.12557288371113,NA,0.232108340602769
"spherical","11982.png",11982,0.234524573587818,0.275555075130563,1.10275634108282,NA,0.231992282487934
"spherical","11985.png",11985,0.234617724780702,0.275885860843227,1.09729059483793,NA,0.23209228858325
"spherical","11988.png",11988,0.235889121832505,0.276764254059399,1.10022982845804,NA,0.23111373978779
"spherical","11991.png",11991,0.235102532229828,0.276245990922807,1.12796261908706,NA,0.22852995040213
"spherical","11995.png",11995,0.236088004455773,0.276934569160921,1.11768224717551,NA,0.232867753853771
"spherical","11998.png",11998,0.234933397093867,0.275945575009761,1.0933985754003,NA,0.230793796279025
"spherical","12001.png",12001,0.234852289983708,0.276058689035811,1.09831732360757,NA,0.22789614087492
"spherical","12004.png",12004,0.237022563795121,0.277934304447702,1.12966363538337,NA,0.232506299405777
"spherical","12008.png",12008,0.234634567730957,0.275662135253678,1.1201376802563,NA,0.230751912064773
"spherical","12011.png",12011,0.234845945922401,0.276131058974975,1.10310028226583,NA,0.232400737210676
"spherical","12014.png",12014,0.236545024039525,0.277472953176265,1.075975641247,NA,0.230836105988549
"spherical","12017.png",12017,0.235431621179127,0.276594117509897,1.13627107200492,NA,0.228681671969463
"spherical","12020.png",12020,0.234826070330215,0.275979324516593,1.14161820574791,NA,0.228829500435959
"spherical","12024.png",12024,0.233620658950365,0.274940305949468,1.10707638802682,NA,0.230464562069661
"spherical","12027.png",12027,0.236047129946035,0.277064118572939,1.08041421178898,NA,0.23238020207207
"spherical","12030.png",12030,0.236143464687625,0.2770266590026,1.09724992879259,NA,0.230331503501711
"spherical","12033.png",12033,0.234937567866099,0.276119039444891,1.10313725905817,NA,0.227761993277353
"spherical","12036.png",12036,0.237160752120266,0.278078668353195,1.13438680785001,NA,0.232134996229993
"spherical","12040.png",12040,0.234321388130697,0.275601435046192,1.09842724581841,NA,0.23207724900058
"spherical","12043.png",12043,0.235048787625976,0.276070456745165,1.09096221788641,NA,0.229686746358864
"spherical","12046.png",12046,0.23586118553305,0.277004630875145,1.10539190841147,NA,0.229211042074769
"spherical","12049.png",12049,0.237764671459699,0.278549686760462,1.14103980820904,NA,0.234043724635238
"spherical","12052.png",12052,0.234007550252018,0.275211768551933,1.12954350024725,NA,0.230538058731461
"spherical","12056.png",12056,0.236293846792388,0.277146325936306,1.11366974210847,NA,0.232629961125801
"spherical","12059.png",12059,0.236040043982933,0.27698181555063,1.08315710133669,NA,0.229961189290733
"spherical","12062.png",12062,0.235754999480999,0.276870226621572,1.09878109540621,NA,0.228504957375905
"spherical","12065.png",12065,0.237264464579289,0.278043506663501,1.14466280168405,NA,0.23412293917907
"spherical","12068.png",12068,0.23495001812004,0.275941496367833,1.11693155874285,NA,0.231649695579938
"spherical","12072.png",12072,0.235049275063135,0.276256512232194,1.10455159884606,NA,0.231552288833809
"spherical","12075.png",12075,0.235915121709633,0.276893498662329,1.08570776085375,NA,0.229743804649235
"spherical","12078.png",12078,0.235911363527312,0.276984849165046,1.10855979103907,NA,0.229764127663424
"spherical","12081.png",12081,0.236184186123575,0.277114529521354,1.13585307085429,NA,0.232202201193058
"spherical","12084.png",12084,0.234393505534875,0.275577813747928,1.12462871374762,NA,0.232670878721951
"spherical","12088.png",12088,0.236615820336306,0.277408772657335,1.10106654314959,NA,0.231596149021811
"spherical","12091.png",12091,0.235421781593456,0.276567654073227,1.1262398650869,NA,0.228753063401005
"spherical","12094.png",12094,0.236625367619864,0.277583029323323,1.12629533932081,NA,0.231810757574912
"spherical","12097.png",12097,0.234724331507241,0.275721694142914,1.11341120964656,NA,0.231779091769279
"spherical","12100.png",12100,0.233637135917022,0.274952456629242,1.11311311605191,NA,0.231007529874158
"spherical","12104.png",12104,0.235708977137452,0.276912159852199,1.08609795428178,NA,0.233033081264342
"spherical","12107.png",12107,0.237168180154836,0.277935201224235,1.0815653436752,NA,0.232206234917564
"spherical","12110.png",12110,0.236278790600544,0.277328340744996,1.11838994587685,NA,0.229592319586558
"spherical","12113.png",12113,0.236975083779912,0.277865396332155,1.13718192455,NA,0.233009660417949
"spherical","12116.png",12116,0.23289915544677,0.274235994924571,1.10866588470774,NA,0.230650873955351
"spherical","12120.png",12120,0.236621674007014,0.277472822861401,1.10325515604947,NA,0.232481060197498
"spherical","12123.png",12123,0.235273217581576,0.276460692621699,1.10897713920197,NA,0.228388818820424
"spherical","12126.png",12126,0.236279781579616,0.277220663486199,1.13140996220492,NA,0.230574158074942
"spherical","12129.png",12129,0.236498967512008,0.277370532485183,1.12444756650583,NA,0.232866614256012
"spherical","12132.png",12132,0.235664689578657,0.276575663293666,1.10669641420729,NA,0.233498282685519
"spherical","12136.png",12136,0.234201482725616,0.275545813360397,1.09118853144949,NA,0.231464466309833
"spherical","12139.png",12139,0.235992911475676,0.276908815260612,1.0998138980699,NA,0.230534945861704
"spherical","12142.png",12142,0.235239527306316,0.276305636019266,1.10303498530268,NA,0.229149778958601
"spherical","12145.png",12145,0.237751522026838,0.27850878789058,1.13672557897563,NA,0.233696324378802
"spherical","12148.png",12148,0.233860690775478,0.27494591788259,1.11879582659861,NA,0.230918271882806
"spherical","12152.png",12152,0.234837582356499,0.275865782339833,1.09394731661926,NA,0.231080439656515
"spherical","12155.png",12155,0.235376410265848,0.276505723273238,1.09646087754899,NA,0.229209477944965
"spherical","12158.png",12158,0.236113819112876,0.27723039699162,1.12161670527288,NA,0.229883641978743
"spherical","12161.png",12161,0.236167906000488,0.277178299578857,1.13035648542577,NA,0.231079707535053
"spherical","12164.png",12164,0.235842583827882,0.276725564636071,1.11866532078648,NA,0.232149878594025
"spherical","12168.png",12168,0.233795767486214,0.275142637350334,1.11087841974588,NA,0.231407597446959
"spherical","12171.png",12171,0.235856508553013,0.276717826387834,1.10508962253094,NA,0.231402267527346
"spherical","12174.png",12174,0.235944719396562,0.27693233949159,1.08977569636144,NA,0.230312305974634
"spherical","12177.png",12177,0.236472799334137,0.277446440863215,1.1186044912768,NA,0.230229248152716
"spherical","12180.png",12180,0.237489407807342,0.27825143935313,1.13699161724768,NA,0.233020050750231
"spherical","12184.png",12184,0.233259591892172,0.274330702191549,1.12981771885843,NA,0.230758147372121
"spherical","12187.png",12187,0.2339490720307,0.275241000722948,1.10734086662433,NA,0.231489983872056
"spherical","12190.png",12190,0.236509640474925,0.277471511119402,1.08904003994675,NA,0.233167365669079
"spherical","12193.png",12193,0.235086664098823,0.27608374474334,1.09484693451937,NA,0.22878091475866
"spherical","12196.png",12196,0.236714835949358,0.277635249241868,1.11762553016788,NA,0.230673895546681
"spherical","12200.png",12200,0.237176626238388,0.277908375452505,1.12900277246021,NA,0.234072347058222
"spherical","12203.png",12203,0.234076398890744,0.27525890073317,1.1062958548514,NA,0.231610491954925
"spherical","12206.png",12206,0.235251426031398,0.276512568960417,1.09488073081359,NA,0.23261310147717
"spherical","12209.png",12209,0.237608373752461,0.27832036231667,1.10063004494676,NA,0.233467504994477
"spherical","12212.png",12212,0.23493209637333,0.276145075124386,1.10138358802461,NA,0.228190100703692
"spherical","12216.png",12216,0.237149857916921,0.277905410036399,1.12953987754066,NA,0.232548863091934
"spherical","12219.png",12219,0.235560073610409,0.276468410501842,1.11017407713111,NA,0.232644730237027
"spherical","12222.png",12222,0.234567875060371,0.275569096131277,1.1109764382799,NA,0.231878546467397
"spherical","12225.png",12225,0.233812241378383,0.275129927950801,1.10109940166217,NA,0.231558252105627
"spherical","12228.png",12228,0.235729131939505,0.276792771711123,1.10140711142697,NA,0.232960363686318
"spherical","12232.png",12232,0.235823203515153,0.276782654297324,1.08757057720611,NA,0.22958855501229
"spherical","12235.png",12235,0.235413961799417,0.276516779429872,1.14028287973469,NA,0.228154579227098
"spherical","12238.png",12238,0.236721974994859,0.277605514593308,1.12313911916252,NA,0.231785587181807
"spherical","12241.png",12241,0.233072036482719,0.274163510965839,1.10649363283709,NA,0.229984781582039
"spherical","12244.png",12244,0.233825717614271,0.27507456155393,1.1241138109447,NA,0.230786867180015
"spherical","12248.png",12248,0.236307701427966,0.277167132159042,1.09138526757017,NA,0.230716358881497
"spherical","12251.png",12251,0.235624913734763,0.276701710524351,1.11835801934525,NA,0.229145426952167
"spherical","12254.png",12254,0.236439206466778,0.277366745044932,1.13324847111658,NA,0.231359341101109
"spherical","12257.png",12257,0.235787564152338,0.276687318628988,1.120416315178,NA,0.232722368267092
"spherical","12260.png",12260,0.233282355084133,0.274420980628897,1.11751505909093,NA,0.230516353424902
"spherical","12264.png",12264,0.234838329151901,0.275956990976803,1.11123365342184,NA,0.232266927883114
"spherical","12267.png",12267,0.236315903872711,0.277116756332808,1.09359610755128,NA,0.231862139993627
"spherical","12270.png",12270,0.236696930043005,0.277515634946282,1.08603885589234,NA,0.231985320823082
"spherical","12273.png",12273,0.235824248749762,0.277002947354223,1.10457426837714,NA,0.229117325697508
"spherical","12276.png",12276,0.235958825574285,0.276996680796436,1.11734318882816,NA,0.229755381157666
"spherical","12280.png",12280,0.235540875784217,0.276551407120404,1.12924221368719,NA,0.23016648092719
"spherical","12283.png",12283,0.233272101008827,0.274352695682904,1.10634403967563,NA,0.230090302891015
"spherical","12286.png",12286,0.235089284988721,0.276125950027171,1.08862900424399,NA,0.231775205249309
"spherical","12289.png",12289,0.236882065781499,0.277676362738319,1.08044766707695,NA,0.232999529633379
"spherical","12292.png",12292,0.235352789461707,0.276370502094626,1.09446778471268,NA,0.229221134592794
"spherical","12296.png",12296,0.236347616041172,0.277367187516312,1.13128575385498,NA,0.230456002058099
"spherical","12299.png",12299,0.236335275917871,0.277212122397088,1.132626230399,NA,0.232075487596235
"spherical","12302.png",12302,0.234836229223218,0.2758553835912,1.12043378994564,NA,0.231551325462405
"spherical","12305.png",12305,0.232892365252149,0.274104626532377,1.1132767957265,NA,0.22975543898294
"spherical","12308.png",12308,0.234181511909763,0.275385483717141,1.11103306008488,NA,0.231751885259283
"spherical","12312.png",12312,0.236818523432989,0.277695332184797,1.09436228813473,NA,0.233306169838529
"spherical","12315.png",12315,0.236256041273778,0.277177599156522,1.09785064997074,NA,0.230623190367001
"spherical","12318.png",12318,0.234849636169817,0.276025171532517,1.10178597229447,NA,0.227701675731071
"spherical","12321.png",12321,0.236191323354728,0.277248926797447,1.146337153042,NA,0.229791181531818
"spherical","12324.png",12324,0.236399509298651,0.277301660644573,1.15181720728852,NA,0.231283748695521
"spherical","12328.png",12328,0.233858379215372,0.274940737695703,1.12436440066244,NA,0.230531426626342
"spherical","12331.png",12331,0.234136325106257,0.275474822952315,1.10762394036865,NA,0.231164546744834
"spherical","12334.png",12334,0.236583727835074,0.277406865640102,1.09409150735585,NA,0.232284449529944
"spherical","12337.png",12337,0.235174637510061,0.276248211990403,1.10167879895394,NA,0.228556854026877
"spherical","12340.png",12340,0.23721568683521,0.278109415385024,1.13381135669234,NA,0.231777050813275
"spherical","12344.png",12344,0.235719932276107,0.276612769666887,1.11916681556736,NA,0.230854964154399
"spherical","12347.png",12347,0.235222908996922,0.276204112557513,1.1317840615808,NA,0.231052002221135
"spherical","12350.png",12350,0.23458917045935,0.27549041842845,1.11320696542099,NA,0.230661400592799
"spherical","12353.png",12353,0.235554774670806,0.276469550140818,1.10445328901745,NA,0.232300753958935
"spherical","12356.png",12356,0.233425760462174,0.274684805884355,1.11516316957228,NA,0.231118893103522
"spherical","12360.png",12360,0.236268188901809,0.277200807955062,1.09308405949154,NA,0.232123615446499
"spherical","12363.png",12363,0.235840559952074,0.276791839574743,1.08611109531388,NA,0.229855596654898
"spherical","12366.png",12366,0.235920770595137,0.276988651310601,1.10065170670351,NA,0.229592366873862
"spherical","12369.png",12369,0.235579574558302,0.276599413316331,1.12242192202572,NA,0.229463289221746
"spherical","12372.png",12372,0.235990028737601,0.276985418878415,1.12390428515883,NA,0.230931422937364
"spherical","12376.png",12376,0.234905750559994,0.27585413889335,1.11928834495822,NA,0.230976830278066
"spherical","12379.png",12379,0.235414564044889,0.276356764460512,1.10627569287902,NA,0.232315936382654
"spherical","12382.png",12382,0.234109057486222,0.275329609531298,1.0990524960157,NA,0.230889297914442
"spherical","12385.png",12385,0.234806381432079,0.276025297589438,1.11543417336589,NA,0.232348551400614
"spherical","12388.png",12388,0.235472067601399,0.276507311949854,1.11160221895744,NA,0.232391985882873
"spherical","12392.png",12392,0.235703524927743,0.276537485592184,1.09735202040173,NA,0.229649549926932
"spherical","12395.png",12395,0.236609639329115,0.277595159263272,1.11954730612356,NA,0.230161257697116
"spherical","12398.png",12398,0.236198674185441,0.277201403725317,1.13237502873483,NA,0.230441417094266
"spherical","12401.png",12401,0.236273832499285,0.27717137702564,1.11845914418722,NA,0.231634529319109
"spherical","12404.png",12404,0.234721010252486,0.275661580028734,1.12259934095096,NA,0.230890084781187
"spherical","12408.png",12408,0.233875388291785,0.27489276234861,1.10541007422615,NA,0.230695682105376
"spherical","12411.png",12411,0.233761986828677,0.274911574337979,1.09507551918417,NA,0.229722361400596
"spherical","12414.png",12414,0.236084348622189,0.276930002022206,1.08714146463269,NA,0.231187216810291
"spherical","12417.png",12417,0.235147256508383,0.276107666030122,1.10640161722855,NA,0.228623900623024
"spherical","12420.png",12420,0.236010469231484,0.27707877758603,1.10360899923376,NA,0.229369977670756
"spherical","12424.png",12424,0.235445518126772,0.276519320333361,1.11114698891511,NA,0.228475037428392
"spherical","12427.png",12427,0.234887114597351,0.276033314761585,1.10770681888637,NA,0.227987921752159
"spherical","12430.png",12430,0.234993439320035,0.275990655465475,1.11859110160599,NA,0.228306662931453
"spherical","12433.png",12433,0.23609273238359,0.277013683317094,1.11784786733465,NA,0.230896626258627
"spherical","12436.png",12436,0.235474382295003,0.276339659314765,1.13507582400631,NA,0.231484463085807
"spherical","12440.png",12440,0.233438685757694,0.274497073572806,1.1202173240758,NA,0.230056076618701
"spherical","12443.png",12443,0.233746554141474,0.274813426222351,1.11860441522739,NA,0.231249758391504
"spherical","12446.png",12446,0.235361828586707,0.276570372348234,1.12012159180452,NA,0.233232775220091
"spherical","12449.png",12449,0.236590794575052,0.277410950825787,1.08590770823378,NA,0.232072177688799
"spherical","12452.png",12452,0.235719244653303,0.27662597080356,1.09689481962186,NA,0.229600185827422
"spherical","12456.png",12456,0.23458050776447,0.275752789775448,1.10887744410212,NA,0.227071376535587
"spherical","12459.png",12459,0.23633635823277,0.277333196098495,1.14130465299678,NA,0.230284922088656
"spherical","12462.png",12462,0.235436454787085,0.276370492126869,1.13413128969633,NA,0.229648959707522
"spherical","12465.png",12465,0.235145846633503,0.276105149756871,1.12735662175664,NA,0.229791300042732
"spherical","12468.png",12468,0.234632291531111,0.275726285402608,1.12976005674972,NA,0.229204804926221
"spherical","12472.png",12472,0.23609540118908,0.276989930804411,1.12008352688419,NA,0.231946563863743
"spherical","12475.png",12475,0.234485290969833,0.275446553324594,1.13066453476697,NA,0.229637403413117
"spherical","12478.png",12478,0.234332085815595,0.275253643126643,1.10806402250513,NA,0.231482405948269
"spherical","12481.png",12481,0.233147759736793,0.274108061903135,1.11060641921646,NA,0.230487106789546
"spherical","12484.png",12484,0.234005137406129,0.275244359797101,1.11659769265302,NA,0.231682905136054
"spherical","12488.png",12488,0.2358062480139,0.276646748730548,1.08942264669208,NA,0.231179411377049
"spherical","12491.png",12491,0.234961191758541,0.275892364023094,1.09809432004675,NA,0.228437561935385
"spherical","12494.png",12494,0.235333432729366,0.276453736923641,1.10065106718317,NA,0.228394348202429
"spherical","12497.png",12497,0.234951662841676,0.276076023879768,1.11078520639928,NA,0.227806715367999
"spherical","12500.png",12500,0.236881688667985,0.277851364524052,1.14537412458759,NA,0.231281195990064
"spherical","12504.png",12504,0.234979335316223,0.276016622432643,1.13020871662943,NA,0.23059218385147
"spherical","12507.png",12507,0.234407417755619,0.27535357384128,1.1167693148069,NA,0.231324252853626
"spherical","12510.png",12510,0.235371339944081,0.276339946829179,1.11329597845139,NA,0.2318558785749
"spherical","12513.png",12513,0.235718170789975,0.27655408406919,1.11669421676389,NA,0.23272626472057
"spherical","12516.png",12516,0.233984118277407,0.274877604433415,1.11672524410078,NA,0.230389183658599
"spherical","12520.png",12520,0.234531050714094,0.275411946953055,1.10791591037149,NA,0.231379345597119
"spherical","12523.png",12523,0.234398545427406,0.275381496102087,1.11761829721319,NA,0.231572100661357
"spherical","12526.png",12526,0.234758483288616,0.275953978842868,1.10408740129809,NA,0.232045489166529
"spherical","12529.png",12529,0.235951874362609,0.276847971857872,1.09636915816315,NA,0.23215796903644
"spherical","12532.png",12532,0.236059021929285,0.276815793318786,1.09517998900099,NA,0.229910881795142
"spherical","12536.png",12536,0.234924399812803,0.275825768542745,1.08927023615027,NA,0.228538545608589
"spherical","12539.png",12539,0.235773056586022,0.27665493695718,1.11086737005732,NA,0.229745812199956
"spherical","12542.png",12542,0.235119026467336,0.276157737662642,1.09106197287147,NA,0.228543289391582
"spherical","12545.png",12545,0.234813908218302,0.275971033771688,1.08689370592531,NA,0.227843169161537
"spherical","12548.png",12548,0.235881473601836,0.276830874984871,1.13064008722416,NA,0.229356866158331
"spherical","12552.png",12552,0.234636875725778,0.275568328545938,1.1236097177402,NA,0.228156584735433
"spherical","12555.png",12555,0.235715078846671,0.276634410672947,1.12039876085076,NA,0.230296155438257
"spherical","12558.png",12558,0.235215959972079,0.276239587806076,1.13617251470977,NA,0.229272004043263
"spherical","12561.png",12561,0.233703668900935,0.274659720725396,1.12334938521394,NA,0.227201087734924
"spherical","12564.png",12564,0.235623281690044,0.276567822698419,1.13928495950017,NA,0.230702872476431
"spherical","12568.png",12568,0.23546750532947,0.276421929148773,1.13368617769056,NA,0.231142479813533
"spherical","12571.png",12571,0.235725981394598,0.27660476238399,1.11981032569133,NA,0.231954578163789
"spherical","12574.png",12574,0.23471331677409,0.275659805060369,1.10605451282246,NA,0.232257416324252
"spherical","12577.png",12577,0.233138283802272,0.274523076603567,1.10244948214849,NA,0.230072764982524
"spherical","12580.png",12580,0.235796854378305,0.276605007003624,1.10360903362699,NA,0.231951326192025
"spherical","12584.png",12584,0.235970505805308,0.276754950617897,1.09483405350627,NA,0.231748342888179
"spherical","12587.png",12587,0.236495097184341,0.277372008076808,1.09188516115981,NA,0.231410892443861
"spherical","12590.png",12590,0.236577192548791,0.277493366863055,1.09940617199695,NA,0.230638277349837
"spherical","12593.png",12593,0.23582168042194,0.276705708268206,1.10749398018806,NA,0.230121442938162
"spherical","12596.png",12596,0.234519902364146,0.27532224858097,1.1076983056244,NA,0.228929242813676
"spherical","12600.png",12600,0.234444657391587,0.275346747291224,1.09214250380645,NA,0.228061702378069
"spherical","12603.png",12603,0.235050625567554,0.276106002560258,1.08189563546597,NA,0.228643430793857
"spherical","12606.png",12606,0.23493376767689,0.276157640506599,1.11632148872552,NA,0.227938926322391
"spherical","12609.png",12609,0.235212097445407,0.276333961194099,1.10536962824484,NA,0.228159713877717
"spherical","12612.png",12612,0.234391730132172,0.27554931777074,1.11610545658944,NA,0.227284913596285
"spherical","12616.png",12616,0.235880173288224,0.276742548752174,1.13115648560691,NA,0.229815166285181
"spherical","12619.png",12619,0.236010364594374,0.276917504892482,1.12292861284155,NA,0.231239704873118
"spherical","12622.png",12622,0.23618307663338,0.276988650241201,1.12371606996583,NA,0.231492758475182
"spherical","12625.png",12625,0.234682521671573,0.275626286549176,1.11725555181839,NA,0.229469834355455
"spherical","12628.png",12628,0.23447088345484,0.275394116258925,1.11814279538262,NA,0.228760964587431
"spherical","12632.png",12632,0.232994955866997,0.274009392715554,1.1194428881284,NA,0.226042517329829
"spherical","12635.png",12635,0.234713392212681,0.275603046004343,1.12741732089348,NA,0.228863883412242
"spherical","12638.png",12638,0.23571638948473,0.276620712684937,1.12872023697949,NA,0.231250763018375
"spherical","12641.png",12641,0.234672487772004,0.27564489781229,1.1234779458319,NA,0.230335905500432
"spherical","12644.png",12644,0.234606174903153,0.275622136911617,1.12506625094847,NA,0.231120860569483
"spherical","12648.png",12648,0.235346378613998,0.27625966504677,1.11911945571691,NA,0.232569404119545
"spherical","12651.png",12651,0.234693321761109,0.275677261016084,1.10879070395362,NA,0.231303969407216
"spherical","12654.png",12654,0.233364578293629,0.274329982879785,1.11699542213613,NA,0.230433347807344
"spherical","12657.png",12657,0.234946154912152,0.276082447778701,1.09843721450301,NA,0.232464118650108
"spherical","12660.png",12660,0.234318080954835,0.275457128666607,1.122643772615,NA,0.231849922351745
"spherical","12664.png",12664,0.235254232561458,0.276238784138358,1.12118768015611,NA,0.233111304105382
"spherical","12667.png",12667,0.2344241934985,0.275462199122554,1.10806600641299,NA,0.231749552977309
"spherical","12670.png",12670,0.235550264891619,0.276432540489948,1.11785748275524,NA,0.232766108709093
"spherical","12673.png",12673,0.236774757710702,0.277471787926207,1.1259862609289,NA,0.233893281898706
"spherical","12676.png",12676,0.235017716756256,0.275956908998207,1.13282439074412,NA,0.232051640587482
"spherical","12680.png",12680,0.236154341209534,0.276895186605588,1.11622960096615,NA,0.233239106544632
"spherical","12683.png",12683,0.235251471831569,0.276263132756177,1.11912781385596,NA,0.232504199472157
"spherical","12686.png",12686,0.235383455881895,0.27610293450313,1.11608083879398,NA,0.232102492772105
"spherical","12689.png",12689,0.234197573162656,0.275021517079136,1.1162678057128,NA,0.230981673350067
"spherical","12692.png",12692,0.236209234904526,0.27709520818755,1.11492031540068,NA,0.233460962023338
"spherical","12696.png",12696,0.23424587581033,0.275199415806993,1.10494305221722,NA,0.231306433810557
"spherical","12699.png",12699,0.234325525412357,0.275582109361152,1.11232322462578,NA,0.231417715096616
"spherical","12702.png",12702,0.235874373170179,0.277057997078392,1.09753143468295,NA,0.233398648089338
"spherical","12705.png",12705,0.237152804865869,0.278167632839863,1.08326190509402,NA,0.234250176860434
"spherical","12708.png",12708,0.2351330548677,0.276072501502234,1.09317653301807,NA,0.231646316014053
"spherical","12712.png",12712,0.235261924491208,0.27633703461983,1.0909038017293,NA,0.232298857910316
"spherical","12715.png",12715,0.235791890902163,0.276830344531261,1.1124076515117,NA,0.233825364922869
"spherical","12718.png",12718,0.236292342393024,0.277123548082245,1.12300360905474,NA,0.23355513235701
"spherical","12721.png",12721,0.236022198660485,0.276823878611416,1.11561172558017,NA,0.231761869793537
"spherical","12724.png",12724,0.235566138483463,0.276506617941558,1.11888020812784,NA,0.232655526113864
"spherical","12728.png",12728,0.234029869798418,0.274881464216114,1.10713698001329,NA,0.230230099720021
"spherical","12731.png",12731,0.234924858010656,0.275952520195134,1.11525528621951,NA,0.231663983299628
"spherical","12734.png",12734,0.235610148647686,0.276440082265464,1.10344637614112,NA,0.232912248279319
"spherical","12737.png",12737,0.235520302196231,0.27645664123261,1.12824264602523,NA,0.233164220794588
"spherical","12740.png",12740,0.235366107434121,0.276315772911619,1.11274179281406,NA,0.233001194996549
"spherical","12744.png",12744,0.235548698393299,0.27660241640266,1.11154214478871,NA,0.233346997082754
"spherical","12747.png",12747,0.235514891354732,0.276656671401291,1.11574059780502,NA,0.232878589822834
"spherical","12750.png",12750,0.235808489448389,0.276845714080556,1.11478039051246,NA,0.233824683791833
"spherical","12753.png",12753,0.235166693040382,0.276280466168774,1.12188737536108,NA,0.23236499196806
"spherical","12756.png",12756,0.235573461510917,0.276438293751041,1.11511162722813,NA,0.232961306391875
"spherical","12760.png",12760,0.236590534540357,0.277355585202468,1.12227933467075,NA,0.233679258651758
"spherical","12763.png",12763,0.235443518004256,0.276307835492167,1.11088818031294,NA,0.232657281576337
"spherical","12766.png",12766,0.235175193365208,0.276128449690939,1.11411073070748,NA,0.231464094149255
"spherical","12769.png",12769,0.235662476003199,0.276384324867314,1.12391387310003,NA,0.233094449758645
"spherical","12772.png",12772,0.23392667971167,0.274927755554759,1.12242122439455,NA,0.230740126408431
"spherical","12776.png",12776,0.235077202024205,0.276210084534296,1.08975062812204,NA,0.232026550301958
"spherical","12779.png",12779,0.236530499808136,0.277576404539731,1.12008328230391,NA,0.234780206232586
"spherical","12782.png",12782,0.235635375318143,0.276690041450231,1.11655373725801,NA,0.232909410343453
"spherical","12785.png",12785,0.235542287420021,0.276356234034823,1.1058256205371,NA,0.232859669457172
"spherical","12788.png",12788,0.23634687937865,0.277134894668985,1.10814010713824,NA,0.232458176934855
"spherical","12792.png",12792,0.23715745393979,0.277900144968993,1.11843533226339,NA,0.234225177757921
"spherical","12795.png",12795,0.236914339057757,0.277712424036122,1.1300991432711,NA,0.233072774455386
"spherical","12798.png",12798,0.23645489385874,0.277405110030777,1.1312160001064,NA,0.232316811395003
"spherical","12801.png",12801,0.235936058180968,0.276804761679293,1.12399716209127,NA,0.230782209516689
"spherical","12804.png",12804,0.236021397130527,0.277071058500728,1.13166645895082,NA,0.230510882316923
"spherical","12808.png",12808,0.233815813068207,0.274680050357188,1.13299166109797,NA,0.227662064507295
"spherical","12811.png",12811,0.234809869858995,0.275769676092138,1.1215493388422,NA,0.228416769397894
"spherical","12814.png",12814,0.234587953420539,0.275557280149371,1.12747719550393,NA,0.228237951218482
"spherical","12817.png",12817,0.234329912137646,0.275334736999069,1.12470349230342,NA,0.228044534428526
"spherical","12820.png",12820,0.235024605686564,0.275928536352886,1.12752417914653,NA,0.229642956810094
"spherical","12824.png",12824,0.235501647650871,0.276483377451961,1.11471624158104,NA,0.22998129768485
"spherical","12827.png",12827,0.235410889905364,0.276332089137657,1.13313138423647,NA,0.229633668279155
"spherical","12830.png",12830,0.234138730733304,0.275264480782257,1.11360663090441,NA,0.227167086380681
"spherical","12833.png",12833,0.234583987265975,0.27581914400695,1.1047245433552,NA,0.2284442892285
"spherical","12836.png",12836,0.233884034854415,0.274980877630529,1.10598282018379,NA,0.227029533684528
"spherical","12840.png",12840,0.233653975530497,0.274748654117782,1.0979269915728,NA,0.227023106177222
"spherical","12843.png",12843,0.234099971400081,0.275021817800012,1.08556413242589,NA,0.228485323028739
"spherical","12846.png",12846,0.23459402779379,0.275481671229958,1.10161161225714,NA,0.230286061222697
"spherical","12849.png",12849,0.235138024036422,0.276195933073674,1.11235765171776,NA,0.231849421526809
"spherical","12852.png",12852,0.234117643464052,0.275099481536383,1.08984407905386,NA,0.229345190520553
"spherical","12856.png",12856,0.235237199262164,0.276450227268268,1.10421468948531,NA,0.232468594254747
"spherical","12859.png",12859,0.235524534571915,0.276510402240166,1.11512049269653,NA,0.233316594473095
"spherical","12862.png",12862,0.234067090094048,0.275151528263309,1.09616082328888,NA,0.231021021023329
"spherical","12865.png",12865,0.23482035647647,0.275596868715933,1.1081441390392,NA,0.231576877518367
"spherical","12868.png",12868,0.235919748363107,0.276735630221692,1.11260948474435,NA,0.232645957513679
"spherical","12872.png",12872,0.235661243236667,0.27644868309586,1.11567682180722,NA,0.231154649141752
"spherical","12875.png",12875,0.237263546197369,0.27796011794681,1.12908419016498,NA,0.233534532749559
"spherical","12878.png",12878,0.236903133953482,0.277763855653444,1.1341806353898,NA,0.232051404509515
"spherical","12881.png",12881,0.234634846560984,0.275579477952945,1.13251157998482,NA,0.229533106215726
"spherical","12884.png",12884,0.235512518456402,0.276440679892016,1.13317045416509,NA,0.230348794969862
"spherical","12888.png",12888,0.23441309795463,0.275301949193987,1.13064158223115,NA,0.229153410762346
"spherical","12891.png",12891,0.234899028999239,0.275938133780978,1.12997123433557,NA,0.229354542528006
"spherical","12894.png",12894,0.234431942100006,0.275358427428469,1.13025944464505,NA,0.228629959636549
"spherical","12897.png",12897,0.234034571528167,0.275240325704125,1.12319780332321,NA,0.227535105902264
"spherical","12900.png",12900,0.233712121007543,0.274766910122911,1.12275091638763,NA,0.226787342443682
"spherical","12904.png",12904,0.233490605786692,0.274784672505681,1.11101987069656,NA,0.226207215476171
"spherical","12907.png",12907,0.233091932580755,0.274233245373737,1.08857360237517,NA,0.226254375452487
"spherical","12910.png",12910,0.235142180346294,0.276015562530809,1.09818766211445,NA,0.230967699398229
"spherical","12913.png",12913,0.234176864240202,0.275209769304725,1.09294308773683,NA,0.230354182994705
"spherical","12916.png",12916,0.234445843398106,0.275559919138109,1.10636989078382,NA,0.232072823651547
"spherical","12920.png",12920,0.235718651623437,0.276632745715845,1.12451674920857,NA,0.233294832108593
"spherical","12923.png",12923,0.234707932510015,0.275734832712325,1.11769274107908,NA,0.231544492857232
"spherical","12926.png",12926,0.235566356534783,0.276374147035234,1.1112367435753,NA,0.231742367478323
"spherical","12929.png",12929,0.237501321498304,0.278253244198951,1.12547212923417,NA,0.233599332713335
"spherical","12932.png",12932,0.235858831455419,0.276768962022983,1.12526114276978,NA,0.232083451127503
"spherical","12936.png",12936,0.236098956130343,0.2769351662344,1.12381743586873,NA,0.230413195089563
"spherical","12939.png",12939,0.234241845654419,0.275177023401492,1.12653940301529,NA,0.227425084732115
"spherical","12942.png",12942,0.233503675337215,0.274682037645863,1.12609930387278,NA,0.226468837805315
"spherical","12945.png",12945,0.233816879750107,0.274986109714252,1.12303977700812,NA,0.22697948713848
"spherical","12948.png",12948,0.234270323723643,0.275154411422812,1.1063875868852,NA,0.228384072414383
"spherical","12952.png",12952,0.235886958346346,0.276686926453258,1.09474633559032,NA,0.230934078722262
"spherical","12955.png",12955,0.23457818991787,0.275414805147808,1.09348325480435,NA,0.230359804345767
"spherical","12958.png",12958,0.234356191321341,0.275654591831128,1.10330658721294,NA,0.231886865293409
"spherical","12961.png",12961,0.235075721999531,0.275873852829056,1.11385227535928,NA,0.232414938192774
"spherical","12964.png",12964,0.236010289318718,0.276941807841731,1.11451674694025,NA,0.232546572019074
"spherical","12968.png",12968,0.236760143347582,0.277645627756545,1.13347352222253,NA,0.23253838118521
"spherical","12971.png",12971,0.23523387707913,0.276124084826577,1.12920642906483,NA,0.231222360594218
"spherical","12974.png",12974,0.235729118187813,0.276536712131759,1.12630401383706,NA,0.230319298080542
"spherical","12977.png",12977,0.234624916775102,0.275662251522106,1.11374269662114,NA,0.228539272190026
"spherical","12980.png",12980,0.231990663433165,0.273078539159588,1.09192505066056,NA,0.224678887996883
"spherical","12984.png",12984,0.235332143470108,0.276206001378114,1.08556854341478,NA,0.230858818064627
"spherical","12987.png",12987,0.235363489039591,0.276165635455932,1.0844907841689,NA,0.230874289167621
"spherical","12990.png",12990,0.235525003085268,0.276530844063205,1.09421416830737,NA,0.232292465112997
"spherical","12993.png",12993,0.234987310620252,0.276064728554624,1.10310837974463,NA,0.231837501317324
"spherical","12996.png",12996,0.234770125581995,0.27582686494735,1.11803023653817,NA,0.23223476236162
"spherical","13000.png",13000,0.23655891594863,0.277457609060927,1.11045600915198,NA,0.233003280345631
"spherical","13003.png",13003,0.236103203545757,0.27694298052855,1.12316407393174,NA,0.232505463029819
"spherical","13006.png",13006,0.236814445667917,0.277558182374862,1.13074953837337,NA,0.232494652985009
"spherical","13009.png",13009,0.235865858027565,0.276761218830895,1.11979183250329,NA,0.229657270577375
"spherical","13012.png",13012,0.234154310215798,0.275067503997215,1.11525205928424,NA,0.227411728299887
"spherical","13016.png",13016,0.232979232614361,0.27416531315234,1.11777437475386,NA,0.225545373673382
"spherical","13019.png",13019,0.232944161897667,0.2739119468579,1.09427948019525,NA,0.226056956905803
"spherical","13022.png",13022,0.233237331647893,0.274037248191216,1.10766741625429,NA,0.22782107537534
"spherical","13025.png",13025,0.234694368738869,0.27562989228009,1.09259919700956,NA,0.229875036151231
"spherical","13028.png",13028,0.234074334413508,0.275176939122155,1.11842429463982,NA,0.231476276886782
"spherical","13032.png",13032,0.235803394689339,0.276640028951643,1.1117461359479,NA,0.232548107351014
"spherical","13035.png",13035,0.236633118972481,0.277365745348482,1.12178287154675,NA,0.233174783368205
"spherical","13038.png",13038,0.236451203906608,0.277274086008,1.13072445270505,NA,0.232105761665844
"spherical","13041.png",13041,0.234976789901812,0.275885448449626,1.13165100000932,NA,0.228898072147604
"spherical","13044.png",13044,0.233970118359871,0.275067449101649,1.12080033475131,NA,0.227308331959793
"spherical","13048.png",13048,0.233722993114887,0.274840425499276,1.1034781416104,NA,0.226909458844284
"spherical","13051.png",13051,0.235218462138355,0.276178100352687,1.09863886647736,NA,0.230254206584524
"spherical","13054.png",13054,0.234673406906898,0.27562106304521,1.10453311177262,NA,0.230635915610725
"spherical","13057.png",13057,0.235119499496407,0.27622592277643,1.1029399909502,NA,0.232852148233378
"spherical","13060.png",13060,0.23567483865609,0.27666445346421,1.11646440664301,NA,0.232633600246026
"spherical","13064.png",13064,0.237957493434019,0.278763858636438,1.12373475499229,NA,0.234912719098439
"spherical","13067.png",13067,0.236838891491058,0.277705779509388,1.13199192023256,NA,0.233926431521283
"spherical","13070.png",13070,0.236648849911785,0.277529454235828,1.14076145583953,NA,0.23228617031019
"spherical","13073.png",13073,0.235327846641443,0.27621871070483,1.12191416940102,NA,0.229093885279774
"spherical","13076.png",13076,0.234010656352763,0.275086813513719,1.07816987779414,NA,0.227789703936199
"spherical","13080.png",13080,0.234132354614884,0.275029910317935,1.08225022921963,NA,0.227975174311373
"spherical","13083.png",13083,0.236153339165845,0.277006335738121,1.09199523047559,NA,0.232346781938838
"spherical","13086.png",13086,0.234502309445254,0.275542822089474,1.10346748065992,NA,0.232306538511173
"spherical","13089.png",13089,0.235216700203279,0.276147062157231,1.11897684909765,NA,0.231743077840576
"spherical","13092.png",13092,0.237672062309581,0.278384542157836,1.1311052379157,NA,0.2334832762992
"spherical","13096.png",13096,0.236210007551863,0.277077249486892,1.1309082500994,NA,0.231044028397315
"spherical","13099.png",13099,0.233869966875869,0.275008403713639,1.11059023973838,NA,0.226665793481876
"spherical","13102.png",13102,0.233302140361228,0.274348314289249,1.09851130773525,NA,0.226446421254186
"spherical","13105.png",13105,0.234021272873448,0.274893158945541,1.09363800894824,NA,0.228477827968319
"spherical","13108.png",13108,0.234553872148038,0.275607791897807,1.11658565031901,NA,0.231700108076743
"spherical","13112.png",13112,0.235532455636443,0.276554731206486,1.11009953676695,NA,0.233355296803781
"spherical","13115.png",13115,0.23629089021417,0.277039140532437,1.11157518164488,NA,0.233423963540659
"spherical","13118.png",13118,0.237709651415378,0.278506882025971,1.13586308627476,NA,0.234334023484788
"spherical","13121.png",13121,0.23555706087615,0.276456924865183,1.13518238889697,NA,0.229727852472577
"spherical","13124.png",13124,0.233474153785717,0.274676896050521,1.10190575223145,NA,0.226184328050409
"spherical","13128.png",13128,0.23435832807008,0.275238005602721,1.085702717851,NA,0.228576457812779
"spherical","13131.png",13131,0.234947483830328,0.275929743748124,1.11440360972714,NA,0.231372451551649
"spherical","13134.png",13134,0.234688531904503,0.275768691969234,1.10961081665695,NA,0.232407203165723
"spherical","13137.png",13137,0.235458913619691,0.276411874145401,1.11815878082038,NA,0.232848221420691
"spherical","13140.png",13140,0.237480512537606,0.278198644104153,1.12476647613859,NA,0.233348877022325
"spherical","13144.png",13144,0.235631590698873,0.276582259264388,1.12763055886796,NA,0.230214299764031
"spherical","13147.png",13147,0.234621413673723,0.275578856737646,1.14148741571806,NA,0.228385397455491
"spherical","13150.png",13150,0.234498083280269,0.275755064623658,1.11593489079404,NA,0.227849887256776
"spherical","13153.png",13153,0.234324430653164,0.275360893369383,1.09254912363285,NA,0.228936054644633
"spherical","13156.png",13156,0.233825218195287,0.275076503590964,1.11870730005653,NA,0.231535580143164
"spherical","13160.png",13160,0.235866621498545,0.276693030270729,1.110127097008,NA,0.232581040182113
"spherical","13163.png",13163,0.236136591379266,0.27705795239398,1.12106232446104,NA,0.23253731799979
"spherical","13166.png",13166,0.236879077825682,0.277751401654709,1.1407024823785,NA,0.232478356372029
"spherical","13169.png",13169,0.235757505635701,0.276727433787857,1.13805863964824,NA,0.231075949886369
"spherical","13172.png",13172,0.234154356367903,0.275100783870656,1.13007769037085,NA,0.227549177806611
"spherical","13176.png",13176,0.234534263729921,0.2755660064615,1.08980961250754,NA,0.228850813121856
"spherical","13179.png",13179,0.234102317995778,0.275005285785244,1.09413904579834,NA,0.229265338224551
"spherical","13182.png",13182,0.233899864142208,0.275118914693683,1.11997691658898,NA,0.231232121747578
"spherical","13185.png",13185,0.236497862865328,0.277303773036365,1.13233080210294,NA,0.233426088911125
"spherical","13188.png",13188,0.235933493620555,0.27690374560367,1.12898125434564,NA,0.231144720385248
"spherical","13192.png",13192,0.233767292370244,0.274810850184845,1.10441362680242,NA,0.226901872847695
"spherical","13195.png",13195,0.234319583036203,0.275378995468003,1.08847163144729,NA,0.228370655928957
"spherical","13198.png",13198,0.235471200504027,0.276337907609752,1.09342255046334,NA,0.230944492211688
"spherical","13201.png",13201,0.233534548267394,0.274702177469443,1.10469239561764,NA,0.230713382149454
"spherical","13204.png",13204,0.237203529149426,0.278083721118022,1.11508346006478,NA,0.234566712130873
"spherical","13208.png",13208,0.235404413711844,0.276212590684304,1.1350298440573,NA,0.229748154345481
"spherical","13211.png",13211,0.233831417255583,0.274836870568792,1.11298731897776,NA,0.22675862462428
"spherical","13214.png",13214,0.23413188637496,0.275145894824204,1.12393418030758,NA,0.227360837415947
"spherical","13217.png",13217,0.234164317041228,0.275346386707271,1.09966332506488,NA,0.227394245249766
"spherical","13220.png",13220,0.234525745480527,0.275410974253298,1.12722996125709,NA,0.230704667372999
"spherical","13224.png",13224,0.235583876062364,0.276593352012462,1.10560156613948,NA,0.232808949551748
"spherical","13227.png",13227,0.236365639810709,0.277093063640631,1.12480426493549,NA,0.231447522415412
"spherical","13230.png",13230,0.235337217211257,0.27631993936505,1.12493553414984,NA,0.229554478900912
"spherical","13233.png",13233,0.233332752277641,0.274421948390639,1.0932295251014,NA,0.226989821459361
"spherical","13236.png",13236,0.235148549469164,0.276146651415839,1.09049355005709,NA,0.230221591965836
"spherical","13240.png",13240,0.234548204008666,0.275746542343314,1.09674199456308,NA,0.231141384624531
"spherical","13243.png",13243,0.234419147514828,0.275649643007319,1.1081888606352,NA,0.231640358652361
"spherical","13246.png",13246,0.236177176825122,0.277062302794338,1.12648655310681,NA,0.233346320411738
"spherical","13249.png",13249,0.237387577030727,0.278269792241294,1.1282678662924,NA,0.233741062898581
"spherical","13252.png",13252,0.234863735395839,0.275718109936353,1.12819908705661,NA,0.227817426075217
"spherical","13256.png",13256,0.234787497939516,0.275801254226477,1.09261438178586,NA,0.228682328676529
"spherical","13259.png",13259,0.233729541292385,0.275000557323128,1.09957615621931,NA,0.231091902774248
"spherical","13262.png",13262,0.235074516153115,0.276122556598418,1.11645119370467,NA,0.232373079079928
"spherical","13265.png",13265,0.235854433278321,0.276758617016243,1.1427465076471,NA,0.231460718964209
"spherical","13268.png",13268,0.237359181301216,0.278300290612849,1.1334371786788,NA,0.232231928625913
"spherical","13272.png",13272,0.234729880753465,0.275843237250041,1.1115536669814,NA,0.227852616870588
"spherical","13275.png",13275,0.234287681234795,0.275434420647476,1.10331466758539,NA,0.227770313513472
"spherical","13278.png",13278,0.234603777262094,0.275564945316763,1.09004717346916,NA,0.229527163395121
"spherical","13281.png",13281,0.234443885191089,0.275493834091587,1.0997427586779,NA,0.230731781441173
"spherical","13284.png",13284,0.235160925557353,0.276274211720921,1.11620625910301,NA,0.232124186645039
"spherical","13288.png",13288,0.237032534010525,0.277898132640735,1.14007404013706,NA,0.231855367257125
"spherical","13291.png",13291,0.234095036971046,0.275396100738172,1.10613121034537,NA,0.227254585695314
"spherical","13294.png",13294,0.235464636913414,0.276373696924525,1.09152121068812,NA,0.230517735208185
"spherical","13297.png",13297,0.23440326032937,0.275625443728213,1.10412411882253,NA,0.23140999948792
"spherical","13300.png",13300,0.234562632564424,0.275657325891813,1.1035714801807,NA,0.231674297915269
"spherical","13304.png",13304,0.23676804287392,0.277617930080708,1.1246215745251,NA,0.233204882630325
"spherical","13307.png",13307,0.237066773354196,0.27789160870779,1.1347537595084,NA,0.233073492679422
"spherical","13310.png",13310,0.236225861207626,0.277171432066777,1.12587678253174,NA,0.231054353937532
"spherical","13313.png",13313,0.233656945091233,0.274888183490139,1.096933530015,NA,0.227033618021733
"spherical","13316.png",13316,0.23448995478226,0.275625707518716,1.08531700889773,NA,0.231102109146415
"spherical","13320.png",13320,0.236559394452413,0.27740989516605,1.12470293907958,NA,0.233366497097466
"spherical","13323.png",13323,0.237182562707761,0.27802233337235,1.12917706119766,NA,0.233536238270197
"spherical","13326.png",13326,0.235775812071139,0.276742865969302,1.14373177651457,NA,0.230140718109442
"spherical","13329.png",13329,0.234739582295248,0.275842057857598,1.10270306268618,NA,0.22868813306309
"spherical","13332.png",13332,0.234219350496348,0.275260712444223,1.08840320180318,NA,0.230413382998992
"spherical","13336.png",13336,0.236191914413117,0.277123913482973,1.10887291941094,NA,0.233533408743504
"spherical","13339.png",13339,0.236378171241605,0.277317565219904,1.12502758259933,NA,0.232799801986891
"spherical","13342.png",13342,0.236386746925159,0.277360621748846,1.11584388562793,NA,0.231347268086493
"spherical","13345.png",13345,0.234135570511781,0.2752826387282,1.10191651873345,NA,0.227140558432433
"spherical","13348.png",13348,0.235000101007758,0.275852685914594,1.09681960799153,NA,0.231311951375568
"spherical","13352.png",13352,0.23336039596963,0.274659446779822,1.10958457198215,NA,0.230546785178373
"spherical","13355.png",13355,0.236119732318768,0.277078130347784,1.13023757462903,NA,0.231731374390695
"spherical","13358.png",13358,0.237828824241415,0.278598482251483,1.13813362515384,NA,0.233844220548745
"spherical","13361.png",13361,0.234112413612055,0.275206410759478,1.11697499778671,NA,0.227336080006994
"spherical","13364.png",13364,0.235087797561958,0.276165460539552,1.10926855476587,NA,0.229006892351024
"spherical","13368.png",13368,0.234057622913746,0.275330117076775,1.1034284739652,NA,0.231139856302189
"spherical","13371.png",13371,0.234584433119893,0.27563340991538,1.11404770641126,NA,0.23163947167017
"spherical","13374.png",13374,0.237903425665405,0.278752343078842,1.13220693244252,NA,0.233945172204913
"spherical","13377.png",13377,0.234196024023094,0.275313901977974,1.11021237872035,NA,0.227453027878214
"spherical","13380.png",13380,0.23408948675966,0.275184167188369,1.09163080504559,NA,0.228292264497078
"spherical","13384.png",13384,0.234046471289129,0.275203843410739,1.11327294027585,NA,0.231307755965361
"spherical","13387.png",13387,0.237714830811568,0.278558292991008,1.127026660443,NA,0.234350670365693
"spherical","13390.png",13390,0.236683118524965,0.277477041270248,1.13305283687575,NA,0.233128628452864
"spherical","13393.png",13393,0.236062427125689,0.27697184315738,1.12182581492393,NA,0.23189800371827
"spherical","13396.png",13396,0.233774749816462,0.274883685680928,1.09715118347332,NA,0.227682685164512
"spherical","13400.png",13400,0.23310963350365,0.274416134609265,1.10373486987709,NA,0.230456067743494
"spherical","13403.png",13403,0.236179179457094,0.277090112638131,1.11506869319358,NA,0.233516614357402
"spherical","13406.png",13406,0.23723566351086,0.278103259753027,1.13594674283301,NA,0.232529063984037
"spherical","13409.png",13409,0.236521326743275,0.27746411857496,1.12746536182204,NA,0.231017822094133
"spherical","13412.png",13412,0.234580984817992,0.275644326103791,1.09060101595732,NA,0.229157881078294
"spherical","13416.png",13416,0.234581598390996,0.275834523377364,1.12631759154224,NA,0.231672992464881
"spherical","13419.png",13419,0.235484237246321,0.276425868549922,1.11443378025501,NA,0.233368309284426
"spherical","13422.png",13422,0.237393763963002,0.278178052450995,1.12849801547629,NA,0.233376807535675
"spherical","13425.png",13425,0.234435448408901,0.275527515586515,1.13208521100014,NA,0.227874604693357
"spherical","13428.png",13428,0.234173218857974,0.275153468867112,1.09123258450977,NA,0.229197728907995
"spherical","13432.png",13432,0.234950419415712,0.276212888193885,1.10408342936727,NA,0.233002557364828
"spherical","13435.png",13435,0.236791409609729,0.277640744170283,1.11581406767012,NA,0.23412941315432
"spherical","13438.png",13438,0.235403485505322,0.276262661605602,1.13112891194589,NA,0.2287681964233
"spherical","13441.png",13441,0.235103312914304,0.276233733338483,1.11504616141458,NA,0.228615295606521
"spherical","13444.png",13444,0.234910736765728,0.275915117107921,1.09297616589289,NA,0.229704705206491
"spherical","13448.png",13448,0.235237986234446,0.276216662403189,1.11540699255514,NA,0.233133470909042
"spherical","13451.png",13451,0.237001295912938,0.277843989459831,1.13763591333538,NA,0.233495679506154
"spherical","13454.png",13454,0.235331495373528,0.27638229381867,1.13362245559155,NA,0.229051215418256
"spherical","13457.png",13457,0.234871368000158,0.275951302046785,1.1222618826261,NA,0.228750600860731
"spherical","13460.png",13460,0.233896087893523,0.274961301838673,1.11094946708477,NA,0.227809348851995
"spherical","13464.png",13464,0.234078485704812,0.275230602800526,1.10051312991257,NA,0.231068942672
"spherical","13467.png",13467,0.23509945440185,0.276061540095795,1.11550086325517,NA,0.232114657809779
"spherical","13470.png",13470,0.23668375310173,0.277665395944745,1.13264312734413,NA,0.231092267006747
"spherical","13473.png",13473,0.234802526792682,0.275692933011403,1.0931798223874,NA,0.229623936381201
"spherical","13476.png",13476,0.234104380517423,0.275463020834059,1.09150003079719,NA,0.23153754934565
"spherical","13480.png",13480,0.236687393524477,0.277557205830373,1.13429980026528,NA,0.233111603084136
"spherical","13483.png",13483,0.237232685971967,0.278092336064646,1.14214810023671,NA,0.233287653786658
"spherical","13486.png",13486,0.236172461630847,0.277162441920165,1.12728574343549,NA,0.230490638033298
"spherical","13489.png",13489,0.234177726336459,0.275397657677583,1.12163261425963,NA,0.227268171467902
"spherical","13492.png",13492,0.234639191086714,0.275637051550627,1.0830540698139,NA,0.229483953081867
"spherical","13496.png",13496,0.234531764474886,0.275627936721466,1.1156135310464,NA,0.231920097336696
"spherical","13499.png",13499,0.237987093990322,0.278770700162343,1.12848446689969,NA,0.234111006910211
"spherical","13502.png",13502,0.235194038296669,0.276338925287527,1.11042684104837,NA,0.228551063446017
"spherical","13505.png",13505,0.235132248041175,0.275989034356811,1.10540374096871,NA,0.230571015085131
"spherical","13508.png",13508,0.235057354547547,0.276135076867715,1.09959032016197,NA,0.233029260174071
"spherical","13512.png",13512,0.235159974031335,0.276223308164873,1.13372164913031,NA,0.230696809542469
"spherical","13515.png",13515,0.235280872105718,0.276414511699681,1.1252232052485,NA,0.229415118470112
"spherical","13518.png",13518,0.235969561622623,0.276850192158174,1.10566170508538,NA,0.231352632828767
"spherical","13521.png",13521,0.235071072386817,0.276213501893196,1.09700675716124,NA,0.232158024259091
"spherical","13524.png",13524,0.234309843200331,0.275466497860277,1.10682069622686,NA,0.231978381763473
"spherical","13528.png",13528,0.237637062098939,0.278497665889616,1.12318089316562,NA,0.23475452474264
"spherical","13531.png",13531,0.235733225775075,0.276711906107396,1.13452248233243,NA,0.229570266739871
"spherical","13534.png",13534,0.234357800827695,0.275558263424145,1.09122918782618,NA,0.2318701567345
"spherical","13537.png",13537,0.235098659226218,0.276137518149154,1.11553011885814,NA,0.232309427688945
"spherical","13540.png",13540,0.237033260065904,0.27780639608277,1.14193937344163,NA,0.23316098728525
"spherical","13544.png",13544,0.234367757666992,0.275615129612289,1.10042833315982,NA,0.227507058137045
"spherical","13547.png",13547,0.234581410225269,0.275565026838785,1.09580000167257,NA,0.228781444139718
"spherical","13550.png",13550,0.234306660221449,0.27554095358407,1.11402832364626,NA,0.232131093847098
"spherical","13553.png",13553,0.235088990591718,0.276214460218349,1.11769618877543,NA,0.23233646458801
"spherical","13556.png",13556,0.236804789226071,0.277780795871057,1.10377350646949,NA,0.234094223406607
"spherical","13560.png",13560,0.237827271756101,0.278691580379402,1.13535326942527,NA,0.233151023315048
"spherical","13563.png",13563,0.235510918031425,0.276439682161036,1.07856791589138,NA,0.23066721983162
"spherical","13566.png",13566,0.234883852884865,0.275987019583458,1.11228937851299,NA,0.232486220624877
"spherical","13569.png",13569,0.237021481896386,0.2779393648723,1.13700197003755,NA,0.232897893077617
"spherical","13572.png",13572,0.235386318263167,0.276373157114393,1.13435212138722,NA,0.229594969761935
"spherical","13576.png",13576,0.234727174206321,0.275684023775953,1.08180832696493,NA,0.229778247636836
"spherical","13579.png",13579,0.234387004046272,0.275542326247205,1.11393201628552,NA,0.232035311479483
"spherical","13582.png",13582,0.237024347931126,0.277961268619219,1.12580781388097,NA,0.233792910365596
"spherical","13585.png",13585,0.236990099828886,0.277822205603262,1.12998251543237,NA,0.232548257383447
"spherical","13588.png",13588,0.234265269171012,0.275503439251601,1.10822382261189,NA,0.227728232528495
"spherical","13592.png",13592,0.233412930974452,0.274777206866319,1.11173136414579,NA,0.230810343275849
"spherical","13595.png",13595,0.237313866685943,0.2782096562677,1.11673154110787,NA,0.234451888905092
"spherical","13598.png",13598,0.236122269434219,0.277111439609818,1.12570908697561,NA,0.230175344119255
"spherical","13601.png",13601,0.234879637958979,0.275865104140307,1.09212655077236,NA,0.229589280913861
"spherical","13604.png",13604,0.234072977014432,0.275414047969928,1.09563592873838,NA,0.231619915215438
"spherical","13608.png",13608,0.236371177063975,0.277283642657655,1.10876185487029,NA,0.233466930293615
"spherical","13611.png",13611,0.236765232346923,0.277664123098104,1.12006008744589,NA,0.233411494933537
"spherical","13614.png",13614,0.23534508283623,0.27632431605687,1.12917538569317,NA,0.229420823333731
"spherical","13617.png",13617,0.236044490539543,0.276954923470688,1.08861377588037,NA,0.231166457340336
"spherical","13620.png",13620,0.23449615295453,0.275628793722747,1.10771587901708,NA,0.232186548934607
"spherical","13624.png",13624,0.237272362309323,0.27813358070086,1.14145565163989,NA,0.233980256592579
"spherical","13627.png",13627,0.234186663566708,0.275413522327778,1.11546981991767,NA,0.227415508375264
"spherical","13630.png",13630,0.235222704749006,0.276175930964926,1.08596196885455,NA,0.231561209285638
"spherical","13633.png",13633,0.234660260952287,0.275829213886891,1.11498721061049,NA,0.232284918908067
"spherical","13636.png",13636,0.236749089262245,0.277675566826138,1.12289831273948,NA,0.233566910484166
"spherical","13640.png",13640,0.235245158584213,0.276278403082971,1.12405976628495,NA,0.228936297484114
"spherical","13643.png",13643,0.235113008212292,0.275983862748835,1.09178495417655,NA,0.230119567225538
"spherical","13646.png",13646,0.234071410906248,0.275208407622649,1.1111523063332,NA,0.231937908452856
"spherical","13649.png",13649,0.237579886053759,0.278404456026266,1.12522719489221,NA,0.234516726125107
"spherical","13652.png",13652,0.235503733283604,0.276509214091417,1.1129722867597,NA,0.229196427098125
"spherical","13656.png",13656,0.23471208884332,0.275737374152719,1.09516079182701,NA,0.228674275504722
"spherical","13659.png",13659,0.235928342898316,0.276808068803959,1.09547211733009,NA,0.231999731814653
"spherical","13662.png",13662,0.236156954070485,0.277179488880137,1.11982468918291,NA,0.233522731031318
"spherical","13665.png",13665,0.237089850380438,0.277981112145741,1.12177996748415,NA,0.231750035758915
"spherical","13668.png",13668,0.235248593469607,0.276171084240182,1.09231067090149,NA,0.230640066731643
"spherical","13672.png",13672,0.235854944648341,0.276851770081637,1.1122749241645,NA,0.23439913854547
"spherical","13675.png",13675,0.237465018712849,0.278414425554131,1.12995682318933,NA,0.234007515452483
"spherical","13678.png",13678,0.236196774532363,0.277099621367175,1.12621439060055,NA,0.230623814012148
"spherical","13681.png",13681,0.234187659608912,0.275287416601756,1.09235145792258,NA,0.22786301702934
"spherical","13684.png",13684,0.232736873745588,0.274193614173493,1.10387044600948,NA,0.229905107851017
"spherical","13688.png",13688,0.236934787249991,0.277810580004658,1.13687771842171,NA,0.2330317016363
"spherical","13691.png",13691,0.235412842245476,0.2765057724659,1.11272306012396,NA,0.229098336576908
"spherical","13694.png",13694,0.234903805522703,0.275853976564613,1.08358784201853,NA,0.23031456266599
"spherical","13697.png",13697,0.234820357836537,0.275999945319676,1.10916338269995,NA,0.232870176150603
"spherical","13700.png",13700,0.236873202731653,0.277783169441913,1.13041886257593,NA,0.233652477407667
"spherical","13704.png",13704,0.237362562239578,0.278131444056033,1.14135764521472,NA,0.233081600262006
"spherical","13707.png",13707,0.234853626922273,0.276121850476805,1.11701208141921,NA,0.228520333279182
"spherical","13710.png",13710,0.234449437279998,0.275430442707447,1.09111944285102,NA,0.230304089486234
"spherical","13713.png",13713,0.235183934783886,0.276177637854302,1.12350419720966,NA,0.232278486508377
"spherical","13716.png",13716,0.236910115355793,0.27792480060722,1.12795803982188,NA,0.231459632531412
"spherical","13720.png",13720,0.234953303459345,0.275806604492629,1.10005589065373,NA,0.230451772807245
"spherical","13723.png",13723,0.23409926911911,0.27534961972873,1.10097447378405,NA,0.231719516566231
"spherical","13726.png",13726,0.237076006219073,0.278039711227502,1.12695486862552,NA,0.233330814362623
"spherical","13729.png",13729,0.233871385457454,0.274982949870415,1.10100774622869,NA,0.227226914720277
"spherical","13732.png",13732,0.235847191536505,0.276792461322861,1.09099503306977,NA,0.232038277819166
"spherical","13736.png",13736,0.234463476309521,0.27567939387874,1.10587549314864,NA,0.231336857896327
"spherical","13739.png",13739,0.236408129294575,0.277380665112582,1.12117882963859,NA,0.233368473529446
"spherical","13742.png",13742,0.236767198070427,0.27772228827993,1.11446979387359,NA,0.232803712476401
"spherical","13745.png",13745,0.235821062076956,0.27686127600893,1.1288714771823,NA,0.230123287836304
"spherical","13748.png",13748,0.235437276106394,0.276281559313193,1.08911230875719,NA,0.231674246834446
"spherical","13752.png",13752,0.236426697826494,0.277419577944806,1.11647427904083,NA,0.233418763271533
"spherical","13755.png",13755,0.23579973686475,0.276876063081565,1.1293853024785,NA,0.229596167355207
"spherical","13758.png",13758,0.235504790940556,0.276456724720744,1.09605096952451,NA,0.230618018190292
"spherical","13761.png",13761,0.234889229618347,0.275969645763495,1.11307820857638,NA,0.232975442322296
"spherical","13764.png",13764,0.237466425262754,0.278383089769527,1.13911867289327,NA,0.233589283782975
"spherical","13768.png",13768,0.234752895979216,0.275926109197399,1.11114787282844,NA,0.228432389517144
"spherical","13771.png",13771,0.234699192871879,0.275703560098897,1.08583634048465,NA,0.229413363202117
"spherical","13774.png",13774,0.235333336985571,0.276507877793676,1.09389553669121,NA,0.232080402473463
"spherical","13777.png",13777,0.237691882787308,0.278577101237672,1.136526606713,NA,0.234229331634362
"spherical","13780.png",13780,0.235534983767633,0.276579604604773,1.13139336817412,NA,0.229625681593428
"spherical","13784.png",13784,0.235402031231928,0.276282357450765,1.10455535373258,NA,0.231809419510514
"spherical","13787.png",13787,0.234608153367197,0.275884805113341,1.1055273690451,NA,0.232124022959904
"spherical","13790.png",13790,0.236615221014592,0.277609532582548,1.13631548210058,NA,0.233420709316046
"spherical","13793.png",13793,0.236722132725285,0.27767031895625,1.11939482692676,NA,0.231746298091719
"spherical","13796.png",13796,0.234838037704283,0.275938716951736,1.09909948474057,NA,0.229746353447692
"spherical","13800.png",13800,0.234074626195946,0.275353185563389,1.09206776444568,NA,0.231599231067578
"spherical","13803.png",13803,0.235680356803526,0.276780323436145,1.10856969856377,NA,0.233426003238783
"spherical","13806.png",13806,0.237690163380541,0.278526398277009,1.12987628763802,NA,0.233840553219237
"spherical","13809.png",13809,0.234627773069491,0.275741720135303,1.08982925823918,NA,0.228686303956749
"spherical","13812.png",13812,0.235201910522183,0.276409094811415,1.10162520381019,NA,0.23358877228924
"spherical","13816.png",13816,0.236664081720656,0.277622755444286,1.13316337591309,NA,0.23301618508245
"spherical","13819.png",13819,0.234949180419098,0.276102309226619,1.12808573808395,NA,0.228605234417699
"spherical","13822.png",13822,0.235470641113459,0.276421871776685,1.08902191250039,NA,0.230491528435419
"spherical","13825.png",13825,0.23536347474897,0.276499724643206,1.11535368569517,NA,0.232692343793849
"spherical","13828.png",13828,0.237651290905671,0.278536164169994,1.13246162499273,NA,0.234266592525713
"spherical","13832.png",13832,0.234901923768551,0.276070764543934,1.1232555479208,NA,0.228592042847617
"spherical","13835.png",13835,0.235267483691354,0.276310606471664,1.09228611016694,NA,0.230186085325942
"spherical","13838.png",13838,0.234019937186811,0.275375387692901,1.10855115654762,NA,0.231917695580589
"spherical","13841.png",13841,0.236605124110457,0.277540942941263,1.13278813073719,NA,0.233551216299017
"spherical","13844.png",13844,0.23481304703126,0.275932352892508,1.10341016374819,NA,0.228791146328343
"spherical","13848.png",13848,0.234904556770859,0.276102359780371,1.10488313193272,NA,0.233067995636432
"spherical","13851.png",13851,0.236029546598329,0.276959386497892,1.12278866393292,NA,0.233321137179477
"spherical","13854.png",13854,0.236468714583756,0.277479295933696,1.1368100830898,NA,0.231443317459488
"spherical","13857.png",13857,0.235284579891633,0.276397646153467,1.11532353887088,NA,0.230114234024597
"spherical","13860.png",13860,0.235444664574713,0.276316145737333,1.08763073832624,NA,0.231518846165401
"spherical","13864.png",13864,0.235399386929021,0.276427589386838,1.11657025912445,NA,0.232746224962618
"spherical","13867.png",13867,0.237662555639088,0.27864266741729,1.13398339235959,NA,0.23381580589478
"spherical","13870.png",13870,0.235161808976107,0.276330634296265,1.11975846331569,NA,0.229070311137916
"spherical","13873.png",13873,0.234904056319194,0.275944233480308,1.08798130811372,NA,0.231112865980455
"spherical","13876.png",13876,0.236822816464496,0.277726440227481,1.12068308062585,NA,0.234114575385258
"spherical","13880.png",13880,0.236245739915252,0.277219364344182,1.13583268766989,NA,0.231363437661334
"spherical","13883.png",13883,0.235162612020133,0.276195480359665,1.09636649604078,NA,0.229591315367742
"spherical","13886.png",13886,0.23446197321446,0.275807103954077,1.09685440885767,NA,0.231885058270202
"spherical","13889.png",13889,0.236228452127897,0.277169250799758,1.12626996371029,NA,0.233815663867508
"spherical","13892.png",13892,0.237779971164813,0.278680375752803,1.13716777273672,NA,0.233728635113743
"spherical","13896.png",13896,0.234798496746649,0.27590462345518,1.09715408535246,NA,0.229780098956786
"spherical","13899.png",13899,0.234984986200487,0.27598075064261,1.0926415193268,NA,0.230855503685062
"spherical","13902.png",13902,0.23556501311047,0.276742950486432,1.09125609992506,NA,0.233566198904565
"spherical","13905.png",13905,0.236176306559807,0.277140145603425,1.11082698649284,NA,0.234190768522483
"spherical","13908.png",13908,0.236622105497039,0.277593404401903,1.12959483453687,NA,0.230935420100795
"spherical","13912.png",13912,0.234678507525641,0.275909905526234,1.10601406401675,NA,0.232998124635067
"spherical","13915.png",13915,0.237999074659376,0.278865164982225,1.1285269121811,NA,0.23507897678429
"spherical","13918.png",13918,0.235200339299,0.276301787465581,1.12452165561056,NA,0.229790270701225
"spherical","13921.png",13921,0.235095755533727,0.276121973753081,1.08166098033921,NA,0.23012237116063
"spherical","13924.png",13924,0.234696670345611,0.275784356316454,1.09850800863187,NA,0.231613365894619
"spherical","13928.png",13928,0.236469626153399,0.27748314214061,1.11718123980925,NA,0.233345686549187
"spherical","13931.png",13931,0.237373118138064,0.278245924679921,1.14837418626331,NA,0.23335049003367
"spherical","13934.png",13934,0.234424822382661,0.275578152963298,1.10516323566852,NA,0.228620235874831
"spherical","13937.png",13937,0.235208101928838,0.27639601401362,1.08871737090991,NA,0.233329100364519
"spherical","13940.png",13940,0.235793003076433,0.276731240030987,1.10412628693301,NA,0.234099818291651
"spherical","13944.png",13944,0.238151576955912,0.27901172847484,1.12575807669698,NA,0.234478397882691
"spherical","13947.png",13947,0.234696603857815,0.275890251278098,1.11755768407628,NA,0.228500076709776
"spherical","13950.png",13950,0.235099077073995,0.276068803738415,1.09604805757683,NA,0.230908804584367
"spherical","13953.png",13953,0.23556254884324,0.276745584446353,1.1171709648837,NA,0.233570300777546
"spherical","13956.png",13956,0.237103340550569,0.278027893083147,1.15087146432654,NA,0.233245987498745
"spherical","13960.png",13960,0.235098963852626,0.276148373287081,1.09176300846352,NA,0.229442629527578
"spherical","13963.png",13963,0.23530492377038,0.276325623236801,1.09637172175204,NA,0.232603446163724
"spherical","13966.png",13966,0.23592213865791,0.276907805153848,1.11195821425591,NA,0.234007912611322
"spherical","13969.png",13969,0.237922594045174,0.278772161266629,1.13211568605501,NA,0.235433536511541
"spherical","13972.png",13972,0.234570334105791,0.275780442747889,1.11307313004671,NA,0.228821396124159
"spherical","13976.png",13976,0.23427760108065,0.275610589362732,1.1050258399292,NA,0.232557599418791
"spherical","13979.png",13979,0.237055560752293,0.277941463786513,1.12339003814822,NA,0.234997858957153
"spherical","13982.png",13982,0.236845602721491,0.27781850903118,1.13519848773898,NA,0.233581452069442
"spherical","13985.png",13985,0.236043314363788,0.277000191554788,1.12436787067994,NA,0.231345089272342
"spherical","13988.png",13988,0.234077315909306,0.275186013881537,1.09303483775509,NA,0.228567541348844
"spherical","13992.png",13992,0.234919883855917,0.276162455616336,1.10239462287394,NA,0.233468334869528
"spherical","13995.png",13995,0.237648431812986,0.278470894481568,1.14047640768173,NA,0.234874820701657
"spherical","13998.png",13998,0.235587268136092,0.276625866712916,1.10967710061538,NA,0.230384097545285
"spherical","14001.png",14001,0.234670805910493,0.275939627530603,1.09586640810726,NA,0.232861374609285
"spherical","14004.png",14004,0.236886871661958,0.277736135944039,1.14038805213983,NA,0.234883171492275
"spherical","14008.png",14008,0.235372083725944,0.276548209037392,1.10464227870225,NA,0.229707623666763
"spherical","14011.png",14011,0.236976745578656,0.277783780484198,1.08962764106942,NA,0.233511783579789
"spherical","14014.png",14014,0.235633045261425,0.276801094857942,1.09882804773776,NA,0.234527639013497
"spherical","14017.png",14017,0.235546521853223,0.276571614247172,1.11795798950712,NA,0.233528951024147
"spherical","14020.png",14020,0.236979011666684,0.277817260811321,1.12350625565254,NA,0.234309218481615
"spherical","14024.png",14024,0.234987582494895,0.276105211360159,1.11375109660964,NA,0.229177654237874
"spherical","14027.png",14027,0.235581595429954,0.276504012562741,1.09918266380918,NA,0.232381207154031
"spherical","14030.png",14030,0.235177302630491,0.27631737136368,1.1137266438488,NA,0.233953831296536
"spherical","14033.png",14033,0.237470273322668,0.278322735749922,1.1423774150956,NA,0.234676238772105
"spherical","14036.png",14036,0.23645630229222,0.277386581328679,1.12855771280275,NA,0.23200493466697
"spherical","14040.png",14040,0.234272742489571,0.275300660336444,1.09660333095213,NA,0.23047732473724
"spherical","14043.png",14043,0.234672914598992,0.27586928011904,1.11156690105345,NA,0.232979510856727
"spherical","14046.png",14046,0.235843601542055,0.276819841496545,1.12974193038901,NA,0.232904952683635
"spherical","14049.png",14049,0.236927013564965,0.277812461857769,1.13533497291846,NA,0.232720545164223
"spherical","14052.png",14052,0.235401157341683,0.276491563758029,1.09605543100028,NA,0.230334111522676
"spherical","14056.png",14056,0.235098552105996,0.276362241546938,1.0952974396218,NA,0.233702265212593
"spherical","14059.png",14059,0.236369202616143,0.277275122411077,1.11288368264468,NA,0.234890154420872
"spherical","14062.png",14062,0.236213222449036,0.277136161312382,1.13760600116195,NA,0.231519644409303
"spherical","14065.png",14065,0.23437416371515,0.275605836207211,1.08942330340217,NA,0.228663284224452
"spherical","14068.png",14068,0.234751426716016,0.275914971926032,1.08785907145206,NA,0.232356198841297
"spherical","14072.png",14072,0.236098598039649,0.277068464271176,1.11012391390764,NA,0.233407090188341
"spherical","14075.png",14075,0.236419306357697,0.277419502222921,1.1431992943682,NA,0.23187575983906
"spherical","14078.png",14078,0.234978154663022,0.276069791690914,1.11707524155008,NA,0.229836623831366
"spherical","14081.png",14081,0.23533780266089,0.276267803653165,1.10488650288177,NA,0.232176384718757
"spherical","14084.png",14084,0.234957406233145,0.276108999249852,1.10256728773113,NA,0.233084929834342
"spherical","14088.png",14088,0.237379946900743,0.278307900972554,1.13343818920644,NA,0.234111647599821
"spherical","14091.png",14091,0.234654726625268,0.27577702622373,1.10747156578896,NA,0.229190700751386
"spherical","14094.png",14094,0.23546022055301,0.276396428489007,1.09382760974157,NA,0.232488188932384
"spherical","14097.png",14097,0.236084393124314,0.277087418685766,1.11022025952105,NA,0.23454031522151
"spherical","14100.png",14100,0.236298667230098,0.277263379426531,1.12660298894042,NA,0.23340711727476
"spherical","14104.png",14104,0.235617885780594,0.276639035174651,1.13191261986753,NA,0.230256698064874
"spherical","14107.png",14107,0.2353441122049,0.276364844767542,1.08999707794404,NA,0.231178744945857
"spherical","14110.png",14110,0.234481614714441,0.275718601969969,1.10172743234836,NA,0.23309923210561
"spherical","14113.png",14113,0.236822560856818,0.277726689898375,1.12712022054319,NA,0.234921208742016
"spherical","14116.png",14116,0.237268406785683,0.27812426821934,1.12516376821188,NA,0.234781709261488
"spherical","14120.png",14120,0.234385428413644,0.275610073014864,1.09794287340959,NA,0.229005784223616
"spherical","14123.png",14123,0.234995960188902,0.276030938945339,1.09172376894615,NA,0.231508327117932
"spherical","14126.png",14126,0.23494795028999,0.276090660847997,1.10747632945445,NA,0.233328809002426
"spherical","14129.png",14129,0.237200893624668,0.278063350545327,1.14073441182266,NA,0.234839063793112
"spherical","14132.png",14132,0.235112709903775,0.276140360767572,1.12077818842836,NA,0.230012876320339
"spherical","14136.png",14136,0.235913247342119,0.27684244594699,1.09954578012909,NA,0.232941521754883
"spherical","14139.png",14139,0.235466612420432,0.276689639422616,1.10257297930904,NA,0.234255256319597
"spherical","14142.png",14142,0.235125343811716,0.276274016340974,1.10564135458082,NA,0.233432710607543
"spherical","14145.png",14145,0.235868534189724,0.276781552271919,1.12578179062612,NA,0.233097111524385
"spherical","14148.png",14148,0.236546728761658,0.277521650446195,1.13823652407068,NA,0.233550782822493
"spherical","14152.png",14152,0.23452641759403,0.275829485922149,1.0990403964422,NA,0.228857322412261
"spherical","14155.png",14155,0.234891094863885,0.275961718809661,1.1031065776608,NA,0.231365754480573
"spherical","14158.png",14158,0.236444098470488,0.277333359053858,1.12343393145432,NA,0.233898386238912
"spherical","14161.png",14161,0.236419852717356,0.277351709320495,1.13896316961743,NA,0.232019586232949
"spherical","14164.png",14164,0.234584591305177,0.275740163908399,1.10143317286484,NA,0.228861930852204
"spherical","14168.png",14168,0.234887197384432,0.276197427283894,1.11842957407819,NA,0.233627260827185
"spherical","14171.png",14171,0.235981035921891,0.276999419897222,1.10675462625105,NA,0.234423967545449
"spherical","14174.png",14174,0.237198440535988,0.27812085520169,1.12374422568602,NA,0.234375895673332
"spherical","14177.png",14177,0.235438650289799,0.276480788324484,1.13303806683975,NA,0.230635725477737
"spherical","14180.png",14180,0.234495010249409,0.275689595763208,1.10329722188168,NA,0.229313696300984
"spherical","14184.png",14184,0.234876792946861,0.276069719806273,1.09412695860516,NA,0.232907381162846
"spherical","14187.png",14187,0.236230294028328,0.277247487819272,1.10957850418154,NA,0.235280810683062
"spherical","14190.png",14190,0.236896738176514,0.277700160443972,1.11918014126864,NA,0.234835444265285
"spherical","14193.png",14193,0.237017063516633,0.27789998072109,1.14478820208723,NA,0.234363476506451
"spherical","14197.png",14197,0.23473098260433,0.275838684341758,1.0909170325318,NA,0.23072249129829
"spherical","14200.png",14200,0.234233283094816,0.27556405727693,1.08838844964525,NA,0.232913246083548
"spherical","14203.png",14203,0.237812440127815,0.278606797399051,1.13150610113358,NA,0.235751513998436
"spherical","14206.png",14206,0.234945333271976,0.276011874003286,1.12503000831788,NA,0.229979438923856
"spherical","14209.png",14209,0.235313111706709,0.27639175001678,1.08901719658694,NA,0.230174177169393
"spherical","14213.png",14213,0.235856669951229,0.276870485172368,1.09790963844655,NA,0.232574911796147
"spherical","14216.png",14216,0.235115295679606,0.276299702563249,1.10039361568711,NA,0.234078079445725
"spherical","14219.png",14219,0.237526854531946,0.278279575243332,1.13257175099015,NA,0.235223558407426
"spherical","14222.png",14222,0.23629133489532,0.277205179786159,1.12834094974385,NA,0.231569867245561
"spherical","14225.png",14225,0.2349062348702,0.276055336851284,1.12277412138026,NA,0.230137156372087
"spherical","14229.png",14229,0.235312771278183,0.276375284298029,1.12270895954105,NA,0.233776294207795
"spherical","14232.png",14232,0.235334987682613,0.276393488824022,1.10709610047227,NA,0.234006819304671
"spherical","14235.png",14235,0.236548476292197,0.277442071705335,1.13144314491469,NA,0.234802522947631
"spherical","14238.png",14238,0.236565049214467,0.277467219359946,1.13193329596103,NA,0.233050636589076
"spherical","14241.png",14241,0.234526291403348,0.275691625803586,1.10339858563184,NA,0.229612322147778
"spherical","14245.png",14245,0.234393707337307,0.275608136499035,1.10875033339496,NA,0.233399649110985
"spherical","14248.png",14248,0.236338680488648,0.277223087224792,1.11711483918813,NA,0.234350022593599
"spherical","14251.png",14251,0.236639517862603,0.277533399758934,1.14695262076456,NA,0.232433344741006
"spherical","14254.png",14254,0.23534447427667,0.276426219121223,1.09632281885432,NA,0.231055764963035
"spherical","14257.png",14257,0.235911353838525,0.276871301048196,1.0860924887984,NA,0.234134526786941
"spherical","14261.png",14261,0.235242109866139,0.276427198307172,1.10277205976088,NA,0.23456319767339
"spherical","14264.png",14264,0.237048017569958,0.277966653124794,1.10663254871614,NA,0.235661437247992
"spherical","14267.png",14267,0.236856651508892,0.277791609646729,1.14766391671212,NA,0.233987483270244
"spherical","14270.png",14270,0.235522964209255,0.276664649520209,1.1302742079181,NA,0.230733666708998
"spherical","14273.png",14273,0.235189574496186,0.276327679661993,1.09695814835501,NA,0.230128164891834
"spherical","14277.png",14277,0.235296377445198,0.276463671291628,1.11071969591841,NA,0.234193518990696
"spherical","14280.png",14280,0.236402054537011,0.277370146551283,1.12955604365707,NA,0.233812501282863
"spherical","14283.png",14283,0.235800094059182,0.276786422952128,1.1415282747998,NA,0.231990201451776
"spherical","14286.png",14286,0.235294511858314,0.27644441099931,1.10484063092088,NA,0.230762544761462
"spherical","14289.png",14289,0.23528131269211,0.276355360737439,1.08226237224311,NA,0.231675107192984
"spherical","14293.png",14293,0.235793961457334,0.276854794614269,1.10734672725877,NA,0.234829868550807
"spherical","14296.png",14296,0.237496810092316,0.278312039782293,1.12951467280369,NA,0.2352883100943
"spherical","14299.png",14299,0.235654506954193,0.276728491674285,1.14784236250927,NA,0.231081167448775
"spherical","14302.png",14302,0.235244893232157,0.276339704107709,1.12676898984606,NA,0.230307314361606
"spherical","14305.png",14305,0.234961533688428,0.276100211482086,1.11802243326089,NA,0.230400675878559
"spherical","14309.png",14309,0.234837296584394,0.276015219535664,1.09065322049918,NA,0.233713148332905
"spherical","14312.png",14312,0.237159285012369,0.278038156971061,1.11815325244143,NA,0.236707791780898
"spherical","14315.png",14315,0.236601004547647,0.277533331241631,1.13743763104212,NA,0.233268494909499
"spherical","14318.png",14318,0.235151273212132,0.276298384532361,1.11399480479017,NA,0.230697364257907
"spherical","14321.png",14321,0.234376720319615,0.275585460314721,1.10309916138085,NA,0.229255966768636
"spherical","14325.png",14325,0.234619527570139,0.275761804589516,1.09645964442371,NA,0.232473139840674
"spherical","14328.png",14328,0.236671697211384,0.27764014989319,1.11299029994502,NA,0.235931282349008
"spherical","14331.png",14331,0.23697407480456,0.277853322502533,1.12251311443692,NA,0.235354540803875
"spherical","14334.png",14334,0.236922030993647,0.277828716443935,1.13655465146433,NA,0.233878823457897
"spherical","14337.png",14337,0.234628609225144,0.275792348747427,1.12683522447488,NA,0.230020531577829
"spherical","14341.png",14341,0.235909601144703,0.276858737593553,1.08604474900155,NA,0.233172591045671
"spherical","14344.png",14344,0.234538679042791,0.275800181764761,1.09653786278573,NA,0.233637316012544
"spherical","14347.png",14347,0.236225025796739,0.277203747834903,1.11855819896283,NA,0.235521134696382
"spherical","14350.png",14350,0.237282368195523,0.278147812785533,1.13490561289704,NA,0.235317809528493
"spherical","14353.png",14353,0.235375359856797,0.276403771927528,1.11919625153991,NA,0.23141705834605
"spherical","14357.png",14357,0.234337230589581,0.275517480138352,1.08450296954315,NA,0.229554038078872
"spherical","14360.png",14360,0.236405137600336,0.277300506907009,1.08646011111134,NA,0.233713135005682
"spherical","14363.png",14363,0.235476630798529,0.27661192777351,1.1090804922156,NA,0.234801283438003
"spherical","14366.png",14366,0.23670844420787,0.277656041685962,1.11865526229368,NA,0.235963310102865
"spherical","14369.png",14369,0.236343311820256,0.277213340761068,1.12245015578663,NA,0.234554340648596
"spherical","14373.png",14373,0.23452119035825,0.275704756472459,1.11293354411239,NA,0.228766054340219
"spherical","14376.png",14376,0.235383051121098,0.276439544255531,1.09287061920173,NA,0.231509777496787
"spherical","14379.png",14379,0.236157200811229,0.277078693579345,1.10320470090816,NA,0.233439578466641
"spherical","14382.png",14382,0.234879484260455,0.276131564081247,1.08887618850983,NA,0.232543969377965
"spherical","14385.png",14385,0.23694935459849,0.278076495276817,1.09804792906258,NA,0.23602642618786
"spherical","14389.png",14389,0.237482371429358,0.278335435120874,1.11756057615893,NA,0.235666016400565
"spherical","14392.png",14392,0.237267616314169,0.27815764729788,1.13856288703418,NA,0.234940463705408
"spherical","14395.png",14395,0.236049472634383,0.277083291439666,1.13025534531801,NA,0.232197301585292
"spherical","14398.png",14398,0.23511196957757,0.276231208796166,1.09350841266629,NA,0.230293303125164
"spherical","14401.png",14401,0.235636984071729,0.27670791340219,1.0898602988398,NA,0.231360939180458
"spherical","14405.png",14405,0.235365326277666,0.276613108036972,1.09887269196803,NA,0.234496688916715
"spherical","14408.png",14408,0.236503907365363,0.277425425069433,1.10936054242365,NA,0.234600802123147
"spherical","14411.png",14411,0.236605157787602,0.277595692117463,1.13452587875301,NA,0.233417095862783
"spherical","14414.png",14414,0.235335155528793,0.276456679809709,1.12105796491735,NA,0.230779458403008
"spherical","14417.png",14417,0.234888337545899,0.2760264500814,1.11291016562299,NA,0.230392876837337
"spherical","14421.png",14421,0.236874017608613,0.277797949547692,1.08655615263206,NA,0.233290075233867
"spherical","14424.png",14424,0.235418379132469,0.276505518007218,1.1220534396406,NA,0.234312246573985
"spherical","14427.png",14427,0.236132216043261,0.277254645595193,1.10917389256137,NA,0.235059912563639
"spherical","14430.png",14430,0.237675154099117,0.278461603166631,1.12186020355579,NA,0.23606681606302
"spherical","14433.png",14433,0.236572591310547,0.277495164876759,1.14384976045249,NA,0.234035890921275
"spherical","14437.png",14437,0.235848089982526,0.276842911873913,1.1264045587638,NA,0.231894897744314
"spherical","14440.png",14440,0.234921252138749,0.275998285583094,1.08904267883242,NA,0.230735169801336
"spherical","14443.png",14443,0.235756854683487,0.276838000614298,1.08298143484306,NA,0.234720395069614
"spherical","14446.png",14446,0.236053406089107,0.277159488442834,1.10741558326384,NA,0.235402039991578
"spherical","14449.png",14449,0.236277406982072,0.277169880547985,1.12328747297744,NA,0.234343111445158
"spherical","14453.png",14453,0.235763033607739,0.276764056454989,1.13238942887069,NA,0.231744474656179
"spherical","14456.png",14456,0.234769807414467,0.27598216117737,1.1168440515622,NA,0.230442739352689
"spherical","14459.png",14459,0.234774976845033,0.275907054810891,1.10226316604483,NA,0.230186934886172
"spherical","14462.png",14462,0.23472014041509,0.275896093928666,1.09804486432717,NA,0.230202185312164
"spherical","14465.png",14465,0.235794266540573,0.276796686894478,1.10553471526737,NA,0.233933272422299
"spherical","14469.png",14469,0.235268283561293,0.276395314820299,1.102819958035,NA,0.234154294478371
"spherical","14472.png",14472,0.236983411755959,0.277861240111116,1.11977251440725,NA,0.236105059771878
"spherical","14475.png",14475,0.236710882523729,0.277676694128642,1.1362908349735,NA,0.234303419481461
"spherical","14478.png",14478,0.235417687633418,0.276412507612096,1.12996092766496,NA,0.231545979821419
"spherical","14481.png",14481,0.234394710874054,0.275592083385198,1.11887088561338,NA,0.229656917980002
"spherical","14485.png",14485,0.235859357783481,0.276830204650512,1.08980796651067,NA,0.232770713117452
"spherical","14488.png",14488,0.234321109105099,0.275645679601226,1.08669630742716,NA,0.233347417139641
"spherical","14491.png",14491,0.236220328253418,0.277272672391898,1.11437350595965,NA,0.23548606571934
"spherical","14494.png",14494,0.237879284766927,0.278667709751745,1.11262562327883,NA,0.236089347328296
"spherical","14497.png",14497,0.236191302312456,0.277112740172863,1.1381321649397,NA,0.232979118973589
"spherical","14501.png",14501,0.235240966272422,0.276260033068344,1.10457109912644,NA,0.231677437915145
"spherical","14504.png",14504,0.23594928161105,0.276899443712085,1.08290892534622,NA,0.233008858807455
"spherical","14507.png",14507,0.235938644970042,0.276942046763948,1.09959530308896,NA,0.232916343645618
"spherical","14510.png",14510,0.236140738991706,0.277188214309423,1.0872343278498,NA,0.234628070132353
"spherical","14513.png",14513,0.236237679700416,0.277302964579244,1.10042762280269,NA,0.236118298987993
"spherical","14517.png",14517,0.23727925575434,0.278106596625897,1.12464312171021,NA,0.235680472641832
"spherical","14520.png",14520,0.236292835665059,0.277241759862063,1.13867780648304,NA,0.233453176255424
"spherical","14523.png",14523,0.235594000182079,0.27653397159261,1.13197928090539,NA,0.232180319765889
"spherical","14526.png",14526,0.234179752321138,0.275376430522957,1.12199861007231,NA,0.229836058948613
"spherical","14529.png",14529,0.23416677864979,0.275379141767929,1.10590484588916,NA,0.229897242206547
"spherical","14533.png",14533,0.235382138985089,0.276540740933503,1.10772962916792,NA,0.234799578532085
"spherical","14536.png",14536,0.23612335709843,0.277199071540655,1.10722634288649,NA,0.235816030046341
"spherical","14539.png",14539,0.236600367820713,0.277509698765291,1.11308190455562,NA,0.235512385743892
"spherical","14542.png",14542,0.236789658720624,0.277646039059231,1.1280078598647,NA,0.235150823105544
"spherical","14545.png",14545,0.23695737603964,0.277826358028709,1.13396442589221,NA,0.234420306439381
"spherical","14549.png",14549,0.236049007477716,0.277008841467744,1.14025872004016,NA,0.232920390366369
"spherical","14552.png",14552,0.235371837677749,0.276246497416427,1.12953785937343,NA,0.231489622299711
"spherical","14555.png",14555,0.235288466547805,0.276470120234986,1.105037142838,NA,0.231649830550912
"spherical","14558.png",14558,0.23519063112698,0.276258469331352,1.09726858954286,NA,0.231865313935223
"spherical","14561.png",14561,0.235971683997819,0.27691373982562,1.09579381181933,NA,0.234635445752409
"spherical","14565.png",14565,0.236118753323802,0.277243004852775,1.12025790909236,NA,0.23616197374956
"spherical","14568.png",14568,0.235594738988304,0.276727035175294,1.10102196616817,NA,0.234705453169156
"spherical","14571.png",14571,0.236594505022661,0.277551999287205,1.12199746104136,NA,0.234691652493838
"spherical","14574.png",14574,0.236634038617947,0.277509846522732,1.13741457000795,NA,0.234130617365037
"spherical","14577.png",14577,0.235744614579452,0.276798349513443,1.130744109261,NA,0.232260161733346
"spherical","14581.png",14581,0.235535095439734,0.276633151493591,1.10213002769577,NA,0.231840345273823
"spherical","14584.png",14584,0.234814623157392,0.275868546084581,1.10660694389382,NA,0.231018723316611
"spherical","14587.png",14587,0.235496119358317,0.276587967962967,1.07822346648847,NA,0.232248198094592
"spherical","14590.png",14590,0.235833601930303,0.276795314212351,1.08095077699129,NA,0.233947878739517
"spherical","14593.png",14593,0.23557744519835,0.276693630124777,1.09059942965966,NA,0.235196249449963
"spherical","14597.png",14597,0.236344367147039,0.277402124646253,1.09504307435107,NA,0.236573057373012
"spherical","14600.png",14600,0.23717190575353,0.278068992275941,1.10604131251822,NA,0.237552524027678
"spherical","14603.png",14603,0.23563791175809,0.276584421780166,1.11501458103872,NA,0.235489136929528
"spherical","14606.png",14606,0.236850776276652,0.277649691082964,1.11160699276102,NA,0.235933933279711
"spherical","14609.png",14609,0.236423753031036,0.277398308463645,1.13880893839543,NA,0.234043250438159
"spherical","14613.png",14613,0.234766728739569,0.275891198892886,1.11694524725185,NA,0.230769983858145
"spherical","14616.png",14616,0.235260700276153,0.276376244608084,1.08827452928724,NA,0.231810246488817
"spherical","14619.png",14619,0.236381199997945,0.277269670227919,1.07490897937552,NA,0.23502757547855
"spherical","14622.png",14622,0.235240852577208,0.276438460618552,1.09758120535822,NA,0.234653540169319
"spherical","14625.png",14625,0.235458634433653,0.276570403628446,1.10482617987868,NA,0.235153036184898
"spherical","14629.png",14629,0.235987041789244,0.276952567026218,1.10365945595493,NA,0.235491387303335
"spherical","14632.png",14632,0.236219169558704,0.277276660360009,1.0972622012039,NA,0.235987962257416
"spherical","14635.png",14635,0.236694821051405,0.277724378640948,1.10482251228089,NA,0.2362248200623
"spherical","14638.png",14638,0.237208470266873,0.278064439233986,1.12087705590457,NA,0.236918476700472
"spherical","14641.png",14641,0.235675607733545,0.276599345277239,1.12234594175832,NA,0.234194457315147
"spherical","14645.png",14645,0.236314897864618,0.277239838878314,1.15265008575015,NA,0.233952767820195
"spherical","14648.png",14648,0.23626765731232,0.277146905966056,1.13540179095031,NA,0.23349666583266
"spherical","14651.png",14651,0.235213097328321,0.276334692981343,1.14532073191769,NA,0.231823232227382
"spherical","14654.png",14654,0.234198290506708,0.275400146835332,1.11981358358126,NA,0.230351285368514
"spherical","14657.png",14657,0.234182549400854,0.275327964186385,1.09268400666929,NA,0.229924035730227
"spherical","14661.png",14661,0.236085939683123,0.276987847457124,1.09307483417518,NA,0.234553768174719
"spherical","14664.png",14664,0.236430074361683,0.277392635382183,1.10879914153213,NA,0.235339233261966
"spherical","14667.png",14667,0.236361281042043,0.277248606439915,1.09638235256478,NA,0.23542895509034
"spherical","14670.png",14670,0.236190146995243,0.277216115320133,1.11730525472,NA,0.236189918543287
"spherical","14673.png",14673,0.235759961093676,0.276932511348148,1.10258260911875,NA,0.235355096010126
"spherical","14677.png",14677,0.235765589185779,0.276791126233195,1.11455948100977,NA,0.235158444111412
"spherical","14680.png",14680,0.236270142249349,0.277315972831732,1.10554139246697,NA,0.235596769805989
"spherical","14683.png",14683,0.236056591345005,0.277048462503419,1.11195970622761,NA,0.23540813087983
"spherical","14686.png",14686,0.236012730082489,0.276923064973645,1.13705566727297,NA,0.233719931817194
"spherical","14689.png",14689,0.236031916394976,0.276999697864308,1.12813837597662,NA,0.233164465075451
"spherical","14693.png",14693,0.234919482995684,0.275863709070668,1.13646114039365,NA,0.231832920336229
"spherical","14696.png",14696,0.234802100681307,0.275833207526048,1.1276702901083,NA,0.231618080553076
"spherical","14699.png",14699,0.234093622576813,0.275352437978283,1.11466499897671,NA,0.230515728626443
"spherical","14702.png",14702,0.235573651155326,0.276523211031316,1.08399007613395,NA,0.232230091336162
"spherical","14705.png",14705,0.236548798241567,0.27745496570328,1.08475757947547,NA,0.234435267955285
"spherical","14709.png",14709,0.236285527438879,0.277106913235578,1.10694571072755,NA,0.235087079128292
"spherical","14712.png",14712,0.234637967277142,0.275906490640159,1.11601330061709,NA,0.233892617787629
"spherical","14715.png",14715,0.235779233289487,0.276835518605562,1.09848150381655,NA,0.235587767456158
"spherical","14718.png",14718,0.235041761248321,0.276197837967972,1.10416873353621,NA,0.234800136262142
"spherical","14721.png",14721,0.236605796565596,0.277642115417611,1.10294834548905,NA,0.236611705124502
"spherical","14725.png",14725,0.236396322817908,0.27728539734716,1.12046983218962,NA,0.235432684756861
"spherical","14728.png",14728,0.235493346522436,0.276331312373923,1.12505024934262,NA,0.233738218696017
"spherical","14731.png",14731,0.236628248812339,0.27739307495764,1.12837134856109,NA,0.23528581836618
"spherical","14734.png",14734,0.236303210986937,0.277196445571554,1.12356859960348,NA,0.234306371110901
"spherical","14737.png",14737,0.236027667460221,0.27692354137767,1.14601067775656,NA,0.234266766710803
"spherical","14741.png",14741,0.235073745480076,0.276027232613646,1.1333469006213,NA,0.232127756338614
"spherical","14744.png",14744,0.233683468142062,0.27478269764083,1.10800907385284,NA,0.229761132865008
"spherical","14747.png",14747,0.234289762243036,0.275358135724489,1.09984278203089,NA,0.230722395763484
"spherical","14750.png",14750,0.234940418356222,0.276031347823857,1.09190156190972,NA,0.231423341704463
"spherical","14753.png",14753,0.234668150510157,0.27570262222197,1.09970836031846,NA,0.231131648695013
"spherical","14757.png",14757,0.235810727221942,0.276763275067707,1.09053913638429,NA,0.232185712133832
"spherical","14760.png",14760,0.236903358603896,0.277851741351468,1.09368015444617,NA,0.234536525310578
"spherical","14763.png",14763,0.235528442192327,0.276381233764103,1.10172995602427,NA,0.233115021227947
"spherical","14766.png",14766,0.235427720608819,0.276358063991054,1.10979024224723,NA,0.233906011007887
"spherical","14769.png",14769,0.235260352605378,0.276247538495944,1.1011602013158,NA,0.233446461100508
"spherical","14773.png",14773,0.236348197469818,0.277264549113028,1.10126275331443,NA,0.235987780040887
"spherical","14776.png",14776,0.236427439322417,0.277512363066267,1.09905784167591,NA,0.236488161838967
"spherical","14779.png",14779,0.237272258353389,0.278102615755023,1.11812723947464,NA,0.237010345816306
"spherical","14782.png",14782,0.236633060716647,0.277481911157279,1.1362530433491,NA,0.236212759097907
"spherical","14785.png",14785,0.235382249798194,0.276282130585091,1.12025721623267,NA,0.234643984938399
"spherical","14789.png",14789,0.236423531003528,0.277321715339527,1.12587945837721,NA,0.235583691600465
"spherical","14792.png",14792,0.235369338955609,0.276360007628707,1.10824877004906,NA,0.234966738294145
"spherical","14795.png",14795,0.234708301720552,0.275605568522141,1.11940186619318,NA,0.234108235112663
"spherical","14798.png",14798,0.235666169255755,0.276632187676541,1.12260121408945,NA,0.235179381303664
"spherical","14801.png",14801,0.234993114017384,0.276010676142987,1.11351025567086,NA,0.234467185219582
"spherical","14805.png",14805,0.235561027081009,0.276506363139639,1.12412892857245,NA,0.233987257255775
"spherical","14808.png",14808,0.235385888542648,0.276382643077992,1.14923875872446,NA,0.233181541298404
"spherical","14811.png",14811,0.235448986096016,0.276380247398374,1.13682422414313,NA,0.233262278730219
"spherical","14814.png",14814,0.235235023524819,0.276092005931773,1.13612099055447,NA,0.232640534349228
"spherical","14817.png",14817,0.234402107471486,0.275442710243375,1.12850014796073,NA,0.231239442450339
"spherical","14821.png",14821,0.234786783318105,0.27581918475677,1.12577421277196,NA,0.231809278489436
"spherical","14824.png",14824,0.234554317573667,0.27550823536738,1.13975022850912,NA,0.23162046993787
"spherical","14827.png",14827,0.23495287800266,0.275974541948346,1.15062061973596,NA,0.232469061316501
"spherical","14830.png",14830,0.234039327950008,0.275007373363337,1.12940420342596,NA,0.231051871051377
"spherical","14833.png",14833,0.234505089791303,0.275559676462421,1.13453808527175,NA,0.230813865997932
"spherical","14837.png",14837,0.234953617740139,0.27613992841146,1.11967829834582,NA,0.231460818915044
"spherical","14840.png",14840,0.234457308379834,0.275580437698108,1.11884765595986,NA,0.230588192045456
"spherical","14843.png",14843,0.233379531998481,0.274486902825089,1.11329805961404,NA,0.229485608008521
"spherical","14846.png",14846,0.235227457600365,0.27635913645156,1.12544272893441,NA,0.231974897652388
"spherical","14849.png",14849,0.234959608761031,0.276014541980237,1.13332430183214,NA,0.231873587604795
"spherical","14853.png",14853,0.233519495424911,0.274699266833056,1.11318807882813,NA,0.230309802318778
"spherical","14856.png",14856,0.23437501983549,0.275436380150588,1.08640001726909,NA,0.230779768251979
"spherical","14859.png",14859,0.234823665490422,0.275969489136591,1.09338619362235,NA,0.231431841845667
"spherical","14862.png",14862,0.235588364837457,0.276675269240828,1.09422608209461,NA,0.233317422061621
"spherical","14865.png",14865,0.235710100503187,0.276613399701817,1.08250055669822,NA,0.233112709684194
"spherical","14869.png",14869,0.236028054937136,0.276912881484594,1.09147948973915,NA,0.234210414531831
"spherical","14872.png",14872,0.236146953790472,0.277024932542072,1.08595494087167,NA,0.234614799809236
"spherical","14875.png",14875,0.236562029490966,0.277547446121659,1.08483364950436,NA,0.23412115981276
"spherical","14878.png",14878,0.235666453978856,0.276635799633527,1.09511769641445,NA,0.232764693520124
"spherical","14881.png",14881,0.235833612945385,0.27699626331805,1.1038434509846,NA,0.232303880658884
"spherical","14885.png",14885,0.23554665200621,0.276548019490202,1.0953207834452,NA,0.232022365162006
"spherical","14888.png",14888,0.235544809743085,0.276601158844141,1.10896467780144,NA,0.232601577540605
"spherical","14891.png",14891,0.235136114349699,0.276173158675705,1.09508934537234,NA,0.23207943305693
"spherical","14894.png",14894,0.235901281299716,0.276850198311676,1.10769532672886,NA,0.233410545168279
"spherical","14897.png",14897,0.23376963802097,0.274905844563555,1.11384918576471,NA,0.230363678767827
"spherical","14901.png",14901,0.235720051895442,0.276638878880209,1.10281759725899,NA,0.233085924692373
"spherical","14904.png",14904,0.234727110458346,0.275726866260255,1.09605455531438,NA,0.231660494442504
"spherical","14907.png",14907,0.234486293658274,0.27545134787718,1.08691388173613,NA,0.231607903539879
"spherical","14910.png",14910,0.234901511602526,0.275885567277892,1.09783216214589,NA,0.231928129066366
"spherical","14913.png",14913,0.235282183020372,0.276352746412369,1.09952891687842,NA,0.232255656049659
"spherical","14917.png",14917,0.234978984560237,0.276021627423185,1.11401487446442,NA,0.23195690905723
"spherical","14920.png",14920,0.234706941328547,0.275771794764004,1.12100105868047,NA,0.231554334400831
"spherical","14923.png",14923,0.236371807941484,0.27738622044895,1.09431548274336,NA,0.233957196109837
"spherical","14926.png",14926,0.235524963376812,0.276630150978713,1.10607158865658,NA,0.232386910131291
"spherical","14929.png",14929,0.234875909031491,0.27598355099908,1.13782672810503,NA,0.232096054946457
"spherical","14933.png",14933,0.234844745573926,0.275888416541147,1.10224043846965,NA,0.231403382480614
"spherical","14936.png",14936,0.234327348964385,0.275502319115236,1.12460771577152,NA,0.230924379076002
"spherical","14939.png",14939,0.235218497535234,0.276373278913162,1.10667253776231,NA,0.231820155314351
"spherical","14942.png",14942,0.235070730419176,0.276035331651761,1.11221252344649,NA,0.231781786241787
"spherical","14945.png",14945,0.236638883935629,0.277409193838126,1.13885789352098,NA,0.235243615847175
"spherical","14949.png",14949,0.234661300140737,0.275582716469503,1.12718835164657,NA,0.232200909544938
"spherical","14952.png",14952,0.23537699114034,0.276363424747234,1.1338332716243,NA,0.233097610740579
"spherical","14955.png",14955,0.233959699442457,0.27505254592396,1.14815751007085,NA,0.230431509953363
"spherical","14958.png",14958,0.234742854947781,0.275854352312564,1.1220143057975,NA,0.231876389599687
"spherical","14961.png",14961,0.234300835909828,0.275539909395564,1.132538519354,NA,0.230961859081417
"spherical","14965.png",14965,0.235051790209751,0.276121550693132,1.14242888977964,NA,0.232691209075671
"spherical","14968.png",14968,0.235473270152556,0.276382448140036,1.11613620544756,NA,0.233859422675058
"spherical","14971.png",14971,0.234989495461481,0.276040130737827,1.13477620899342,NA,0.232884930877399
"spherical","14974.png",14974,0.235036377686991,0.276041368477116,1.13927954175651,NA,0.232717958584721
"spherical","14977.png",14977,0.235636742263244,0.276527306154872,1.1177276568582,NA,0.234096627735416
"spherical","14981.png",14981,0.23540957594855,0.276280271865046,1.13088955182663,NA,0.234988186469023
"spherical","14984.png",14984,0.235784157570072,0.276737388926868,1.11486670186843,NA,0.236325903011221
"spherical","14987.png",14987,0.234497234319232,0.275579514093614,1.11491115020926,NA,0.234668346864751
"spherical","14990.png",14990,0.235610256496154,0.276499130085369,1.13146059614926,NA,0.235318032258532
"spherical","14993.png",14993,0.2359002001272,0.276736714909328,1.1182452926053,NA,0.235722104424735
"spherical","14997.png",14997,0.235507201753566,0.276566587646015,1.12132415240822,NA,0.235884300113594
"spherical","15000.png",15000,0.234765583439268,0.275808451983112,1.10962502820792,NA,0.23483651200178
"spherical","15003.png",15003,0.234938542327302,0.276055381144616,1.1079169490845,NA,0.23508491371458
"spherical","15006.png",15006,0.235605346159791,0.276648309964881,1.10310164773477,NA,0.23652866781868
"spherical","15009.png",15009,0.23503622377716,0.276144980747607,1.10256319290386,NA,0.235316350019289
"spherical","15013.png",15013,0.236278646064703,0.277276593057489,1.09599224642909,NA,0.236811959552102
"spherical","15016.png",15016,0.236390986792285,0.277468859302128,1.09894334171213,NA,0.236384820999809
"spherical","15019.png",15019,0.236469029656566,0.277577673060902,1.08965028538433,NA,0.23654952978411
"spherical","15022.png",15022,0.235228386132479,0.276383327426559,1.11370124818845,NA,0.234929145720935
"spherical","15025.png",15025,0.236203017787875,0.277282140256698,1.09739275768381,NA,0.23664238964551
"spherical","15029.png",15029,0.235499312481881,0.276483792398464,1.10248046518095,NA,0.235103511818021
"spherical","15032.png",15032,0.237251144344757,0.278232918653019,1.08463279184311,NA,0.23712971576283
"spherical","15035.png",15035,0.237164969959193,0.278003267376385,1.09182088484235,NA,0.236999269061526
"spherical","15038.png",15038,0.23524575447491,0.276401570174846,1.08165413142449,NA,0.231640880142122
"spherical","15041.png",15041,0.236869103637107,0.277876608168751,1.10146563141595,NA,0.234595236890677
"spherical","15045.png",15045,0.234168907493202,0.275291708762863,1.12628427634704,NA,0.230406894453432
"spherical","15048.png",15048,0.235987598040327,0.276801888900074,1.13952322865342,NA,0.23487666063024
"spherical","15051.png",15051,0.235696604377557,0.276508624159217,1.13900801244329,NA,0.234558056661044
"spherical","15054.png",15054,0.235939524282626,0.276751875652571,1.12934763688806,NA,0.235693662293487
"spherical","15057.png",15057,0.234930260633655,0.275903020748583,1.12276111443111,NA,0.234642218178275
"spherical","15061.png",15061,0.235366972496388,0.276239751160432,1.12229646274539,NA,0.235364735949095
"spherical","15064.png",15064,0.234245523028489,0.275406861844721,1.11224811946383,NA,0.234366198083217
"spherical","15067.png",15067,0.234377147205416,0.27550246404872,1.09543353738574,NA,0.235266887305689
"spherical","15070.png",15070,0.234767660910304,0.275940683899612,1.10312473362999,NA,0.23513781677809
"spherical","15073.png",15073,0.235990552980945,0.276962288894449,1.09380487348633,NA,0.235062012527753
"spherical","15077.png",15077,0.234756042326548,0.275470232053513,1.09096042316686,NA,0.23220674481859
"spherical","15080.png",15080,0.236573351316462,0.277423127700616,1.07855009560532,NA,0.23529084467916
"spherical","15083.png",15083,0.235808701643834,0.276630663615278,1.08776378800628,NA,0.233834243489975
"spherical","15086.png",15086,0.236220973546508,0.277176209197869,1.10023679839938,NA,0.233564821289535
"spherical","15089.png",15089,0.235645970211063,0.276720448955075,1.13063767258362,NA,0.233191296640336
"spherical","15093.png",15093,0.234999964878654,0.276038803856637,1.11901257914521,NA,0.232915241776946
"spherical","15096.png",15096,0.235117126643316,0.276070801333675,1.13331062556358,NA,0.233501303991434
"spherical","15099.png",15099,0.235550015448649,0.276465058435246,1.13777888406129,NA,0.234151009387478
"spherical","15102.png",15102,0.234166979324069,0.275040465703045,1.12785370549575,NA,0.232725075492732
"spherical","15105.png",15105,0.235707187553776,0.276614539499683,1.12930253987705,NA,0.235195436780185
"spherical","15109.png",15109,0.235005810883889,0.276002817416609,1.13184876901724,NA,0.235015713789388
"spherical","15112.png",15112,0.235714209680825,0.276729235788721,1.10726811503534,NA,0.236348664464301
"spherical","15115.png",15115,0.234511035565063,0.275650506062881,1.1066420439866,NA,0.234749555218799
"spherical","15118.png",15118,0.235936033696104,0.276923289030727,1.10041806039608,NA,0.237577478177107
"spherical","15121.png",15121,0.235571583828907,0.276553240301173,1.09545907631529,NA,0.236014058889947
"spherical","15125.png",15125,0.236439961136569,0.277381848135009,1.08873767049539,NA,0.23520228132842
"spherical","15128.png",15128,0.235974099433766,0.276916286457983,1.10330664502519,NA,0.233599580898532
"spherical","15131.png",15131,0.235284885048922,0.276286414695635,1.11908775099678,NA,0.232492166863399
"spherical","15134.png",15134,0.23434493749191,0.275465309061118,1.12166337367366,NA,0.231503820361077
"spherical","15137.png",15137,0.235092983453907,0.275949820128758,1.13127600811877,NA,0.232978949378582
"spherical","15141.png",15141,0.236223119512451,0.276942887408224,1.12569760327138,NA,0.235800941702168
"spherical","15144.png",15144,0.235083847325189,0.276027920075207,1.13076916687383,NA,0.23570894226561
"spherical","15147.png",15147,0.234097403854774,0.275119067032886,1.10883054304312,NA,0.234696028818135
"spherical","15150.png",15150,0.234650899392517,0.275673761713692,1.10740099271512,NA,0.235302043672662
"spherical","15153.png",15153,0.235148814056875,0.276158672802604,1.10351006069826,NA,0.235767788531326
"spherical","15157.png",15157,0.236446952316161,0.277219296366043,1.09038040418493,NA,0.236323882407207
"spherical","15160.png",15160,0.236181746756394,0.277163898173533,1.09134765348605,NA,0.233853734240864
"spherical","15163.png",15163,0.236132573087511,0.277063901809226,1.09816126897562,NA,0.233766129320037
"spherical","15166.png",15166,0.235208269295674,0.276205791715662,1.09711908183783,NA,0.232414492566615
"spherical","15169.png",15169,0.236131438004386,0.277145784962599,1.11276591950114,NA,0.233761537455754
"spherical","15173.png",15173,0.236293581547373,0.277153530901112,1.12294914840255,NA,0.234959266767282
"spherical","15176.png",15176,0.235682571773532,0.276523366587071,1.1451794196048,NA,0.234667791659851
"spherical","15179.png",15179,0.235263379878877,0.276160384678066,1.12955492319811,NA,0.234393439311863
"spherical","15182.png",15182,0.235224710245125,0.27619527180338,1.11254560738872,NA,0.235853856944895
"spherical","15185.png",15185,0.2337014796725,0.274920958266277,1.09340462963332,NA,0.234049624197687
"spherical","15189.png",15189,0.236006350465679,0.276949215118621,1.09234772870799,NA,0.235263405893953
"spherical","15192.png",15192,0.236113099824837,0.276935035023036,1.07940292338778,NA,0.234423973385865
"spherical","15195.png",15195,0.236844990559873,0.277789300789408,1.08926508729121,NA,0.23465428240984
"spherical","15198.png",15198,0.236440469239748,0.277401380829164,1.08127360251101,NA,0.234051224434277
"spherical","15201.png",15201,0.235330145551654,0.276315898680186,1.08715341420629,NA,0.232199741610324
"spherical","15205.png",15205,0.236575391050296,0.277499803648534,1.11978507116434,NA,0.234607757232363
"spherical","15208.png",15208,0.235529113863995,0.276359917004917,1.14060585711264,NA,0.234354946923035
"spherical","15211.png",15211,0.235036104053581,0.275904838220557,1.11424909506723,NA,0.234479638176236
"spherical","15214.png",15214,0.234905889421347,0.27605613154988,1.11696841546276,NA,0.234828581775975
"spherical","15217.png",15217,0.235881246460553,0.276874990259302,1.10084977835375,NA,0.23627201203058
"spherical","15221.png",15221,0.234419821604101,0.275371118359524,1.10841616316289,NA,0.234572414305504
"spherical","15224.png",15224,0.236937646843844,0.277819754287988,1.08871802736654,NA,0.237261638905055
"spherical","15227.png",15227,0.23559817657002,0.276488159918197,1.08099565912725,NA,0.233553774072773
"spherical","15230.png",15230,0.234498951336967,0.275429633031363,1.12463938199338,NA,0.231636134509232
"spherical","15233.png",15233,0.234032430336947,0.275232174826164,1.13147999970021,NA,0.231233945763498
"spherical","15237.png",15237,0.235303575632707,0.276193544385221,1.14148217000689,NA,0.233663657102276
"spherical","15240.png",15240,0.235150965014311,0.276070943646996,1.13824850243937,NA,0.233819350621378
"spherical","15243.png",15243,0.234391261161619,0.275348652170628,1.11760705844876,NA,0.234304311209044
"spherical","15246.png",15246,0.235051912358178,0.276045326481089,1.09859923224083,NA,0.236165251007728
"spherical","15249.png",15249,0.234235246588622,0.275380376733713,1.11622597689821,NA,0.234250759017522
"spherical","15253.png",15253,0.236717358574668,0.277637837519974,1.09726892182145,NA,0.236048838620077
"spherical","15256.png",15256,0.236011768576788,0.276871834271233,1.09540694533515,NA,0.234918948734937
"spherical","15259.png",15259,0.235941026694598,0.276877234990271,1.0981513196843,NA,0.233281129008173
"spherical","15262.png",15262,0.235603502173497,0.276697774646621,1.10008983338487,NA,0.232399723016452
"spherical","15265.png",15265,0.236261355475021,0.277265984902342,1.126409004905,NA,0.233805422014562
"spherical","15269.png",15269,0.236308295729888,0.277103132504988,1.13800567546347,NA,0.23599702104431
"spherical","15272.png",15272,0.235388672292968,0.276136602872065,1.14168806324277,NA,0.23533987992136
"spherical","15275.png",15275,0.235353267503219,0.276364423244201,1.12338587530562,NA,0.235677984922167
"spherical","15278.png",15278,0.235077348825752,0.276177643220993,1.10755783496279,NA,0.236592222546147
"spherical","15281.png",15281,0.235637311399829,0.276700765371731,1.1128946443419,NA,0.237015429861461
"spherical","15285.png",15285,0.237201610062487,0.278098873452358,1.08911277050025,NA,0.235879045743358
"spherical","15288.png",15288,0.235182160102806,0.276123816572437,1.10468292895484,NA,0.232721381034709
"spherical","15291.png",15291,0.236091667814405,0.277003994767012,1.1345502769071,NA,0.235145646377431
"spherical","15294.png",15294,0.234855505010071,0.275841385378957,1.11545088580328,NA,0.234989584346832
"spherical","15297.png",15297,0.235144643875873,0.276198778694777,1.10776590492653,NA,0.236077376306949
"spherical","15301.png",15301,0.234518802073127,0.275591910665435,1.09589347585828,NA,0.234960440544695
"spherical","15304.png",15304,0.236873123304256,0.277706532758791,1.09484425546386,NA,0.23614679372896
"spherical","15307.png",15307,0.235781708537212,0.276686617412142,1.08840837703652,NA,0.235000521514865
"spherical","15310.png",15310,0.236143205904201,0.277068272881329,1.08803044412295,NA,0.234202367770248
"spherical","15313.png",15313,0.234469078915188,0.275502566931109,1.10237918428659,NA,0.231562302482161
"spherical","15317.png",15317,0.235957415057347,0.276746815372829,1.13702240673193,NA,0.234244555592815
"spherical","15320.png",15320,0.23477250916151,0.275768568099126,1.10797268571429,NA,0.23515649828228
"spherical","15323.png",15323,0.234573061881421,0.275627781730632,1.09895855026603,NA,0.235104365744432
"spherical","15326.png",15326,0.235526157848923,0.276525477354147,1.09143051183066,NA,0.236057123699633
"spherical","15329.png",15329,0.23619760190328,0.277080621341272,1.09249095548501,NA,0.23576456231577
"spherical","15333.png",15333,0.236059710681912,0.277084297401476,1.13669390589216,NA,0.23413167214408
"spherical","15336.png",15336,0.236270817374342,0.277073907414483,1.13641288458635,NA,0.234801852576657
"spherical","15339.png",15339,0.235534326179105,0.276325120314493,1.13979880052354,NA,0.235513374890331
"spherical","15342.png",15342,0.235660967207531,0.276701676212666,1.11109281994009,NA,0.236643047459645
"spherical","15345.png",15345,0.234520723429926,0.275675088712878,1.11401971259229,NA,0.235312554644099
"spherical","15349.png",15349,0.234654074463943,0.27579032683232,1.10428143511235,NA,0.235183282828008
"spherical","15352.png",15352,0.236460931344725,0.277417557482339,1.08913662467353,NA,0.236005256329616
"spherical","15355.png",15355,0.235317572230879,0.276305864679621,1.08382590790209,NA,0.232706329239059
"spherical","15358.png",15358,0.235665233116564,0.276675678528027,1.09041369791008,NA,0.23352729974922
"spherical","15361.png",15361,0.235795454408618,0.276644911434184,1.13373074357697,NA,0.23449522099506
"spherical","15365.png",15365,0.234686200714351,0.275756309958613,1.11513480229793,NA,0.235130610586296
"spherical","15368.png",15368,0.23433188383571,0.275462985527351,1.10833743510512,NA,0.235005194820606
"spherical","15371.png",15371,0.235041566509273,0.276104788085898,1.10460610271914,NA,0.235174364282319
"spherical","15374.png",15374,0.236614071817728,0.277477272853617,1.08374056193358,NA,0.235547442410431
"spherical","15377.png",15377,0.236322502653296,0.277301507162527,1.08875110760032,NA,0.234105859112587
"spherical","15381.png",15381,0.236450462034544,0.277228102063947,1.13731041816162,NA,0.235543188210535
"spherical","15384.png",15384,0.235653604968916,0.276726775412649,1.13381930118994,NA,0.236165855693514
"spherical","15387.png",15387,0.234227038743377,0.275348866997455,1.102726682718,NA,0.23431872069258
"spherical","15390.png",15390,0.236210464421931,0.277180229612171,1.08804541982359,NA,0.234901574904646
"spherical","15393.png",15393,0.235711240833592,0.276557324329821,1.0831613752263,NA,0.232990572315909
"spherical","15397.png",15397,0.236737682736937,0.27762161466864,1.11916876229175,NA,0.234932183261657
"spherical","15400.png",15400,0.235880967708116,0.27677260016169,1.13326655243635,NA,0.235495092891217
"spherical","15403.png",15403,0.235782392511539,0.276835187405203,1.10553730963687,NA,0.23677475365518
"spherical","15406.png",15406,0.234983749193356,0.276080528856064,1.10284539210437,NA,0.235576439504691
"spherical","15409.png",15409,0.235519591845669,0.276446069187307,1.10857954956762,NA,0.235203014208888
"spherical","15413.png",15413,0.235937838355141,0.276766563978437,1.08840380921913,NA,0.233865366564251
"spherical","15416.png",15416,0.236662568154696,0.277650741816315,1.10568918805918,NA,0.233721660719716
"spherical","15419.png",15419,0.235691570842693,0.276615199829291,1.1239451079312,NA,0.233853844818614
"spherical","15422.png",15422,0.235086422338316,0.276084896196829,1.12349646862205,NA,0.234485800057191
"spherical","15425.png",15425,0.235258280923706,0.276358593925829,1.1064371570927,NA,0.235646003712672
"spherical","15429.png",15429,0.235449031186885,0.276529440717044,1.09366869763599,NA,0.235108758775451
"spherical","15432.png",15432,0.236702423441221,0.277564099986237,1.08983916964395,NA,0.235393702218199
"spherical","15435.png",15435,0.235756536487493,0.276752636160223,1.09901064518367,NA,0.232902442880188
"spherical","15438.png",15438,0.235153832060081,0.276185857982018,1.12879636961168,NA,0.232629854489763
"spherical","15441.png",15441,0.236404204350638,0.277303146935368,1.13879993044124,NA,0.235244598752401
"spherical","15445.png",15445,0.235579563282458,0.276748842650171,1.10995770974476,NA,0.23586897599674
"spherical","15448.png",15448,0.23468069251923,0.275803225626896,1.11689229346214,NA,0.23486507893508
"spherical","15451.png",15451,0.236013502931592,0.277025833444589,1.08319713724138,NA,0.233503046115606
"spherical","15454.png",15454,0.235864382138214,0.276838023825972,1.13223046012209,NA,0.232670866773703
"spherical","15457.png",15457,0.235834971220388,0.276759565044379,1.13029037677359,NA,0.233831926404941
"spherical","15461.png",15461,0.236024850600543,0.276857819860124,1.12614938581517,NA,0.235755284671138
"spherical","15464.png",15464,0.234876772732564,0.275986767056441,1.10947179435557,NA,0.23527183271182
"spherical","15467.png",15467,0.236644918643343,0.277591502622965,1.0924003904802,NA,0.23698166783516
"spherical","15470.png",15470,0.23625155730748,0.277207019329224,1.1046011778224,NA,0.233645608124009
"spherical","15473.png",15473,0.236216034976304,0.276963190874017,1.11764289199415,NA,0.23505128973437
"spherical","15477.png",15477,0.235949386291019,0.276828474446986,1.11454937820465,NA,0.23551563745045
"spherical","15480.png",15480,0.235095847332225,0.276134885606776,1.11276465932668,NA,0.235722556954389
"spherical","15483.png",15483,0.234595087434955,0.2758522251978,1.09455921971619,NA,0.234132327833298
"spherical","15486.png",15486,0.236226670441553,0.277217053015749,1.08533866062721,NA,0.234796794501608
"spherical","15489.png",15489,0.235736459336832,0.276779762735606,1.1202236427922,NA,0.232829038340559
"spherical","15493.png",15493,0.237461102195677,0.27826225932256,1.13412559819591,NA,0.236703729784246
"spherical","15496.png",15496,0.235493729585776,0.276530169243052,1.11268509114864,NA,0.235904912486137
"spherical","15499.png",15499,0.235451029240163,0.276508276830768,1.11221575145687,NA,0.236448977835214
"spherical","15502.png",15502,0.234572587246831,0.275717821228569,1.09976290552827,NA,0.235183935203463
"spherical","15505.png",15505,0.234928322851022,0.275917119215321,1.10807247127972,NA,0.23401054591933
"spherical","15509.png",15509,0.235402390143922,0.276462058221623,1.10071277306948,NA,0.232820452423556
"spherical","15512.png",15512,0.235211076296557,0.276152682789165,1.13130888975619,NA,0.233757598781279
"spherical","15515.png",15515,0.234860204682891,0.275982493518032,1.11627294080081,NA,0.235087505459352
"spherical","15518.png",15518,0.23435929418146,0.275513533553231,1.10300484429238,NA,0.234718476426845
"spherical","15521.png",15521,0.236049431691775,0.2770362837445,1.08750399948994,NA,0.235604501981306
"spherical","15525.png",15525,0.236392947530497,0.277299666084886,1.1082770198442,NA,0.234315131023333
"spherical","15528.png",15528,0.235193974431709,0.276193441686139,1.12503199492508,NA,0.23285087549052
"spherical","15531.png",15531,0.235844517122207,0.276761659874013,1.11790756406727,NA,0.23608996519351
"spherical","15534.png",15534,0.234756187276762,0.275824926434604,1.11474609107971,NA,0.235539358104463
"spherical","15537.png",15537,0.236375098861964,0.277320148649037,1.08249239523412,NA,0.235517686466374
"spherical","15541.png",15541,0.23551180929758,0.276586948717498,1.12211441029413,NA,0.233137441213003
"spherical","15544.png",15544,0.236596867718893,0.277398449000502,1.12390070472953,NA,0.236245287991945
"spherical","15547.png",15547,0.235407800658326,0.276333209298634,1.10560289634504,NA,0.236377413611705
"spherical","15550.png",15550,0.235144564405027,0.276267561621471,1.122303183803,NA,0.236571718992611
"spherical","15553.png",15553,0.236228182479979,0.277104404945004,1.08853878083618,NA,0.235457235253338
"spherical","15557.png",15557,0.235132819644726,0.27605509234428,1.10665719212482,NA,0.232769475418567
"spherical","15560.png",15560,0.235956224934486,0.276719161232601,1.12293419450339,NA,0.235475280575658
"spherical","15563.png",15563,0.234978003661072,0.27602684432994,1.10809276102119,NA,0.235816152409988
"spherical","15566.png",15566,0.235228655724418,0.276361944642429,1.1043600225268,NA,0.236066982462036
"spherical","15569.png",15569,0.23555337134103,0.276582808877818,1.09221631425961,NA,0.23418574600697
"spherical","15573.png",15573,0.235722303493982,0.276721095803499,1.10663974135747,NA,0.234030678785028
"spherical","15576.png",15576,0.23555296045984,0.276424357761631,1.13098421537582,NA,0.234839383494496
"spherical","15579.png",15579,0.234260965596538,0.275409378163535,1.1021679538996,NA,0.234758680335014
"spherical","15582.png",15582,0.234885515989646,0.275847137321855,1.08410966646001,NA,0.233348888531575
"spherical","15585.png",15585,0.23661303170741,0.277590557209993,1.10986103582394,NA,0.234941970418007
"spherical","15589.png",15589,0.23545428616356,0.276407484069535,1.14157700729629,NA,0.234126829317797
"spherical","15592.png",15592,0.23490940399236,0.275907805339348,1.10790843360848,NA,0.234315159778912
"spherical","15595.png",15595,0.233848748565,0.274992202176936,1.11278709571568,NA,0.234656573285242
"spherical","15598.png",15598,0.234324114738746,0.27550344685835,1.08879691980008,NA,0.233489873069785
"spherical","15601.png",15601,0.235026038399164,0.276176011151424,1.11137707892604,NA,0.231727026541356
"spherical","15605.png",15605,0.236418532421251,0.277369245712367,1.14710888523699,NA,0.235085285773018
"spherical","15608.png",15608,0.231913753858895,0.273477315512309,1.09751035384403,NA,0.230604270809791
"spherical","15611.png",15611,0.235569228955271,0.276695535799519,1.08031270587644,NA,0.234181525279971
"spherical","15614.png",15614,0.234765357345293,0.276113828506411,1.09278097884079,NA,0.230035311883289
"spherical","15617.png",15617,0.237176826701343,0.278207713959371,1.08863699273096,NA,0.233723193595237
"spherical","15621.png",15621,0.236314250030783,0.277412833591425,1.1006742341493,NA,0.233385488358712
"spherical","15624.png",15624,0.235033665727825,0.276290276860229,1.11898178874394,NA,0.233893058303034
"spherical","15627.png",15627,0.235900612532737,0.277044854076772,1.12455254493751,NA,0.23439831075249
"spherical","15630.png",15630,0.236500648957481,0.277515229448645,1.10618948779278,NA,0.232979136105065
"spherical","15633.png",15633,0.236399226988951,0.277447430970265,1.12850287224953,NA,0.233658500693069
"spherical","15637.png",15637,0.234453495572647,0.275871598553013,1.14822976869213,NA,0.232954832916196
"spherical","15640.png",15640,0.234855075760733,0.276067506811203,1.13968404411398,NA,0.233125616458029
"spherical","15643.png",15643,0.236415703400918,0.277471104731649,1.14114346887026,NA,0.231970522112071
"spherical","15646.png",15646,0.236159869337988,0.277293866161327,1.16390410273298,NA,0.233437213093335
"spherical","15649.png",15649,0.234310623558524,0.275681991524358,1.16613479250218,NA,0.233590922200372
"spherical","15653.png",15653,0.236324013539344,0.277400756196398,1.13583302816348,NA,0.23536599391315
"spherical","15656.png",15656,0.237050551000263,0.277933933421735,1.13491187852507,NA,0.235810668984639
"spherical","15659.png",15659,0.236729475950996,0.277705288184822,1.10134139773223,NA,0.234360974876895
"spherical","15662.png",15662,0.236961694183192,0.277869344853239,1.14465076742288,NA,0.234550851971104
"spherical","15665.png",15665,0.235016982547038,0.276028182823492,1.15400415313334,NA,0.23412843095486
"spherical","15669.png",15669,0.23598885852791,0.27703422769943,1.09582236767861,NA,0.237264680173058
"spherical","15672.png",15672,0.23565250063295,0.276703143389105,1.09526751046761,NA,0.232994893582746
"spherical","15675.png",15675,0.236430422927227,0.277340537547909,1.14274468331696,NA,0.234852732097167
"spherical","15678.png",15678,0.236658960976892,0.277526290415539,1.13564893480666,NA,0.237134015097315
"spherical","15681.png",15681,0.2346877067309,0.275773137218486,1.12582830889508,NA,0.235981822832853
"spherical","15685.png",15685,0.234654916436145,0.275832469483742,1.09788121170541,NA,0.235253240337899
"spherical","15688.png",15688,0.237119892039068,0.278018318296467,1.08473575970561,NA,0.23591439880761
"spherical","15691.png",15691,0.235514179060056,0.276572533464836,1.09297470397855,NA,0.23291614663586
"spherical","15694.png",15694,0.235857695542749,0.276714578414627,1.12870562109698,NA,0.235829995770582
"spherical","15697.png",15697,0.234846556470637,0.276020551832717,1.10340037173138,NA,0.23581353592852
"spherical","15701.png",15701,0.23609907173557,0.277107156386768,1.0763285361225,NA,0.23513581788945
"spherical","15704.png",15704,0.235916682414824,0.277039488079191,1.09492634288023,NA,0.233099111768729
"spherical","15707.png",15707,0.235837169274508,0.276699273349001,1.12060971336621,NA,0.233842728751894
"spherical","15710.png",15710,0.234517377646978,0.275704198791763,1.11450072353697,NA,0.235477466079334
"spherical","15713.png",15713,0.235675761811114,0.276706087069737,1.09132427236657,NA,0.234648630192565
"spherical","15717.png",15717,0.235414961950963,0.276417509104561,1.11937841121639,NA,0.232732442484926
"spherical","15720.png",15720,0.235321219054271,0.27628106129561,1.12461290420549,NA,0.234524523965371
"spherical","15723.png",15723,0.234544060735081,0.275713144047684,1.11734771770699,NA,0.23429189549449
"spherical","15726.png",15726,0.234919711313568,0.276105339678312,1.11784720982924,NA,0.234933281460131
"spherical","15729.png",15729,0.234869126018622,0.275975612541453,1.09131055911644,NA,0.232365104856348
"spherical","15733.png",15733,0.236711171932461,0.277587213178186,1.13518606779799,NA,0.235787493842538
"spherical","15736.png",15736,0.234819145328348,0.27597076032783,1.10886797963067,NA,0.234653888991287
"spherical","15739.png",15739,0.235328155288033,0.276568015500198,1.09647154970851,NA,0.235533062053064
"spherical","15742.png",15742,0.235000712705065,0.276085671597115,1.08374559040735,NA,0.232535108866541
"spherical","15745.png",15745,0.235995226432269,0.276967969132339,1.13076309869419,NA,0.233572526720585
"spherical","15749.png",15749,0.236354836921696,0.27717639387719,1.11757031193278,NA,0.235732371691423
"spherical","15752.png",15752,0.234043115314301,0.275234872672,1.1065659087335,NA,0.234739486241402
"spherical","15755.png",15755,0.236507745199079,0.277451466710251,1.09704355955277,NA,0.236736916156349
"spherical","15758.png",15758,0.234862740712539,0.275966700236181,1.0789109561043,NA,0.232052208241233
"spherical","15761.png",15761,0.235700095711127,0.276738046341829,1.15610220784992,NA,0.234033421961452
"spherical","15765.png",15765,0.234877457161929,0.275969150114609,1.10169444492899,NA,0.235916826049626
"spherical","15768.png",15768,0.235625162515829,0.276721490823455,1.09366700849963,NA,0.235657680931467
"spherical","15771.png",15771,0.235425164522979,0.276493323598599,1.08766259117229,NA,0.234126518650436
"spherical","15774.png",15774,0.23703767610071,0.277968885400921,1.1104020070194,NA,0.235197907530287
"spherical","15777.png",15777,0.235892790598058,0.276862620737585,1.1361383095768,NA,0.23450931447264
"spherical","15781.png",15781,0.2342504975296,0.275419617213596,1.09560362500677,NA,0.235202277032605
"spherical","15784.png",15784,0.235486324195374,0.276498308459223,1.08185222324166,NA,0.233634990465546
"spherical","15787.png",15787,0.235845466468222,0.276823632975116,1.12466150304264,NA,0.233810384025577
"spherical","15790.png",15790,0.235115601538279,0.276091410451907,1.11731693264927,NA,0.235158936227407
"spherical","15793.png",15793,0.234665671072053,0.275856883622547,1.09468430803536,NA,0.235546629708144
"spherical","15797.png",15797,0.236342026062422,0.277291976768669,1.09769357365367,NA,0.234503535380089
"spherical","15800.png",15800,0.236183098064084,0.277034717951042,1.12625096806114,NA,0.235407299654652
"spherical","15803.png",15803,0.233238915798699,0.274536345097127,1.11773205242622,NA,0.233551059286842
"spherical","15806.png",15806,0.235712423237382,0.276801945095894,1.09299954530885,NA,0.235818938176196
"spherical","15809.png",15809,0.236485848977231,0.277462412921314,1.07461184157943,NA,0.234595960368467
"spherical","15813.png",15813,0.23600926915807,0.276909674584704,1.13212524141922,NA,0.234112434825291
"spherical","15816.png",15816,0.235632304651635,0.276491581956767,1.11791793365153,NA,0.235665395168705
"spherical","15819.png",15819,0.234049082250692,0.275264841771844,1.09623681158659,NA,0.235023581180277
"spherical","15822.png",15822,0.235489344398604,0.276532262132732,1.08707219248578,NA,0.234540883900462
"spherical","15825.png",15825,0.236078755329745,0.277009124861351,1.10928009794305,NA,0.233663270858238
"spherical","15829.png",15829,0.235038159384056,0.276160319329917,1.10572575529667,NA,0.235852199107097
"spherical","15832.png",15832,0.23580732241894,0.276892955161473,1.1057287311663,NA,0.236303462433172
"spherical","15835.png",15835,0.236198068632482,0.277121095351505,1.08593395399748,NA,0.235206147051505
"spherical","15838.png",15838,0.236138754946092,0.277039883287125,1.09363209374728,NA,0.233743091113068
"spherical","15841.png",15841,0.2370313963331,0.277757029950311,1.12497025959674,NA,0.236894953975774
"spherical","15845.png",15845,0.234390657138222,0.275561168380759,1.10902762233197,NA,0.235157441538441
"spherical","15848.png",15848,0.235790195191117,0.276807718533412,1.09045485778627,NA,0.235399433931137
"spherical","15851.png",15851,0.236385396870861,0.277292921734483,1.11063145226328,NA,0.234119814578639
"spherical","15854.png",15854,0.235744831997141,0.276746268577571,1.12288982305257,NA,0.236258382028277
"spherical","15857.png",15857,0.235227362210751,0.276330345423479,1.11194443954463,NA,0.236271280915044
"spherical","15861.png",15861,0.235586272676739,0.276605495133055,1.091416826546,NA,0.233589523780951
"spherical","15864.png",15864,0.235697981109433,0.276624235767646,1.14417838464402,NA,0.233563288534426
"spherical","15867.png",15867,0.235764659949248,0.276581445053679,1.12774910190952,NA,0.235788708741439
"spherical","15870.png",15870,0.234674814222044,0.275759888501517,1.10909357999517,NA,0.236289193350983
"spherical","15873.png",15873,0.235770450024471,0.276717609753647,1.10583277057263,NA,0.234903157887298
"spherical","15877.png",15877,0.236138355048959,0.277042328453962,1.12250997836587,NA,0.235920746862087
"spherical","15880.png",15880,0.235073899326493,0.27608810422836,1.11016468992768,NA,0.236551591591347
"spherical","15883.png",15883,0.235519586983693,0.276674488925637,1.11457498951202,NA,0.236776734185402
"spherical","15886.png",15886,0.234927607449839,0.276238155549284,1.0932539014799,NA,0.232113848504925
"spherical","15889.png",15889,0.236012128673428,0.276883859761328,1.12471706306405,NA,0.235421093543844
"spherical","15893.png",15893,0.234622444752553,0.275719843771233,1.10917338030492,NA,0.235929513500392
"spherical","15896.png",15896,0.23571437266868,0.276791157969477,1.08209016133239,NA,0.234397194047207
"spherical","15899.png",15899,0.236410396230999,0.277332707301742,1.11651417758991,NA,0.234732820869007
"spherical","15902.png",15902,0.235693496115127,0.276602803774317,1.12502463899021,NA,0.234656843792188
"spherical","15905.png",15905,0.235314063017488,0.276356698559881,1.11923584031306,NA,0.236181971231813
"spherical","15909.png",15909,0.234781908381323,0.276018999055157,1.10525161194131,NA,0.234984396132459
"spherical","15912.png",15912,0.235805367729688,0.276853800756057,1.07979564142701,NA,0.233432930023317
"spherical","15915.png",15915,0.236571539938992,0.277353623153218,1.15412352340591,NA,0.236274216918864
"spherical","15918.png",15918,0.234671386378611,0.275893125252152,1.10310532667856,NA,0.235959937166971
"spherical","15921.png",15921,0.236614067208443,0.277605430261481,1.08548782046439,NA,0.237445624040516
"spherical","15925.png",15925,0.235730644765001,0.27676030368116,1.10300678431034,NA,0.233728739485196
"spherical","15928.png",15928,0.236297413683388,0.277189502696201,1.12886538676807,NA,0.235678921087905
"spherical","15931.png",15931,0.235768558198812,0.276655862512001,1.11841312193117,NA,0.236445462936587
"spherical","15934.png",15934,0.234315163970409,0.275471352470941,1.11260002543223,NA,0.23501157977906
"spherical","15937.png",15937,0.235896567265613,0.277009370473236,1.09849986355706,NA,0.23369761445115
"spherical","15941.png",15941,0.235875991172436,0.276749962863045,1.12687267680206,NA,0.234173510962675
"spherical","15944.png",15944,0.234781659189493,0.275878217977512,1.11117939458836,NA,0.235519542964881
"spherical","15947.png",15947,0.235667382203806,0.27678055277521,1.10403851000706,NA,0.236982252412996
"spherical","15950.png",15950,0.236126372399441,0.277106283252078,1.08446952026466,NA,0.23568039549621
"spherical","15953.png",15953,0.235705588298046,0.276636557669051,1.13645309592633,NA,0.233582035493989
"spherical","15957.png",15957,0.23450054771931,0.27571023933184,1.10884695008029,NA,0.23581187864173
"spherical","15960.png",15960,0.235425398731635,0.276425073739864,1.08257930842774,NA,0.234929245392057
"spherical","15963.png",15963,0.23607680621157,0.277047730833762,1.11222314035075,NA,0.233906305977288
"spherical","15966.png",15966,0.236087718923217,0.276932020278013,1.12928692049646,NA,0.235906213618324
"spherical","15969.png",15969,0.233822537254841,0.275054723093829,1.10857108862612,NA,0.235028431376332
"spherical","15973.png",15973,0.235375635398851,0.276401472575239,1.09067839499988,NA,0.234947809677865
"spherical","15976.png",15976,0.235861156390951,0.276871393155159,1.11185057060333,NA,0.233260339381976
"spherical","15979.png",15979,0.237391948893799,0.278227243928155,1.1073445723381,NA,0.237077036318887
"spherical","15982.png",15982,0.234050066537186,0.275273154277469,1.11645139031792,NA,0.234771829098603
"spherical","15985.png",15985,0.23491004980857,0.275946758114369,1.09808805562799,NA,0.233593240543929
"spherical","15989.png",15989,0.236314410968058,0.277170243752261,1.11653043396114,NA,0.235080728291998
"spherical","15992.png",15992,0.235307597649921,0.276319628708901,1.12408723662066,NA,0.235857981681195
"spherical","15995.png",15995,0.234187486528054,0.275471405255409,1.10820129792472,NA,0.23508576467577
"spherical","15998.png",15998,0.235966040671985,0.277000766563707,1.11258602521086,NA,0.235894247259382
"spherical","16001.png",16001,0.235941302038176,0.27700975869135,1.11323906073272,NA,0.233219965513641
"spherical","16005.png",16005,0.236415028073033,0.277283807898148,1.10787388508987,NA,0.23625649473977
"spherical","16008.png",16008,0.235334292798847,0.276378436182926,1.09690847146718,NA,0.236366287023748
"spherical","16011.png",16011,0.234834438507884,0.275954064950143,1.090918223013,NA,0.23269301404401
"spherical","16014.png",16014,0.234875501332115,0.275923931944254,1.12027349346414,NA,0.232020917643784
"spherical","16017.png",16017,0.23699208208974,0.277793533826588,1.12680438224379,NA,0.237016747477223
"spherical","16021.png",16021,0.234674496789084,0.275820244316043,1.09498756144645,NA,0.235957824706067
"spherical","16024.png",16024,0.235736341642467,0.276827001423628,1.08897557376316,NA,0.236494186647103
"spherical","16027.png",16027,0.235569655734152,0.276633901098781,1.09926330241779,NA,0.23295339922952
"spherical","16030.png",16030,0.235933517146359,0.276775013971328,1.13559995157495,NA,0.235503705886617
"spherical","16033.png",16033,0.23422760429765,0.275454622954241,1.11267890198967,NA,0.235634715773627
"spherical","16037.png",16037,0.236471432857251,0.277432032006875,1.09348622844683,NA,0.235221978993886
"spherical","16040.png",16040,0.235888888050951,0.276798588347117,1.11393605495152,NA,0.234361811765676
"spherical","16043.png",16043,0.235243537210239,0.276330736888914,1.10940538070251,NA,0.236397278623297
"spherical","16046.png",16046,0.236169746871995,0.277120037238743,1.09322925823928,NA,0.235937653537462
"spherical","16049.png",16049,0.236049147435797,0.276974798692923,1.10529360279996,NA,0.234016046624162
"spherical","16053.png",16053,0.235851928502841,0.276725258196118,1.12180837692388,NA,0.236409787211332
"spherical","16056.png",16056,0.234302537809756,0.275555752501765,1.1066461065227,NA,0.235813936433058
"spherical","16059.png",16059,0.235424954779439,0.276408278376546,1.09756560146149,NA,0.235768204451487
"spherical","16062.png",16062,0.236132534068267,0.277081644204054,1.09079555472122,NA,0.234514306947684
"spherical","16065.png",16065,0.236050710193682,0.276933531417265,1.12712931894937,NA,0.234334526546985
"spherical","16069.png",16069,0.234130625749652,0.275252985172719,1.10829481010583,NA,0.234922797913135
"spherical","16072.png",16072,0.235583344947313,0.276574571914685,1.10407672388081,NA,0.235544079231679
"spherical","16075.png",16075,0.235965918428718,0.277016587770333,1.10267043985494,NA,0.234054758306173
"spherical","16078.png",16078,0.235620837548745,0.276465295166709,1.12841609983363,NA,0.235616778644364
"spherical","16081.png",16081,0.234323085450173,0.275522311933844,1.09725765495987,NA,0.235629414722185
"spherical","16085.png",16085,0.235427619206979,0.276391595880855,1.0892813876335,NA,0.234509468412877
"spherical","16088.png",16088,0.235270273231102,0.276361788981265,1.105939354975,NA,0.232467590093139
"spherical","16091.png",16091,0.236348395324399,0.277152083721267,1.11796747334172,NA,0.236387813457928
"spherical","16094.png",16094,0.234728251347533,0.275905559019887,1.11480539559809,NA,0.235725088347492
"spherical","16097.png",16097,0.235630780707241,0.27670775740901,1.10160901848806,NA,0.235987914021482
"spherical","16101.png",16101,0.235574526805705,0.2766131060625,1.11464795619525,NA,0.233418423325818
"spherical","16104.png",16104,0.236861474074936,0.27773193278762,1.12787044735985,NA,0.236447223814181
"spherical","16107.png",16107,0.235537007318295,0.276464167829514,1.12032833471568,NA,0.236693639891394
"spherical","16110.png",16110,0.234814844117106,0.275909238846002,1.10746694340915,NA,0.236182666909438
"spherical","16113.png",16113,0.235746826119541,0.276757816863808,1.0732439044887,NA,0.234499854227147
"spherical","16117.png",16117,0.236251783858702,0.277150728733173,1.12671464688605,NA,0.235336850073036
"spherical","16120.png",16120,0.234220238376265,0.275519781272627,1.11394960500731,NA,0.235129435999296
"spherical","16123.png",16123,0.235974457997097,0.276911255750265,1.10467570000973,NA,0.235938544650532
"spherical","16126.png",16126,0.235011265037896,0.276101774667612,1.10625660929049,NA,0.232174821249792
"spherical","16129.png",16129,0.23547041885253,0.27636081503231,1.1357666069858,NA,0.233379631160837
"spherical","16133.png",16133,0.234455687127311,0.27557789772935,1.10855154908288,NA,0.236072089741878
"spherical","16136.png",16136,0.236580774067083,0.277610206558424,1.09570328462525,NA,0.236704960112432
"spherical","16139.png",16139,0.235494072859077,0.276549248206146,1.10351691169906,NA,0.233034665831954
"spherical","16142.png",16142,0.236400156341764,0.277268837869754,1.12928577585012,NA,0.235040805033463
"spherical","16145.png",16145,0.235033634261422,0.276050503574602,1.1130638056618,NA,0.235873515072652
"spherical","16149.png",16149,0.235548263249653,0.276616800280079,1.09553973912919,NA,0.236944619184555
"spherical","16152.png",16152,0.235628492004607,0.276645373987839,1.0826843474222,NA,0.233424077734191
"spherical","16155.png",16155,0.236289127860051,0.277130820013355,1.13251588946282,NA,0.235271693661994
"spherical","16158.png",16158,0.235676908362577,0.276515311918346,1.11507937023445,NA,0.236445603358616
"spherical","16161.png",16161,0.234539180281046,0.275606608272096,1.09295446578206,NA,0.235801035602609
"spherical","16165.png",16165,0.235928860374264,0.276955635076152,1.10550885848287,NA,0.233915081408128
"spherical","16168.png",16168,0.236855249341353,0.277632876553396,1.11809031641822,NA,0.236755991719382
"spherical","16171.png",16171,0.234798539862105,0.275758582274228,1.11347309947235,NA,0.235240462506351
"spherical","16174.png",16174,0.234408845019463,0.27563077864146,1.10592419777249,NA,0.235821027980908
"spherical","16177.png",16177,0.236221684997727,0.277135496206761,1.08977149992611,NA,0.235037570730018
"spherical","16181.png",16181,0.236188539564602,0.27702281743762,1.11966788767055,NA,0.234168286289764
"spherical","16184.png",16184,0.235397359116732,0.276327288815624,1.11983068332264,NA,0.236166762008603
"spherical","16187.png",16187,0.234139473412437,0.275316171961859,1.11149603096755,NA,0.235789081833998
"spherical","16190.png",16190,0.235613252598068,0.276639961284886,1.08785664313827,NA,0.234866104804158
"spherical","16193.png",16193,0.236609950519447,0.277556348896149,1.09527814482567,NA,0.235090239684199
"spherical","16197.png",16197,0.236646891328918,0.27740817903247,1.11957222849155,NA,0.237718961725281
"spherical","16200.png",16200,0.234282912937059,0.27545529814844,1.10518007079523,NA,0.235771615846658
"spherical","16203.png",16203,0.235137483511894,0.276308633283598,1.07661510871272,NA,0.233128117452138
"spherical","16206.png",16206,0.236006650223201,0.276941154369945,1.12780467278265,NA,0.23520901892275
"spherical","16209.png",16209,0.235249428701282,0.276344900674195,1.12335742882384,NA,0.236754938976655
"spherical","16213.png",16213,0.234281218499526,0.275445523022038,1.09215175849019,NA,0.234961724210867
"spherical","16216.png",16216,0.23613862797511,0.277051884968502,1.09196596355731,NA,0.235380502638117
"spherical","16219.png",16219,0.236275017209254,0.277193752834722,1.11580702723527,NA,0.234381154119557
"spherical","16222.png",16222,0.235963376935167,0.27679945741529,1.11703156692604,NA,0.235634910622172
"spherical","16225.png",16225,0.233523814888371,0.274844962152404,1.115173630965,NA,0.234793268564949
"spherical","16229.png",16229,0.236171755620239,0.277064328274301,1.08983321506433,NA,0.235531050911513
"spherical","16232.png",16232,0.236762531509126,0.277625570115337,1.12094104730891,NA,0.234875734933616
"spherical","16235.png",16235,0.235484708516783,0.27648300062008,1.11102228803366,NA,0.236033640586294
"spherical","16238.png",16238,0.233533870900672,0.27488847568988,1.09929158468385,NA,0.234905802541746
"spherical","16241.png",16241,0.235902726321071,0.276908538528155,1.09914106354202,NA,0.236831568326296
"spherical","16245.png",16245,0.235985777119546,0.277088286986486,1.10508964096192,NA,0.233530661504533
"spherical","16248.png",16248,0.237476871236693,0.278239102079143,1.12204749591552,NA,0.237579667216031
"spherical","16251.png",16251,0.235688211845284,0.276789949565064,1.10963079633799,NA,0.237869944000774
"spherical","16254.png",16254,0.235813348376979,0.276787876312581,1.10250952942491,NA,0.23694410614655
"spherical","16257.png",16257,0.235500734025291,0.276549244612985,1.07929312291727,NA,0.233519946783151
"spherical","16261.png",16261,0.236881380897884,0.277733849842835,1.13497976795676,NA,0.236140403308376
"spherical","16264.png",16264,0.234756500966647,0.275771405971896,1.11307138510363,NA,0.235280792845458
"spherical","16267.png",16267,0.23368329628969,0.274921940128491,1.1061667387384,NA,0.235389715742289
"spherical","16270.png",16270,0.236400460014588,0.277371126786139,1.08371426710062,NA,0.235447134625689
"spherical","16273.png",16273,0.234900995262471,0.275992638268323,1.0880591403517,NA,0.23304962998842
"spherical","16277.png",16277,0.23563180704276,0.276481942180736,1.11885241944461,NA,0.236563778205589
"spherical","16280.png",16280,0.234406408691305,0.275627588497208,1.10827982299003,NA,0.235866012361205
"spherical","16283.png",16283,0.235124763139278,0.276130148709943,1.09455597821215,NA,0.233937294388086
"spherical","16286.png",16286,0.236491631402578,0.277309059241779,1.11105917333284,NA,0.235007449217574
"spherical","16289.png",16289,0.236503785762763,0.277348042345441,1.1230401451084,NA,0.236444109370056
"spherical","16293.png",16293,0.234849515227227,0.275964366668283,1.11203329830016,NA,0.235363848927714
"spherical","16296.png",16296,0.235985162814187,0.277129891275989,1.09449093116782,NA,0.23392080964404
"spherical","16299.png",16299,0.236210979738553,0.277144493639655,1.1199241403009,NA,0.234444790106061
"spherical","16302.png",16302,0.236794565200096,0.277631504593433,1.1176246697957,NA,0.236819042707169
"spherical","16305.png",16305,0.235128523860877,0.276101815862001,1.10860126415893,NA,0.236332292669574
"spherical","16309.png",16309,0.235190528183941,0.276210642377837,1.09968504726133,NA,0.236316749310683
"spherical","16312.png",16312,0.235484278158272,0.276360717935003,1.09208409679457,NA,0.235131966897276
"spherical","16315.png",16315,0.236470959890361,0.277379583373388,1.12036114276044,NA,0.234421747799472
"spherical","16318.png",16318,0.234889079182159,0.275879757007544,1.10729483946571,NA,0.236115505042831
"spherical","16321.png",16321,0.234693915574387,0.275845747502057,1.09874581134806,NA,0.236018319557125
"spherical","16325.png",16325,0.235069547076849,0.276134654864578,1.09320954122951,NA,0.233124014863549
"spherical","16328.png",16328,0.23603601762354,0.276945839876404,1.12071653614813,NA,0.233473964026838
"spherical","16331.png",16331,0.236108627264639,0.276941961550166,1.11865202059455,NA,0.236542323636472
"spherical","16334.png",16334,0.234104753954959,0.275399277133957,1.09792187647928,NA,0.235567663807051
"spherical","16337.png",16337,0.234659425108436,0.275838295931171,1.10990535615533,NA,0.235070114255967
"spherical","16341.png",16341,0.237038657964587,0.277967329418481,1.09800105584255,NA,0.234920781276694
"spherical","16344.png",16344,0.236596445900087,0.277492088131244,1.12849886743318,NA,0.235211467710639
"spherical","16347.png",16347,0.236576178075705,0.277416552860575,1.11320051021276,NA,0.236920177405451
"spherical","16350.png",16350,0.234160210677964,0.275408745177907,1.11897665573217,NA,0.2356632622538
"spherical","16353.png",16353,0.23509177539606,0.276173624231749,1.09078963458257,NA,0.235069446836069
"spherical","16357.png",16357,0.235284177357763,0.276400872798357,1.09603256136544,NA,0.232935665875591
"spherical","16360.png",16360,0.237198031483213,0.277911603356507,1.11434660284155,NA,0.235923947243537
"spherical","16363.png",16363,0.234540542640002,0.275578427396672,1.11149412183352,NA,0.234618479841041
"spherical","16366.png",16366,0.234094447962253,0.275377782711964,1.11912599826606,NA,0.236138472658054
"spherical","16370.png",16370,0.235858798680724,0.276975865329967,1.10020397932352,NA,0.233924191541322
"spherical","16373.png",16373,0.236017930274443,0.277044095477988,1.1085682816968,NA,0.233854422689001
"spherical","16376.png",16376,0.236103539716647,0.276891954878711,1.12347014478735,NA,0.236797919170999
"spherical","16379.png",16379,0.233628348507522,0.274998534003604,1.1026170043868,NA,0.235312183489681
"spherical","16382.png",16382,0.235354466759529,0.276447454407207,1.100560080254,NA,0.235226006176071
"spherical","16386.png",16386,0.236542905397909,0.277515784340048,1.09538303918636,NA,0.234710311958174
"spherical","16389.png",16389,0.236543588789889,0.27740929654499,1.11599024034765,NA,0.235339069312103
"spherical","16392.png",16392,0.235286869776333,0.276325490910111,1.1022169471494,NA,0.236039902351995
"spherical","16395.png",16395,0.234506960086501,0.275755136562855,1.10184232226474,NA,0.23593587969379
"spherical","16398.png",16398,0.235818909266703,0.276683410702537,1.09178553192223,NA,0.235395285578162
"spherical","16402.png",16402,0.235341340237354,0.276507098368362,1.10695042774704,NA,0.233301706872389
"spherical","16405.png",16405,0.23620416082915,0.277038452998495,1.10931660517424,NA,0.235855493769944
"spherical","16408.png",16408,0.235336032858947,0.276356306266038,1.12197804251697,NA,0.237449808642793
"spherical","16411.png",16411,0.234393757788346,0.275445292819371,1.1145008039878,NA,0.235326301816243
"spherical","16414.png",16414,0.235730267810618,0.276707220309461,1.09197357363314,NA,0.234845417347099
"spherical","16418.png",16418,0.234784806021741,0.27585569575226,1.10537612900642,NA,0.232323103994144
"spherical","16421.png",16421,0.236737356248742,0.277574094298624,1.11271650739966,NA,0.236189803600274
"spherical","16424.png",16424,0.235675210527083,0.276574145810097,1.10542385324453,NA,0.236469165979851
"spherical","16427.png",16427,0.234718524933688,0.275946037640947,1.10035070006107,NA,0.236852962110317
"spherical","16430.png",16430,0.235447631076864,0.276366119572555,1.09755888047453,NA,0.235270782663019
"spherical","16434.png",16434,0.236281017593494,0.277265632670716,1.08245843927991,NA,0.235065389096632
"spherical","16437.png",16437,0.235468440572581,0.27650758620699,1.11425913266308,NA,0.233424072463426
"spherical","16440.png",16440,0.237022067037215,0.277764283519921,1.11371266220929,NA,0.237320630054946
"spherical","16443.png",16443,0.233112827039343,0.274523303743336,1.10991935854951,NA,0.234786416549858
"spherical","16446.png",16446,0.235648705396842,0.276583076735724,1.10265641450307,NA,0.236684036057532
"spherical","16450.png",16450,0.236948956272017,0.277753196060048,1.11417765085552,NA,0.235750560522178
"spherical","16453.png",16453,0.236712101032311,0.277526179704399,1.1286967827508,NA,0.236917905587259
"spherical","16456.png",16456,0.234478996383185,0.275519371874362,1.11278606475309,NA,0.236416266600049
"spherical","16459.png",16459,0.234326988597527,0.275590314708098,1.10891519547735,NA,0.236670124265725
"spherical","16462.png",16462,0.236001683205208,0.276868505961666,1.10584535091516,NA,0.237259293431846
"spherical","16466.png",16466,0.234672168559106,0.275848445711763,1.09193146293946,NA,0.23219252300891
"spherical","16469.png",16469,0.235344579043061,0.276419273295514,1.12055849932327,NA,0.233757336544045
"spherical","16472.png",16472,0.236169830479483,0.277008434223874,1.12387928986763,NA,0.236196235042385
"spherical","16475.png",16475,0.234378773316069,0.275447176293715,1.11354951960169,NA,0.236314454056734
"spherical","16478.png",16478,0.234337608692309,0.275505933857967,1.11133262507352,NA,0.236370005824447
"spherical","16482.png",16482,0.235360289702216,0.276324912077698,1.09888809348523,NA,0.234551192747806
"spherical","16485.png",16485,0.235969843897655,0.277030137452968,1.10528774830276,NA,0.233936110516639
"spherical","16488.png",16488,0.236861305294891,0.277660331802609,1.12599193471946,NA,0.236185370173677
"spherical","16491.png",16491,0.23428870193057,0.275353700422864,1.10969610791158,NA,0.235801455049062
"spherical","16494.png",16494,0.234453240782623,0.275713440333062,1.10444794211024,NA,0.236971620370528
"spherical","16498.png",16498,0.236437106398963,0.2773337589124,1.08992029726931,NA,0.237447025704739
"spherical","16501.png",16501,0.234863676382983,0.27592563434635,1.09168564593591,NA,0.233283227429892
"spherical","16504.png",16504,0.235663819937299,0.276542385066158,1.12191259570966,NA,0.234311359033234
"spherical","16507.png",16507,0.236585283185462,0.27747036002634,1.11348442830857,NA,0.237348589789797
"spherical","16510.png",16510,0.234018860113821,0.275179317689665,1.11798513411386,NA,0.236346938374006
"spherical","16514.png",16514,0.234963054479896,0.276129179636286,1.1059523020374,NA,0.237370297366432
"spherical","16517.png",16517,0.236548817654338,0.277437462342728,1.08750066121247,NA,0.238234984956434
"spherical","16520.png",16520,0.236470454341843,0.277428243108341,1.10389531644784,NA,0.235364882377787
"spherical","16523.png",16523,0.236567848604057,0.277469049286068,1.11154178630154,NA,0.235346349060312
"spherical","16526.png",16526,0.236304240832348,0.277142959652694,1.11996115781092,NA,0.236399135468765
"spherical","16530.png",16530,0.234337848328216,0.275511965679042,1.11080729434224,NA,0.236736047922708
"spherical","16533.png",16533,0.235602750890057,0.276648486454685,1.09880522518709,NA,0.237626388552506
"spherical","16536.png",16536,0.236009833576172,0.276932770061816,1.08422836022744,NA,0.235263762088946
"spherical","16539.png",16539,0.2367694874333,0.277556246976355,1.12392666317588,NA,0.235825331746545
"spherical","16542.png",16542,0.23601364168935,0.276826564525856,1.10726748145322,NA,0.23695068945044
"spherical","16546.png",16546,0.234578030704279,0.275607085956489,1.11017423746624,NA,0.236247834948639
"spherical","16549.png",16549,0.234374466645991,0.275569900349112,1.10922333977326,NA,0.236945935706451
"spherical","16552.png",16552,0.235426668900503,0.276357631676706,1.09861506163732,NA,0.236471051716317
"spherical","16555.png",16555,0.23488878142176,0.275950085100529,1.10945610514189,NA,0.233710137371705
"spherical","16558.png",16558,0.235817659806037,0.276884100007137,1.08451800126996,NA,0.23370769361811
"spherical","16562.png",16562,0.237296145413442,0.278035196274051,1.12397181849748,NA,0.237266579328558
"spherical","16565.png",16565,0.235391431989032,0.276305729991762,1.09555828944649,NA,0.237158239950014
"spherical","16568.png",16568,0.23446722784442,0.275684223448715,1.09920998846759,NA,0.23716408914477
"spherical","16571.png",16571,0.235080553105694,0.276179260328844,1.1025213865801,NA,0.237229879237045
"spherical","16574.png",16574,0.235710120196663,0.276792592793099,1.09442042732995,NA,0.234521435283314
"spherical","16578.png",16578,0.235624067318863,0.276550107516622,1.11946173407662,NA,0.233949779483324
"spherical","16581.png",16581,0.236913164511504,0.277763659336029,1.13344483367467,NA,0.23682704933316
"spherical","16584.png",16584,0.235641975682337,0.276506286004919,1.12108027639198,NA,0.236472141121584
"spherical","16587.png",16587,0.23485908552328,0.275859130159634,1.10715129237213,NA,0.236709985591498
"spherical","16590.png",16590,0.234328678630932,0.275582145620625,1.10703887056183,NA,0.237372952929885
"spherical","16594.png",16594,0.235767938341135,0.276797695726343,1.11079185743981,NA,0.238645248076091
"spherical","16597.png",16597,0.235209102034973,0.276085712944184,1.08838479307644,NA,0.234659378652582
"spherical","16600.png",16600,0.235764173684697,0.276810076907733,1.1124268780805,NA,0.234166141230106
"spherical","16603.png",16603,0.23623487081059,0.277087067697161,1.11347408740572,NA,0.235519021812093
"spherical","16606.png",16606,0.236320445292223,0.277254898732523,1.11286881779474,NA,0.236263594065346
"spherical","16610.png",16610,0.235246568408377,0.276098761190792,1.11234014136098,NA,0.237613446948444
"spherical","16613.png",16613,0.234034477703924,0.275272272143051,1.1030086710292,NA,0.236922248181981
"spherical","16616.png",16616,0.235391552318572,0.276292107126123,1.08885747205339,NA,0.235823846427066
"spherical","16619.png",16619,0.23532890877216,0.276426078798326,1.09693488342435,NA,0.23384896341801
"spherical","16622.png",16622,0.236592664540783,0.277531923900329,1.12572706835924,NA,0.235316377476784
"spherical","16626.png",16626,0.23560763597487,0.276631021771214,1.11961911538775,NA,0.234792804415151
"spherical","16629.png",16629,0.236064529705647,0.276907138256234,1.11629979763736,NA,0.236434513456784
"spherical","16632.png",16632,0.235249089250236,0.276113943540655,1.11200504176904,NA,0.237036647853135
"spherical","16635.png",16635,0.234095675414209,0.275385425174316,1.10855792726234,NA,0.237047634270461
"spherical","16638.png",16638,0.235602836005806,0.276569323461613,1.10323328261013,NA,0.236715621659707
"spherical","16642.png",16642,0.234697454686424,0.275972285993846,1.10170120271045,NA,0.232285431190521
"spherical","16645.png",16645,0.235841028140847,0.276908086418883,1.12680479611683,NA,0.234218478039855
"spherical","16648.png",16648,0.235809211220947,0.276683281593263,1.12843251901727,NA,0.234958111991431
"spherical","16651.png",16651,0.23492615044254,0.275808748976199,1.11639753614535,NA,0.23547535961255
"spherical","16654.png",16654,0.233853987171676,0.275004264393745,1.11322661605693,NA,0.236121798438054
"spherical","16658.png",16658,0.235259763204836,0.276407707183926,1.11339129273365,NA,0.238175645485098
"spherical","16661.png",16661,0.235821167073971,0.276688001644097,1.08354672079968,NA,0.236046754416207
"spherical","16664.png",16664,0.235630735127218,0.276438461374155,1.08414659142667,NA,0.234449264676522
"spherical","16667.png",16667,0.234792352788575,0.275826978195235,1.08879182198868,NA,0.232971984136173
"spherical","16670.png",16670,0.236930878358196,0.277746044838302,1.12022979915735,NA,0.235875586893351
"spherical","16674.png",16674,0.236239260625996,0.27709194676642,1.11262338822846,NA,0.23752131751412
"spherical","16677.png",16677,0.234866178176671,0.275752078589447,1.09489429007528,NA,0.235615144094678
"spherical","16680.png",16680,0.233935120648968,0.275085414240121,1.11749939132178,NA,0.236405693231888
"spherical","16683.png",16683,0.234092658429844,0.275238179677786,1.10482854505824,NA,0.236915671874491
"spherical","16686.png",16686,0.235721829970554,0.276564231197086,1.09998500797627,NA,0.237571318347802
"spherical","16690.png",16690,0.235545617897423,0.276556034201471,1.084841466495,NA,0.234301309950924
"spherical","16693.png",16693,0.235431850101568,0.276575237904375,1.11308270041484,NA,0.233176460206486
"spherical","16696.png",16696,0.236912238858907,0.277762415866901,1.11983578585695,NA,0.235621315637723
"spherical","16699.png",16699,0.235637634522211,0.276542485944056,1.11221179901943,NA,0.235687380717655
"spherical","16702.png",16702,0.235518318367943,0.276416540122715,1.10139158239918,NA,0.236004174509124
"spherical","16706.png",16706,0.234109231770661,0.275127036169912,1.10297034447893,NA,0.236103519152659
"spherical","16709.png",16709,0.234543580364535,0.275690284393708,1.09712066835596,NA,0.237347242532692
"spherical","16712.png",16712,0.235554732138272,0.276544018295092,1.105012671952,NA,0.237068356279052
"spherical","16715.png",16715,0.235338274549321,0.276375808303581,1.10640752457866,NA,0.237223395116418
"spherical","16718.png",16718,0.235040972102804,0.275920835079126,1.09887730171881,NA,0.23480443847535
"spherical","16722.png",16722,0.235118618800192,0.276268813976348,1.10088175651034,NA,0.232975062698474
"spherical","16725.png",16725,0.236007233153399,0.276920947736532,1.12694220914927,NA,0.234423810874096
"spherical","16728.png",16728,0.236117666439569,0.277036184770781,1.10981974634881,NA,0.236310535426747
"spherical","16731.png",16731,0.234762210382354,0.275681314501765,1.10409860759019,NA,0.236176489315331
"spherical","16734.png",16734,0.234323242142399,0.275534896934407,1.10731653439761,NA,0.23696653217241
"spherical","16738.png",16738,0.235492534405188,0.276403623351068,1.10034530463662,NA,0.236850066650861
"spherical","16741.png",16741,0.234869133840323,0.275894868844069,1.08481031892192,NA,0.234322533400822
"spherical","16744.png",16744,0.23615888046376,0.27692002571575,1.08733900163825,NA,0.236184489674881
"spherical","16747.png",16747,0.235285795775384,0.276224410824508,1.09074929602478,NA,0.234094494893041
"spherical","16750.png",16750,0.235446831128496,0.276453050920733,1.09720338357823,NA,0.233983762913563
"spherical","16754.png",16754,0.235308892995417,0.276201682690176,1.12825578595809,NA,0.233955030762823
"spherical","16757.png",16757,0.235187394892713,0.276157176438052,1.10877905277318,NA,0.23427996383253
"spherical","16760.png",16760,0.234333148649188,0.275322212848509,1.11872914927447,NA,0.233023391150625
"spherical","16763.png",16763,0.235966809718284,0.276843540410569,1.12115303608727,NA,0.235818375136124
"spherical","16766.png",16766,0.234762086697511,0.275713644035851,1.10830922888068,NA,0.236196698435856
"spherical","16770.png",16770,0.235520282948536,0.276411002474181,1.11207449135983,NA,0.237369606471714
"spherical","16773.png",16773,0.233915514673727,0.275090626333135,1.11929526523383,NA,0.23653042742088
"spherical","16776.png",16776,0.23364775788351,0.274938900374068,1.10595254182886,NA,0.235814804179465
"spherical","16779.png",16779,0.23535283263678,0.276394668734475,1.10639228202457,NA,0.237153478894987
"spherical","16782.png",16782,0.235321077966004,0.276153526755878,1.11810092083742,NA,0.234960798461073
"spherical","16786.png",16786,0.234857334402471,0.276003016852723,1.10224565289718,NA,0.233023008609705
"spherical","16789.png",16789,0.235969014826292,0.276913414511779,1.12838135673923,NA,0.234315270848658
"spherical","16792.png",16792,0.235734233018332,0.276757531808948,1.10927758968674,NA,0.234344090864152
"spherical","16795.png",16795,0.235854343735804,0.276805612735497,1.13061808916073,NA,0.234718331649279
"spherical","16798.png",16798,0.236127995332202,0.277006571988167,1.10119045884768,NA,0.237543912429898
"spherical","16802.png",16802,0.235310622279441,0.276214601236765,1.09973942695773,NA,0.236892599465488
"spherical","16805.png",16805,0.235606526969656,0.276382497157557,1.09945175407198,NA,0.237345256541429
"spherical","16808.png",16808,0.234110835460993,0.275173063076059,1.10527337587972,NA,0.236763665771784
"spherical","16811.png",16811,0.233469506623849,0.274570337843115,1.11923448447714,NA,0.235841932310039
"spherical","16814.png",16814,0.234660028013054,0.275713141856897,1.10230860192544,NA,0.236680309415346
"spherical","16818.png",16818,0.234552839973207,0.275520484582022,1.09388363148973,NA,0.233543037849134
"spherical","16821.png",16821,0.235746947090279,0.276759820575522,1.0837378208343,NA,0.234722203538543
"spherical","16824.png",16824,0.233539005306002,0.274575673164594,1.12040401262338,NA,0.230962566786803
"spherical","16827.png",16827,0.234876360918909,0.27587708894551,1.11928336591025,NA,0.233240123574921
"spherical","16830.png",16830,0.234676074346059,0.275830756811924,1.10920941971522,NA,0.233123593605579
"spherical","16834.png",16834,0.234758195496815,0.275788271072532,1.11410583156793,NA,0.233423822021683
"spherical","16837.png",16837,0.234087272526985,0.275212063482257,1.12770013320374,NA,0.232694857203308
"spherical","16840.png",16840,0.235545706656685,0.276519367317599,1.12011858536613,NA,0.234828723374223
"spherical","16843.png",16843,0.235728039968584,0.276588262594098,1.12601202792699,NA,0.23554169507782
"spherical","16846.png",16846,0.234975720266906,0.275914482088997,1.0975777216252,NA,0.235329152257973
"spherical","16850.png",16850,0.235024467011441,0.275976673879978,1.10038944440212,NA,0.236239885553805
"spherical","16853.png",16853,0.233781310623537,0.274648567859884,1.11714134805086,NA,0.234904078997622
"spherical","16856.png",16856,0.233598839294889,0.274824338180455,1.10525850344355,NA,0.235852928816831
"spherical","16859.png",16859,0.234366295288189,0.275514644147712,1.11835422367556,NA,0.236943927330322
"spherical","16862.png",16862,0.235823772120105,0.276643792467189,1.09099738668646,NA,0.237516333870936
"spherical","16866.png",16866,0.235964969844396,0.276778245008331,1.10709653218518,NA,0.236234806679541
"spherical","16869.png",16869,0.235420350974553,0.276340032056862,1.09067419331487,NA,0.23518983905758
"spherical","16872.png",16872,0.235488500844178,0.276296642064522,1.0976141216729,NA,0.235355450679969
"spherical","16875.png",16875,0.235871360145758,0.276808570786949,1.08592487727206,NA,0.235765818645994
"spherical","16878.png",16878,0.235601425201981,0.27641787522433,1.09306330815412,NA,0.235822729879316
"spherical","16882.png",16882,0.234418002743805,0.275474663824358,1.10419752613309,NA,0.23287270670305
"spherical","16885.png",16885,0.234385215695487,0.275485904680002,1.09908261181393,NA,0.2322199418686
"spherical","16888.png",16888,0.23656920708217,0.277511091100652,1.1278207808297,NA,0.235938641430609
"spherical","16891.png",16891,0.236424382802763,0.277311018778496,1.11770851297783,NA,0.237047991458099
"spherical","16894.png",16894,0.236335941022788,0.277294710476196,1.09838659660369,NA,0.237366014546222
"spherical","16898.png",16898,0.233961740440772,0.274855757508835,1.11309688309072,NA,0.235079113957703
"spherical","16901.png",16901,0.235395133337741,0.276304533400521,1.1007913472441,NA,0.237875748009321
"spherical","16904.png",16904,0.234623243539648,0.275695226742699,1.1141428242476,NA,0.237743232645702
"spherical","16907.png",16907,0.234823580080684,0.275956908314854,1.11709077684638,NA,0.238334652480862
"spherical","16910.png",16910,0.235519891454253,0.276499807464141,1.10523635167046,NA,0.238761125091528
"spherical","16914.png",16914,0.234767238550734,0.275893886440271,1.11069577696244,NA,0.238133233790896
"spherical","16917.png",16917,0.235811084000485,0.276769123892808,1.0909280739976,NA,0.238676687140635
"spherical","16920.png",16920,0.236106000022239,0.276943134419433,1.09988914945433,NA,0.238592350111336
"spherical","16923.png",16923,0.235702373112872,0.276629778415864,1.0926402752748,NA,0.237632232474278
"spherical","16926.png",16926,0.236065587104092,0.276926792041351,1.10582089425701,NA,0.237204601623115
"spherical","16930.png",16930,0.233918887210245,0.27484718077785,1.09154046496448,NA,0.233011728607993
"spherical","16933.png",16933,0.235280192344971,0.276211998645796,1.11312508232007,NA,0.234146685799194
"spherical","16936.png",16936,0.235476080871174,0.276500854157488,1.11147658622101,NA,0.234494556370926
"spherical","16939.png",16939,0.23495378463063,0.276043069144971,1.11263362893762,NA,0.23377491328655
"spherical","16942.png",16942,0.235146196581828,0.276088300897239,1.11327383644766,NA,0.234562586673282
"spherical","16946.png",16946,0.234019240530514,0.275055086357823,1.09933602466802,NA,0.232991618165668
"spherical","16949.png",16949,0.233738425793288,0.27483365285205,1.11516960994943,NA,0.231950172311095
"spherical","16952.png",16952,0.234520138344566,0.27554755658599,1.11181980495266,NA,0.233683415713005
"spherical","16955.png",16955,0.235455334450952,0.276333889992087,1.12042631716969,NA,0.235189810029499
"spherical","16958.png",16958,0.234947487986922,0.276090928202258,1.12882109238245,NA,0.233838695882042
"spherical","16962.png",16962,0.233795665941039,0.274881082259341,1.11288015199826,NA,0.232852804188541
"spherical","16965.png",16965,0.234668943174661,0.275666440502704,1.11222554911991,NA,0.23397786050402
"spherical","16968.png",16968,0.236076595749347,0.27695311825355,1.11065177216332,NA,0.236680732360878
"spherical","16971.png",16971,0.234690375872962,0.275600166837667,1.11793738086601,NA,0.234708751671562
"spherical","16974.png",16974,0.236042468915793,0.276959571185873,1.12623575671581,NA,0.23703782232154
"spherical","16978.png",16978,0.234265870972162,0.275237298308362,1.11838138773821,NA,0.235694224063825
"spherical","16981.png",16981,0.234984102102113,0.275843282174112,1.10046426704441,NA,0.237304185580069
"spherical","16984.png",16984,0.233112279355181,0.27411127094912,1.11075967710448,NA,0.236251346756615
"spherical","16987.png",16987,0.233565775265797,0.274645935530772,1.10968080126678,NA,0.236659524454567
"spherical","16990.png",16990,0.236467135140099,0.27731279974786,1.11039653982271,NA,0.238219257327836
"spherical","16994.png",16994,0.23485934993209,0.275810029408402,1.11655235908583,NA,0.236302225283255
"spherical","16997.png",16997,0.233606115260508,0.274355481367596,1.10899056718683,NA,0.235491647612879
"spherical","17000.png",17000,0.235730874041935,0.276527957496061,1.10719154357865,NA,0.238191250283278
"spherical","17003.png",17003,0.235083459954684,0.276067808148718,1.1072652051789,NA,0.236503998900326
"spherical","17006.png",17006,0.236033075339636,0.276987078078534,1.10710823622853,NA,0.238212916899618
"spherical","17010.png",17010,0.235581689307353,0.276442531702565,1.11895505823807,NA,0.235379039579113
"spherical","17013.png",17013,0.234582125621469,0.27533720440111,1.10280218295943,NA,0.234770699373053
"spherical","17016.png",17016,0.234221470938412,0.27510111487168,1.10579679000995,NA,0.236296412896347
"spherical","17019.png",17019,0.234829293492363,0.275720990718018,1.11957059662846,NA,0.235552130891966
"spherical","17022.png",17022,0.235996544090334,0.276779554438307,1.11382979530824,NA,0.236768882705917
"spherical","17026.png",17026,0.235609756849964,0.276567875674191,1.1115542913705,NA,0.237180292815112
"spherical","17029.png",17029,0.235219992674997,0.276062542932972,1.11797234831074,NA,0.237045787840954
"spherical","17032.png",17032,0.234050931411406,0.274883564361063,1.10256192158269,NA,0.23543888871459
"spherical","17035.png",17035,0.235525848842548,0.276410874309274,1.12074513811227,NA,0.237591180101958
"spherical","17038.png",17038,0.235109317162059,0.276073474254864,1.10590357073528,NA,0.236710473794619
"spherical","17042.png",17042,0.23449703878057,0.275453311320917,1.10851954190653,NA,0.235836673353731
"spherical","17045.png",17045,0.234781165819189,0.27564963037727,1.10339496554134,NA,0.236518295120827
"spherical","17048.png",17048,0.235429244472999,0.276346054386279,1.10327456464679,NA,0.237099593065639
"spherical","17051.png",17051,0.234734538021567,0.275657806584957,1.1115556111923,NA,0.236118843375181
"spherical","17054.png",17054,0.236494784813383,0.277317336942216,1.10125982939516,NA,0.238687702854966
"spherical","17058.png",17058,0.23648791483943,0.277344596080433,1.09468733656511,NA,0.238332391410175
"spherical","17061.png",17061,0.234339469539401,0.275125330485007,1.11686868590883,NA,0.236559869485009
"spherical","17064.png",17064,0.233745992170768,0.274789188398344,1.11245729215058,NA,0.236616291066259
"spherical","17067.png",17067,0.232736156015384,0.273663541860516,1.11293584631813,NA,0.234774213204109
"spherical","17070.png",17070,0.236452617382247,0.277318885671582,1.11133351835285,NA,0.238592252632863
"spherical","17074.png",17074,0.236284021579462,0.277155508186582,1.12133910915088,NA,0.2384282531154
"spherical","17077.png",17077,0.234947864579324,0.275809834202806,1.12209680028781,NA,0.236667216473649
"spherical","17080.png",17080,0.235539906095699,0.276410075509256,1.12751166878195,NA,0.236136047078405
"spherical","17083.png",17083,0.23402652921596,0.27487548281566,1.11118103987719,NA,0.23362156999383
"spherical","17086.png",17086,0.233715201479979,0.274674229982276,1.11542847017036,NA,0.234179111700588
"spherical","17090.png",17090,0.23508094756425,0.275981443223987,1.10369900636588,NA,0.235878657675507
"spherical","17093.png",17093,0.234224510993267,0.27507823144205,1.1266246880509,NA,0.233790133078785
"spherical","17096.png",17096,0.234145343682091,0.27524438936749,1.10726946762408,NA,0.233565034686882
"spherical","17099.png",17099,0.235905602943525,0.276738168082991,1.13217828223487,NA,0.236478151815451
"spherical","17102.png",17102,0.234308179596949,0.275170783722364,1.12917911415873,NA,0.234137865638703
"spherical","17106.png",17106,0.234408435797598,0.27526104085292,1.12540931911986,NA,0.234902209698098
"spherical","17109.png",17109,0.23537424819673,0.27613198291809,1.11409025890148,NA,0.236472263206236
"spherical","17112.png",17112,0.235557550216465,0.27636316813956,1.12417552049024,NA,0.236294667341411
"spherical","17115.png",17115,0.234472193833586,0.275403795884453,1.12542451646469,NA,0.23420980220516
"spherical","17118.png",17118,0.233183308156936,0.274248457688287,1.10917086565086,NA,0.231886391067944
"spherical","17122.png",17122,0.233539219279843,0.274435526519278,1.097057251773,NA,0.233556453907279
"spherical","17125.png",17125,0.234634705800267,0.275444375203622,1.09557738873732,NA,0.235339232477047
"spherical","17128.png",17128,0.234729306446568,0.275697469017582,1.09624684212565,NA,0.234299622731953
"spherical","17131.png",17131,0.234684433083286,0.275747960553346,1.10313783523398,NA,0.234139919509789
"spherical","17134.png",17134,0.235491707816263,0.276511060970401,1.10902311228425,NA,0.23526982372348
"spherical","17138.png",17138,0.234313404103652,0.275390081624283,1.10495080026787,NA,0.233269614076207
"spherical","17141.png",17141,0.235293792094486,0.276346274720433,1.10797947774296,NA,0.235233926475279
"spherical","17144.png",17144,0.23418053004988,0.275184746537329,1.08405091405203,NA,0.234354000072496
"spherical","17147.png",17147,0.234448876581557,0.275242287608561,1.10018195274631,NA,0.235478544372228
"spherical","17150.png",17150,0.234794716444275,0.275647544529327,1.09193395321195,NA,0.234626213424118
"spherical","17154.png",17154,0.236945988308052,0.277835497689126,1.09176983922856,NA,0.240307905720222
"spherical","17157.png",17157,0.233774475974662,0.274825808790787,1.10847377436249,NA,0.236435044100536
"spherical","17160.png",17160,0.235432724926339,0.276412675372754,1.10594337832713,NA,0.23845036347485
"spherical","17163.png",17163,0.234894728150441,0.276020105494403,1.10254296021507,NA,0.238078678289572
"spherical","17166.png",17166,0.233789051261986,0.274992098638009,1.10957587769752,NA,0.236977825699223
"spherical","17170.png",17170,0.234667105989484,0.275631919344894,1.10852069589193,NA,0.238407449714427
"spherical","17173.png",17173,0.236024911442574,0.277021275112921,1.12196799973554,NA,0.239815373164432
"spherical","17176.png",17176,0.23585759863365,0.276739524543725,1.10021302504536,NA,0.238553990176001
"spherical","17179.png",17179,0.235366478769222,0.276217082193664,1.10719077943078,NA,0.238259288760578
"spherical","17182.png",17182,0.235818479833104,0.276596874191505,1.10087269206969,NA,0.238390398538616
"spherical","17186.png",17186,0.234669068573521,0.275412035238989,1.09804609596886,NA,0.236277182240646
"spherical","17189.png",17189,0.234914560538353,0.27580486674753,1.09999523860519,NA,0.23675347642969
"spherical","17192.png",17192,0.234456281046743,0.275301536190742,1.10374512880634,NA,0.235073553047787
"spherical","17195.png",17195,0.235937750305938,0.276660715049735,1.12690300269122,NA,0.237553467949955
"spherical","17198.png",17198,0.236080732701279,0.276851154784094,1.12064050097526,NA,0.237173671938338
"spherical","17202.png",17202,0.234980258049432,0.275664980170003,1.13496002530404,NA,0.235659651059269
"spherical","17205.png",17205,0.233177144744829,0.274283389058024,1.11832061565123,NA,0.232183429357585
"spherical","17208.png",17208,0.233676020313094,0.27479327088064,1.10649393229293,NA,0.233093952295382
"spherical","17211.png",17211,0.233693638464972,0.274868135008747,1.10428239550507,NA,0.232963309550621
"spherical","17214.png",17214,0.235368770386393,0.276271564351984,1.08840400115752,NA,0.236536782901129
"spherical","17218.png",17218,0.235269852719086,0.276181008559683,1.09183976879503,NA,0.236124512397044
"spherical","17221.png",17221,0.234579901906545,0.275460226481432,1.09913638173473,NA,0.236928117841181
"spherical","17224.png",17224,0.235245198987839,0.276439759664201,1.09984352612364,NA,0.23866010830529
"spherical","17227.png",17227,0.235125112778973,0.276262822381207,1.09920880858457,NA,0.23828831381872
"spherical","17230.png",17230,0.234804302050804,0.27561416272672,1.09901083859708,NA,0.236792589861309
"spherical","17234.png",17234,0.235342594739182,0.276428882372934,1.11139653042648,NA,0.239220840971127
"spherical","17237.png",17237,0.234356353681302,0.27508861361104,1.1211787537705,NA,0.236942864171821
"spherical","17240.png",17240,0.236124213753165,0.277032601739316,1.10819601369643,NA,0.238972755126179
"spherical","17243.png",17243,0.235110272217771,0.276095414143766,1.1162105582956,NA,0.23752294350901
"spherical","17246.png",17246,0.236533343246848,0.277357721518331,1.10851339179876,NA,0.237641016996981
"spherical","17250.png",17250,0.23471396478447,0.275515657235736,1.11940173952027,NA,0.234450977957319
"spherical","17253.png",17253,0.234645626092764,0.275626167939696,1.11592745981523,NA,0.234365932469435
"spherical","17256.png",17256,0.233137286416253,0.274252142537775,1.10195815206021,NA,0.232373436076023
"spherical","17259.png",17259,0.234276202366763,0.27529478000091,1.09698070498352,NA,0.234162457204942
"spherical","17262.png",17262,0.234935519270948,0.275987664257104,1.11100240077464,NA,0.234921727512875
"spherical","17266.png",17266,0.234990290503754,0.275947650135759,1.0914230574889,NA,0.23600530347509
"spherical","17269.png",17269,0.234057878153851,0.275218976137234,1.11690972073106,NA,0.237629153653663
"spherical","17272.png",17272,0.2364052187064,0.277232137950024,1.11221397053087,NA,0.240734209217562
"spherical","17275.png",17275,0.235514681365755,0.276199715751321,1.10767704327889,NA,0.238055402545822
"spherical","17278.png",17278,0.235341030508383,0.276149040285066,1.12817786054129,NA,0.237176361744596
"spherical","17282.png",17282,0.235267552160923,0.276131072661916,1.10651220806448,NA,0.236706644508628
"spherical","17285.png",17285,0.235811801316511,0.276734176955356,1.12714721401665,NA,0.236795523019531
"spherical","17288.png",17288,0.235700173354946,0.276555494886192,1.12930206238032,NA,0.236069702579309
"spherical","17291.png",17291,0.234806854418602,0.275940263032629,1.1154823812423,NA,0.234706272543457
"spherical","17294.png",17294,0.234055296244495,0.275191003003592,1.10757022256727,NA,0.23351879521854
"spherical","17298.png",17298,0.234609727922798,0.275664406208798,1.09788792363415,NA,0.234598884126932
"spherical","17301.png",17301,0.234615795180311,0.275390694063962,1.08674494955096,NA,0.236211168383903
"spherical","17304.png",17304,0.234903718410338,0.275827081277026,1.09327283563659,NA,0.237660183785394
"spherical","17307.png",17307,0.235141572545521,0.27615282132525,1.09539033690152,NA,0.238025934614597
"spherical","17310.png",17310,0.234429175671325,0.275496707161806,1.10667765375437,NA,0.238499582926351
"spherical","17314.png",17314,0.236045683882344,0.276907317888439,1.10293237199679,NA,0.238705124915814
"spherical","17317.png",17317,0.236228684046719,0.277005643187974,1.10499200838427,NA,0.238239304982926
"spherical","17320.png",17320,0.236285400762191,0.277190969475383,1.10375333536491,NA,0.238294920012747
"spherical","17323.png",17323,0.236462892414433,0.277335143441497,1.11202221640105,NA,0.2374263411175
"spherical","17326.png",17326,0.234099972403846,0.275105106982242,1.11888430476079,NA,0.233484602517096
"spherical","17330.png",17330,0.234233132335001,0.27550055087203,1.11501689131506,NA,0.233431865188198
"spherical","17333.png",17333,0.234223742397644,0.275380125257211,1.10418130708169,NA,0.233815229904091
"spherical","17336.png",17336,0.234786563578657,0.275738067094284,1.10339548887963,NA,0.235891529955089
"spherical","17339.png",17339,0.233989957654286,0.275124049359475,1.10031363056743,NA,0.237059005598164
"spherical","17342.png",17342,0.234795430797947,0.27585282785344,1.11818886065994,NA,0.238612607256936
"spherical","17346.png",17346,0.236710304814384,0.277549289628772,1.11268294407024,NA,0.2396135230664
"spherical","17349.png",17349,0.235951979133646,0.276799409185361,1.11038412631163,NA,0.237066545644859
"spherical","17352.png",17352,0.234377601624344,0.275161176320853,1.12674559988672,NA,0.235152467216275
"spherical","17355.png",17355,0.235864674862215,0.276617111586491,1.12337164479871,NA,0.236908092220887
"spherical","17358.png",17358,0.233971327995344,0.275093814920298,1.11462024671887,NA,0.233168907241576
"spherical","17362.png",17362,0.234062039130542,0.27503369645198,1.08745186622991,NA,0.23413404805254
"spherical","17365.png",17365,0.234419340561766,0.275432853964409,1.09307852137524,NA,0.236863809562456
"spherical","17368.png",17368,0.233604347520657,0.274679804750432,1.11170616903942,NA,0.236531697965774
"spherical","17371.png",17371,0.234212053170899,0.275278451501096,1.1070815204089,NA,0.237682281458871
"spherical","17374.png",17374,0.235095798281498,0.276136007264269,1.10609318788553,NA,0.239028824248669
"spherical","17378.png",17378,0.235407694286308,0.276258366948906,1.10365066656642,NA,0.2381459057265
"spherical","17381.png",17381,0.235583215603589,0.276464038789661,1.08827578879416,NA,0.237802840440749
"spherical","17384.png",17384,0.237470813401929,0.278159674382285,1.12063472066932,NA,0.238700676986813
"spherical","17387.png",17387,0.23586808164101,0.276658761528891,1.12393923075332,NA,0.236730516505689
"spherical","17390.png",17390,0.233896437524768,0.274950380467336,1.10820596389378,NA,0.233646469227117
"spherical","17394.png",17394,0.234012030729171,0.275017587884781,1.08303340238529,NA,0.234205530800167
"spherical","17397.png",17397,0.235258286267845,0.276112805522235,1.08576759312791,NA,0.23675518978969
"spherical","17400.png",17400,0.234399430080161,0.275422959374259,1.10221217918675,NA,0.237530810365533
"spherical","17403.png",17403,0.235402761453443,0.27638539484806,1.10659688518886,NA,0.23951353071784
"spherical","17406.png",17406,0.23531427627944,0.276246799605445,1.10641454745423,NA,0.238749419123065
"spherical","17410.png",17410,0.236259000031074,0.277057327721386,1.11116009335172,NA,0.238650649245423
"spherical","17413.png",17413,0.237149373995777,0.277939199642509,1.11751457191663,NA,0.23810559965404
"spherical","17416.png",17416,0.234634161615249,0.275652505419642,1.12197782771407,NA,0.234214024394319
"spherical","17419.png",17419,0.235167950362102,0.276190273180836,1.09127555551681,NA,0.234738497820873
"spherical","17422.png",17422,0.23435229279787,0.275283766805168,1.1041633370392,NA,0.23642582025181
"spherical","17426.png",17426,0.233793927861114,0.274788390432125,1.10444832889354,NA,0.23734836622551
"spherical","17429.png",17429,0.234670688817722,0.275622516609079,1.10346976643633,NA,0.237813186285619
"spherical","17432.png",17432,0.236207759761066,0.276919370513926,1.11176884044756,NA,0.238045360877199
"spherical","17435.png",17435,0.236543597609201,0.277433827919687,1.11131389075322,NA,0.237098690517809
"spherical","17438.png",17438,0.236192277609967,0.277046233903111,1.1345443387296,NA,0.236945089236792
"spherical","17442.png",17442,0.234402489696416,0.275572367885031,1.11253137098725,NA,0.233892135167766
"spherical","17445.png",17445,0.233671999842444,0.274726732609206,1.10939697683937,NA,0.233471202863639
"spherical","17448.png",17448,0.23582402025034,0.276629329267329,1.09627187059843,NA,0.238603831069223
"spherical","17451.png",17451,0.234169122323062,0.275398025868663,1.10793777076764,NA,0.238098883257802
"spherical","17454.png",17454,0.235917831636053,0.276781980870993,1.10398156401723,NA,0.238988872941186
"spherical","17458.png",17458,0.235798647122404,0.276634056756792,1.12788216901437,NA,0.23653059555097
"spherical","17461.png",17461,0.234388238554184,0.275546416888289,1.11613446264657,NA,0.234077724956266
"spherical","17464.png",17464,0.233573754426522,0.274722657496749,1.10604428762646,NA,0.232768703705111
"spherical","17467.png",17467,0.234751372435001,0.275695936568127,1.11142646801433,NA,0.235458979135048
"spherical","17470.png",17470,0.234308811324713,0.275179319433823,1.10490193522121,NA,0.236422132167875
"spherical","17474.png",17474,0.23386076814112,0.274914161466501,1.10101865506136,NA,0.237539398014896
"spherical","17477.png",17477,0.23469043318556,0.275795316554972,1.10324696006436,NA,0.238514633096907
"spherical","17480.png",17480,0.23563148681082,0.276695414082619,1.09965776192883,NA,0.2393474462262
"spherical","17483.png",17483,0.236721102848313,0.277541797357533,1.12749596562442,NA,0.237901977337994
"spherical","17486.png",17486,0.235152221735546,0.276150490127678,1.14281482197127,NA,0.235031572581321
"spherical","17490.png",17490,0.233621660632767,0.274699304738709,1.10534747516871,NA,0.232878668538056
"spherical","17493.png",17493,0.235509331972347,0.276404122101219,1.09574996444569,NA,0.237785032471151
"spherical","17496.png",17496,0.234970356933922,0.2759596772726,1.09849301997601,NA,0.239548411038342
"spherical","17499.png",17499,0.233651752644376,0.274743989478061,1.11296973583682,NA,0.237375376944451
"spherical","17502.png",17502,0.236217283252369,0.277102423529419,1.1136904651731,NA,0.237864061305158
"spherical","17506.png",17506,0.235943789315177,0.276808922827106,1.1167276436971,NA,0.236528421763368
"spherical","17509.png",17509,0.234011151905501,0.275120389028967,1.11919206499087,NA,0.233607840547223
"spherical","17512.png",17512,0.234123972131585,0.275115357344537,1.08774765297566,NA,0.235093719288236
"spherical","17515.png",17515,0.236208765041725,0.277001254659065,1.09462245712366,NA,0.238919004962072
"spherical","17518.png",17518,0.234392169100052,0.275464718346238,1.10879457767879,NA,0.238674387740967
"spherical","17522.png",17522,0.236716718723506,0.277450047503131,1.11800751024371,NA,0.239068150153466
"spherical","17525.png",17525,0.234988833225689,0.275839595697836,1.10805341737681,NA,0.234960548181178
"spherical","17528.png",17528,0.234773714406429,0.275760726743911,1.12219796231053,NA,0.234757272668182
"spherical","17531.png",17531,0.232405877781782,0.273555485829938,1.08494856778859,NA,0.23128486720241
"spherical","17534.png",17534,0.234969728108352,0.275848431768582,1.09720281735619,NA,0.235851016657109
"spherical","17538.png",17538,0.234155624789169,0.275408548833593,1.09933285478888,NA,0.237693859272566
"spherical","17541.png",17541,0.23385358960904,0.274916265071522,1.09605030280898,NA,0.237494645121351
"spherical","17544.png",17544,0.235912446462057,0.276841361065005,1.10026357891909,NA,0.239273857745207
"spherical","17547.png",17547,0.236415698822794,0.277208486855589,1.11176755693224,NA,0.237280376470032
"spherical","17550.png",17550,0.233764072888528,0.274849900933174,1.11151328819995,NA,0.233765105476241
"spherical","17554.png",17554,0.235533461051244,0.276473351492494,1.09325363981571,NA,0.238753572400901
"spherical","17557.png",17557,0.234721484562227,0.275800947803605,1.10792405895745,NA,0.238745213870301
"spherical","17560.png",17560,0.235529552146271,0.27651820998134,1.10322841754239,NA,0.238020978230965
"spherical","17563.png",17563,0.235900581228019,0.276745682401377,1.12465740312173,NA,0.237229056348376
"spherical","17566.png",17566,0.236547904530723,0.277415334757341,1.13523401162077,NA,0.238312942359678
"spherical","17570.png",17570,0.233145902855558,0.274220174007635,1.10175838878688,NA,0.232525429336976
"spherical","17573.png",17573,0.235022277529594,0.275947837531897,1.08721569544654,NA,0.235316988825228
"spherical","17576.png",17576,0.234224473668877,0.275027056601639,1.09883805713745,NA,0.236002937749877
"spherical","17579.png",17579,0.233729605380913,0.274845857162484,1.10278754694774,NA,0.23809914984573
"spherical","17582.png",17582,0.2362722422214,0.277117590730922,1.11054147561373,NA,0.238722472090939
"spherical","17586.png",17586,0.234231107551455,0.275371160816955,1.11382643472307,NA,0.233694611214917
"spherical","17589.png",17589,0.234118220600703,0.27520865880882,1.11091372513187,NA,0.234012810045765
"spherical","17592.png",17592,0.234333619525603,0.27531948080138,1.0942056646087,NA,0.23478530048746
"spherical","17595.png",17595,0.234883036418212,0.275910573357588,1.09796293877131,NA,0.237881459795851
"spherical","17598.png",17598,0.234419435107651,0.27555095376488,1.1127996799823,NA,0.238452331597092
"spherical","17602.png",17602,0.236654186512146,0.277459271317372,1.1112476765874,NA,0.240293647700893
"spherical","17605.png",17605,0.236892274742112,0.277707960394292,1.12896830998446,NA,0.23775263547919
"spherical","17608.png",17608,0.233758916335673,0.274824552204111,1.11866385428829,NA,0.233431442007219
"spherical","17611.png",17611,0.233981004533136,0.275051678324117,1.09402816642744,NA,0.236995877368569
"spherical","17614.png",17614,0.235041825461299,0.276209319981696,1.11424942374461,NA,0.239347179707874
"spherical","17618.png",17618,0.235472530359507,0.276352763321906,1.10447046500789,NA,0.238721930199808
"spherical","17621.png",17621,0.236423101024357,0.27732356174653,1.10549003489157,NA,0.239300490671694
"spherical","17624.png",17624,0.23567502085794,0.276660716818081,1.1284412596024,NA,0.236007879431068
"spherical","17627.png",17627,0.233860032176112,0.274811104089373,1.10321270672003,NA,0.233585389290382
"spherical","17630.png",17630,0.235819009936167,0.276646781020824,1.09614529472336,NA,0.238418167657645
"spherical","17634.png",17634,0.234000747033578,0.275016308519971,1.10766264266767,NA,0.238472841789474
"spherical","17637.png",17637,0.235774978099724,0.276634605642261,1.11668719376752,NA,0.23969959496611
"spherical","17640.png",17640,0.237379734496285,0.278160307198721,1.12741566748345,NA,0.24032983610909
"spherical","17643.png",17643,0.235895593390264,0.276734304491498,1.11276307021921,NA,0.237289783574599
"spherical","17646.png",17646,0.234320341930175,0.275516094209593,1.12377521682597,NA,0.234195898620168
"spherical","17650.png",17650,0.235635591810447,0.276596497527803,1.08675184328834,NA,0.23688679273328
"spherical","17653.png",17653,0.233874633582222,0.275076058642583,1.09941157226033,NA,0.237935821193895
"spherical","17656.png",17656,0.235383500657605,0.276417759243728,1.10272689350988,NA,0.239364314203202
"spherical","17659.png",17659,0.236644014003935,0.277570777962795,1.11532403388956,NA,0.23901901846062
"spherical","17662.png",17662,0.235028220760581,0.276050952570652,1.10898203437307,NA,0.235196224342072
"spherical","17666.png",17666,0.235143289112567,0.276119062407741,1.09909881699027,NA,0.236589977880884
"spherical","17669.png",17669,0.234306194231116,0.27543880765058,1.09933766678757,NA,0.239022669652335
"spherical","17672.png",17672,0.234057131095192,0.275199563620956,1.11229362052513,NA,0.23808432067368
"spherical","17675.png",17675,0.236027394114566,0.276920261389042,1.12123845681598,NA,0.23728536524925
"spherical","17678.png",17678,0.23551571920399,0.276576531797739,1.10695204422722,NA,0.23613003975705
"spherical","17682.png",17682,0.234542174741886,0.275473478168264,1.09356949631366,NA,0.236079988152679
"spherical","17685.png",17685,0.235926445588182,0.276822896049351,1.10264448629199,NA,0.239781881860067
"spherical","17688.png",17688,0.234622143302745,0.275690618764714,1.10502756335788,NA,0.239382579089214
"spherical","17691.png",17691,0.235693587112555,0.276617579650537,1.10915248464133,NA,0.239160557705201
"spherical","17694.png",17694,0.237005375804871,0.277856622160286,1.12603866918084,NA,0.238668984951219
"spherical","17698.png",17698,0.234509717315957,0.275494971340696,1.09034256111578,NA,0.235742728414157
"spherical","17701.png",17701,0.233822533213264,0.27494855793253,1.11468389557728,NA,0.238382997333986
"spherical","17704.png",17704,0.235279705226544,0.276256306419697,1.1062996150644,NA,0.238994662537735
"spherical","17707.png",17707,0.236502222809264,0.277322950349547,1.12522766554251,NA,0.238348101000297
"spherical","17710.png",17710,0.235592307991881,0.276427641315952,1.12867243483174,NA,0.237345925397828
"spherical","17714.png",17714,0.234177307586292,0.275303119070421,1.0974399420187,NA,0.234234727367316
"spherical","17717.png",17717,0.234138545034233,0.275062937966057,1.0956974229261,NA,0.234852835654271
"spherical","17720.png",17720,0.233941869519005,0.275122291010122,1.10156205149046,NA,0.238328537553606
"spherical","17723.png",17723,0.234776884711025,0.275900062720428,1.10811273816225,NA,0.23936853205323
"spherical","17726.png",17726,0.237230896649007,0.278111167704184,1.10985597788037,NA,0.240282996554952
"spherical","17730.png",17730,0.234903006920783,0.276055054919148,1.10497574374542,NA,0.235687607978293
"spherical","17733.png",17733,0.235127323499869,0.276036884210167,1.08864236539997,NA,0.238192259421836
"spherical","17736.png",17736,0.233808851286978,0.274970648467192,1.11838379705883,NA,0.238404067600934
"spherical","17739.png",17739,0.236589084814622,0.277455042562196,1.10863414591275,NA,0.24009260381991
"spherical","17742.png",17742,0.235021824651374,0.276112624633729,1.11367135374899,NA,0.235404342313508
"spherical","17746.png",17746,0.235766678238523,0.276739369068819,1.09962694036541,NA,0.239446016240105
"spherical","17749.png",17749,0.233989050855412,0.275186996021742,1.11296115169079,NA,0.238454003757794
"spherical","17752.png",17752,0.235928078194961,0.27691043746654,1.10472081619616,NA,0.240547321256908
"spherical","17755.png",17755,0.237121754942153,0.277937484577323,1.10637998993106,NA,0.240509451949498
"spherical","17758.png",17758,0.234790220608223,0.275948908029165,1.12014867885561,NA,0.23507946654065
"spherical","17762.png",17762,0.235171033637335,0.276187300636513,1.09440920829827,NA,0.237067068782548
"spherical","17765.png",17765,0.235318273102397,0.276255277450669,1.11621062111137,NA,0.240456440076151
"spherical","17768.png",17768,0.237038566063317,0.277806123661845,1.11280870411615,NA,0.240481929538086
"spherical","17771.png",17771,0.235050242589814,0.275910037505599,1.12619979139854,NA,0.236126782368592
"spherical","17774.png",17774,0.233942351075472,0.275137595177909,1.09176512549892,NA,0.234243775218308
"spherical","17778.png",17778,0.235025129022691,0.275943487568793,1.10171055385983,NA,0.23877940064075
"spherical","17781.png",17781,0.234369616494779,0.275467614273388,1.10962925718207,NA,0.239080519252428
"spherical","17784.png",17784,0.235910710073619,0.27695850997117,1.10144441362869,NA,0.240624467614852
"spherical","17787.png",17787,0.236719227456225,0.277536258949694,1.11988091109804,NA,0.239565481414832
"spherical","17790.png",17790,0.235446409340532,0.276359605225453,1.12475943149583,NA,0.23637896758288
"spherical","17794.png",17794,0.235494007169319,0.276396351727757,1.09289398010259,NA,0.238405961818979
"spherical","17797.png",17797,0.233760556372036,0.274852893196445,1.1207439315257,NA,0.238378120148474
"spherical","17800.png",17800,0.236767070478877,0.27757854543374,1.1248857974184,NA,0.239122211131018
"spherical","17803.png",17803,0.233808298595542,0.274926066738558,1.11584404094803,NA,0.23379551366693
"spherical","17806.png",17806,0.235501266232067,0.276374493840921,1.08850232874273,NA,0.238524363760965
"spherical","17810.png",17810,0.23500697538716,0.276017226905154,1.11160817184698,NA,0.239647534250275
"spherical","17813.png",17813,0.235090697935109,0.276159037026997,1.1024031175469,NA,0.239718084520628
"spherical","17816.png",17816,0.236745511465774,0.277590518945621,1.11549250921729,NA,0.240034401817478
"spherical","17819.png",17819,0.236215677891391,0.277209783206545,1.11653796134254,NA,0.237305894008949
"spherical","17822.png",17822,0.235032101196926,0.27589200581638,1.09040620952495,NA,0.236656504445599
"spherical","17826.png",17826,0.234492676715216,0.275554536773947,1.10294817934567,NA,0.239546821148837
"spherical","17829.png",17829,0.236669335499912,0.27747220489128,1.10571587608824,NA,0.239659400437715
"spherical","17832.png",17832,0.234283682452964,0.2754426658852,1.11462208713765,NA,0.234376762053091
"spherical","17835.png",17835,0.235161486636711,0.27597197614774,1.10520782595913,NA,0.23843094972543
"spherical","17838.png",17838,0.235101776788545,0.276164206750325,1.10595449444554,NA,0.240474635873138
"spherical","17842.png",17842,0.236933769312557,0.277733724152833,1.10452874810842,NA,0.241362130331326
"spherical","17845.png",17845,0.236925038976885,0.277807979056289,1.10813800514084,NA,0.240389049097475
"spherical","17848.png",17848,0.235507877933029,0.276531130707182,1.12018278907848,NA,0.236821736276162
"spherical","17851.png",17851,0.234330283638183,0.275444792583597,1.1130893270958,NA,0.235522871224729
"spherical","17854.png",17854,0.234095222474834,0.275280859071807,1.10370315956043,NA,0.239732470393125
"spherical","17858.png",17858,0.237081607557945,0.277902686945194,1.11710955644223,NA,0.240195765576489
"spherical","17861.png",17861,0.235363439198161,0.276409931028935,1.10865235047769,NA,0.236771070308479
"spherical","17864.png",17864,0.234802719068102,0.275743359319413,1.08406368646018,NA,0.237207717375781
"spherical","17867.png",17867,0.234326439018566,0.27538943033871,1.10958382889289,NA,0.239767158497733
"spherical","17870.png",17870,0.236673405242296,0.277578783588161,1.1136496650338,NA,0.24105487230003
"spherical","17874.png",17874,0.235043416529186,0.276065846442576,1.11838870756801,NA,0.235744900351467
"spherical","17877.png",17877,0.234399215935673,0.275492942155847,1.10599731060132,NA,0.235207473079453
"spherical","17880.png",17880,0.236291157277297,0.277071746825802,1.09660783789541,NA,0.240429766483582
"spherical","17883.png",17883,0.233927249257421,0.275145510940342,1.10400128013443,NA,0.239323617431024
"spherical","17886.png",17886,0.236206589958427,0.277085528423759,1.10198631356567,NA,0.240681275238616
"spherical","17890.png",17890,0.236488962974768,0.277418271432363,1.13070495246791,NA,0.238588754034241
"spherical","17893.png",17893,0.234830919651727,0.275887318149926,1.09630716635819,NA,0.236348612492821
"spherical","17896.png",17896,0.233226369390567,0.27457223923289,1.10826569770054,NA,0.238195986842284
"spherical","17899.png",17899,0.235878226615039,0.276997628339624,1.10449110933643,NA,0.240610980165103
"spherical","17902.png",17902,0.237078673410049,0.277946783019501,1.12443398407313,NA,0.239315031932389
"spherical","17906.png",17906,0.235134078621632,0.276101171076503,1.10026462823461,NA,0.236494781538032
"spherical","17909.png",17909,0.235622655344573,0.276450004736407,1.09714314361184,NA,0.238925736697744
"spherical","17912.png",17912,0.234183085947861,0.275306720184085,1.11114358586021,NA,0.238901630114722
"spherical","17915.png",17915,0.237578072512402,0.278406757062825,1.10602178539399,NA,0.241749786140372
"spherical","17918.png",17918,0.235644602750756,0.276717827232615,1.11748008470612,NA,0.236951968940818
"spherical","17922.png",17922,0.234968507853186,0.275855554573475,1.09690252875745,NA,0.239304270496929
"spherical","17925.png",17925,0.233812567189296,0.274957034247086,1.10742031631891,NA,0.238837999503804
"spherical","17928.png",17928,0.236100633663012,0.277125975453414,1.10498019885428,NA,0.240629697948922
"spherical","17931.png",17931,0.236518919273152,0.277474868111766,1.12515443682036,NA,0.238184018723534
"spherical","17934.png",17934,0.236103006874626,0.277016505796205,1.10459619250765,NA,0.238812024551509
"spherical","17938.png",17938,0.235407963787011,0.276487299305103,1.1074804965588,NA,0.241362893742299
"spherical","17941.png",17941,0.236084913508326,0.277037666087242,1.10383834044389,NA,0.240715023083895
"spherical","17944.png",17944,0.236771066324074,0.277547574862104,1.1387236430246,NA,0.238897788494409
"spherical","17947.png",17947,0.234166898036543,0.275342640959471,1.10714171688766,NA,0.235159733019102
"spherical","17950.png",17950,0.235376460920019,0.276364793220585,1.09251979970385,NA,0.239994514710133
"spherical","17954.png",17954,0.235281801332858,0.276334610357313,1.0997065924079,NA,0.240513781022076
"spherical","17957.png",17957,0.236541658748791,0.277352104673144,1.1263552633909,NA,0.240331538456712
"spherical","17960.png",17960,0.234669375721263,0.27572243751125,1.12169954987286,NA,0.235720256990969
"spherical","17963.png",17963,0.235816891813338,0.276712386232476,1.09848382832817,NA,0.239369875761329
"spherical","17966.png",17966,0.234671710940799,0.275713863936817,1.11203651409983,NA,0.240151053176884
"spherical","17970.png",17970,0.236655505749153,0.277480682583845,1.12280373564646,NA,0.239166260437945
"spherical","17973.png",17973,0.23511930862033,0.276279789076651,1.12573791895128,NA,0.236446174753745
"spherical","17976.png",17976,0.234990230137798,0.276006971878024,1.10649728274204,NA,0.236864266663485
"spherical","17979.png",17979,0.234708742400427,0.275903847560242,1.10801183512906,NA,0.240013288575891
"spherical","17982.png",17982,0.236681730831566,0.277646076453095,1.11161668072818,NA,0.241308553926947
"spherical","17986.png",17986,0.234715782496702,0.275853951295427,1.11178843402637,NA,0.236284912785849
"spherical","17989.png",17989,0.234887581600057,0.276011281963752,1.09647505777088,NA,0.240926873404259
"spherical","17992.png",17992,0.236646238155865,0.277519431817547,1.10908886408412,NA,0.242151039125542
"spherical","17995.png",17995,0.236539227998787,0.277434242786243,1.12629975825525,NA,0.239697519817305
"spherical","17998.png",17998,0.234937618091127,0.27605523703441,1.10467276960962,NA,0.236329968517693
"spherical","18002.png",18002,0.235335111205695,0.276373518345959,1.10585929671608,NA,0.24043891545929
"spherical","18005.png",18005,0.235805546705262,0.276782546091055,1.11636521815409,NA,0.240929803598337
"spherical","18008.png",18008,0.235886181041636,0.276818632168127,1.13146638894,NA,0.237709255581114
"spherical","18011.png",18011,0.235733422401189,0.276674524853492,1.09467280581428,NA,0.237619116931359
"spherical","18014.png",18014,0.234288919384202,0.275469675280184,1.09239299009515,NA,0.239769334613611
"spherical","18018.png",18018,0.237255128381294,0.278242773264777,1.13137653163989,NA,0.240654322407159
"spherical","18021.png",18021,0.235057923211215,0.276131416387338,1.094557773304,NA,0.236202433310488
"spherical","18024.png",18024,0.236412127905374,0.27718452953544,1.09875729028093,NA,0.239310320029166
"spherical","18027.png",18027,0.235681184933251,0.276691276358033,1.09800596038705,NA,0.240474250007409
"spherical","18030.png",18030,0.234971795951356,0.276018991224874,1.10911689654384,NA,0.240333921929449
"spherical","18034.png",18034,0.237699783076021,0.278459779114405,1.1227865647936,NA,0.240871472960534
"spherical","18037.png",18037,0.236042304849954,0.277077650389846,1.12562371670511,NA,0.237571451315967
"spherical","18040.png",18040,0.235676539656696,0.276584964393413,1.09405785501005,NA,0.239696564004043
"spherical","18043.png",18043,0.234636360687418,0.27575027021995,1.10073567513729,NA,0.239748816749188
"spherical","18046.png",18046,0.236886344483907,0.277731880423017,1.12445779244501,NA,0.239380856111085
"spherical","18050.png",18050,0.235438576129721,0.27636839058566,1.09576132738404,NA,0.238499454809385
"spherical","18053.png",18053,0.234853963800928,0.275905576640845,1.11155227777599,NA,0.24025428000072
"spherical","18056.png",18056,0.236065074063867,0.277121367545294,1.10698875331792,NA,0.240048707714346
"spherical","18059.png",18059,0.236993966362933,0.277846605286837,1.12721908888173,NA,0.239667909520709
"spherical","18062.png",18062,0.23426710085532,0.275382901442231,1.10637719307387,NA,0.235082395666756
"spherical","18066.png",18066,0.23573976861094,0.276644016999832,1.09680665893581,NA,0.23906259564623
"spherical","18069.png",18069,0.234156755618128,0.27530429054581,1.09526849303023,NA,0.239438243427401
"spherical","18072.png",18072,0.236706161042705,0.277716631908299,1.10830107119515,NA,0.240849592252419
"spherical","18075.png",18075,0.235147133163913,0.276296984105626,1.11197112266699,NA,0.236300655414548
"spherical","18078.png",18078,0.234789133700818,0.275957756118918,1.10465788431453,NA,0.24049985713157
"spherical","18082.png",18082,0.237641230912065,0.278472066849113,1.13337121133403,NA,0.240582705834121
"spherical","18085.png",18085,0.234858518591521,0.275968777473167,1.11931273581587,NA,0.236364381799872
"spherical","18088.png",18088,0.236129651624657,0.277014420756869,1.10003953357133,NA,0.239126132641464
"spherical","18091.png",18091,0.235266115578544,0.276399494455014,1.10128280170785,NA,0.241313616220565
"spherical","18094.png",18094,0.235823476386194,0.276852793177021,1.11260014644352,NA,0.24096651970254
"spherical","18098.png",18098,0.236392345598603,0.27730162419724,1.12574783194863,NA,0.23876411345726
"spherical","18101.png",18101,0.235808879119013,0.276834470220893,1.08971125236153,NA,0.237707559935301
"spherical","18104.png",18104,0.235232326337214,0.276300988290283,1.09796015249829,NA,0.240471095350257
"spherical","18107.png",18107,0.234746038310886,0.275856548008084,1.10516094803028,NA,0.240194888254226
"spherical","18110.png",18110,0.237207053402897,0.278085995412764,1.1277386267034,NA,0.240369034789492
"spherical","18114.png",18114,0.235773288277172,0.276626964772824,1.09189968118703,NA,0.238824671300663
"spherical","18117.png",18117,0.235283679992975,0.276334409489984,1.09848358060263,NA,0.240943258532103
"spherical","18120.png",18120,0.23659592764963,0.277583637271125,1.12248180973668,NA,0.240896710080188
"spherical","18123.png",18123,0.236575654340062,0.27755312947084,1.11433696795281,NA,0.238952381400986
"spherical","18126.png",18126,0.235684899868023,0.276726692343361,1.09666719118565,NA,0.238019944285857
"spherical","18130.png",18130,0.234869651295092,0.275946147576263,1.10914057445192,NA,0.240110121859465
"spherical","18133.png",18133,0.23514221017187,0.276160214224603,1.09558646928872,NA,0.241328569437544
"spherical","18136.png",18136,0.236478680616719,0.277448293605528,1.10809906919147,NA,0.240941167031322
"spherical","18139.png",18139,0.234490257510745,0.275671485598263,1.11734353908944,NA,0.235846179764849
"spherical","18142.png",18142,0.235896442996539,0.276924665842824,1.09770692770681,NA,0.240614915986014
"spherical","18146.png",18146,0.236111743848023,0.277093190461738,1.11363904023425,NA,0.241563676541343
"spherical","18149.png",18149,0.23618076263782,0.277121076562669,1.11948658567208,NA,0.238380635506939
"spherical","18152.png",18152,0.235403078565904,0.276428551575911,1.10009360251587,NA,0.238127108037991
"spherical","18155.png",18155,0.234858338679805,0.276021527398611,1.10568849866996,NA,0.240399428729922
"spherical","18158.png",18158,0.234939707238661,0.276010943932767,1.10203982715957,NA,0.240732595409653
"spherical","18162.png",18162,0.236787117766002,0.277741958009879,1.11315301055066,NA,0.239007238402179
"spherical","18165.png",18165,0.236943263516148,0.277823535884151,1.09904352715205,NA,0.242199981698788
"spherical","18168.png",18168,0.2348402449483,0.275963918547578,1.09933405101383,NA,0.24144635842316
"spherical","18171.png",18171,0.236842764407993,0.277867932265896,1.10552710451223,NA,0.241907262298947
"spherical","18174.png",18174,0.235896993692254,0.276892305833457,1.12569096225882,NA,0.237746949491312
"spherical","18178.png",18178,0.236085629498326,0.277135101778915,1.10330281237592,NA,0.241471774296912
"spherical","18181.png",18181,0.23407948748225,0.275292571420691,1.09878715292829,NA,0.239955430221298
"spherical","18184.png",18184,0.236635785555052,0.277696552505195,1.10247260538466,NA,0.241740638318005
"spherical","18187.png",18187,0.236931001226288,0.277887204485062,1.13620585604495,NA,0.239226103530724
"spherical","18190.png",18190,0.236037789715805,0.276946225286793,1.10041849948282,NA,0.239614686457125
"spherical","18194.png",18194,0.233871898882756,0.275116899932862,1.10739460590306,NA,0.239521899928674
"spherical","18197.png",18197,0.237029744832224,0.278028556875369,1.11554980208002,NA,0.242336225127207
"spherical","18200.png",18200,0.235393303823441,0.276526838174,1.11995914485067,NA,0.237371896949496
"spherical","18203.png",18203,0.235712534580748,0.276682599449311,1.09806668099637,NA,0.238415244929048
"spherical","18206.png",18206,0.235076198161949,0.276237974516419,1.09496473326515,NA,0.240913174900888
"spherical","18210.png",18210,0.237130892720241,0.278031416751704,1.11373540257764,NA,0.24199408468088
"spherical","18213.png",18213,0.235545648987568,0.276550699675832,1.11782128540506,NA,0.238315958666743
"spherical","18216.png",18216,0.236575178465109,0.27750403593239,1.09537379963936,NA,0.242122362113144
"spherical","18219.png",18219,0.234109938448765,0.275352058828908,1.11024441626771,NA,0.240113771084324
"spherical","18222.png",18222,0.237257177515,0.278164608229242,1.10083335366063,NA,0.243330246293598
"spherical","18226.png",18226,0.23633508573404,0.277236240544087,1.11512420366233,NA,0.238923301624026
"spherical","18229.png",18229,0.235907252672954,0.276838611492333,1.08156034434606,NA,0.239375719476197
"spherical","18232.png",18232,0.234155278886894,0.275296589024581,1.10847338004603,NA,0.240813894659615
"spherical","18235.png",18235,0.237517933485898,0.278452004505769,1.12212217919206,NA,0.242539451592777
"spherical","18238.png",18238,0.235168684817644,0.276249995396986,1.11286738414115,NA,0.237741380556841
"spherical","18242.png",18242,0.234950733365237,0.276044760290663,1.09619774507691,NA,0.241136841762828
"spherical","18245.png",18245,0.235966416432647,0.27704608477755,1.09107997657144,NA,0.241607087552822
"spherical","18248.png",18248,0.236119600638915,0.27708262026841,1.1159332778538,NA,0.238911599952199
"spherical","18251.png",18251,0.235836633479263,0.276861742641653,1.10929814354917,NA,0.238872179209393
"spherical","18254.png",18254,0.235559864135581,0.276603091220734,1.10809829600747,NA,0.24145428307604
"spherical","18258.png",18258,0.235682316848354,0.276701302799964,1.10530173744913,NA,0.24167628790391
"spherical","18261.png",18261,0.237228580811252,0.278024996206988,1.1291817895784,NA,0.240689224161604
"spherical","18264.png",18264,0.236525257792059,0.277506269763961,1.0891794602111,NA,0.2425872593941
"spherical","18267.png",18267,0.234371439626332,0.275539187809184,1.1027526436395,NA,0.240538615209277
"spherical","18270.png",18270,0.235530807830138,0.276598470334326,1.11565141267541,NA,0.241153411938432
"spherical","18274.png",18274,0.23578856746616,0.276804537805751,1.11492254060561,NA,0.238282207600441
"spherical","18277.png",18277,0.234535781142446,0.275741771935257,1.08131886286947,NA,0.236157714852456
"spherical","18280.png",18280,0.236682639569155,0.27750270431956,1.0906422454737,NA,0.241365049318738
"spherical","18283.png",18283,0.235182345184453,0.27629712155034,1.09978193506931,NA,0.241734600611589
"spherical","18286.png",18286,0.237322264705396,0.278254045390372,1.12319132034653,NA,0.242823323276544
"spherical","18290.png",18290,0.234958880372375,0.276109572367439,1.11591561956184,NA,0.237761068314871
"spherical","18293.png",18293,0.236007065777662,0.277015946393711,1.10921272434364,NA,0.241581207271831
"spherical","18296.png",18296,0.234671703156098,0.275725186459322,1.09832794309655,NA,0.240691221196598
"spherical","18299.png",18299,0.236055203107958,0.277023936595613,1.12278539268491,NA,0.238897368242317
"spherical","18302.png",18302,0.235147770249075,0.276208213081799,1.11052236684091,NA,0.237815520469087
"spherical","18306.png",18306,0.236083635085898,0.276912481844651,1.09767413370257,NA,0.240189554504299
"spherical","18309.png",18309,0.233911453924,0.275144018775348,1.108859480136,NA,0.240006635533038
"spherical","18312.png",18312,0.235848575074674,0.2768398643165,1.10180287856528,NA,0.242604055754708
"spherical","18315.png",18315,0.237667501712739,0.278516181377394,1.12731119501263,NA,0.242803833163433
"spherical","18318.png",18318,0.237218829460588,0.278132571160387,1.11551935809945,NA,0.240745547657173
"spherical","18322.png",18322,0.233751690729541,0.27497689110161,1.09669899789558,NA,0.24030399162906
"spherical","18325.png",18325,0.237672287025924,0.278510159556114,1.11031061144171,NA,0.242271936972965
"spherical","18328.png",18328,0.235462968038111,0.276500208361455,1.08994820215427,NA,0.238611349020898
"spherical","18331.png",18331,0.236621736132359,0.277582750184862,1.102254460358,NA,0.242917022881267
"spherical","18334.png",18334,0.235049009117744,0.276088190208216,1.09822895671059,NA,0.242275319523656
"spherical","18338.png",18338,0.236951684429662,0.277857204765319,1.12808827182535,NA,0.24156542725099
"spherical","18341.png",18341,0.235672594920934,0.276745306437033,1.14288650609609,NA,0.238232525865879
"spherical","18344.png",18344,0.235784497973882,0.276857694844546,1.0984846489372,NA,0.239123328411481
"spherical","18347.png",18347,0.235636943110427,0.276673054559755,1.09442029094573,NA,0.241338994480433
"spherical","18350.png",18350,0.234783051981015,0.275835458190629,1.11542605756709,NA,0.24172822769865
"spherical","18354.png",18354,0.237234101376931,0.27823352382109,1.11393716304122,NA,0.243035102956045
"spherical","18357.png",18357,0.235971837780687,0.277077830055334,1.09693263540099,NA,0.239076274832493
"spherical","18360.png",18360,0.234548719039082,0.275727146051541,1.08322652839229,NA,0.240742536874911
"spherical","18363.png",18363,0.235737800277147,0.276778598629446,1.12077194652839,NA,0.241969214655724
"spherical","18366.png",18366,0.236167662286632,0.277121717986518,1.11909368494638,NA,0.239738705432686
"spherical","18370.png",18370,0.235923099547826,0.276910236056033,1.09514229852943,NA,0.239333970175441
"spherical","18373.png",18373,0.236036122183477,0.276986444424603,1.09450492569234,NA,0.241680602775696
"spherical","18376.png",18376,0.234962615779486,0.276052791730769,1.10421329611702,NA,0.242105401340184
"spherical","18379.png",18379,0.236160319366228,0.27715388174363,1.1040641465366,NA,0.242821223454337
"spherical","18382.png",18382,0.237281483062621,0.278281257909455,1.12167406403768,NA,0.242894100860505
"spherical","18386.png",18386,0.235362002530112,0.276490630376815,1.10170416500624,NA,0.238485633986264
"spherical","18389.png",18389,0.235402395678614,0.276464796305137,1.09752585794676,NA,0.241280582828057
"spherical","18392.png",18392,0.233711142649736,0.274994014128952,1.0969164517828,NA,0.240259613158596
"spherical","18395.png",18395,0.236983052352594,0.277911077143513,1.13605827584235,NA,0.241242123308013
"spherical","18398.png",18398,0.235681449285301,0.276733228892943,1.11192228023175,NA,0.239167700899791
"spherical","18402.png",18402,0.234822479173901,0.275973400906275,1.10192074947191,NA,0.241795655772497
"spherical","18405.png",18405,0.235800824725453,0.276885665113397,1.10240559249453,NA,0.241510129866903
"spherical","18408.png",18408,0.236043088318247,0.277044344625528,1.11673585960209,NA,0.239254505113715
"spherical","18411.png",18411,0.235917383275941,0.276798466455998,1.09445230563302,NA,0.240676039369065
"spherical","18414.png",18414,0.234490083487902,0.275627240767189,1.10211604629521,NA,0.24087097085053
"spherical","18418.png",18418,0.236206225976108,0.277194447949045,1.10927108074143,NA,0.242809962192171
"spherical","18421.png",18421,0.236999922368188,0.277860335848823,1.13516675758922,NA,0.241445416946565
"spherical","18424.png",18424,0.235347699474788,0.276473765154808,1.1128021176534,NA,0.238078226596679
"spherical","18427.png",18427,0.236161626935186,0.277040111993784,1.09727650316574,NA,0.240856183768873
"spherical","18430.png",18430,0.234455439722198,0.275621912648015,1.10187405194901,NA,0.241593648329904
"spherical","18434.png",18434,0.237342857788962,0.278247519163658,1.11685790517174,NA,0.244013928352813
"spherical","18437.png",18437,0.235461132606996,0.276475342703707,1.13577804312476,NA,0.239013529597452
"spherical","18440.png",18440,0.236290239477412,0.277160414936826,1.09107024532308,NA,0.240622152010086
"spherical","18443.png",18443,0.234627412077104,0.275714879867707,1.09345759080811,NA,0.241479199408275
"spherical","18446.png",18446,0.235239518778356,0.276331297513352,1.10092183398663,NA,0.242075592950952
"spherical","18450.png",18450,0.23617706391264,0.277067851157446,1.12458167950006,NA,0.239909242150123
"spherical","18453.png",18453,0.236235790006808,0.277247451468167,1.10302681647892,NA,0.240123654468281
"spherical","18456.png",18456,0.23567965050594,0.276698697384504,1.11218109517131,NA,0.242103405778742
"spherical","18459.png",18459,0.235027603015309,0.276117360389213,1.10573636348922,NA,0.241964139861031
"spherical","18462.png",18462,0.236479367439981,0.277549030052645,1.11884207892485,NA,0.242226802442037
"spherical","18466.png",18466,0.236491427412624,0.277468992404881,1.11851128217394,NA,0.240570616677505
"spherical","18469.png",18469,0.235539828102768,0.276572758852908,1.10817524215324,NA,0.239166860804389
"spherical","18472.png",18472,0.235121536951837,0.276263687332262,1.09228242896389,NA,0.241774408636146
"spherical","18475.png",18475,0.233831757553152,0.275072886394219,1.10761035210516,NA,0.240691104182718
"spherical","18478.png",18478,0.237432355812228,0.278456098094004,1.12428830469952,NA,0.24313038324184
"spherical","18482.png",18482,0.236069638200596,0.277099575320909,1.09726220516324,NA,0.240092136612515
"spherical","18485.png",18485,0.235104122622649,0.276183748121193,1.10884445449403,NA,0.241814089589788
"spherical","18488.png",18488,0.235822050416613,0.276858681112097,1.11719146472135,NA,0.242691978905834
"spherical","18491.png",18491,0.236434348506789,0.277399678232153,1.11982540255074,NA,0.240768648842864
"spherical","18494.png",18494,0.235971079442408,0.277023490671877,1.09954839627043,NA,0.239716435755662
"spherical","18498.png",18498,0.23609907576469,0.277125059270839,1.09622753519333,NA,0.242960360201297
"spherical","18501.png",18501,0.234448168222338,0.27559948486439,1.11379530258633,NA,0.241671393921141
"spherical","18504.png",18504,0.236195569463889,0.277163743046341,1.10068557730949,NA,0.24276096801642
"spherical","18507.png",18507,0.237649492056008,0.278454352837696,1.13304137623588,NA,0.242274018651945
"spherical","18510.png",18510,0.235628358143441,0.276655143412563,1.09704879577631,NA,0.239568649902355
"spherical","18514.png",18514,0.235597650897372,0.276694883617766,1.09278317722957,NA,0.243380597889933
"spherical","18517.png",18517,0.236216082976401,0.277254794558337,1.11028341249851,NA,0.24323156414917
"spherical","18520.png",18520,0.237310567001013,0.278146937394091,1.13987906432693,NA,0.241748306229409
"spherical","18523.png",18523,0.235155225101187,0.276243895916859,1.11249017194776,NA,0.238900530010293
"spherical","18526.png",18526,0.23517234113452,0.27622801812514,1.10257217579888,NA,0.239180244666341
"spherical","18530.png",18530,0.23480653950233,0.275961736662952,1.09340949901308,NA,0.24159678257586
"spherical","18533.png",18533,0.234577364520716,0.275713784477376,1.09950477363565,NA,0.241635060344303
"spherical","18536.png",18536,0.236912113771456,0.277918579113904,1.11652615755219,NA,0.243599512276899
"spherical","18539.png",18539,0.236358499414762,0.277202136777502,1.12334547684783,NA,0.24043513170916
"spherical","18542.png",18542,0.235151371401456,0.27625011700846,1.10028948065767,NA,0.239076416153057
"spherical","18546.png",18546,0.23570509002272,0.276768087438525,1.09657027973525,NA,0.243604819033088
"spherical","18549.png",18549,0.235393398977589,0.276393491184184,1.11023530495571,NA,0.242848317500763
"spherical","18552.png",18552,0.236777404312287,0.277741827223366,1.13197187859886,NA,0.243169862995869
"spherical","18555.png",18555,0.236357660763263,0.27728816070548,1.13788030174452,NA,0.240500743832305
"spherical","18559.png",18559,0.23538689778019,0.276446049935544,1.09569494239045,NA,0.239757623900061
"spherical","18562.png",18562,0.236579251087344,0.277511565458837,1.09824151912794,NA,0.243185402601398
"spherical","18565.png",18565,0.234307670852455,0.275446054494252,1.10843439972754,NA,0.242256472007067
"spherical","18568.png",18568,0.236952308371411,0.277881656151306,1.13013028547775,NA,0.243065609199744
"spherical","18571.png",18571,0.235146353558878,0.276274672669565,1.12627965874006,NA,0.238992542692948
"spherical","18575.png",18575,0.235122483582035,0.276209445702258,1.09505605581425,NA,0.242071605416901
"spherical","18578.png",18578,0.234114642170103,0.275275927011395,1.0955204004884,NA,0.241313293547895
"spherical","18581.png",18581,0.236743112989409,0.277687543083396,1.10955763310156,NA,0.24416038862436
"spherical","18584.png",18584,0.237069469552502,0.277971153216589,1.12858354899901,NA,0.242168662154244
"spherical","18587.png",18587,0.235302353590062,0.276405309611045,1.13231220151342,NA,0.239230992174161
"spherical","18591.png",18591,0.234363650707772,0.27550775691692,1.11933034159297,NA,0.237979175779275
"spherical","18594.png",18594,0.23623491931925,0.277174700910964,1.09842855546768,NA,0.241398527892726
"spherical","18597.png",18597,0.234433130236845,0.275574919120412,1.09786838515011,NA,0.242130255018656
"spherical","18600.png",18600,0.235275388159263,0.276357942100432,1.10421536216148,NA,0.242433064800479
"spherical","18603.png",18603,0.237237089549567,0.278179744978189,1.14112811835382,NA,0.242658834873976
"spherical","18607.png",18607,0.236435623269846,0.277373950427317,1.08883773029145,NA,0.241320267006081
"spherical","18610.png",18610,0.23356220941941,0.274741516274851,1.10045125349622,NA,0.240894947343361
"spherical","18613.png",18613,0.235862261432125,0.276886067513355,1.10078526500157,NA,0.243659772351099
"spherical","18616.png",18616,0.236601703924753,0.277587231413755,1.10706999631144,NA,0.24354431455789
"spherical","18619.png",18619,0.236209687945757,0.277318902264323,1.13480266210648,NA,0.241071165882365
"spherical","18623.png",18623,0.236296129586955,0.277353559494245,1.10663214936214,NA,0.240578733565504
"spherical","18626.png",18626,0.237573184366912,0.278383301182888,1.09470063511685,NA,0.243783624577932
"spherical","18629.png",18629,0.23538885945421,0.276474134467789,1.0936369597366,NA,0.243155252625139
"spherical","18632.png",18632,0.235991642197177,0.277008327644598,1.09973148121072,NA,0.24458434679925
"spherical","18635.png",18635,0.23560382303892,0.276680835866837,1.10475889048503,NA,0.242864661127978
"spherical","18639.png",18639,0.236200863125483,0.277077418681733,1.13127554172378,NA,0.241005782109539
"spherical","18642.png",18642,0.235709095626941,0.276769227240851,1.10057467715495,NA,0.240086512946955
"spherical","18645.png",18645,0.234425266476204,0.27553168532973,1.10228749732494,NA,0.2418439086978
"spherical","18648.png",18648,0.235981691801111,0.276953009544143,1.10385863615124,NA,0.244026812862689
"spherical","18651.png",18651,0.237673573674694,0.278584538569109,1.12927662415977,NA,0.244019350697602
"spherical","18655.png",18655,0.235393036960416,0.276498540219174,1.11057188569951,NA,0.239759956763877
"spherical","18658.png",18658,0.23701989019196,0.277856185476757,1.10293325836184,NA,0.242917938875959
"spherical","18661.png",18661,0.23564561167023,0.276669723448528,1.10290227694068,NA,0.243385567712744
"spherical","18664.png",18664,0.234075817796675,0.27521476873788,1.09950531210363,NA,0.242351450436764
"spherical","18667.png",18667,0.235116167448906,0.276120816133736,1.10080798494267,NA,0.243067438577588
"spherical","18671.png",18671,0.237323852554899,0.278163513106413,1.12753785901211,NA,0.243067784579441
"spherical","18674.png",18674,0.235492059761921,0.276550309758134,1.11100522227105,NA,0.240097995007138
"spherical","18677.png",18677,0.235589091052526,0.276627434985197,1.09422411850183,NA,0.240549773798249
"spherical","18680.png",18680,0.235716192996517,0.276814143359276,1.10021224433846,NA,0.243472363850116
"spherical","18683.png",18683,0.235164935107247,0.276209878644506,1.0985393685672,NA,0.24361864002786
"spherical","18687.png",18687,0.236781353774274,0.277761518356917,1.11685341212415,NA,0.244002753734503
"spherical","18690.png",18690,0.235913956010607,0.276954551727189,1.12820239861141,NA,0.240911125415465
"spherical","18693.png",18693,0.235223256113229,0.276370909157459,1.10509352548085,NA,0.239293848051802
"spherical","18696.png",18696,0.236017256851606,0.277002284498785,1.10435023552606,NA,0.242717758264452
"spherical","18699.png",18699,0.23511997572273,0.276280809592991,1.11532780503381,NA,0.243031142640356
"spherical","18703.png",18703,0.235923064648036,0.276968178079307,1.10119722141315,NA,0.2438166009813
"spherical","18706.png",18706,0.237624552771812,0.278574949515014,1.12948440662951,NA,0.244192716916963
"spherical","18709.png",18709,0.236137550353059,0.277102862529829,1.12344656272253,NA,0.241228970115482
"spherical","18712.png",18712,0.234924422691456,0.276021284248293,1.10572822061138,NA,0.239749349768287
"spherical","18715.png",18715,0.236127212646094,0.277098750791366,1.09330473849347,NA,0.24161015897855
"spherical","18719.png",18719,0.235416343915485,0.276446336727907,1.09353469959299,NA,0.243266107932982
"spherical","18722.png",18722,0.234520428094612,0.275609785710674,1.11173623083754,NA,0.242657494783125
"spherical","18725.png",18725,0.235581558904971,0.276664130924114,1.09603652237442,NA,0.243727615896563
"spherical","18728.png",18728,0.237528857174808,0.278439343140695,1.11636265052604,NA,0.244242956034442
"spherical","18731.png",18731,0.235495081404853,0.276525761166927,1.12099736939231,NA,0.240050668776196
"spherical","18735.png",18735,0.236547180131547,0.277493779551359,1.09681266964244,NA,0.242256485806757
"spherical","18738.png",18738,0.234371440910541,0.275509521343946,1.10069137514119,NA,0.242667778672388
"spherical","18741.png",18741,0.235382488454806,0.276440824274576,1.09988698306972,NA,0.243515162719103
"spherical","18744.png",18744,0.237189569422566,0.278132306515505,1.15588275793155,NA,0.244516056635368
"spherical","18747.png",18747,0.236023266775116,0.277035334336586,1.12569755855381,NA,0.241335599910652
"spherical","18751.png",18751,0.23557915582412,0.276632423179125,1.12477868567782,NA,0.24059172544142
"spherical","18754.png",18754,0.236425440966547,0.277381046365314,1.08872244702214,NA,0.242180594266376
"spherical","18757.png",18757,0.235207701360248,0.276225960606814,1.09941902673945,NA,0.244047581841208
"spherical","18760.png",18760,0.234988592022862,0.276092403670392,1.0998825321273,NA,0.242998773415875
"spherical","18763.png",18763,0.236540476265738,0.277438438069887,1.13539553489198,NA,0.243408845511668
"spherical","18767.png",18767,0.235242605932736,0.276294457544107,1.13102130881256,NA,0.240531894283503
"spherical","18770.png",18770,0.234817424896098,0.275914741760362,1.13100364836027,NA,0.239551598390746
"spherical","18773.png",18773,0.236448955224511,0.277403897104306,1.10168675183974,NA,0.241795989335018
"spherical","18776.png",18776,0.235835910727817,0.276785381482527,1.10539579351866,NA,0.243424682389202
"spherical","18779.png",18779,0.235700509593123,0.27677859815102,1.09960426302647,NA,0.244122057457934
"spherical","18783.png",18783,0.234986867386985,0.276046102963979,1.10492248996921,NA,0.243797740519977
"spherical","18786.png",18786,0.235881578171239,0.276936111717473,1.09866738672554,NA,0.244551661831744
"spherical","18789.png",18789,0.23626595159241,0.277284016714882,1.12462467263954,NA,0.244299796528874
"spherical","18792.png",18792,0.237923384278007,0.27877649008572,1.13852125342328,NA,0.245348155394802
"spherical","18795.png",18795,0.236401355545676,0.277363554419803,1.1356500847829,NA,0.242468112212945
"spherical","18799.png",18799,0.235873034734728,0.276838135849317,1.09716103087172,NA,0.241178151843013
"spherical","18802.png",18802,0.236529257024596,0.277422175768121,1.09336720572912,NA,0.243445823731476
"spherical","18805.png",18805,0.235295258052897,0.276393181292571,1.09495171969491,NA,0.244265855230169
"spherical","18808.png",18808,0.234594753261508,0.27581013511441,1.09292636163603,NA,0.243195453616411
"spherical","18811.png",18811,0.236131077383626,0.2771163136793,1.12564424395569,NA,0.243940074170437
"spherical","18815.png",18815,0.236554844736722,0.277437805629536,1.1246589154247,NA,0.242482438547876
"spherical","18818.png",18818,0.235659010340857,0.27667754945472,1.11202959640584,NA,0.240774995501404
"spherical","18821.png",18821,0.236769280348082,0.277717134696366,1.10806123999799,NA,0.242916247498069
"spherical","18824.png",18824,0.236335074151546,0.277241256892858,1.09795693486162,NA,0.244201756402
"spherical","18827.png",18827,0.234288566512362,0.275366119002701,1.10658452234364,NA,0.24296156859661
"spherical","18831.png",18831,0.235326796833617,0.276409251622635,1.11387858091082,NA,0.243586233832786
"spherical","18834.png",18834,0.235730075248687,0.276730902303444,1.09751468860105,NA,0.244320201413432
"spherical","18837.png",18837,0.236697676683913,0.277720574054761,1.12278630193641,NA,0.244682945520466
"spherical","18840.png",18840,0.236535889593548,0.277486313893233,1.13599211725631,NA,0.2423663442743
"spherical","18843.png",18843,0.235273538467237,0.276403987318296,1.112335800078,NA,0.240610786294708
"spherical","18847.png",18847,0.235714150460573,0.2767557148974,1.09316033171758,NA,0.241235721976108
"spherical","18850.png",18850,0.235715360869097,0.276714598264625,1.09355639804146,NA,0.243539556141124
"spherical","18853.png",18853,0.235645763311176,0.27664541086746,1.10997739163926,NA,0.244102830519314
"spherical","18856.png",18856,0.234932378671376,0.276057990352596,1.09959502955107,NA,0.243745191279297
"spherical","18859.png",18859,0.23622285312328,0.277239455142429,1.11736975537449,NA,0.244143990199883
"spherical","18863.png",18863,0.2362430303386,0.27718558445604,1.13136216974835,NA,0.242307575689096
"spherical","18866.png",18866,0.234943141660164,0.27594365380055,1.13655442021773,NA,0.240374862475412
"spherical","18869.png",18869,0.234837267420517,0.275956244865786,1.10452737368232,NA,0.239799679024149
"spherical","18872.png",18872,0.235563237430168,0.276612220805036,1.10266167461874,NA,0.240629564001148
"spherical","18875.png",18875,0.236964298141696,0.277798607244298,1.09148500244237,NA,0.243485259453018
"spherical","18879.png",18879,0.236366016926659,0.27739006139893,1.09712697504374,NA,0.243985805064083
"spherical","18882.png",18882,0.235551598557645,0.276606514368168,1.09787785940707,NA,0.244168873181174
"spherical","18885.png",18885,0.234855312952093,0.275851010555689,1.10647406010158,NA,0.24355785854435
"spherical","18888.png",18888,0.234962840762917,0.276095716942786,1.09096378809743,NA,0.242873852401305
"spherical","18891.png",18891,0.237310187041588,0.278270832047995,1.13686154080615,NA,0.244094664638782
"spherical","18895.png",18895,0.236438613028422,0.277395989876284,1.10495986289694,NA,0.241550541934887
"spherical","18898.png",18898,0.236475022693219,0.277430382325804,1.10631410527654,NA,0.24278190606171
"spherical","18901.png",18901,0.237172675607781,0.278002241331315,1.09983279934849,NA,0.245008936717369
"spherical","18904.png",18904,0.23554388307762,0.276496385807027,1.09742638199443,NA,0.244337849028115
"spherical","18907.png",18907,0.235736650984606,0.276818703468243,1.08749702207095,NA,0.244407454860484
"spherical","18911.png",18911,0.235549281126327,0.276602931456119,1.09063697388182,NA,0.244446570919924
"spherical","18914.png",18914,0.237217984126451,0.278150467465726,1.09427328378874,NA,0.246327824235428
"spherical","18917.png",18917,0.235672619709224,0.27662302425204,1.10325980884569,NA,0.244405950273072
"spherical","18920.png",18920,0.237497140382831,0.278367315005163,1.12094004602031,NA,0.245993280178371
"spherical","18923.png",18923,0.236750541194942,0.277719970518821,1.13114778385676,NA,0.244838757960711
"spherical","18927.png",18927,0.236109969553821,0.277100714083544,1.13660913626322,NA,0.242912887349511
"spherical","18930.png",18930,0.235422892782381,0.276439823021535,1.10197123171266,NA,0.240845150137608
"spherical","18933.png",18933,0.235646253933506,0.276653741893843,1.0935878793791,NA,0.240608861176806
"spherical","18936.png",18936,0.237161240288217,0.278081770195556,1.08741462664912,NA,0.244723255691141
"spherical","18939.png",18939,0.23565700855949,0.276636381686617,1.08208108679067,NA,0.244688469562504
"spherical","18943.png",18943,0.235244832673549,0.276315054114934,1.09018428250319,NA,0.243927052647375
"spherical","18946.png",18946,0.23524304752488,0.276330733970702,1.09557985245849,NA,0.243394574078975
"spherical","18949.png",18949,0.237137412036485,0.278006446531275,1.10902647435958,NA,0.245766802585135
"spherical","18952.png",18952,0.236303618461062,0.277208192612042,1.13163016141205,NA,0.243751851004871
"spherical","18955.png",18955,0.235112890463545,0.276049245806915,1.13734638806926,NA,0.241143671199116
"spherical","18959.png",18959,0.234881624217446,0.275871123551701,1.11884249840426,NA,0.240407867282182
"spherical","18962.png",18962,0.235381006172494,0.276394492665591,1.12780991825082,NA,0.241102621564856
"spherical","18965.png",18965,0.234317471013912,0.275379599724036,1.12418499510222,NA,0.23951281009294
"spherical","18968.png",18968,0.235426752423914,0.276449755300505,1.10431171003726,NA,0.240965772269193
"spherical","18971.png",18971,0.235548892636305,0.276535869131665,1.11249690829258,NA,0.241471107437608
"spherical","18975.png",18975,0.235838692398815,0.276739872450266,1.09533431894032,NA,0.242704719745109
"spherical","18978.png",18978,0.23498899107202,0.276123642494376,1.08673915082638,NA,0.24268488317235
"spherical","18981.png",18981,0.235546433365249,0.276553046361451,1.09952713295546,NA,0.244149268361166
"spherical","18984.png",18984,0.236104397239907,0.277107002165744,1.09814910017845,NA,0.244866484888641
"spherical","18987.png",18987,0.236218330095628,0.277194668666964,1.10752711785574,NA,0.244568658208456
"spherical","18991.png",18991,0.237444742181661,0.27833995657385,1.12260647936107,NA,0.245769053565753
"spherical","18994.png",18994,0.235872088954907,0.276841016605189,1.12480541062664,NA,0.243794755751691
"spherical","18997.png",18997,0.235467630270394,0.276548528907029,1.12324788858649,NA,0.243820386274503
"spherical","19000.png",19000,0.236603368313751,0.277493769782242,1.11897709264947,NA,0.24407253697734
"spherical","19003.png",19003,0.235422617159327,0.276472387881618,1.12954804336821,NA,0.241160584646661
"spherical","19007.png",19007,0.236264585819154,0.27718148700402,1.09528900636485,NA,0.242508685764289
"spherical","19010.png",19010,0.236316482278475,0.277184380229321,1.0933157610055,NA,0.242992172786262
"spherical","19013.png",19013,0.235964971226973,0.276904993154465,1.10531684770397,NA,0.243663937939675
"spherical","19016.png",19016,0.23547869148168,0.276391110383026,1.10210444540932,NA,0.243890789753286
"spherical","19019.png",19019,0.234589571734482,0.275617180048327,1.09380482754191,NA,0.243287703267681
"spherical","19023.png",19023,0.234491293472029,0.275542523901325,1.09714213518649,NA,0.242867376150303
"spherical","19026.png",19026,0.235228228006853,0.27613789960326,1.1005801567544,NA,0.243992351978156
"spherical","19029.png",19029,0.235983779664327,0.276887311975163,1.09867691031697,NA,0.244989287234456
"spherical","19032.png",19032,0.234946613403513,0.276072673929557,1.10893993336831,NA,0.243243418287413
"spherical","19035.png",19035,0.236522077360621,0.277514637164035,1.09693692999039,NA,0.245355467640441
"spherical","19039.png",19039,0.235610435360816,0.27680709331312,1.10302666533351,NA,0.24384211221635
"spherical","19042.png",19042,0.235972218664068,0.276947195789796,1.11362009736568,NA,0.243804401649483
"spherical","19045.png",19045,0.236370156554917,0.277265920014295,1.12681259680618,NA,0.243665242949609
"spherical","19048.png",19048,0.235341639847548,0.276352626259366,1.12793361210654,NA,0.242564379947211
"spherical","19051.png",19051,0.235936215870218,0.276844819971035,1.13106046130159,NA,0.243345397998051
"spherical","19055.png",19055,0.235485718492534,0.27636541813656,1.13109610871832,NA,0.241332474909814
"spherical","19058.png",19058,0.233661188619168,0.274501848201816,1.11919183089855,NA,0.238691988112809
"spherical","19061.png",19061,0.234583160779948,0.275566955541534,1.12423919597753,NA,0.239848285439872
"spherical","19064.png",19064,0.234616783828395,0.275681446369295,1.09928554093342,NA,0.239873855653713
"spherical","19067.png",19067,0.236542862198962,0.277457483461418,1.0925668760376,NA,0.243141811039486
"spherical","19071.png",19071,0.235588348439823,0.276528775825354,1.10595554930442,NA,0.24237890242408
"spherical","19074.png",19074,0.235527946152552,0.276510148744638,1.09329375377601,NA,0.243103760721
"spherical","19077.png",19077,0.235611004099353,0.276504254204099,1.09635871107315,NA,0.243751970729972
"spherical","19080.png",19080,0.236559635816865,0.277398011923879,1.10795494471315,NA,0.244702249233313
"spherical","19083.png",19083,0.235595211859972,0.276569786593122,1.10047294130132,NA,0.243804631440413
"spherical","19087.png",19087,0.23522689463216,0.276230286726083,1.09152427113795,NA,0.24336935759949
"spherical","19090.png",19090,0.235322840657797,0.276252843512254,1.09862495995617,NA,0.244058943897449
"spherical","19093.png",19093,0.235773656663828,0.276760999294734,1.08697346455742,NA,0.244796096852496
"spherical","19096.png",19096,0.236014456047032,0.276983930561139,1.07918094580609,NA,0.245007829073541
"spherical","19099.png",19099,0.236961736964018,0.277822841518337,1.0903795966822,NA,0.246220374442002
"spherical","19103.png",19103,0.23719222194465,0.278205855776507,1.10368554552495,NA,0.245540012109335
"spherical","19106.png",19106,0.23609663340707,0.277033840629948,1.12651481447995,NA,0.244582799170566
"spherical","19109.png",19109,0.235858272232341,0.276749347639391,1.13210235146076,NA,0.243550407557456
"spherical","19112.png",19112,0.235369992685999,0.276279981647281,1.12126419350376,NA,0.243200922351161
"spherical","19115.png",19115,0.236504944205574,0.277445522914463,1.14408631775362,NA,0.244160894404665
"spherical","19119.png",19119,0.235403752138547,0.276413903825188,1.14783576172139,NA,0.243092407532482
"spherical","19122.png",19122,0.2353849183949,0.276345106568653,1.13761959688374,NA,0.242167143348075
"spherical","19125.png",19125,0.234818980078834,0.27585666609472,1.11671115113181,NA,0.240812096836378
"spherical","19128.png",19128,0.234831770299137,0.27584046861063,1.1461068809205,NA,0.241751736842154
"spherical","19131.png",19131,0.234354489151382,0.275315252467203,1.13363817132209,NA,0.241290044176801
"spherical","19135.png",19135,0.234657768146042,0.275669700730498,1.13170366287872,NA,0.241085942428558
"spherical","19138.png",19138,0.234010963125519,0.275117322485115,1.11110555283658,NA,0.23936099007917
"spherical","19141.png",19141,0.234593835473212,0.275608316695697,1.09392053431242,NA,0.240419802777066
"spherical","19144.png",19144,0.235360781826824,0.276286545270166,1.09830541123165,NA,0.241881823827123
"spherical","19147.png",19147,0.235379698530657,0.276349742304691,1.10329724844357,NA,0.24230508119652
"spherical","19151.png",19151,0.236832017315356,0.277735877934981,1.0921420572594,NA,0.244565053757314
"spherical","19154.png",19154,0.236338610603837,0.277284330756909,1.09200939759635,NA,0.243684267542536
"spherical","19157.png",19157,0.236486361321811,0.277251773407624,1.09835844022335,NA,0.243098751146075
"spherical","19160.png",19160,0.235909145249821,0.276810456093523,1.10537552927189,NA,0.242814060208534
"spherical","19163.png",19163,0.235928076935969,0.276813620789516,1.09597440816514,NA,0.24337924320875
"spherical","19167.png",19167,0.236599906079715,0.277309569335802,1.09893321913629,NA,0.243773342200156
"spherical","19170.png",19170,0.235884051682398,0.276662036325827,1.11154853666822,NA,0.242329019769904
"spherical","19173.png",19173,0.23503844635944,0.276022492383304,1.10333927173629,NA,0.241410370846305
"spherical","19176.png",19176,0.236349368044581,0.277356688442628,1.08970246763401,NA,0.242827886860987
"spherical","19179.png",19179,0.235065159146464,0.276104399877858,1.09380882435963,NA,0.241667633290624
"spherical","19183.png",19183,0.235016773438344,0.276018914561589,1.09808962134818,NA,0.243608030528345
"spherical","19186.png",19186,0.235180956557026,0.276199758971728,1.10112559176125,NA,0.244499528011395
"spherical","19189.png",19189,0.235414499531288,0.276414984439332,1.08915954273261,NA,0.244697960339677
"spherical","19192.png",19192,0.235839793715383,0.276802065984976,1.0911528604288,NA,0.245295170905771
"spherical","19195.png",19195,0.23504505677625,0.275979732006386,1.09480592592399,NA,0.244269182572971
"spherical","19199.png",19199,0.23446880685588,0.27530866907714,1.09282585146831,NA,0.243407166941852
"spherical","19202.png",19202,0.235783538898904,0.276785337746618,1.10097478648217,NA,0.245132459717712
"spherical","19205.png",19205,0.237018163477118,0.2778739590111,1.09170191208222,NA,0.245883379952653
"spherical","19208.png",19208,0.237396991990649,0.278121698903115,1.10685925608603,NA,0.246102651598169
"spherical","19211.png",19211,0.237153136330063,0.278018241912789,1.08681700189332,NA,0.246168758072874
"spherical","19215.png",19215,0.237485087701312,0.278311113436253,1.09497687278057,NA,0.246432814160923
"spherical","19218.png",19218,0.235538643581411,0.276555199500677,1.10145660743707,NA,0.245411612088191
"spherical","19221.png",19221,0.236985305301972,0.277747405360817,1.09696240709063,NA,0.246869984895202
"spherical","19224.png",19224,0.235465957229751,0.276388452724919,1.09277280813088,NA,0.244636509177405
"spherical","19227.png",19227,0.236434219256331,0.277277817964677,1.09384643231381,NA,0.245249654706694
"spherical","19231.png",19231,0.23610219562372,0.276979169776684,1.09987289128254,NA,0.245688518063232
"spherical","19234.png",19234,0.235890850918496,0.276839871396111,1.10471522847653,NA,0.244829998775185
"spherical","19237.png",19237,0.236271324698349,0.277080311869244,1.09724413739595,NA,0.245481840701231
"spherical","19240.png",19240,0.236990576542645,0.277776482214487,1.10973269687266,NA,0.245553650097269
"spherical","19243.png",19243,0.23713511275491,0.277955471077257,1.09374724558191,NA,0.245148610697866
"spherical","19247.png",19247,0.236364992391065,0.277190302517163,1.09967408545728,NA,0.24483976936138
"spherical","19250.png",19250,0.236143339162352,0.276957637606236,1.08300517076847,NA,0.244952672491822
"spherical","19253.png",19253,0.2361065797729,0.276935708358294,1.10469992911899,NA,0.244646372905134
"spherical","19256.png",19256,0.235940949241431,0.277068732467264,1.09785961570781,NA,0.244138223599181
"spherical","19259.png",19259,0.235975775332694,0.276880765460931,1.09451403337384,NA,0.244788889529232
"spherical","19263.png",19263,0.234820236508869,0.275804625963179,1.09572339182122,NA,0.244454991433459
"spherical","19266.png",19266,0.237984296975762,0.278749738768593,1.09628058221167,NA,0.24683489266214
"spherical","19269.png",19269,0.236926730882292,0.277728073809082,1.09512827899205,NA,0.244502507204308
"spherical","19272.png",19272,0.236260994527529,0.277188594298638,1.09912949572043,NA,0.24383592031633
"spherical","19275.png",19275,0.23582149065014,0.276889595425224,1.12434209165717,NA,0.242183884707551
"spherical","19279.png",19279,0.235574042936777,0.276545168776499,1.12936997207158,NA,0.242063307662617
"spherical","19282.png",19282,0.235294755275629,0.2763337795934,1.12123117845652,NA,0.241681231728088
"spherical","19285.png",19285,0.233689808218289,0.274691081649088,1.11620224772427,NA,0.239323405257303
"spherical","19288.png",19288,0.234950188812761,0.276044723786564,1.09659413545694,NA,0.241127857186975
"spherical","19291.png",19291,0.234665678347428,0.275797392532426,1.12188910581862,NA,0.240537203181332
"spherical","19295.png",19295,0.235427079233931,0.276478415464413,1.13413254557132,NA,0.241784076275204
"spherical","19298.png",19298,0.233844349315872,0.274815441189433,1.13520774729836,NA,0.239826674822853
"spherical","19301.png",19301,0.235495060764296,0.276438732935132,1.13689030962851,NA,0.243447375437139
"spherical","19304.png",19304,0.235054211274599,0.275898547962742,1.12900236246991,NA,0.243172191058872
"spherical","19307.png",19307,0.234165755107848,0.27519603283129,1.12748944554319,NA,0.242722987793804
"spherical","19311.png",19311,0.23579590319277,0.276805534394213,1.10116276031921,NA,0.245666049384613
"spherical","19314.png",19314,0.23443680801226,0.275319843649564,1.1148466830217,NA,0.243752495806477
"spherical","19317.png",19317,0.2352350465857,0.276119010997744,1.12676390593757,NA,0.244482481820773
"spherical","19320.png",19320,0.235049476623851,0.276074075764826,1.12179257214989,NA,0.244342699666203
"spherical","19323.png",19323,0.233801905791394,0.274899243592742,1.10391644354726,NA,0.242954965360227
"spherical","19327.png",19327,0.235173336433296,0.276100282060789,1.09490780045105,NA,0.245179505015413
"spherical","19330.png",19330,0.234540811144965,0.275592790531952,1.09969169415301,NA,0.244460001013359
"spherical","19333.png",19333,0.235417568651008,0.27631225530596,1.09534534827596,NA,0.245529277299002
"spherical","19336.png",19336,0.235343684995098,0.276369832924395,1.09678139349566,NA,0.244956494292696
"spherical","19339.png",19339,0.236163629623748,0.277117242970582,1.0889641601556,NA,0.245618617940204
"spherical","19343.png",19343,0.235818229335326,0.276752840585612,1.09865011348053,NA,0.245568045271919
"spherical","19346.png",19346,0.236617274373122,0.277505317511712,1.09669461296008,NA,0.2462686117834
"spherical","19349.png",19349,0.236236350412781,0.277107903559523,1.0873330331428,NA,0.245573889161388
"spherical","19352.png",19352,0.237389576722794,0.278192988651539,1.09156397209221,NA,0.246747188505945
"spherical","19355.png",19355,0.238151691228585,0.278953336205615,1.0986890623526,NA,0.247772373838773
"spherical","19359.png",19359,0.235478779773382,0.276482159072379,1.10425318905765,NA,0.243158118679818
"spherical","19362.png",19362,0.236818071383941,0.277615928901414,1.10328996993171,NA,0.245095915632767
"spherical","19365.png",19365,0.233701387509246,0.274911795718955,1.10481834322226,NA,0.239429964540782
"spherical","19368.png",19368,0.23575563769272,0.276775261244185,1.11577038055861,NA,0.242732673667368
"spherical","19371.png",19371,0.234893998728363,0.275889664029307,1.13067144898417,NA,0.24196484686991
"spherical","19375.png",19375,0.23615547645594,0.277169696729976,1.11998012107844,NA,0.245590327522412
"spherical","19378.png",19378,0.234660300574772,0.275563461113482,1.12718720411662,NA,0.24376037105261
"spherical","19381.png",19381,0.234850659107122,0.275924499877586,1.09930055299851,NA,0.245289825288157
"spherical","19384.png",19384,0.234933679923055,0.276048148607324,1.10122429435596,NA,0.244736704190367
"spherical","19387.png",19387,0.234322644413901,0.275444711287633,1.0956209491516,NA,0.2443212845708
"spherical","19391.png",19391,0.235873121135634,0.276889614588782,1.10717807874164,NA,0.246236634163907
"spherical","19394.png",19394,0.234828799907984,0.275991231862798,1.10114538195906,NA,0.245249404540492
"spherical","19397.png",19397,0.235365852511156,0.276392186048124,1.09334140235515,NA,0.245918156125265
"spherical","19400.png",19400,0.234936002643329,0.275888414573659,1.0863609654438,NA,0.245166461769327
"spherical","19403.png",19403,0.236371823713046,0.27722740061332,1.09232342798389,NA,0.246579920261471
"spherical","19407.png",19407,0.237103361929687,0.277896087590136,1.08645625731629,NA,0.246948313410322
"spherical","19410.png",19410,0.237907996514632,0.278605784248174,1.09251934463467,NA,0.246897250128662
"spherical","19413.png",19413,0.236322053596609,0.277288421161445,1.09375452116803,NA,0.244033412582683
"spherical","19416.png",19416,0.235202611957275,0.276208264334989,1.1160578898284,NA,0.242087840557578
"spherical","19419.png",19419,0.236151532880858,0.277123301076831,1.12114494168329,NA,0.243913486085864
"spherical","19423.png",19423,0.234791542171683,0.275887957873736,1.12839074578432,NA,0.242752802566468
"spherical","19426.png",19426,0.235787137201764,0.276825559503991,1.13469376480041,NA,0.244704459414632
"spherical","19429.png",19429,0.234642204564476,0.275695319535627,1.13285809854389,NA,0.244125395311883
"spherical","19432.png",19432,0.235662311941083,0.276654323751351,1.12350446359753,NA,0.245340879373355
"spherical","19435.png",19435,0.235164751383364,0.276173105061546,1.11300216261528,NA,0.244594421728721
"spherical","19439.png",19439,0.235523717854751,0.276487972787096,1.11406988797053,NA,0.245896290091864
"spherical","19442.png",19442,0.23419167355159,0.275279259581775,1.09951530560771,NA,0.244734375552468
"spherical","19445.png",19445,0.234248547926467,0.275190460151478,1.08765901139496,NA,0.24443846459635
"spherical","19448.png",19448,0.234919665596078,0.275850506557552,1.11043244702881,NA,0.245078032501469
"spherical","19451.png",19451,0.237642371029501,0.278514035215322,1.1060185916328,NA,0.246416549593657
"spherical","19455.png",19455,0.235709647595808,0.2767040130103,1.11731359914204,NA,0.242706133356521
"spherical","19458.png",19458,0.234794453969376,0.275775891847451,1.12792436320815,NA,0.242013859770982
"spherical","19461.png",19461,0.23586718744693,0.276806507907737,1.11716881000278,NA,0.243395289969451
"spherical","19464.png",19464,0.235064668009826,0.276000762448414,1.13071048796152,NA,0.243466838983093
"spherical","19467.png",19467,0.235603458414214,0.276562292088161,1.13149609111491,NA,0.244894831615816
"spherical","19471.png",19471,0.233696698519227,0.274705644249518,1.10214686800808,NA,0.24358296633976
"spherical","19474.png",19474,0.234691381688658,0.27586875207668,1.09488683603209,NA,0.24470042980863
"spherical","19477.png",19477,0.23402294668107,0.274929955227206,1.09690017103321,NA,0.244541033532876
"spherical","19480.png",19480,0.23486262334392,0.275869086910865,1.09392402770664,NA,0.245161305853832
"spherical","19483.png",19483,0.235310818931972,0.276301346478765,1.09656401475812,NA,0.245553382448719
"spherical","19487.png",19487,0.237853806052022,0.278536328317532,1.09717702584867,NA,0.247144012834143
"spherical","19490.png",19490,0.234763600752045,0.275720984326283,1.09766524644689,NA,0.241462125681237
"spherical","19493.png",19493,0.23603860499151,0.27699504121215,1.09737362026665,NA,0.24330129864042
"spherical","19496.png",19496,0.235084713271367,0.276025551799384,1.11906448021205,NA,0.241887819612051
"spherical","19499.png",19499,0.235113356534139,0.276086716222874,1.13175313760907,NA,0.243456597784382
"spherical","19503.png",19503,0.234979957752339,0.276026904253789,1.13756620172476,NA,0.24327289724732
"spherical","19506.png",19506,0.234766144250262,0.27578371179491,1.13715436540334,NA,0.243511433974904
"spherical","19509.png",19509,0.234818108510975,0.275880881697341,1.11621281993873,NA,0.244658971885281
"spherical","19512.png",19512,0.234698447685369,0.275651970799762,1.10428097933765,NA,0.244682324388057
"spherical","19515.png",19515,0.234311287525369,0.275450484206052,1.09878888373079,NA,0.245082579181714
"spherical","19519.png",19519,0.236142134372793,0.276992650679056,1.10195236614446,NA,0.245909374779147
"spherical","19522.png",19522,0.236852242894191,0.277757078061759,1.10020028223995,NA,0.245298425236089
"spherical","19525.png",19525,0.236235788469961,0.276934964108311,1.09709724130687,NA,0.243586191573753
"spherical","19528.png",19528,0.236344343017143,0.277319786666699,1.11091042244619,NA,0.243031586013979
"spherical","19531.png",19531,0.234791118978117,0.275740440715541,1.1190313256491,NA,0.24199300114875
"spherical","19535.png",19535,0.234428205356708,0.275561356906889,1.13353544597937,NA,0.241870091135988
"spherical","19538.png",19538,0.234364851796623,0.275483350296186,1.11685298738252,NA,0.241853535829382
"spherical","19541.png",19541,0.234519154462648,0.275486979686332,1.11141559584289,NA,0.244303872923336
"spherical","19544.png",19544,0.235637559960883,0.276580140248813,1.11539969886879,NA,0.245875933918632
"spherical","19547.png",19547,0.235068859826431,0.275994834926695,1.09084337368993,NA,0.245693802643929
"spherical","19551.png",19551,0.236821833949532,0.27772956286145,1.10073606237346,NA,0.245756078006443
"spherical","19554.png",19554,0.235449366877204,0.276337308605017,1.10213271316625,NA,0.243085693191952
"spherical","19557.png",19557,0.235832110823723,0.27688846522858,1.11635431723423,NA,0.243020400472283
"spherical","19560.png",19560,0.235560645654323,0.276591820266272,1.14252859639252,NA,0.24322788550652
"spherical","19563.png",19563,0.235576824247316,0.276559684130216,1.11870508036509,NA,0.24416121170009
"spherical","19567.png",19567,0.234879571541018,0.275786217336971,1.12770340345645,NA,0.24549084190857
"spherical","19570.png",19570,0.23322033835648,0.274425208769748,1.10172572555253,NA,0.243047076669408
"spherical","19573.png",19573,0.23548835156107,0.276536072599576,1.09853310216856,NA,0.245494422736001
"spherical","19576.png",19576,0.236527420892786,0.277408413791232,1.11019484351385,NA,0.246473315592515
"spherical","19579.png",19579,0.235920052194995,0.276811582143604,1.10690931555628,NA,0.244747912342509
"spherical","19583.png",19583,0.23559332783597,0.276491749693541,1.10677881655608,NA,0.242552697649558
"spherical","19586.png",19586,0.235819030110932,0.276825466213847,1.13447844720016,NA,0.243195645253554
"spherical","19589.png",19589,0.236650148721915,0.277566726506294,1.13129925907435,NA,0.246519272999132
"spherical","19592.png",19592,0.236154851870064,0.277044197146859,1.14855355659059,NA,0.245993586769045
"spherical","19595.png",19595,0.235596232065056,0.276607675482671,1.1141774303143,NA,0.245707050334008
"spherical","19599.png",19599,0.234977512433796,0.275953524283671,1.09502533583548,NA,0.245652815891281
"spherical","19602.png",19602,0.235334664052257,0.276201429227396,1.09702492297336,NA,0.245981894082575
"spherical","19605.png",19605,0.236494212775243,0.277318637272239,1.09592325794111,NA,0.246916258347443
"spherical","19608.png",19608,0.236653790244218,0.277476158986732,1.10839527831142,NA,0.246542585572477
"spherical","19611.png",19611,0.236277270169764,0.277201966931743,1.09999938777927,NA,0.244054246230458
"spherical","19615.png",19615,0.235854000401559,0.276893510375901,1.13001825565938,NA,0.244888841911829
"spherical","19618.png",19618,0.235021296195456,0.275998250270888,1.11629718707003,NA,0.245257131490787
"spherical","19621.png",19621,0.234118658549564,0.275280282796818,1.09184514191913,NA,0.244707149450463
"spherical","19624.png",19624,0.235275279782252,0.276180329933307,1.09883009033926,NA,0.245733553045707
"spherical","19627.png",19627,0.236719505496978,0.27759834573019,1.09747800531953,NA,0.246490288142422
"spherical","19631.png",19631,0.236603638540849,0.277511285419848,1.1068695745066,NA,0.245209261571589
"spherical","19634.png",19634,0.235950126481351,0.276946958965454,1.11249453814327,NA,0.243115115544886
"spherical","19637.png",19637,0.234332737194351,0.275227512874164,1.11132888382623,NA,0.241066485147841
"spherical","19640.png",19640,0.234266505052403,0.275255952270809,1.123689996774,NA,0.241893887533391
"spherical","19643.png",19643,0.23471093968536,0.275650338120892,1.13575261980442,NA,0.243524280336762
"spherical","19647.png",19647,0.233370162896969,0.274462914136493,1.09546262670802,NA,0.243625716973403
"spherical","19650.png",19650,0.236629839553938,0.277532651176783,1.09696984031505,NA,0.247421755762801
"spherical","19653.png",19653,0.236880467526834,0.277730954306196,1.10825912721365,NA,0.245841552554124
"spherical","19656.png",19656,0.235109047407095,0.275967956993828,1.10131301912455,NA,0.241789678498043
"spherical","19659.png",19659,0.234936275572861,0.275872783043555,1.13830336477736,NA,0.242868577726432
"spherical","19663.png",19663,0.234776378496759,0.275801432750718,1.11021632773476,NA,0.244260180495789
"spherical","19666.png",19666,0.234817768284145,0.27597776640437,1.1085622983499,NA,0.245714477626428
"spherical","19669.png",19669,0.234877402283903,0.275964395166503,1.08905881943438,NA,0.245257524419609
"spherical","19672.png",19672,0.234938763373792,0.276067384831386,1.09780707949906,NA,0.245068811801452
"spherical","19675.png",19675,0.236559688750913,0.277485174533693,1.10460285012806,NA,0.246245349953065
"spherical","19679.png",19679,0.236851148408206,0.277737161328408,1.0885892785768,NA,0.244758694855449
"spherical","19682.png",19682,0.235614654308022,0.276578657690925,1.12891994443711,NA,0.242946798108332
"spherical","19685.png",19685,0.236519417167808,0.277571655423897,1.13865475837761,NA,0.245377316954024
"spherical","19688.png",19688,0.234923782955764,0.276056351038343,1.10724522289962,NA,0.244918427572124
"spherical","19691.png",19691,0.233632608532573,0.274799163541104,1.09645495970958,NA,0.24403277874155
"spherical","19695.png",19695,0.23732527969301,0.278122039572168,1.09484675233003,NA,0.246778833210608
"spherical","19698.png",19698,0.234511546624216,0.275444549902314,1.0974330651654,NA,0.240878880263772
"spherical","19701.png",19701,0.236154742066792,0.277163625949242,1.12318610393932,NA,0.243952901787365
"spherical","19704.png",19704,0.235171248205025,0.276122182479021,1.14390165790083,NA,0.243545762884344
"spherical","19707.png",19707,0.235225503238688,0.2763206930117,1.11510083711891,NA,0.245050674761889
"spherical","19711.png",19711,0.23388064605419,0.275032065954882,1.09673409893429,NA,0.243625398150739
"spherical","19714.png",19714,0.236764246360333,0.277564754135494,1.09694249885933,NA,0.245311702972793
"spherical","19717.png",19717,0.236523374394835,0.277374069175512,1.09660852742398,NA,0.244097491741419
"spherical","19720.png",19720,0.235457260980451,0.276481878579848,1.11280880027358,NA,0.24256863845744
"spherical","19723.png",19723,0.235904282561373,0.276837721912482,1.13567485471122,NA,0.244571471305224
"spherical","19727.png",19727,0.234747886371083,0.275798187355219,1.10273186735373,NA,0.244534941234313
"spherical","19730.png",19730,0.234267243283485,0.275318790890346,1.08300349377308,NA,0.244802988987775
"spherical","19733.png",19733,0.234284624793427,0.275270464210064,1.10635842851681,NA,0.244150794298096
"spherical","19736.png",19736,0.237135489729287,0.277968457092185,1.10004878708943,NA,0.246233547293906
"spherical","19739.png",19739,0.236098399482392,0.276973779342156,1.10612670171542,NA,0.243583548801788
"spherical","19743.png",19743,0.236169749776027,0.277281255605395,1.12189067148958,NA,0.243710882222778
"spherical","19746.png",19746,0.236047101135335,0.277026491215283,1.12288188110773,NA,0.245725907664656
"spherical","19749.png",19749,0.234134788798517,0.275333724507944,1.09046553486524,NA,0.244190905745141
"spherical","19752.png",19752,0.235580114771124,0.276612385678401,1.1013265367309,NA,0.246369006855691
"spherical","19755.png",19755,0.235707077201362,0.276685655396397,1.09220080548827,NA,0.245958510231546
"spherical","19759.png",19759,0.236019211025305,0.276975397211974,1.09789015924649,NA,0.243225205252775
"spherical","19762.png",19762,0.235583289424653,0.276533484312001,1.13566214060308,NA,0.242744441185879
"spherical","19765.png",19765,0.236509096576104,0.277485170240699,1.13350513167808,NA,0.246145582044474
"spherical","19768.png",19768,0.233919640717742,0.2751395584228,1.11148151096516,NA,0.244007498877346
"spherical","19771.png",19771,0.234719601010452,0.275870137531075,1.09265308044148,NA,0.244696494454502
"spherical","19775.png",19775,0.237068665786425,0.277997306296402,1.09008712158557,NA,0.245028853331612
"spherical","19778.png",19778,0.236574146952924,0.277351630396054,1.11926504177275,NA,0.243642891324235
"spherical","19781.png",19781,0.236510966618868,0.277467281919242,1.12621044077726,NA,0.245326755274592
"spherical","19784.png",19784,0.235487192996872,0.276571659884412,1.11528854303349,NA,0.245291576432186
"spherical","19787.png",19787,0.234958313405218,0.276025967736292,1.09341192862134,NA,0.245453992699116
"spherical","19791.png",19791,0.23566575984617,0.276562731347523,1.11042094679753,NA,0.245211926000411
"spherical","19794.png",19794,0.236901575204188,0.277840718705906,1.08512591240615,NA,0.244784639689026
"spherical","19797.png",19797,0.235015044009584,0.275948625050724,1.1189211267162,NA,0.241984246782091
"spherical","19800.png",19800,0.235082746768965,0.275995957758842,1.13201706570267,NA,0.244302597051264
"spherical","19803.png",19803,0.232962538719625,0.274297424385733,1.08771844423023,NA,0.242502748829209
"spherical","19807.png",19807,0.236209055237248,0.277094772265851,1.10469609130122,NA,0.245857384304316
"spherical","19810.png",19810,0.236673245018238,0.277636728018158,1.10245268380986,NA,0.244030997079797
"spherical","19813.png",19813,0.237210408382028,0.278126149488415,1.1282410732142,NA,0.245344769812578
"spherical","19816.png",19816,0.23596453674134,0.276936636775913,1.11581378389208,NA,0.244989542859344
"spherical","19819.png",19819,0.235674672459485,0.276758018052462,1.11332618437998,NA,0.245928672022073
"spherical","19823.png",19823,0.235032661132718,0.276183677784092,1.10013099344522,NA,0.245421386928573
"spherical","19826.png",19826,0.236413138823743,0.277354181269099,1.10103077769578,NA,0.246697039412419
"spherical","19829.png",19829,0.235589704427222,0.276527913607375,1.09447847220759,NA,0.242606963137161
"spherical","19832.png",19832,0.235543624893898,0.276466247037003,1.12223014114737,NA,0.244348590172246
"spherical","19835.png",19835,0.234420095938723,0.275630176255535,1.09486417566538,NA,0.244573912270677
"spherical","19839.png",19839,0.235837386897055,0.276858578901753,1.10399645886043,NA,0.245686383368873
"spherical","19842.png",19842,0.237063694158173,0.277937441694605,1.09866093834443,NA,0.245712487634007
"spherical","19845.png",19845,0.236426921327586,0.277308627665853,1.10487972151525,NA,0.243796810342193
"spherical","19848.png",19848,0.234738681438318,0.275670426465539,1.12203096918159,NA,0.241995920902802
"spherical","19851.png",19851,0.235252564118787,0.276249792062276,1.13386217961754,NA,0.243833343164068
"spherical","19855.png",19855,0.234279477988119,0.275402062951682,1.11189106080963,NA,0.244614722204741
"spherical","19858.png",19858,0.234081430400479,0.27512301810754,1.10372578527921,NA,0.244290069587463
"spherical","19861.png",19861,0.236626384510815,0.277610374492435,1.09098562601893,NA,0.246202788521423
"spherical","19864.png",19864,0.236333792910727,0.2772080720493,1.1018642253222,NA,0.243337870373053
"spherical","19867.png",19867,0.237489516882941,0.278241991237518,1.10709008101688,NA,0.247279677418927
"spherical","19871.png",19871,0.234536229366091,0.275627347240556,1.09961143211547,NA,0.24528380813204
"spherical","19874.png",19874,0.236954273338127,0.277795168264047,1.09594055381992,NA,0.246405650864198
"spherical","19877.png",19877,0.234906077851243,0.275890857897649,1.09225329430067,NA,0.242163652922954
"spherical","19880.png",19880,0.23576438303153,0.276782749554411,1.1210366590198,NA,0.244827291562767
"spherical","19883.png",19883,0.234811512511273,0.275829384852995,1.10961765536261,NA,0.244842516049114
"spherical","19887.png",19887,0.233957090850284,0.275112012249982,1.10686528488489,NA,0.244537167300586
"spherical","19890.png",19890,0.236017954169875,0.277003745126612,1.11750240870251,NA,0.246409713288494
"spherical","19893.png",19893,0.238325254503412,0.279128522200009,1.09903789239449,NA,0.24778154185317
"spherical","19896.png",19896,0.234440841925111,0.275385244668375,1.12771319625199,NA,0.241198454033174
"spherical","19899.png",19899,0.234299334375341,0.275591715910165,1.10214384703058,NA,0.244276695737567
"spherical","19903.png",19903,0.235789282160693,0.276807651916875,1.09213085632588,NA,0.245960756780805
"spherical","19906.png",19906,0.236677034227005,0.27764705279245,1.09915075108086,NA,0.244678526920693
"spherical","19909.png",19909,0.235179356575384,0.276157558785892,1.10297335456517,NA,0.242201251192516
"spherical","19912.png",19912,0.235579715741949,0.276640430462281,1.09998838598153,NA,0.244223940517939
"spherical","19915.png",19915,0.23491737338777,0.276040061190636,1.10990306945622,NA,0.245415936649104
"spherical","19919.png",19919,0.233899933966724,0.275101053349543,1.07903920140709,NA,0.243366795379295
"spherical","19922.png",19922,0.23440588140701,0.27551476639607,1.09598900204333,NA,0.242874208306468
"spherical","19925.png",19925,0.236993973421613,0.277938809036067,1.10059682840156,NA,0.244049273904915
"spherical","19928.png",19928,0.234460379009105,0.275721300258723,1.09543752699738,NA,0.24068825125619
"spherical","19931.png",19931,0.234036659948673,0.275348731786319,1.07724086796379,NA,0.243458617839305
"spherical","19935.png",19935,0.236418028876855,0.277567901511259,1.07213665503849,NA,0.243313217409173
"spherical","19938.png",19938,0.235083420722761,0.276289391442677,1.09406996146781,NA,0.240472307524412
"spherical","19941.png",19941,0.235742807764521,0.276873960109275,1.10130226944525,NA,0.242510145466757
"spherical","19944.png",19944,0.233557392615669,0.274873907862742,1.11325288004755,NA,0.242129852389518
"spherical","19947.png",19947,0.235025220870616,0.276180147397086,1.11900928805457,NA,0.244014427679529
"spherical","19951.png",19951,0.237939038059709,0.278854749916765,1.12710032270575,NA,0.245970003861933
"spherical","19954.png",19954,0.238032144809765,0.278829451189293,1.1322360070512,NA,0.244769312530379
"spherical","19957.png",19957,0.235237135154268,0.276331273281731,1.11897476134749,NA,0.242993688375086
"spherical","19960.png",19960,0.234559891346253,0.275879870168039,1.13751944923658,NA,0.243541770788103
"spherical","19963.png",19963,0.235316872481853,0.276436425547364,1.1459387628511,NA,0.243809417597672
"spherical","19967.png",19967,0.235817693528471,0.276942964759533,1.15468707082275,NA,0.241273578016575
"spherical","19970.png",19970,0.236348835417227,0.277398239809894,1.14387495066815,NA,0.243010048813486
"spherical","19973.png",19973,0.23456309976193,0.275802286614611,1.14792413976612,NA,0.243647105662616
"spherical","19976.png",19976,0.235344143139459,0.276399203568437,1.1385444206424,NA,0.245299179474643
"spherical","19979.png",19979,0.237498738385557,0.278361945984983,1.1097919683392,NA,0.246317021281112
"spherical","19983.png",19983,0.236217358692513,0.277174926899132,1.15114213179905,NA,0.242933574951055
"spherical","19986.png",19986,0.235287255475748,0.276505029385668,1.16256942411163,NA,0.242742200573188
"spherical","19989.png",19989,0.236174894076138,0.277128623232222,1.11219010826702,NA,0.246905567503644
"spherical","19992.png",19992,0.233713627570333,0.274810318483682,1.09906362003471,NA,0.243794743813283
"spherical","19995.png",19995,0.236332479856364,0.277342786936963,1.10676700330045,NA,0.244207750095266
"spherical","19999.png",19999,0.235451322093307,0.276491239034187,1.1411179404405,NA,0.243134390969613
"spherical","20002.png",20002,0.235995381290457,0.276931825412193,1.12643799002402,NA,0.245406089581363
"spherical","20005.png",20005,0.233553327561255,0.274821491788076,1.08719661614246,NA,0.244100160297976
"spherical","20008.png",20008,0.237247338910254,0.27810207540796,1.10577890430085,NA,0.247266203842776
"spherical","20011.png",20011,0.236010808209549,0.277076010820206,1.07411230415753,NA,0.244116034619936
"spherical","20015.png",20015,0.236262232930082,0.27720741040691,1.12312735086906,NA,0.244839114710282
"spherical","20018.png",20018,0.234625856170437,0.275717108014874,1.13141963506133,NA,0.244998849655042
"spherical","20021.png",20021,0.234892752777866,0.276016907715132,1.08878404680129,NA,0.24506243308278
"spherical","20024.png",20024,0.236179681924836,0.277277043670909,1.10213997690992,NA,0.24382429214885
"spherical","20027.png",20027,0.236428439937346,0.277432167304761,1.11851684564652,NA,0.244120293985871
"spherical","20031.png",20031,0.234426817580384,0.275657732445906,1.09925021372307,NA,0.24475133729573
"spherical","20034.png",20034,0.23518702490536,0.276222056688923,1.11585154098704,NA,0.245713378755962
"spherical","20037.png",20037,0.235814805580336,0.276813784846257,1.09583427525377,NA,0.243520924974392
"spherical","20040.png",20040,0.235052562459412,0.27605086073621,1.11692853236121,NA,0.241760925183445
"spherical","20043.png",20043,0.235495493244725,0.276579765435042,1.13360285139246,NA,0.243503740441188
"spherical","20047.png",20047,0.234759738661746,0.275822710109623,1.11392805506849,NA,0.245392136179272
"spherical","20050.png",20050,0.236936482396837,0.277866220531192,1.0871044437319,NA,0.246361447081145
"spherical","20053.png",20053,0.236294665373838,0.277273761005346,1.10166277067186,NA,0.243456120970085
"spherical","20056.png",20056,0.23603648776844,0.277045440283356,1.10872877565039,NA,0.245299025979097
"spherical","20059.png",20059,0.23527043139847,0.276425347110084,1.08979617748978,NA,0.24559402026434
"spherical","20063.png",20063,0.236788616021943,0.277767186486604,1.10771329028664,NA,0.245768056662147
"spherical","20066.png",20066,0.236193945966547,0.277267672509933,1.10092086377419,NA,0.243263908916452
"spherical","20069.png",20069,0.236137473486752,0.277037165542078,1.11009690129889,NA,0.243690585656118
"spherical","20072.png",20072,0.235388683795917,0.276341931233283,1.11936939466008,NA,0.244696802790253
"spherical","20075.png",20075,0.234959179918044,0.276016229771272,1.09230405625789,NA,0.245615248450053
"spherical","20079.png",20079,0.235908352602481,0.27699451534267,1.10938767949879,NA,0.242978235051895
"spherical","20082.png",20082,0.236553306687341,0.277495162366205,1.13154126070501,NA,0.245674162438947
"spherical","20085.png",20085,0.234843515776035,0.275986136123813,1.09120339279416,NA,0.245502699971697
"spherical","20088.png",20088,0.235859826909428,0.276865871683082,1.09248545699921,NA,0.246157799443733
"spherical","20091.png",20091,0.236006539304662,0.277143773777237,1.10169755439027,NA,0.24365907337886
"spherical","20095.png",20095,0.236554919427802,0.277458373858663,1.1200231256677,NA,0.246445139175937
"spherical","20098.png",20098,0.23624979717723,0.277176843449207,1.11840766010605,NA,0.246324996803393
"spherical","20101.png",20101,0.23516994246219,0.27639442063748,1.09209402619729,NA,0.24579699083277
"spherical","20104.png",20104,0.234463269450304,0.275522533262148,1.08783011216092,NA,0.245006840740717
"spherical","20107.png",20107,0.23733295391316,0.278230053675514,1.09374408689466,NA,0.246746506490708
"spherical","20111.png",20111,0.236614975933272,0.277572666405254,1.12999818370822,NA,0.244962958392792
"spherical","20114.png",20114,0.234458618648034,0.275557313079002,1.10139868673034,NA,0.245200112711722
"spherical","20117.png",20117,0.237133777873387,0.277987670243724,1.09219259839137,NA,0.246699599557664
"spherical","20120.png",20120,0.235477726999886,0.276595346061257,1.12157747673099,NA,0.242768397213811
"spherical","20123.png",20123,0.233918225621869,0.275001390691619,1.12431150200421,NA,0.243551795606043
"spherical","20127.png",20127,0.236436755155438,0.277446889469879,1.0974841821131,NA,0.246516096989734
"spherical","20130.png",20130,0.236288097281575,0.277334195065341,1.09790198391917,NA,0.244180883197238
"spherical","20133.png",20133,0.23565056039046,0.276645841271151,1.11719755976071,NA,0.242870631907371
"spherical","20136.png",20136,0.235436639100762,0.276493286267462,1.13105594936014,NA,0.243864704993212
"spherical","20139.png",20139,0.234048985510423,0.275260727236167,1.09803638530993,NA,0.244613213822653
"spherical","20143.png",20143,0.236134728625226,0.277127636078604,1.10700803055488,NA,0.246190172268289
"spherical","20146.png",20146,0.236306541596336,0.277250589952202,1.09809437413789,NA,0.243735813954718
"spherical","20149.png",20149,0.236486708822011,0.277469612526011,1.11267636184736,NA,0.245401778800025
"spherical","20152.png",20152,0.234325170087403,0.275484672517654,1.09948393857708,NA,0.244557862220661
"spherical","20155.png",20155,0.235388224576285,0.276402288605095,1.10654885527234,NA,0.246051426610242
"spherical","20159.png",20159,0.235375554346403,0.276502470081024,1.09595393217589,NA,0.242458451180105
"spherical","20162.png",20162,0.235142278878552,0.276233426924707,1.11728673439901,NA,0.242984018488416
"spherical","20165.png",20165,0.235574610455152,0.276485936823787,1.10024660053795,NA,0.245439534045415
"spherical","20168.png",20168,0.234207434896092,0.275286741817486,1.09976887177869,NA,0.244914075578156
"spherical","20171.png",20171,0.237193762742037,0.278114968360134,1.09293323739117,NA,0.246611123255901
"spherical","20175.png",20175,0.236980950206347,0.277889237074937,1.1226089790381,NA,0.245962656043877
"spherical","20178.png",20178,0.234857769634003,0.275971519671787,1.09478349659609,NA,0.245590026826195
"spherical","20181.png",20181,0.235659999298443,0.276693073849837,1.10753487078743,NA,0.246001970510302
"spherical","20184.png",20184,0.235481102290389,0.276510098324004,1.11122964662881,NA,0.242791501429438
"spherical","20187.png",20187,0.236707232986131,0.277672786637149,1.13099524110143,NA,0.245948471145313
"spherical","20191.png",20191,0.234936904355189,0.275999566021892,1.09686391297504,NA,0.246145888691614
"spherical","20194.png",20194,0.235373869853058,0.276397168462613,1.10360192265105,NA,0.246053275945889
"spherical","20197.png",20197,0.23558206624736,0.276739408807921,1.0918068565323,NA,0.243414869953983
"spherical","20200.png",20200,0.236673905798564,0.277602798956818,1.11078096872051,NA,0.245120902769581
"spherical","20203.png",20203,0.235081013909414,0.276189489486495,1.10566064715058,NA,0.24554675260281
"spherical","20207.png",20207,0.237306133165974,0.278162880497927,1.09585502307133,NA,0.247822869676968
"spherical","20210.png",20210,0.235642447307251,0.276529036788081,1.11706693157725,NA,0.24301956702952
"spherical","20213.png",20213,0.235731158426085,0.276658693178312,1.11437554281434,NA,0.246350806730614
"spherical","20216.png",20216,0.235077255277557,0.276082566866817,1.1037491080351,NA,0.245804069271861
"spherical","20219.png",20219,0.236381882107983,0.277358535905561,1.09834906756512,NA,0.245448229669587
"spherical","20223.png",20223,0.236138830173043,0.277116385795477,1.13272076645395,NA,0.244362045441142
"spherical","20226.png",20226,0.234703199602918,0.275751920780567,1.13034459342924,NA,0.24518403219333
"spherical","20229.png",20229,0.233885688052136,0.275172592904684,1.08980690649489,NA,0.244606483514478
"spherical","20232.png",20232,0.236389026494163,0.277299389670711,1.09376903673249,NA,0.246373867076646
"spherical","20235.png",20235,0.236474828046968,0.277510033538203,1.12379830608307,NA,0.244351317313669
"spherical","20239.png",20239,0.236609316174611,0.277557200719796,1.12207594867826,NA,0.245976754112541
"spherical","20242.png",20242,0.233518801512738,0.274700783681146,1.10874745323233,NA,0.244119844256643
"spherical","20245.png",20245,0.237011257805226,0.277927921443982,1.09931918607879,NA,0.247195326853002
"spherical","20248.png",20248,0.235892198639294,0.276825481921344,1.11063239287525,NA,0.243376698975753
"spherical","20251.png",20251,0.23611332853746,0.27705225569414,1.1233577374758,NA,0.246462858602484
"spherical","20255.png",20255,0.234223805278139,0.275366034112118,1.09354603390735,NA,0.245249215263716
"spherical","20258.png",20258,0.235970659013481,0.276980578071504,1.10296068204439,NA,0.246978745605472
"spherical","20261.png",20261,0.236230160294136,0.277229255611809,1.10071844090107,NA,0.243939594764667
"spherical","20264.png",20264,0.236706340258088,0.277599886226083,1.11402786409056,NA,0.246453734312744
"spherical","20267.png",20267,0.235412317591013,0.276506775489525,1.08635435846392,NA,0.246649465003653
"spherical","20271.png",20271,0.236793923413096,0.2777095270867,1.09517992788195,NA,0.246549514350094
"spherical","20274.png",20274,0.236507549232663,0.27749767141572,1.13193426938584,NA,0.245032024869152
"spherical","20277.png",20277,0.235664180392546,0.27677708421136,1.09180503072111,NA,0.24693223133663
"spherical","20280.png",20280,0.23525220102546,0.276326173635442,1.10118306202518,NA,0.246245728875771
"spherical","20283.png",20283,0.235940468803035,0.277026213468005,1.10648661751751,NA,0.24403726395605
"spherical","20287.png",20287,0.235736618661819,0.276773346397482,1.1290940091352,NA,0.2443633224404
"spherical","20290.png",20290,0.234878036378097,0.275952212565709,1.11461444199614,NA,0.245835179865017
"spherical","20293.png",20293,0.233634431976543,0.274865241797974,1.10519346261536,NA,0.245212049100632
"spherical","20296.png",20296,0.236313525992827,0.277257374843392,1.09674418836107,NA,0.246730598588441
"spherical","20299.png",20299,0.236763465954831,0.277695986331482,1.09029385065583,NA,0.244693424397512
"spherical","20303.png",20303,0.235121721111235,0.276162539283368,1.11513094293836,NA,0.246641209480604
"spherical","20306.png",20306,0.235872572284761,0.276883757226473,1.10629484153267,NA,0.247148745104282
"spherical","20309.png",20309,0.236443410060414,0.277394129787271,1.08073715506306,NA,0.244922259512629
"spherical","20312.png",20312,0.235743826962171,0.276724603589438,1.13357574773248,NA,0.244805157935537
"spherical","20315.png",20315,0.234918181157438,0.276064271660419,1.09418642225041,NA,0.245945697662638
"spherical","20319.png",20319,0.236323605540873,0.277281516751533,1.10163926686083,NA,0.247155359069046
"spherical","20322.png",20322,0.235726139038911,0.276807541529685,1.10205300345474,NA,0.243762285565725
"spherical","20325.png",20325,0.236687613583322,0.277657958891787,1.1182010781582,NA,0.246281322449373
"spherical","20328.png",20328,0.234513298794429,0.27560058959658,1.09313158431836,NA,0.246274633696871
"spherical","20331.png",20331,0.235886411285243,0.276856582225404,1.10275458626368,NA,0.246477062839311
"spherical","20335.png",20335,0.235638549224799,0.276634688455012,1.11902180218902,NA,0.243467772592261
"spherical","20338.png",20338,0.235956264452087,0.276951642768741,1.09360998762397,NA,0.247312583333331
"spherical","20341.png",20341,0.235438515602216,0.276517720486868,1.0943085403742,NA,0.247412401756964
"spherical","20344.png",20344,0.235988150331882,0.276904696123257,1.09284105819418,NA,0.246611624306506
"spherical","20347.png",20347,0.235772097389762,0.276801649938215,1.10426883816886,NA,0.244509423927386
"spherical","20351.png",20351,0.235728348715349,0.276822675634005,1.12979185976468,NA,0.243948561284924
"spherical","20354.png",20354,0.236420971381707,0.277312900518217,1.1277792236175,NA,0.247740557199151
"spherical","20357.png",20357,0.235404623246701,0.276381808269872,1.10038688882132,NA,0.247885210664257
"spherical","20360.png",20360,0.235588986738594,0.276539958387048,1.09553022317124,NA,0.244353318429419
"spherical","20363.png",20363,0.236213658872291,0.277086500952803,1.11660027315156,NA,0.247480697154864
"spherical","20367.png",20367,0.234726317464571,0.275833364905139,1.11025037330929,NA,0.246604499947863
"spherical","20370.png",20370,0.235806704660892,0.27677068911835,1.09424160123316,NA,0.244221876140024
"spherical","20373.png",20373,0.236267370504381,0.277303682372544,1.11725565988271,NA,0.247567241418924
"spherical","20376.png",20376,0.234043108464859,0.27524756805011,1.09667463999759,NA,0.246317190106105
"spherical","20379.png",20379,0.235992144670973,0.276988094476961,1.10222889072147,NA,0.248102242972721
"spherical","20383.png",20383,0.23599867626875,0.277009011389618,1.10076467073974,NA,0.245337407956224
"spherical","20386.png",20386,0.236145658544564,0.277222432667127,1.11609741346833,NA,0.245418297243827
"spherical","20389.png",20389,0.235618173303408,0.276642440630115,1.10867139792675,NA,0.247093963301285
"spherical","20392.png",20392,0.233453233852005,0.274667417772938,1.09715639209641,NA,0.246001389502644
"spherical","20395.png",20395,0.236993096868792,0.277837721564349,1.08377611307133,NA,0.248588508564505
"spherical","20399.png",20399,0.236829154447328,0.277741840390909,1.12010413146314,NA,0.245584799214471
"spherical","20402.png",20402,0.235184076815251,0.276262596149847,1.09795214356961,NA,0.246870702968512
"spherical","20405.png",20405,0.2351807880338,0.276179606185357,1.10918192000489,NA,0.247199894229465
"spherical","20408.png",20408,0.236121568562539,0.27714272889812,1.1002091772351,NA,0.245760436908611
"spherical","20411.png",20411,0.235406618080345,0.276373279886896,1.11356954616849,NA,0.244523689997427
"spherical","20415.png",20415,0.235074910312458,0.276111225777523,1.10749493270712,NA,0.246897476843417
"spherical","20418.png",20418,0.236193440843603,0.277168267909767,1.11247333226027,NA,0.249123532083918
"spherical","20421.png",20421,0.236118267695664,0.277074880999901,1.09135271543594,NA,0.24658368849885
"spherical","20424.png",20424,0.236137245408932,0.27712293494377,1.11655232748977,NA,0.245334959727767
"spherical","20427.png",20427,0.236222487444839,0.277162695899621,1.12431803407948,NA,0.248225474361602
"spherical","20431.png",20431,0.235276464815261,0.276315842215303,1.10926687396089,NA,0.248068695592585
"spherical","20434.png",20434,0.23491572740628,0.276052020142672,1.09361314841823,NA,0.244732797911886
"spherical","20437.png",20437,0.235680762851827,0.276685297067062,1.12128623612931,NA,0.244896224197754
"spherical","20440.png",20440,0.235759969221504,0.276753570317866,1.10582914987185,NA,0.247516561345022
"spherical","20443.png",20443,0.234383574245361,0.275478875806149,1.10553611397974,NA,0.247007589918333
"spherical","20447.png",20447,0.235123948475099,0.276323518776404,1.09159973987813,NA,0.244486415041847
"spherical","20450.png",20450,0.235970923177165,0.276985037210395,1.11792659908524,NA,0.244685911568279
"spherical","20453.png",20453,0.236814544183996,0.277711515407427,1.11390116149394,NA,0.248757173192587
"spherical","20456.png",20456,0.234813129276717,0.276032982927631,1.10541084204651,NA,0.247340497412238
"spherical","20459.png",20459,0.23503304929784,0.276125479256149,1.10257262893569,NA,0.244755329928269
"spherical","20463.png",20463,0.235598149500445,0.276638398676538,1.119232028568,NA,0.245137935699797
"spherical","20466.png",20466,0.234191720377795,0.275331508422015,1.0951360318381,NA,0.246306395211802
"spherical","20469.png",20469,0.23603321999483,0.277015756617073,1.09983081729962,NA,0.24882899670752
"spherical","20472.png",20472,0.235774396304819,0.276780179921325,1.09174466906155,NA,0.245181950591084
"spherical","20475.png",20475,0.235816680908987,0.276829789318761,1.12871175718455,NA,0.245683585953744
"spherical","20479.png",20479,0.236365460210367,0.277391199167029,1.12416470692097,NA,0.248032557244334
"spherical","20482.png",20482,0.233866900737652,0.275025204814983,1.10040773160844,NA,0.246538206833428
"spherical","20485.png",20485,0.236245632919166,0.277161766150384,1.11824129195423,NA,0.248271924209577
"spherical","20488.png",20488,0.236104817516425,0.27704133473949,1.10046940017469,NA,0.245620201826465
"spherical","20491.png",20491,0.236068651765909,0.276956295644285,1.12231416037749,NA,0.24674419000212
"spherical","20495.png",20495,0.234408841515533,0.275616335737222,1.1071227592876,NA,0.246828827431172
"spherical","20498.png",20498,0.234262337240619,0.275485264082804,1.10736015379391,NA,0.243365990871004
"spherical","20501.png",20501,0.236009276418306,0.277020352054565,1.12245702074723,NA,0.245534285025872
"spherical","20504.png",20504,0.235912731352002,0.276900510181866,1.12088828044204,NA,0.247281384026958
"spherical","20507.png",20507,0.235395590610209,0.276435928578617,1.11107534127817,NA,0.24798741706757
"spherical","20511.png",20511,0.234578865416209,0.275778231798238,1.10885501899618,NA,0.247846173759639
"spherical","20514.png",20514,0.23584832959776,0.276819140801601,1.09746730398508,NA,0.247024424996853
"spherical","20517.png",20517,0.236059325433532,0.277125820689866,1.12622510265286,NA,0.246304017027734
"spherical","20520.png",20520,0.234716917654795,0.275740510831345,1.0952084266508,NA,0.247326835167732
"spherical","20523.png",20523,0.236522132600339,0.277420281628822,1.09803033072406,NA,0.2477925355727
"spherical","20527.png",20527,0.235295109880341,0.27629150192783,1.10978687311706,NA,0.244884152581898
"spherical","20530.png",20530,0.236881507359946,0.277724719475092,1.11574789060769,NA,0.248383978556408
"spherical","20533.png",20533,0.233110788622552,0.274284437811539,1.08758027310302,NA,0.245305496190062
"spherical","20536.png",20536,0.236510881917278,0.277361907530011,1.10853897767598,NA,0.249242185879833
"spherical","20539.png",20539,0.236135126929341,0.27714686786511,1.10879295286582,NA,0.246265273149016
"spherical","20543.png",20543,0.235741696091514,0.276809877311419,1.12693310549874,NA,0.245232491823145
"spherical","20546.png",20546,0.235756622712899,0.276777978033163,1.10375598663703,NA,0.247887287719246
"spherical","20549.png",20549,0.234920211251022,0.276053052873742,1.10371670044317,NA,0.248218725051775
"spherical","20552.png",20552,0.236255324333869,0.277239714349785,1.08982026220011,NA,0.246830044703946
"spherical","20555.png",20555,0.236080479118582,0.277202931443057,1.12274758310727,NA,0.24553836262556
"spherical","20559.png",20559,0.23459061243972,0.275729381970666,1.10969097657079,NA,0.246321987441831
"spherical","20562.png",20562,0.234184264516751,0.275334131934912,1.10825529696573,NA,0.246514498849471
"spherical","20565.png",20565,0.235214648769679,0.276334021820128,1.10772436640254,NA,0.244588751808634
"spherical","20568.png",20568,0.237301213797421,0.278136594246168,1.12916055373722,NA,0.247871927394302
"spherical","20571.png",20571,0.23567352935638,0.276634941676522,1.10422611234429,NA,0.248210763328274
"spherical","20575.png",20575,0.234571299698309,0.275679738173072,1.10704216918376,NA,0.247628801100516
"spherical","20578.png",20578,0.237239125043557,0.278045652878457,1.0964876832792,NA,0.248283467772494
"spherical","20581.png",20581,0.23592163920813,0.276987887598118,1.13204674036905,NA,0.245467685165828
"spherical","20584.png",20584,0.2353394963283,0.27638854371565,1.10743156995629,NA,0.247301235421894
"spherical","20587.png",20587,0.233983761131305,0.275138943824807,1.0997606254454,NA,0.246829175830749
"spherical","20591.png",20591,0.236237144540844,0.277143114419896,1.1069657350856,NA,0.249070594844644
"spherical","20594.png",20594,0.235815851724321,0.276877225166525,1.09720674593765,NA,0.24611849577621
"spherical","20597.png",20597,0.236568207720769,0.277427223243475,1.12550613232986,NA,0.247591760701811
"spherical","20600.png",20600,0.234953732582274,0.276022326965645,1.09344403474093,NA,0.247275179254494
"spherical","20603.png",20603,0.234587211202565,0.275707168558839,1.11057930882877,NA,0.247498338849855
"spherical","20607.png",20607,0.234881259005657,0.275897650258166,1.11038614262158,NA,0.244154429931855
"spherical","20610.png",20610,0.236103240278154,0.277070905315923,1.12217745564964,NA,0.247714747030393
"spherical","20613.png",20613,0.233142635926145,0.274358369997971,1.10774367098673,NA,0.245802693988851
"spherical","20616.png",20616,0.235778382074751,0.276757372513278,1.0927468372,NA,0.246528475249108
"spherical","20619.png",20619,0.235600895752991,0.276601486634911,1.12245565541649,NA,0.245178986889973
"spherical","20623.png",20623,0.236453216691414,0.277303931993418,1.11953206277787,NA,0.248423308545298
"spherical","20626.png",20626,0.235011142857592,0.276047211105968,1.11078838627425,NA,0.247406166157291
"spherical","20629.png",20629,0.234225763628004,0.27544898007078,1.09791573424438,NA,0.247380802175383
"spherical","20632.png",20632,0.23621195456867,0.277110385119846,1.10765330531913,NA,0.247683420783071
"spherical","20635.png",20635,0.235562998926349,0.276643790886082,1.10023853147849,NA,0.24560162666864
"spherical","20639.png",20639,0.236502289603008,0.277459590996657,1.11215197131894,NA,0.247157816665896
"spherical","20642.png",20642,0.235178894637228,0.27624517605417,1.11649090967916,NA,0.247662205929694
"spherical","20645.png",20645,0.23413161250505,0.275329746517947,1.10654756512053,NA,0.247381239224422
"spherical","20648.png",20648,0.234870675515854,0.276051557838973,1.11202413074212,NA,0.24448319325477
"spherical","20651.png",20651,0.237205880388836,0.277982948678758,1.1340330441964,NA,0.248190487972215
"spherical","20655.png",20655,0.233284722081642,0.274612569131019,1.09841095829401,NA,0.246599569878498
"spherical","20658.png",20658,0.235297271492571,0.276410013472795,1.13020955892616,NA,0.247341572573701
"spherical","20661.png",20661,0.23657634066852,0.277619125224724,1.10352018352308,NA,0.246722714589249
"spherical","20664.png",20664,0.235945579502807,0.276969392028469,1.13490880203819,NA,0.245736609881257
"spherical","20667.png",20667,0.236680110055677,0.277662741287097,1.10400134618947,NA,0.249158460762081
"spherical","20671.png",20671,0.235125504674293,0.276171551128985,1.09465350796944,NA,0.247933986934487
"spherical","20674.png",20674,0.235797716241859,0.276845418375631,1.10211414167418,NA,0.24893771405133
"spherical","20677.png",20677,0.236256920274114,0.277229364484257,1.10121514742666,NA,0.247078096743618
"spherical","20680.png",20680,0.236385778325767,0.277333520957985,1.11962206775337,NA,0.246541846910273
"spherical","20683.png",20683,0.235260264727846,0.27633827398377,1.09993463325267,NA,0.247016364593182
"spherical","20687.png",20687,0.234420082136358,0.27564599884358,1.1008600848837,NA,0.24717442639933
"spherical","20690.png",20690,0.235947417531626,0.277068406058646,1.09755209867532,NA,0.246250407179706
"spherical","20693.png",20693,0.234668976650421,0.275855166618624,1.09402949459432,NA,0.243927046098959
"spherical","20696.png",20696,0.236418737076449,0.277291560624805,1.1329412313018,NA,0.247646582387199
"spherical","20699.png",20699,0.235904003575536,0.276953727556087,1.10349931106887,NA,0.248394175256335
"spherical","20703.png",20703,0.235732077374039,0.27675998152907,1.10632787451516,NA,0.248870245500886
"spherical","20706.png",20706,0.236948316974414,0.277896818032637,1.09606104146969,NA,0.2481931773946
"spherical","20709.png",20709,0.235279761581681,0.276378081199165,1.10933351841913,NA,0.244373827448972
"spherical","20712.png",20712,0.236396684657788,0.277397732319465,1.10909051355355,NA,0.248209770052481
"spherical","20715.png",20715,0.234292984977403,0.275503679110414,1.09641121779644,NA,0.247590505147758
"spherical","20719.png",20719,0.23643022460044,0.277328145628815,1.10120772711279,NA,0.248040472843878
"spherical","20722.png",20722,0.234922776698511,0.276005506522198,1.11208396459794,NA,0.24450868472399
"spherical","20725.png",20725,0.235426753754367,0.276491592686,1.11687855619918,NA,0.245678812588544
"spherical","20728.png",20728,0.236977411711194,0.277758656083383,1.12026208694053,NA,0.248870988914749
"spherical","20732.png",20732,0.234510215937635,0.275586135370686,1.09729920025672,NA,0.247703771534656
"spherical","20735.png",20735,0.236918789512197,0.277810511236047,1.10613971886783,NA,0.24956671037394
"spherical","20738.png",20738,0.23468908116203,0.275857954433104,1.09380981421345,NA,0.245067100852732
"spherical","20741.png",20741,0.235743985187886,0.276766630158283,1.11565964160964,NA,0.245991939232334
"spherical","20744.png",20744,0.235563245563717,0.276597818167075,1.10085158384801,NA,0.248040367293423
"spherical","20748.png",20748,0.23505177379499,0.276061443122718,1.09254370614994,NA,0.248412667865278
"spherical","20751.png",20751,0.235142520132986,0.276241977197684,1.11291316099327,NA,0.248174661036285
"spherical","20754.png",20754,0.23564531915437,0.276706423922682,1.10462335171377,NA,0.249393351934769
"spherical","20757.png",20757,0.236412816918507,0.277387765542303,1.09817606982649,NA,0.247236736562567
"spherical","20760.png",20760,0.236492555988406,0.277478512971434,1.12290060682423,NA,0.246675552292733
"spherical","20764.png",20764,0.234972497325697,0.275922318300509,1.09637741024462,NA,0.248318017035604
"spherical","20767.png",20767,0.234436796679646,0.275613610522796,1.10078062662747,NA,0.247746397056104
"spherical","20770.png",20770,0.237175295031841,0.27797430488649,1.09679665847357,NA,0.248820300711909
"spherical","20773.png",20773,0.235339828563413,0.276294063288648,1.1230706922452,NA,0.245156252700531
"spherical","20776.png",20776,0.236057092171716,0.276966886856423,1.12065107228359,NA,0.247535181338132
"spherical","20780.png",20780,0.234803495344061,0.275729058895827,1.08675208931622,NA,0.248335525987021
"spherical","20783.png",20783,0.235673968484924,0.276740565651265,1.09889982395448,NA,0.249409198913658
"spherical","20786.png",20786,0.23559909211754,0.276567608637712,1.0915692291917,NA,0.247031952500216
"spherical","20789.png",20789,0.234951946514633,0.276068861925227,1.1146809129842,NA,0.245216291544028
"spherical","20792.png",20792,0.235099602704143,0.276180888716143,1.12088403229464,NA,0.244864471354003
"spherical","20796.png",20796,0.236632225762149,0.277516999871278,1.10661118220435,NA,0.249385726797893
"spherical","20799.png",20799,0.234156555013304,0.275231130813779,1.09642934277129,NA,0.247649509564817
"spherical","20802.png",20802,0.23500151426166,0.276076164836,1.11789870196894,NA,0.248304934584697
"spherical","20805.png",20805,0.236516105137543,0.277481142791224,1.09553423085627,NA,0.247441714917938
"spherical","20808.png",20808,0.236268426254649,0.27726432630881,1.12935489341086,NA,0.246582605612339
"spherical","20812.png",20812,0.236192303288316,0.277139741362068,1.10006145664036,NA,0.249100778196161
"spherical","20815.png",20815,0.233506640714536,0.274580723511259,1.10118995365444,NA,0.246703130626298
"spherical","20818.png",20818,0.235287517483799,0.276396306346517,1.10683378167899,NA,0.249026492947824
"spherical","20821.png",20821,0.235987721599889,0.276850584400113,1.09669913886261,NA,0.248108134830101
"spherical","20824.png",20824,0.235472869432759,0.276517694471731,1.10289276970367,NA,0.245731018261571
"spherical","20828.png",20828,0.236327810974409,0.277279540329191,1.11566777445851,NA,0.248433117855171
"spherical","20831.png",20831,0.234271620525825,0.275280353639485,1.10585973231279,NA,0.247688086075001
"spherical","20834.png",20834,0.235447374602232,0.276517470934714,1.10599025883822,NA,0.248601958517773
"spherical","20837.png",20837,0.237364446070528,0.278201240927195,1.09736131352356,NA,0.249931193416021
"spherical","20840.png",20840,0.236580328245461,0.277482439221333,1.10780024132139,NA,0.247099337100794
"spherical","20844.png",20844,0.235408766204843,0.276467160777988,1.13749642659214,NA,0.244566149993693
"spherical","20847.png",20847,0.236940710119538,0.277789210117073,1.11830159788158,NA,0.247673682358576
"spherical","20850.png",20850,0.235257408573665,0.276196987948626,1.0817515355964,NA,0.248110031440352
"spherical","20853.png",20853,0.235202536557915,0.276297717215107,1.10759014768735,NA,0.248737213090663
"spherical","20856.png",20856,0.237012649757538,0.277789141949409,1.09702030049641,NA,0.248431399344413
"spherical","20860.png",20860,0.235816801864013,0.276872434045652,1.11945946159618,NA,0.245445347059409
"spherical","20863.png",20863,0.236236341375091,0.277204378970192,1.11274172172905,NA,0.247860950197833
"spherical","20866.png",20866,0.235238642178422,0.276257059029511,1.10261323722575,NA,0.247808081182044
"spherical","20869.png",20869,0.23418668419971,0.275231795184678,1.09814101373347,NA,0.247270536943209
"spherical","20872.png",20872,0.234480605672657,0.275582458983379,1.09888277769954,NA,0.248125537729245
"spherical","20876.png",20876,0.235964608584105,0.276878174070856,1.0942848726867,NA,0.246659721693833
"spherical","20879.png",20879,0.23566000953884,0.276739811710782,1.11781975787698,NA,0.245087646172408
"spherical","20882.png",20882,0.23687631034795,0.277763877705309,1.12549420882157,NA,0.24771731483549
"spherical","20885.png",20885,0.236081082376825,0.277051645124889,1.1063859335326,NA,0.248392036953054
"spherical","20888.png",20888,0.235447079934579,0.276425266773927,1.0828897098836,NA,0.248436628278655
"spherical","20892.png",20892,0.234205609711534,0.275380123356968,1.10288979909493,NA,0.247295443399006
"spherical","20895.png",20895,0.236366006114563,0.27726426499378,1.11580253505342,NA,0.246826085740721
"spherical","20898.png",20898,0.234919676154901,0.276048372145006,1.11392051326114,NA,0.244114546368686
"spherical","20901.png",20901,0.236753300005936,0.277667436209464,1.14189592837196,NA,0.247273090053983
"spherical","20904.png",20904,0.23524267555502,0.276231433440676,1.1150467533765,NA,0.247789109300074
"spherical","20908.png",20908,0.235018831684887,0.276081795093831,1.10177391633905,NA,0.248853540004691
"spherical","20911.png",20911,0.234436512956913,0.275598911987005,1.10030430640377,NA,0.24736740530311
"spherical","20914.png",20914,0.236294494587056,0.277182368816124,1.11379094332813,NA,0.24890947247828
"spherical","20917.png",20917,0.235865136387939,0.276724549267245,1.10049368516596,NA,0.246953124324646
"spherical","20920.png",20920,0.235110436770347,0.276152320722695,1.11696242545875,NA,0.245024888241848
"spherical","20924.png",20924,0.235162101321956,0.276150329584671,1.11372650040651,NA,0.244680534261577
"spherical","20927.png",20927,0.235389411270261,0.276338089408375,1.12902333406991,NA,0.246042037772706
"spherical","20930.png",20930,0.235245722307803,0.276161318225769,1.11328810865521,NA,0.248828370440171
"spherical","20933.png",20933,0.233826483638397,0.274977520410141,1.09374850849051,NA,0.247376067371167
"spherical","20936.png",20936,0.235610532636161,0.276603607670383,1.10791731905965,NA,0.2486369091552
"spherical","20940.png",20940,0.23503621031611,0.276069058134751,1.11182025128206,NA,0.245319762615623
"spherical","20943.png",20943,0.235229166211674,0.276279942404758,1.11481211757167,NA,0.244534921436048
"spherical","20946.png",20946,0.235502245438017,0.276623166527504,1.13065635624166,NA,0.245306482678779
"spherical","20949.png",20949,0.236371523105844,0.277316988695811,1.11679736860337,NA,0.247902239150337
"spherical","20952.png",20952,0.235459315565295,0.276346661175145,1.09074013828957,NA,0.248430954845535
"spherical","20956.png",20956,0.233646890504666,0.274858891415757,1.09774532500996,NA,0.247093770698204
"spherical","20959.png",20959,0.235668961541478,0.276711467213755,1.09545599855388,NA,0.248700429803433
"spherical","20962.png",20962,0.235346773176246,0.276316408145711,1.10598299384135,NA,0.245720770568702
"spherical","20965.png",20965,0.235026046663533,0.276040890452472,1.11151606416809,NA,0.244858465953019
"spherical","20968.png",20968,0.235406739489758,0.276487100355724,1.13520266867052,NA,0.244685987227064
"spherical","20972.png",20972,0.235559690670877,0.276550191166129,1.12062856118649,NA,0.24592906944448
"spherical","20975.png",20975,0.236446783934809,0.27736190641712,1.10964001633831,NA,0.24859657615681
"spherical","20978.png",20978,0.234524444593076,0.275493861496582,1.09711346999802,NA,0.248000032089329
"spherical","20981.png",20981,0.233794587629247,0.274955674197239,1.09725163725701,NA,0.246887919177966
"spherical","20984.png",20984,0.236296622680544,0.277179987931796,1.10082602066569,NA,0.248072755221804
"spherical","20988.png",20988,0.234592640875393,0.275707387482403,1.10593867935466,NA,0.244237466925856
"spherical","20991.png",20991,0.234531015903362,0.275662850768317,1.12141258263963,NA,0.243841189670458
"spherical","20994.png",20994,0.234696434270768,0.275873181831085,1.1268319041198,NA,0.244382816867507
"spherical","20997.png",20997,0.234412250476376,0.27552407961575,1.11986372742456,NA,0.243858764262036
"spherical","21000.png",21000,0.23557851937949,0.27662169700598,1.12422839240045,NA,0.246523942071744
"spherical","21004.png",21004,0.235179239478481,0.276201642246145,1.10733270563023,NA,0.248285590691059
"spherical","21007.png",21007,0.23393618133695,0.274924649806179,1.09366489289783,NA,0.247297344235064
"spherical","21010.png",21010,0.23486638388383,0.275962438041473,1.09433407541788,NA,0.248403405514201
"spherical","21013.png",21013,0.235108800597409,0.276113178711296,1.10197267296272,NA,0.247562559456738
"spherical","21016.png",21016,0.236027464135085,0.276855779473404,1.10229733911549,NA,0.24672021023985
"spherical","21020.png",21020,0.235102231278862,0.276249601895432,1.12745327717387,NA,0.244935621160794
"spherical","21023.png",21023,0.236261486142872,0.277157788506674,1.12039150863335,NA,0.24766436177953
"spherical","21026.png",21026,0.235496805440209,0.276528846403848,1.10723570624753,NA,0.248032542166874
"spherical","21029.png",21029,0.234962383174984,0.275914362613259,1.09836494862337,NA,0.247821112971075
"spherical","21032.png",21032,0.234383535361697,0.27530384614977,1.08977198064952,NA,0.24744930260909
"spherical","21036.png",21036,0.234662289166398,0.275664556155579,1.10753453793176,NA,0.24830052899034
"spherical","21039.png",21039,0.234586233183075,0.275802085990788,1.09929415329027,NA,0.248178737844853
"spherical","21042.png",21042,0.23627340159057,0.277202540120227,1.09786277672349,NA,0.249115527857099
"spherical","21045.png",21045,0.236018845870106,0.276975158363437,1.09828984104784,NA,0.246921233377016
"spherical","21048.png",21048,0.235404106677409,0.276364806353346,1.11094746021686,NA,0.245192414443811
"spherical","21052.png",21052,0.235891135011473,0.276910960820526,1.12092388787314,NA,0.246214716582299
"spherical","21055.png",21055,0.234978721007085,0.275981048470499,1.10417906961789,NA,0.248376932280307
"spherical","21058.png",21058,0.234505602654797,0.275522966676788,1.09695978454204,NA,0.248241489040865
"spherical","21061.png",21061,0.23388274562219,0.275024062275476,1.09555689050751,NA,0.247178896588508
"spherical","21064.png",21064,0.234388909157358,0.275442867161391,1.09687381129164,NA,0.248211728544969
"spherical","21068.png",21068,0.235842099008153,0.276732745536828,1.11826581211733,NA,0.249305748784233
"spherical","21071.png",21071,0.236358541865655,0.277246615982478,1.10307220677291,NA,0.248838365961927
"spherical","21074.png",21074,0.234869533042066,0.275958528625513,1.10587960176225,NA,0.245230952734446
"spherical","21077.png",21077,0.234925950632278,0.275943748955616,1.0998573921817,NA,0.244954090542984
"spherical","21080.png",21080,0.234358064205269,0.275626715187795,1.12417992518473,NA,0.244246511217132
"spherical","21084.png",21084,0.235985144352369,0.276864800344149,1.12503934459127,NA,0.24732513097631
"spherical","21087.png",21087,0.236143594621549,0.277079177033139,1.10809796973589,NA,0.248850838414172
"spherical","21090.png",21090,0.235147964642612,0.276094774486237,1.10969644190385,NA,0.248462605209392
"spherical","21093.png",21093,0.234236325993116,0.275261876605386,1.09912279420728,NA,0.248095860785747
"spherical","21096.png",21096,0.235190191665126,0.276342469610027,1.10313817767068,NA,0.2489975160083
"spherical","21100.png",21100,0.236415551385588,0.277139793535097,1.09749336408127,NA,0.248372912940732
"spherical","21103.png",21103,0.235356585421744,0.276188586197871,1.10305207734529,NA,0.246908215729994
"spherical","21106.png",21106,0.234363065662464,0.275390697861527,1.10721578869462,NA,0.244586787365929
"spherical","21109.png",21109,0.23523462542334,0.276293899171716,1.13392482940952,NA,0.24565572449274
"spherical","21112.png",21112,0.235617872315326,0.2766760993688,1.12173868554778,NA,0.246387850834093
"spherical","21116.png",21116,0.234875806627279,0.275887530091469,1.14379631436245,NA,0.245986900356747
"spherical","21119.png",21119,0.235572997398954,0.276424806871433,1.11639519839348,NA,0.248137190970787
"spherical","21122.png",21122,0.235234730136256,0.276208871777679,1.09714701211312,NA,0.248556110490335
"spherical","21125.png",21125,0.23500596143128,0.275916799465837,1.09857419076244,NA,0.248833267258651
"spherical","21128.png",21128,0.234093899355294,0.275044253694372,1.09481719608223,NA,0.248175928691543
"spherical","21132.png",21132,0.234554902216744,0.27564919878481,1.09712180447964,NA,0.249004419770553
"spherical","21135.png",21135,0.235302669735303,0.27630176196206,1.10972076827345,NA,0.2488475670105
"spherical","21138.png",21138,0.235517787271313,0.276462201558946,1.10253524407445,NA,0.248221701577459
"spherical","21141.png",21141,0.236582106273531,0.277382059895057,1.09572806366331,NA,0.248091972817386
"spherical","21144.png",21144,0.234166892783132,0.275302723572426,1.12685376129792,NA,0.244075834182928
"spherical","21148.png",21148,0.235079107250396,0.276191666787371,1.13930512531641,NA,0.246324404257552
"spherical","21151.png",21151,0.235471082578533,0.2765703032034,1.13209022595441,NA,0.247013309599581
"spherical","21154.png",21154,0.235013598287031,0.276034399514033,1.12668043202343,NA,0.246536688765016
"spherical","21157.png",21157,0.235024869619687,0.276014734571262,1.13660263925283,NA,0.246622079720434
"spherical","21160.png",21160,0.235402864906733,0.276310021952771,1.12564012688943,NA,0.246922779390607
"spherical","21164.png",21164,0.235856386760907,0.276776252733393,1.11355956558675,NA,0.247893474503377
"spherical","21167.png",21167,0.234771092479857,0.275812005288477,1.10396657633983,NA,0.248347224196652
"spherical","21170.png",21170,0.235018803283043,0.27608214486436,1.09574618237117,NA,0.248627866756998
"spherical","21173.png",21173,0.23257418378332,0.273519184032874,1.09739242087088,NA,0.245902248637483
"spherical","21176.png",21176,0.233804108791804,0.274870088441608,1.09177913446942,NA,0.247408442385362
"spherical","21180.png",21180,0.235032740995121,0.276131320940905,1.09266711199049,NA,0.249471304349261
"spherical","21183.png",21183,0.234855936566226,0.275968961389551,1.09105304430277,NA,0.248882478192356
"spherical","21186.png",21186,0.235772548165823,0.276729751269206,1.10986080479951,NA,0.249625694591673
"spherical","21189.png",21189,0.236214962061592,0.277016630708931,1.10671892657915,NA,0.250030594305216
"spherical","21192.png",21192,0.236644544765268,0.277416387725833,1.10074405704073,NA,0.250232032607066
"spherical","21196.png",21196,0.236175616841251,0.277128095840419,1.10254590527775,NA,0.247723463477841
"spherical","21199.png",21199,0.236053807628886,0.276978292364548,1.10595184500254,NA,0.247868603938094
"spherical","21202.png",21202,0.234424217562728,0.275496738143289,1.12332671282226,NA,0.244664951524878
"spherical","21205.png",21205,0.234246897615104,0.275398374205571,1.09077206885093,NA,0.24461982496648
"spherical","21208.png",21208,0.234722983051347,0.275867874525583,1.13511637439,NA,0.245066633788518
"spherical","21212.png",21212,0.23435959078562,0.27544235405738,1.12515126415645,NA,0.244650764058988
"spherical","21215.png",21215,0.23452094283996,0.275633688226516,1.12269613363351,NA,0.245480220143083
"spherical","21218.png",21218,0.23477296435396,0.275769091171429,1.13143773033159,NA,0.246215417965255
"spherical","21221.png",21221,0.234396240639193,0.275325694381796,1.10588862032409,NA,0.247662236792248
"spherical","21224.png",21224,0.235307290894191,0.276231377133584,1.111975732404,NA,0.249282753592184
"spherical","21228.png",21228,0.234407809043219,0.275298838966648,1.09768503577915,NA,0.24875138318876
"spherical","21231.png",21231,0.235075053664336,0.276054310671233,1.09956665330787,NA,0.249850264054974
"spherical","21234.png",21234,0.234831632049793,0.275960965867988,1.09438273537143,NA,0.249701820777997
"spherical","21237.png",21237,0.234923254116725,0.275905387036711,1.0820683138127,NA,0.249487365454525
"spherical","21240.png",21240,0.234866370227829,0.275839536782455,1.09936324751038,NA,0.249941865676535
"spherical","21244.png",21244,0.236225148118197,0.277270485602917,1.10012307044899,NA,0.25157212083133
"spherical","21247.png",21247,0.235227232739914,0.276336828136112,1.1018963996306,NA,0.250325691150517
"spherical","21250.png",21250,0.233710089632174,0.274764374289061,1.10188251744495,NA,0.247892848848041
"spherical","21253.png",21253,0.234752527941317,0.275744506098151,1.10966477668049,NA,0.249867236942772
"spherical","21256.png",21256,0.234384955306835,0.275308291041563,1.10425381550772,NA,0.249361691701689
"spherical","21260.png",21260,0.233820611024765,0.27484783871915,1.08877633780735,NA,0.248419387429334
"spherical","21263.png",21263,0.236689349095371,0.27750071807856,1.10287705568333,NA,0.24968659061444
"spherical","21266.png",21266,0.236507423374739,0.27727901256923,1.09414434997397,NA,0.248630206563841
"spherical","21269.png",21269,0.235211978130609,0.276199321607156,1.11373589214681,NA,0.246438824999473
"spherical","21272.png",21272,0.234623180633386,0.275736064748876,1.10620427332353,NA,0.245777361018194
"spherical","21276.png",21276,0.234345946315806,0.275297533006731,1.10633016292058,NA,0.245587509611412
"spherical","21279.png",21279,0.234527511483402,0.275586640231947,1.11249244284666,NA,0.245947818576947
"spherical","21282.png",21282,0.235509806989007,0.276417436660337,1.09930063471275,NA,0.24772264959082
"spherical","21285.png",21285,0.235935774632187,0.276769584584393,1.10419464022198,NA,0.24850637089748
"spherical","21288.png",21288,0.234909972530249,0.275743429739363,1.10175223513752,NA,0.247046063434554
"spherical","21292.png",21292,0.233923263796055,0.275031329742108,1.10537714793154,NA,0.244204843143461
"spherical","21295.png",21295,0.234485562971502,0.275570679808475,1.10575476034714,NA,0.245124323330263
"spherical","21298.png",21298,0.234153431335978,0.275283445693745,1.12071350431074,NA,0.24525016819474
"spherical","21301.png",21301,0.234818275762598,0.275887077171131,1.12250506920332,NA,0.245978747885656
"spherical","21304.png",21304,0.235154254574531,0.27623754574363,1.13373815094582,NA,0.247240235718361
"spherical","21308.png",21308,0.234849083002469,0.276021405267085,1.12528477222137,NA,0.246886547861419
"spherical","21311.png",21311,0.234503697000251,0.275544785604069,1.13736988349517,NA,0.246128604257979
"spherical","21314.png",21314,0.234270460503986,0.275442681364835,1.13176276408268,NA,0.246177255738685
"spherical","21317.png",21317,0.23548987554362,0.276336117847212,1.12144521910552,NA,0.24848847616786
"spherical","21320.png",21320,0.234971301387916,0.275776200646038,1.12622730199174,NA,0.24770215373174
"spherical","21324.png",21324,0.235082004189154,0.276134192261709,1.11776550227787,NA,0.247016550930722
"spherical","21327.png",21327,0.234382027916175,0.275293265875846,1.14257828369508,NA,0.246173714563121
"spherical","21330.png",21330,0.235133040327172,0.276238688899012,1.13155580631699,NA,0.247271164416372
"spherical","21333.png",21333,0.234658125238853,0.27582338705205,1.12263503648213,NA,0.246806354454682
"spherical","21336.png",21336,0.23490452223129,0.275769775741594,1.12491537788225,NA,0.247756155481028
"spherical","21340.png",21340,0.234290786812739,0.275337838718687,1.10600920310666,NA,0.247814850369886
"spherical","21343.png",21343,0.236138017409595,0.277002826868198,1.12492809022748,NA,0.250112170638977
"spherical","21346.png",21346,0.235399961608999,0.27637203479408,1.12478573280069,NA,0.249251948642566
"spherical","21349.png",21349,0.235320975745962,0.276258882383769,1.12554394131273,NA,0.249540689956367
"spherical","21352.png",21352,0.233836008841399,0.274849766428889,1.09816535203472,NA,0.248110664167783
"spherical","21356.png",21356,0.233903421425216,0.274742438363547,1.09838549492247,NA,0.248548870567937
"spherical","21359.png",21359,0.234992263840898,0.275817806385988,1.07840589347913,NA,0.249854151443623
"spherical","21362.png",21362,0.236075515545944,0.277018631308127,1.11461041173824,NA,0.249716467747003
"spherical","21365.png",21365,0.234715459001741,0.275619666942169,1.10774963343963,NA,0.248539878004315
"spherical","21368.png",21368,0.235455310236427,0.27638276924728,1.11397022569981,NA,0.248974738493022
"spherical","21372.png",21372,0.234976006202924,0.27589129628881,1.12502639459809,NA,0.248139076522143
"spherical","21375.png",21375,0.23492613633964,0.275965089326354,1.10916096571094,NA,0.248756766235193
"spherical","21378.png",21378,0.23655399024613,0.277431007676989,1.10610543088254,NA,0.25013370650867
"spherical","21381.png",21381,0.234946724620895,0.275872732175934,1.11765869001724,NA,0.248515710616889
"spherical","21384.png",21384,0.2343226837893,0.275417786558956,1.10621745843349,NA,0.248647945669411
"spherical","21388.png",21388,0.234475713618296,0.275443274852508,1.08766391493526,NA,0.249718474375371
"spherical","21391.png",21391,0.236119210190118,0.276959279389761,1.09196340173757,NA,0.251443043099914
"spherical","21394.png",21394,0.236404663292547,0.27726506215128,1.11133614895041,NA,0.250907252569341
"spherical","21397.png",21397,0.236381913888807,0.277209811100936,1.12673353531183,NA,0.249904240014595
"spherical","21400.png",21400,0.235834316824839,0.276674419343269,1.13426262244983,NA,0.248906635771371
"spherical","21404.png",21404,0.236083806374735,0.276929882447109,1.11813590065475,NA,0.249555521763961
"spherical","21407.png",21407,0.233882354540498,0.274962099331912,1.12939395161379,NA,0.245774162917958
"spherical","21410.png",21410,0.23319573332462,0.274242467483702,1.11800034191619,NA,0.244324077475181
"spherical","21413.png",21413,0.23398806157354,0.275215389421583,1.13465137924553,NA,0.245266046743093
"spherical","21416.png",21416,0.234308619249428,0.27530253812531,1.11614370624325,NA,0.246405070571446
"spherical","21420.png",21420,0.234829027026943,0.275646324536006,1.11915728975444,NA,0.247628570805839
"spherical","21423.png",21423,0.23579184907774,0.276577762840121,1.12509242933583,NA,0.249230767419514
"spherical","21426.png",21426,0.235356989683191,0.276239601149421,1.13200188458813,NA,0.248412343359796
"spherical","21429.png",21429,0.235048356201566,0.275787490427122,1.1216799330625,NA,0.24801496944205
"spherical","21432.png",21432,0.234212302969551,0.275285912631187,1.13885026426695,NA,0.246073794309176
"spherical","21436.png",21436,0.23338451939324,0.274580127909088,1.1287612519811,NA,0.244912737721925
"spherical","21439.png",21439,0.233797468624017,0.274847682358789,1.10406191599747,NA,0.244988781030736
"spherical","21442.png",21442,0.234946473146659,0.275798534512167,1.11197478751467,NA,0.247167748113298
"spherical","21445.png",21445,0.23567378643398,0.276474089957819,1.10721619027271,NA,0.248568421879706
"spherical","21448.png",21448,0.235703082788066,0.276474706959278,1.10274046170687,NA,0.248165231931658
"spherical","21452.png",21452,0.235164628523162,0.275894877994227,1.11106354465646,NA,0.247442002217692
"spherical","21455.png",21455,0.236294514870964,0.277022728796347,1.10475285982101,NA,0.249145991248025
"spherical","21458.png",21458,0.234396481647679,0.275430856284859,1.10742151014721,NA,0.246147229420283
"spherical","21461.png",21461,0.235015755361148,0.275776163693392,1.11382231955304,NA,0.247633654936695
"spherical","21464.png",21464,0.236058752263888,0.276883360350604,1.09420920461315,NA,0.249426755325658
"spherical","21468.png",21468,0.235761898891147,0.276452103164353,1.11297584115188,NA,0.248236968402741
"spherical","21471.png",21471,0.236483643890829,0.27717876334668,1.11090613669781,NA,0.24949348230386
"spherical","21474.png",21474,0.236056574504924,0.276996592383905,1.10012721944217,NA,0.25120890461532
"spherical","21477.png",21477,0.233959896339003,0.275165828708056,1.10984789401075,NA,0.248871136278879
"spherical","21480.png",21480,0.233741706794985,0.274864112075214,1.10327844496884,NA,0.24899420694027
"spherical","21484.png",21484,0.234232568266498,0.275291856920085,1.0914769522963,NA,0.249409032379567
"spherical","21487.png",21487,0.235426837548878,0.276341436906313,1.09942977438839,NA,0.250529575866912
"spherical","21490.png",21490,0.23543881859059,0.276336987837817,1.08634173516321,NA,0.250402599044096
"spherical","21493.png",21493,0.236011193921081,0.276853031727691,1.10521057196307,NA,0.250822207396953
"spherical","21496.png",21496,0.23737499634581,0.278284794679169,1.11006394041563,NA,0.251501505779208
"spherical","21500.png",21500,0.23663715846113,0.277493159508141,1.121330967944,NA,0.24981739390096
"spherical","21503.png",21503,0.234716601708058,0.275676159005831,1.13518333220546,NA,0.2467581858615
"spherical","21506.png",21506,0.233937261120454,0.275091999047012,1.1350544241574,NA,0.245247719552585
"spherical","21509.png",21509,0.234616555897203,0.275727383784023,1.12561186604066,NA,0.246429556765686
"spherical","21512.png",21512,0.235174198380339,0.276280457967757,1.12948109447688,NA,0.247425319957837
"spherical","21516.png",21516,0.233996912943657,0.275189399141093,1.12681918364051,NA,0.245568354628255
"spherical","21519.png",21519,0.233032486106101,0.274086102113974,1.12869613023956,NA,0.244087195225062
"spherical","21522.png",21522,0.234492880245668,0.275485608536928,1.12709074137024,NA,0.246187133755364
"spherical","21525.png",21525,0.23518980792765,0.276037203622907,1.09827259913478,NA,0.248214715466729
"spherical","21528.png",21528,0.236232567041589,0.277024069896612,1.09235505747507,NA,0.249690352902896
"spherical","21532.png",21532,0.234079160392924,0.275194479015046,1.09172038002149,NA,0.249111688084128
"spherical","21535.png",21535,0.23547253892872,0.276514289802025,1.1081335172588,NA,0.251070947127148
"spherical","21538.png",21538,0.235576068121228,0.276601478185966,1.09858961856342,NA,0.25105708151441
"spherical","21541.png",21541,0.233282195486032,0.274259396645401,1.1028841538857,NA,0.248420469843811
"spherical","21544.png",21544,0.234146917279235,0.275195034273549,1.0974130432136,NA,0.249240496393528
"spherical","21548.png",21548,0.235616143172769,0.276516782704321,1.08875732817248,NA,0.250432691416039
"spherical","21551.png",21551,0.236291607616918,0.277203212112066,1.08869625366792,NA,0.250874931712053
"spherical","21554.png",21554,0.235549798353665,0.276503331143828,1.12190628923409,NA,0.249372781339645
"spherical","21557.png",21557,0.237012301253888,0.277902608938961,1.11423417317583,NA,0.250869961416776
"spherical","21560.png",21560,0.235284398434554,0.276053142803147,1.1220262145241,NA,0.248659075667594
"spherical","21564.png",21564,0.235818801706845,0.276712827670812,1.13610316135948,NA,0.248376222443277
"spherical","21567.png",21567,0.234967728951953,0.275987357305974,1.13121123101848,NA,0.247457260179466
"spherical","21570.png",21570,0.234940118853797,0.276067018332408,1.12754131673384,NA,0.247061411087608
"spherical","21573.png",21573,0.233624921375701,0.274675221755888,1.10832557095719,NA,0.245350193692278
"spherical","21576.png",21576,0.234176208644098,0.27525662182433,1.11412474490116,NA,0.245918575942181
"spherical","21580.png",21580,0.235143358517035,0.276070937007087,1.10033205449746,NA,0.247037512877876
"spherical","21583.png",21583,0.235631062548554,0.276409329722499,1.10426281321119,NA,0.249348911130308
"spherical","21586.png",21586,0.234764839976731,0.275738113160398,1.10364411278381,NA,0.249609059902749
"spherical","21589.png",21589,0.233521262636297,0.274695035386393,1.10734806187327,NA,0.249212491931007
"spherical","21592.png",21592,0.235091705948916,0.275837967365552,1.11391663617604,NA,0.250669833444892
"spherical","21596.png",21596,0.235409245050277,0.276282271932882,1.1086763336042,NA,0.250610334903272
"spherical","21599.png",21599,0.235288301840759,0.276152262108244,1.11785611194109,NA,0.249880596243172
"spherical","21602.png",21602,0.235537783545423,0.276401305284161,1.12064960559417,NA,0.249431146254616
"spherical","21605.png",21605,0.236441294845266,0.27732794470176,1.13948196431132,NA,0.249908738614546
"spherical","21608.png",21608,0.234873454043651,0.276027744206215,1.14035605041688,NA,0.247318013147978
"spherical","21612.png",21612,0.232512131713268,0.273676370158168,1.12456572160078,NA,0.243938809064153
"spherical","21615.png",21615,0.234322887615741,0.275257577360798,1.09992483132672,NA,0.246543337228447
"spherical","21618.png",21618,0.235180905953994,0.276044269365844,1.10347473718107,NA,0.24849906999289
"spherical","21621.png",21621,0.235195589725867,0.27607253094483,1.10018766258085,NA,0.250547872361011
"spherical","21624.png",21624,0.232710965222741,0.273821652222039,1.0963182368393,NA,0.248559911211785
"spherical","21628.png",21628,0.234569144746709,0.275702342966081,1.09902156145675,NA,0.250575840473714
"spherical","21631.png",21631,0.234315935301161,0.275444325306212,1.10118998993632,NA,0.250545084077962
"spherical","21634.png",21634,0.234201777566289,0.275182808300493,1.09435063202389,NA,0.24983620147522
"spherical","21637.png",21637,0.235933668057932,0.276729958437487,1.10650983189788,NA,0.251079426948599
"spherical","21640.png",21640,0.236293071076585,0.277088859160729,1.1233856399781,NA,0.249298952028281
"spherical","21644.png",21644,0.23440697514969,0.275591357897159,1.1330320141003,NA,0.246344844330026
"spherical","21647.png",21647,0.234392081064406,0.275541717005188,1.13091183674783,NA,0.246845678309441
"spherical","21650.png",21650,0.234281851705959,0.27542787646833,1.1171890491512,NA,0.246442282826667
"spherical","21653.png",21653,0.233949872155456,0.27489491096791,1.10927208144854,NA,0.248744233044984
"spherical","21656.png",21656,0.233823724067356,0.274873433603613,1.0986821335941,NA,0.249734877051968
"spherical","21660.png",21660,0.233550819814241,0.274295181279834,1.11149462916691,NA,0.248338996120683
"spherical","21663.png",21663,0.235125791773,0.276106814103653,1.09697204796219,NA,0.250421615989765
"spherical","21666.png",21666,0.235894177997921,0.276859104618001,1.12078333665218,NA,0.251053606801833
"spherical","21669.png",21669,0.235992092281396,0.276963144770679,1.111540234221,NA,0.250360484025529
"spherical","21672.png",21672,0.235813164729061,0.276692518038664,1.13615329948703,NA,0.249779634410761
"spherical","21676.png",21676,0.234728711880206,0.275807795395548,1.11807554342946,NA,0.24691401546366
"spherical","21679.png",21679,0.232603509233381,0.273451208147577,1.10936138637311,NA,0.244167226819952
"spherical","21682.png",21682,0.235653025842783,0.276449876764353,1.10375689119095,NA,0.249323557152009
"spherical","21685.png",21685,0.235850245059921,0.276798872919667,1.09854978997729,NA,0.251144877001482
"spherical","21688.png",21688,0.233442911375236,0.274611610773981,1.11420004110682,NA,0.248818781825883
"spherical","21692.png",21692,0.233852259447921,0.274766736513382,1.08547198911952,NA,0.249195165029903
"spherical","21695.png",21695,0.235277623394376,0.276098738472609,1.09585410289804,NA,0.249792614114585
"spherical","21698.png",21698,0.237187764184575,0.278028766221177,1.11546708455963,NA,0.251740684106626
"spherical","21701.png",21701,0.236565427303469,0.277409278250457,1.11367885453664,NA,0.250304670975596
"spherical","21704.png",21704,0.235844630322134,0.276836527236637,1.13237173394312,NA,0.24937045770316
"spherical","21708.png",21708,0.234838335958209,0.275902675888676,1.11370946251679,NA,0.247427529049034
"spherical","21711.png",21711,0.233468196969846,0.274414445256562,1.10216974337797,NA,0.24605293422532
"spherical","21714.png",21714,0.235192007997352,0.276051346274089,1.09485352188642,NA,0.249646891213809
"spherical","21717.png",21717,0.233655696223402,0.27485408398149,1.09995374738817,NA,0.249681401851696
"spherical","21720.png",21720,0.234114904874952,0.275280828228472,1.094212628361,NA,0.250305792078379
"spherical","21724.png",21724,0.236357751204007,0.277184099669812,1.11475081373535,NA,0.2512309077866
"spherical","21727.png",21727,0.234655106017185,0.275864862076109,1.14362924519144,NA,0.247334744406025
"spherical","21730.png",21730,0.23444515593595,0.275526132475629,1.12905429380692,NA,0.247145267896128
"spherical","21733.png",21733,0.234821415396841,0.275936139548175,1.11020510227226,NA,0.247209424251843
"spherical","21736.png",21736,0.235351609109262,0.276247787442509,1.11041036503447,NA,0.248135220247276
"spherical","21740.png",21740,0.234818226077845,0.275687784669976,1.10555094712147,NA,0.24845991107798
"spherical","21743.png",21743,0.234790797850069,0.275985100763196,1.1049319533401,NA,0.250541670491575
"spherical","21746.png",21746,0.233825024837696,0.274730475666984,1.09909010961342,NA,0.248933894971051
"spherical","21749.png",21749,0.23644943561718,0.277152560244332,1.12177767406671,NA,0.250215603202983
"spherical","21752.png",21752,0.235410007139226,0.276390632550087,1.13118944784267,NA,0.248002265458339
"spherical","21756.png",21756,0.233516203390379,0.274748044268941,1.12497051987142,NA,0.245085960341235
"spherical","21759.png",21759,0.234024421736275,0.274872982476056,1.11279637524161,NA,0.246178097895462
"spherical","21762.png",21762,0.234963942641452,0.275800898879163,1.11108861109576,NA,0.248803785805778
"spherical","21765.png",21765,0.234836966140977,0.275857406127241,1.10989221462449,NA,0.249694617322632
"spherical","21768.png",21768,0.233987476100085,0.275080877097997,1.09337938625402,NA,0.250087779190534
"spherical","21772.png",21772,0.236894815304113,0.27758234968054,1.09708110781452,NA,0.252301315201067
"spherical","21775.png",21775,0.236643254485257,0.27730462681486,1.12765202435957,NA,0.250179347737922
"spherical","21778.png",21778,0.234923915047672,0.276036317361297,1.13213246593347,NA,0.247348090213686
"spherical","21781.png",21781,0.234372291898242,0.275362970512078,1.11155454042407,NA,0.246850555137181
"spherical","21784.png",21784,0.234489464636325,0.275345856732056,1.10179909467917,NA,0.247598468478015
"spherical","21788.png",21788,0.233886999981896,0.27508648634727,1.09987074580846,NA,0.249956345036993
"spherical","21791.png",21791,0.234682476692349,0.275625526743587,1.10516856992779,NA,0.25049796301005
"spherical","21794.png",21794,0.237024125658458,0.277853838294236,1.11081337908281,NA,0.251987315868829
"spherical","21797.png",21797,0.236794861181957,0.277600687762564,1.1161077285397,NA,0.250327350283223
"spherical","21800.png",21800,0.235349332760039,0.276323503485634,1.13156134997447,NA,0.247850928185149
"spherical","21804.png",21804,0.233541961796442,0.274590128322649,1.13033030409832,NA,0.245438326655764
"spherical","21807.png",21807,0.234095500082439,0.275137875737648,1.12288820234601,NA,0.245864631981078
"spherical","21810.png",21810,0.234725825903482,0.275617236790808,1.09832625914967,NA,0.246923554671498
"spherical","21813.png",21813,0.236099506166496,0.27698623413007,1.10433750881682,NA,0.250205935916974
"spherical","21816.png",21816,0.234678262091369,0.275787989704116,1.09706759433647,NA,0.251106707074468
"spherical","21820.png",21820,0.234855475682164,0.275837127704145,1.10412473401184,NA,0.24955575861964
"spherical","21823.png",21823,0.236389570151027,0.277229095284009,1.12758360441748,NA,0.2496077197005
"spherical","21826.png",21826,0.236959502138477,0.277826041245478,1.12647056748198,NA,0.250051765108335
"spherical","21829.png",21829,0.233952734687568,0.275113220421406,1.12198267065351,NA,0.245785015423262
"spherical","21832.png",21832,0.234722753000921,0.275615348409213,1.10060786641121,NA,0.247335656175975
"spherical","21836.png",21836,0.235596070269832,0.276628602917297,1.10209135810441,NA,0.251353242653069
"spherical","21839.png",21839,0.233658057508072,0.274656916180347,1.09089246940846,NA,0.248991771381411
"spherical","21842.png",21842,0.237369528341538,0.27820801175706,1.12364072749147,NA,0.252101399884793
"spherical","21845.png",21845,0.235810901599861,0.276693694052869,1.12558163771272,NA,0.248427522013446
"spherical","21848.png",21848,0.234448151723056,0.27572038928904,1.12373316137816,NA,0.246335322644767
"spherical","21852.png",21852,0.23463755392371,0.27551002306756,1.10128132643692,NA,0.247297485544087
"spherical","21855.png",21855,0.234115941669411,0.27532714512082,1.10151995845229,NA,0.249686331051284
"spherical","21858.png",21858,0.233887641253533,0.275007051213148,1.08843832919636,NA,0.249043885609331
"spherical","21861.png",21861,0.234885571506135,0.275759837404917,1.09689293772634,NA,0.249529278994919
"spherical","21864.png",21864,0.23728119461312,0.278186807280056,1.11977659867143,NA,0.25194418073812
"spherical","21868.png",21868,0.235955708399603,0.277000170464794,1.12071971522536,NA,0.248218678955322
"spherical","21871.png",21871,0.235682791299422,0.276464297118259,1.10053320742775,NA,0.248348822176453
"spherical","21874.png",21874,0.236241213580226,0.277088444717847,1.09910416169608,NA,0.249511752827089
"spherical","21877.png",21877,0.234857616800353,0.275898379942021,1.10147172191668,NA,0.249728852219714
"spherical","21880.png",21880,0.232649680709724,0.274026455443698,1.10329152740776,NA,0.248136421287087
"spherical","21884.png",21884,0.236323592713588,0.277204814634973,1.12604433812734,NA,0.250504705259041
"spherical","21887.png",21887,0.234477317724132,0.275685491724328,1.12932411711533,NA,0.246237900107197
"spherical","21890.png",21890,0.234523653126257,0.275730223638196,1.10770210149499,NA,0.246430909084212
"spherical","21893.png",21893,0.235088265288351,0.275992917629502,1.09240273875538,NA,0.247165017873782
"spherical","21896.png",21896,0.23459197561762,0.275681246023259,1.11334682715873,NA,0.249517589222131
"spherical","21900.png",21900,0.235632997131003,0.276551132946758,1.11077090005074,NA,0.249992103558166
"spherical","21903.png",21903,0.235540580510671,0.276479815347356,1.12634979844308,NA,0.24817474762957
"spherical","21906.png",21906,0.23389935438097,0.275247377838233,1.11688613986145,NA,0.245386967916591
"spherical","21909.png",21909,0.235886355063082,0.276783633610899,1.12077979524919,NA,0.248430365259449
"spherical","21912.png",21912,0.235497309010602,0.276419288744909,1.09649111065796,NA,0.249827527378131
"spherical","21916.png",21916,0.234131738958458,0.275269738990184,1.09964921180698,NA,0.250004817984031
"spherical","21919.png",21919,0.234612772272821,0.275604613483276,1.10320348542381,NA,0.249529173094795
"spherical","21922.png",21922,0.237567255427704,0.278416171496225,1.13418024968757,NA,0.251741955850737
"spherical","21925.png",21925,0.235267896522326,0.276257561895153,1.13447554608206,NA,0.247780002487988
"spherical","21928.png",21928,0.233287220512945,0.274474079406702,1.12294673358273,NA,0.244949032413259
"spherical","21932.png",21932,0.234104041807284,0.27507200041977,1.10625839514486,NA,0.248150040107333
"spherical","21935.png",21935,0.232686049310828,0.27387411344893,1.09809206578063,NA,0.248504067812747
"spherical","21938.png",21938,0.236099847811549,0.277001881142364,1.10143193418185,NA,0.251282123472457
"spherical","21941.png",21941,0.236967940755487,0.27780249692752,1.13569963070969,NA,0.250377014064251
"spherical","21944.png",21944,0.23437287894902,0.275502208149815,1.11432732337233,NA,0.246458502985633
"spherical","21948.png",21948,0.235120417299964,0.275992728602701,1.10880534097417,NA,0.247793642071662
"spherical","21951.png",21951,0.23457386955136,0.275655953478099,1.11280131151737,NA,0.250489339559925
"spherical","21954.png",21954,0.23436200899014,0.275386825762134,1.09699847443287,NA,0.250568332233404
"spherical","21957.png",21957,0.235426948177626,0.276361650186925,1.12412796741007,NA,0.251295899541808
"spherical","21960.png",21960,0.237823275583261,0.278537274985129,1.13124103139339,NA,0.252649215828873
"spherical","21964.png",21964,0.235134842745984,0.276302090491461,1.1125508075772,NA,0.247571251622477
"spherical","21967.png",21967,0.23398004737606,0.275051073439556,1.11775904642334,NA,0.24914233408495
"spherical","21970.png",21970,0.233518245246977,0.274653347143025,1.089538952021,NA,0.249467120099863
"spherical","21973.png",21973,0.236185249017659,0.277099851582884,1.11712954050906,NA,0.250596909722574
"spherical","21976.png",21976,0.236618751233501,0.277434998885798,1.13038715210322,NA,0.249870056315764
"spherical","21980.png",21980,0.233976058984833,0.275248545762805,1.12041074508996,NA,0.24623890733553
"spherical","21983.png",21983,0.235500790204344,0.276366684121217,1.10275514942535,NA,0.248516922420039
"spherical","21986.png",21986,0.233907874195216,0.275053886367205,1.10350717375217,NA,0.249176231241581
"spherical","21989.png",21989,0.234610291040907,0.275657127294657,1.09939195758872,NA,0.250784382493941
"spherical","21992.png",21992,0.235908103733496,0.276728376500897,1.11827193064543,NA,0.249935004644428
"spherical","21996.png",21996,0.234195981850304,0.275467446025057,1.1252483805233,NA,0.246242177169524
"spherical","21999.png",21999,0.23568988684126,0.276471261366698,1.09797659190456,NA,0.250301365181718
"spherical","22002.png",22002,0.233016550578187,0.274304336158096,1.10057714120588,NA,0.248960899693634
"spherical","22005.png",22005,0.235080411818701,0.276092954632185,1.10836824165251,NA,0.251151359573367
"spherical","22008.png",22008,0.237736715989597,0.27854001496732,1.11450229156682,NA,0.252624664434329
"spherical","22012.png",22012,0.235014294785875,0.276121099703128,1.12814121670693,NA,0.247625793927747
"spherical","22015.png",22015,0.235903338180862,0.276657566460211,1.10554937458556,NA,0.249754642711971
"spherical","22018.png",22018,0.234486206871438,0.27558498114039,1.11125968622097,NA,0.250187344902535
"spherical","22021.png",22021,0.233970372819958,0.275056103509821,1.1017245714797,NA,0.250166768093402
"spherical","22024.png",22024,0.235919009016618,0.276888465090278,1.08329768057,NA,0.251606077525839
"spherical","22028.png",22028,0.236428441331894,0.277268855537904,1.13364679125426,NA,0.249923813196472
"spherical","22031.png",22031,0.236401263471387,0.277134403303718,1.10885014650837,NA,0.24987829209624
"spherical","22034.png",22034,0.233539935478199,0.274738439568355,1.0962878113947,NA,0.249463861923581
"spherical","22037.png",22037,0.234501612605065,0.275449006508967,1.09102999745281,NA,0.249985812750132
"spherical","22040.png",22040,0.236006628795826,0.276860491142435,1.13791177552427,NA,0.249198722600882
"spherical","22044.png",22044,0.234619692965141,0.275758190352347,1.13125032332868,NA,0.247521622495196
"spherical","22047.png",22047,0.236523705759951,0.27733383610597,1.10324210923503,NA,0.250983984826292
"spherical","22050.png",22050,0.23552770512375,0.276536626205607,1.09825008901064,NA,0.251560937656925
"spherical","22053.png",22053,0.234225474106086,0.275387967072857,1.09746976441567,NA,0.250805883184044
"spherical","22056.png",22056,0.233904122593983,0.275067159410074,1.10897370586732,NA,0.25000978116916
"spherical","22060.png",22060,0.237150080919946,0.277963453829232,1.13438291564281,NA,0.250818440408999
"spherical","22063.png",22063,0.23484828441243,0.275926814329171,1.11549051165819,NA,0.247578154642316
"spherical","22066.png",22066,0.233924252204589,0.275141641228706,1.10285529143116,NA,0.250317651872205
"spherical","22069.png",22069,0.233916909899158,0.275070881821046,1.09496322222516,NA,0.250187853840308
"spherical","22072.png",22072,0.237623680368979,0.27843150365059,1.10296527819909,NA,0.253532512217811
"spherical","22076.png",22076,0.234753146020396,0.275983513461212,1.12271615828337,NA,0.247344564945467
"spherical","22079.png",22079,0.235601206235684,0.276708423396205,1.09871848849359,NA,0.248672318076513
"spherical","22082.png",22082,0.235084263036287,0.27620632872234,1.10804189041711,NA,0.250370705774066
"spherical","22085.png",22085,0.234185752372981,0.27515877836696,1.10656078792234,NA,0.250991008996146
"spherical","22088.png",22088,0.235728883435223,0.276547421901671,1.10506371885251,NA,0.251650680863402
"spherical","22092.png",22092,0.235888568725364,0.276860011015617,1.1293093613312,NA,0.249438107588657
"spherical","22095.png",22095,0.235354994279503,0.276570081683343,1.12229500073188,NA,0.248049707547151
"spherical","22098.png",22098,0.233299116023641,0.274493521840428,1.1087959803592,NA,0.249914668134816
"spherical","22101.png",22101,0.235921268566873,0.276838958407325,1.11438978121042,NA,0.251789064137599
"spherical","22104.png",22104,0.236820814333682,0.277689622871336,1.11390966845041,NA,0.252059447951562
"spherical","22108.png",22108,0.236216310149481,0.277158135544387,1.14147515356101,NA,0.249872854513725
"spherical","22111.png",22111,0.235170878693386,0.276301629338261,1.094511039022,NA,0.248171104899403
"spherical","22114.png",22114,0.234640230219141,0.275723941179239,1.10616233593685,NA,0.250540363190256
"spherical","22117.png",22117,0.233516425614722,0.274675560338876,1.10351167754228,NA,0.250308654515169
"spherical","22120.png",22120,0.236208054703844,0.277106558044442,1.11260136675551,NA,0.252198539106179
"spherical","22124.png",22124,0.236939082738823,0.277599661398834,1.1315740653106,NA,0.251242908135321
"spherical","22127.png",22127,0.234926925363122,0.275902678236232,1.11725222159032,NA,0.248380376835645
"spherical","22130.png",22130,0.234305310673263,0.275474431587454,1.10245940665023,NA,0.251047135066167
"spherical","22133.png",22133,0.23693159363749,0.277826383571886,1.10629670238393,NA,0.252728373844485
"spherical","22136.png",22136,0.236353994050859,0.277281281946073,1.13513175204916,NA,0.250976399962565
"spherical","22140.png",22140,0.23392897217715,0.275260758896658,1.12007524538644,NA,0.246861509840828
"spherical","22143.png",22143,0.234478100648108,0.275554968822091,1.10480175839079,NA,0.250550301012274
"spherical","22146.png",22146,0.233903532451075,0.274974291544395,1.09031442346167,NA,0.250664611802017
"spherical","22149.png",22149,0.236710918109104,0.277585838791521,1.11727459565287,NA,0.251372515248802
"spherical","22152.png",22152,0.233769874399071,0.274940991212083,1.12178020356141,NA,0.246463139337126
"spherical","22156.png",22156,0.237021521530625,0.2778478557271,1.09848574519066,NA,0.252301906147014
"spherical","22159.png",22159,0.233306817516154,0.274486839626624,1.09054162415042,NA,0.250236030761296
"spherical","22162.png",22162,0.237790383267102,0.278709584576069,1.11767555413139,NA,0.254313871273638
"spherical","22165.png",22165,0.23576941285188,0.276840755958655,1.11776102660339,NA,0.249598693471438
"spherical","22168.png",22168,0.235143871640364,0.276290566174407,1.10792315990101,NA,0.248386905072533
"spherical","22172.png",22172,0.235684862355431,0.276637785924515,1.10662136353021,NA,0.251941394328889
"spherical","22175.png",22175,0.234320701567798,0.275386962476141,1.10543409874383,NA,0.251502743043912
"spherical","22178.png",22178,0.23647792681693,0.277374250776411,1.11533595986368,NA,0.252592879811387
"spherical","22181.png",22181,0.235793874865494,0.276902610087702,1.12312182714454,NA,0.249247696037662
"spherical","22184.png",22184,0.235433978219127,0.276401047358051,1.0996978432836,NA,0.25011559137876
"spherical","22188.png",22188,0.236897769165735,0.277843917858377,1.1117266604556,NA,0.253298561236166
"spherical","22191.png",22191,0.236180512422235,0.277042495626808,1.12432725492669,NA,0.250973080420419
"spherical","22194.png",22194,0.234607952571698,0.275762990552989,1.12597058391153,NA,0.24785155387688
"spherical","22197.png",22197,0.235015067122393,0.27599106738154,1.10883629601225,NA,0.248911474009012
"spherical","22200.png",22200,0.235348037679777,0.276263634588995,1.10397593811027,NA,0.251737784187568
"spherical","22204.png",22204,0.234536236831312,0.275602614934508,1.0942578731553,NA,0.251558035196108
"spherical","22207.png",22207,0.237440260371991,0.278339919176124,1.11492342875869,NA,0.253145602419802
"spherical","22210.png",22210,0.235840366111008,0.27693678124324,1.11772744383734,NA,0.249690088005946
"spherical","22213.png",22213,0.234722571887363,0.275839268022359,1.08945495068089,NA,0.251472169157936
"spherical","22216.png",22216,0.233667803396983,0.274822863076099,1.09367467688706,NA,0.250154971383686
"spherical","22220.png",22220,0.236368157675284,0.27726418818436,1.1317271987232,NA,0.250673467780245
"spherical","22223.png",22223,0.234888648424814,0.276082375474381,1.11984108301545,NA,0.247923849805186
"spherical","22226.png",22226,0.236087472514733,0.276886801261615,1.10051665774388,NA,0.251654217060301
"spherical","22229.png",22229,0.233705862752193,0.274904407328483,1.09584426654131,NA,0.250959881659683
"spherical","22232.png",22232,0.236220078345607,0.277139394887752,1.11539985444371,NA,0.252121630056259
"spherical","22236.png",22236,0.235362398777495,0.276527037484432,1.11301937205789,NA,0.248644229766754
"spherical","22239.png",22239,0.23623199705243,0.277197669402773,1.09916984741771,NA,0.251440564531573
"spherical","22242.png",22242,0.233980283044208,0.275181759100434,1.10087176406233,NA,0.251509324244575
"spherical","22245.png",22245,0.2360596272123,0.277050430568746,1.11536648605954,NA,0.25259181005451
"spherical","22248.png",22248,0.235270668520757,0.276370093348891,1.12484466946974,NA,0.249131869313988
"spherical","22252.png",22252,0.235832953504174,0.276717421757392,1.0956616901149,NA,0.251825386109962
"spherical","22255.png",22255,0.233857102039655,0.275094736412692,1.09923347531739,NA,0.251450916873393
"spherical","22258.png",22258,0.237694673379567,0.278503541344835,1.11458849381834,NA,0.254887432905917
"spherical","22261.png",22261,0.235316106258644,0.276354012786795,1.12839692114425,NA,0.25015311053229
"spherical","22264.png",22264,0.23591165890747,0.276975447668141,1.11730956030779,NA,0.250774241994493
"spherical","22268.png",22268,0.235427879147627,0.276440731033168,1.11786916457677,NA,0.252234838763814
"spherical","22271.png",22271,0.233482718865182,0.274743488847516,1.10773000855841,NA,0.251168674362443
"spherical","22274.png",22274,0.236118259219215,0.277091150477205,1.10919124404313,NA,0.253687274271139
"spherical","22277.png",22277,0.235531506596487,0.276623531384325,1.12488192020516,NA,0.24964032039751
"spherical","22280.png",22280,0.234839304995776,0.276033674008709,1.10792700634193,NA,0.251894391513705
"spherical","22284.png",22284,0.237137107516878,0.27804178911958,1.1276561770288,NA,0.252781041651353
"spherical","22287.png",22287,0.236034309065975,0.277079508470984,1.12824624915929,NA,0.249974201447397
"spherical","22290.png",22290,0.235657150148483,0.276659375835557,1.10908523019241,NA,0.250216283829539
"spherical","22293.png",22293,0.234525860087508,0.2755795661494,1.11059712732918,NA,0.251010842068219
"spherical","22296.png",22296,0.234413811941962,0.275443723458992,1.09971084694142,NA,0.2521189809593
"spherical","22300.png",22300,0.236935048693547,0.277821292933418,1.13467689852745,NA,0.253929029696113
"spherical","22303.png",22303,0.236242911163968,0.277266866999373,1.13623174799697,NA,0.250833076514642
"spherical","22306.png",22306,0.235735018262381,0.276653541928081,1.10693625070595,NA,0.250734655401883
"spherical","22309.png",22309,0.234351540284358,0.27540368038016,1.08846302882205,NA,0.252539434081557
"spherical","22312.png",22312,0.237888511090337,0.278652090454355,1.12427401880822,NA,0.254399604696918
"spherical","22316.png",22316,0.235581747618258,0.276764466051788,1.12381308469603,NA,0.249409600638308
"spherical","22319.png",22319,0.235196140568558,0.276195201393178,1.10926856057675,NA,0.251973843842025
"spherical","22322.png",22322,0.234258859363951,0.275395571353164,1.09720301229857,NA,0.251928822803228
"spherical","22325.png",22325,0.236571064380012,0.277562367053755,1.12007873706507,NA,0.253857849938235
"spherical","22328.png",22328,0.234881726521507,0.276077023966763,1.13688438787581,NA,0.248619827726051
"spherical","22332.png",22332,0.236841165339056,0.277683721276047,1.10851420488109,NA,0.252176965828301
"spherical","22335.png",22335,0.232829668876703,0.274184417911178,1.10378685686512,NA,0.250064199303203
"spherical","22338.png",22338,0.235607543748644,0.276667390386301,1.10865065655258,NA,0.253140666185575
"spherical","22341.png",22341,0.236713640527187,0.277664273191823,1.11812175565666,NA,0.251233438604084
"spherical","22344.png",22344,0.236253658221334,0.277236459930317,1.11116944118557,NA,0.253383626183365
"spherical","22348.png",22348,0.23579637368834,0.276761233526889,1.09674890307044,NA,0.253828104258792
"spherical","22351.png",22351,0.237271089571109,0.27814228577265,1.12497760055096,NA,0.254064590212359
"spherical","22354.png",22354,0.236807424873731,0.277711285625222,1.13408732219075,NA,0.252247794755714
"spherical","22357.png",22357,0.235947758092127,0.277059244713609,1.12144185353218,NA,0.250223954164611
"spherical","22360.png",22360,0.235066168375441,0.276185182982073,1.10462855171648,NA,0.252362506939138
"spherical","22364.png",22364,0.236297514778189,0.277270263155584,1.11721522143023,NA,0.253609414379805
"spherical","22367.png",22367,0.236105491192633,0.27707424044028,1.12966193164476,NA,0.251073333396357
"spherical","22370.png",22370,0.234448416352209,0.275720523533131,1.12149300491414,NA,0.248293800928111
"spherical","22373.png",22373,0.233929080162509,0.275150967474441,1.10349843205251,NA,0.251339325047546
"spherical","22376.png",22376,0.237172580695808,0.27811402785599,1.11810218113602,NA,0.253445529545298
"spherical","22380.png",22380,0.236177501474708,0.277209321354137,1.11633318979556,NA,0.250331289374955
"spherical","22383.png",22383,0.236864566606029,0.277656451308613,1.09266027185391,NA,0.252513594682076
"spherical","22386.png",22386,0.235116214560591,0.276266038482305,1.10099459706356,NA,0.252656034442347
"spherical","22389.png",22389,0.23630631452967,0.277314081482639,1.0986002986975,NA,0.253161075390055
"spherical","22392.png",22392,0.236425498836202,0.277354704087366,1.12101312445096,NA,0.251041274470949
"spherical","22396.png",22396,0.236215388643791,0.277155301261943,1.10982929542754,NA,0.250996575086443
"spherical","22399.png",22399,0.234205758643077,0.275410231670956,1.09382042752521,NA,0.252390723541678
"spherical","22402.png",22402,0.237418800364205,0.278298299260744,1.12551453880279,NA,0.254456464132486
"spherical","22405.png",22405,0.234683106198122,0.275850210888153,1.11786706352963,NA,0.24852930591509
"spherical","22408.png",22408,0.236803943531584,0.277648645543181,1.10217907857361,NA,0.252424210116959
"spherical","22412.png",22412,0.23517108257244,0.276358070438659,1.10102629196459,NA,0.252026892267293
"spherical","22415.png",22415,0.237443391449974,0.278342417687174,1.13473882032432,NA,0.252577515022344
"spherical","22418.png",22418,0.235858632784989,0.27703896319918,1.11649629683647,NA,0.250137887562029
"spherical","22421.png",22421,0.236353190726546,0.277331712131468,1.09149065210601,NA,0.25225949631364
"spherical","22424.png",22424,0.233784261630009,0.275024144701947,1.09539311458299,NA,0.251366480973747
"spherical","22428.png",22428,0.238320979301392,0.279077273059543,1.13216553503123,NA,0.254979877242772
"spherical","22431.png",22431,0.235545121387026,0.276723432713728,1.1117736435741,NA,0.249772596094715
"spherical","22434.png",22434,0.235817646576872,0.276740778630278,1.09634100954602,NA,0.251418731184935
"spherical","22437.png",22437,0.234251032607229,0.275417092920832,1.08745965091983,NA,0.252126458176256
"spherical","22440.png",22440,0.236533739033445,0.277534127431461,1.11773890719625,NA,0.253753628367641
"spherical","22444.png",22444,0.235441136777051,0.276592794727366,1.11342954644191,NA,0.249650686909116
"spherical","22447.png",22447,0.235514912617709,0.276591624303059,1.10845385283344,NA,0.252030876702643
"spherical","22450.png",22450,0.233287133200465,0.274455916484443,1.10034302587915,NA,0.250952680173384
"spherical","22453.png",22453,0.237588861393414,0.278409825406541,1.12070812467734,NA,0.254501765244842
"spherical","22456.png",22456,0.235740849924888,0.276829265223664,1.11656166566753,NA,0.250149486558558
"spherical","22460.png",22460,0.234480246386527,0.275696483004518,1.10937789416039,NA,0.251413283491127
"spherical","22463.png",22463,0.236211048929878,0.277189013706197,1.10746899104135,NA,0.253838762941022
"spherical","22466.png",22466,0.237491388783303,0.278395991423436,1.14002465770722,NA,0.25356970187056
"spherical","22469.png",22469,0.234996091096576,0.276137261179892,1.12004968170754,NA,0.249261736094128
"spherical","22472.png",22472,0.235900582667693,0.276882207581354,1.10668478253573,NA,0.251323120877345
"spherical","22476.png",22476,0.236381263902192,0.277367596896427,1.12517522134077,NA,0.254593387396971
"spherical","22479.png",22479,0.235782266396786,0.276869249804214,1.12284011933098,NA,0.250700488995088
"spherical","22482.png",22482,0.236492267425311,0.277493132410141,1.09118938048789,NA,0.252058942691576
"spherical","22485.png",22485,0.234906173126088,0.27600332289678,1.11338373368228,NA,0.253710280841198
"spherical","22488.png",22488,0.235088154455598,0.276171762755094,1.09524719420768,NA,0.253631700840302
"spherical","22492.png",22492,0.236236164696223,0.277214098180043,1.13602464441357,NA,0.251695328364446
"spherical","22495.png",22495,0.2355880067817,0.276563977566841,1.10227664870902,NA,0.251962533697405
"spherical","22498.png",22498,0.234148020883061,0.275258545529846,1.0992625779429,NA,0.252188629729831
"spherical","22501.png",22501,0.236334307567903,0.277302404133564,1.1081955729332,NA,0.253408445284772
"spherical","22504.png",22504,0.235856547273136,0.276888992016011,1.1256282715517,NA,0.250181415743031
"spherical","22508.png",22508,0.235736471605992,0.276688475183869,1.09588945237841,NA,0.250840140913769
"spherical","22511.png",22511,0.233980603175427,0.275150077862474,1.10973638687897,NA,0.2515517587041
"spherical","22514.png",22514,0.234914748506936,0.275954957257806,1.09472270417158,NA,0.252398396569279
"spherical","22517.png",22517,0.238083873210215,0.278929374657197,1.13873167428263,NA,0.254698852301262
"spherical","22520.png",22520,0.235527263971051,0.276680280576866,1.12448890292424,NA,0.24953064823242
"spherical","22524.png",22524,0.233899667403434,0.275209678441419,1.08921900795384,NA,0.251523749158895
"spherical","22527.png",22527,0.238292891479159,0.279020338436619,1.12923960063836,NA,0.255127640174315
"spherical","22530.png",22530,0.235074867041791,0.276200827584013,1.12383231941757,NA,0.249401349908911
"spherical","22533.png",22533,0.235698723417752,0.276698451214388,1.11072870005503,NA,0.252997194438777
"spherical","22536.png",22536,0.234362696482267,0.275518494338141,1.09265415950663,NA,0.252912654526903
"spherical","22540.png",22540,0.237412537342792,0.27829491068395,1.13759606991275,NA,0.254573815268693
"spherical","22543.png",22543,0.234542769067686,0.275707638955549,1.12350821549356,NA,0.248696285265233
"spherical","22546.png",22546,0.23661759278727,0.277649813762561,1.09572238112781,NA,0.251770982992706
"spherical","22549.png",22549,0.235021165196981,0.276107792557166,1.10127553648544,NA,0.252184341971558
"spherical","22552.png",22552,0.234686520266613,0.27568951911857,1.0866894913647,NA,0.25285860431132
"spherical","22556.png",22556,0.236251759875137,0.277183136888262,1.140826810249,NA,0.251569700775744
"spherical","22559.png",22559,0.236407679837649,0.277294916845436,1.11236603707573,NA,0.252497669199957
"spherical","22562.png",22562,0.234252656136638,0.275322273103166,1.08812709026906,NA,0.252543403579038
"spherical","22565.png",22565,0.237461922761902,0.278311763525389,1.1191791293998,NA,0.254359641989288
"spherical","22568.png",22568,0.234511548930786,0.275742447413492,1.10711698354742,NA,0.249110944985501
"spherical","22572.png",22572,0.235886778327642,0.276884749502437,1.09883852134816,NA,0.253622825293398
"spherical","22575.png",22575,0.23498555861741,0.275988372052527,1.09682056381098,NA,0.253314318225992
"spherical","22578.png",22578,0.237062248697522,0.278058603401923,1.11324370989183,NA,0.255232514209716
"spherical","22581.png",22581,0.237251438215485,0.278210547766664,1.13673986877089,NA,0.253048746671789
"spherical","22584.png",22584,0.235773255742281,0.276860110079777,1.09746617476911,NA,0.250831463171406
"spherical","22588.png",22588,0.233776689756761,0.274982813548899,1.10858667380939,NA,0.252357270143957
"spherical","22591.png",22591,0.237284842568257,0.278215079155804,1.14419501498371,NA,0.253976868488384
"spherical","22594.png",22594,0.23483993142151,0.27600967178489,1.12378243421459,NA,0.249101978893162
"spherical","22597.png",22597,0.235025364999418,0.276247095700906,1.08136472710668,NA,0.249825759150233
"spherical","22600.png",22600,0.235337069093901,0.276440768025381,1.09921900700717,NA,0.253067658662466
"spherical","22604.png",22604,0.236306932786815,0.277394551924345,1.10877155700029,NA,0.254099259998294
"spherical","22607.png",22607,0.236141545509514,0.277086084630341,1.13152280856383,NA,0.251197823849394
"spherical","22610.png",22610,0.235614206866199,0.27675800230969,1.10920035430578,NA,0.250739693295234
"spherical","22613.png",22613,0.236064033103454,0.277041950475377,1.11981097338778,NA,0.253341021939684
"spherical","22616.png",22616,0.233731429524968,0.274889726552407,1.0896829674559,NA,0.252139186869598
"spherical","22620.png",22620,0.237177099804134,0.278097262492224,1.12952794497078,NA,0.252867261686548
"spherical","22623.png",22623,0.236809933589506,0.27782040091951,1.09895775070469,NA,0.2524410544326
"spherical","22626.png",22626,0.23569720398868,0.276722140321495,1.1053608347491,NA,0.253385038103642
"spherical","22629.png",22629,0.234164781964251,0.275299771982632,1.09376141743729,NA,0.25237263582846
"spherical","22632.png",22632,0.237559026572792,0.278379096941904,1.12798690012372,NA,0.254511359765446
"spherical","22636.png",22636,0.235973390125341,0.276960952103215,1.09491604627772,NA,0.251545508287236
"spherical","22639.png",22639,0.234209275925882,0.275414838425447,1.09715005976761,NA,0.252768268370637
"spherical","22642.png",22642,0.235128706724676,0.276229946228328,1.09686314324862,NA,0.253444817570668
"spherical","22645.png",22645,0.237152074635662,0.278114808417244,1.11811209820571,NA,0.253598017009983
"spherical","22648.png",22648,0.235644495172977,0.276713151599949,1.09813922043548,NA,0.251155339523207
"spherical","22652.png",22652,0.23443176941032,0.275503686072405,1.09722652315032,NA,0.253066809926155
"spherical","22655.png",22655,0.236910367838583,0.277793507118873,1.12907628540031,NA,0.254485453798266
"spherical","22658.png",22658,0.235583586140319,0.276563811776053,1.12812066490529,NA,0.250390499822092
"spherical","22661.png",22661,0.235929734416548,0.277127117090259,1.1180503242384,NA,0.250986888825359
"spherical","22664.png",22664,0.235495516752441,0.276540639954587,1.10824265246593,NA,0.253634952272323
"spherical","22668.png",22668,0.234964360035675,0.276103289194563,1.09999388903589,NA,0.253309448115044
"spherical","22671.png",22671,0.23739869995222,0.278220092941218,1.12585764135356,NA,0.254278389202183
"spherical","22674.png",22674,0.235989414430076,0.277147230951738,1.1002079131664,NA,0.251060260706374
"spherical","22677.png",22677,0.236246000112637,0.277168004130144,1.09405653495771,NA,0.253253883555823
"spherical","22680.png",22680,0.23377671345627,0.274972383164342,1.08513656252813,NA,0.251999350395159
"spherical","22684.png",22684,0.237243750572936,0.278132904863036,1.12395753551487,NA,0.255041719309536
"spherical","22687.png",22687,0.235981720949463,0.277049539768849,1.12640772057675,NA,0.250538196975651
"spherical","22690.png",22690,0.236274463556974,0.277220279087667,1.09809410743951,NA,0.252732705898922
"spherical","22693.png",22693,0.234502654715245,0.275603103304217,1.08338225021025,NA,0.253353595440057
"spherical","22696.png",22696,0.237574478966149,0.278541725551846,1.12969861501243,NA,0.255719612756959
"spherical","22700.png",22700,0.235668189042349,0.276792114543861,1.11731160943242,NA,0.250747546616244
"spherical","22703.png",22703,0.234958519776873,0.275943691323102,1.11231641826853,NA,0.2513068149192
"spherical","22706.png",22706,0.234066314623156,0.275247700561805,1.09390808431824,NA,0.252706684469411
"spherical","22709.png",22709,0.235235323058253,0.276428630719129,1.1116912652557,NA,0.253764767611228
"spherical","22712.png",22712,0.235278486955195,0.276368029914114,1.1245479065995,NA,0.250934668316491
"spherical","22716.png",22716,0.235201151297819,0.27627296804921,1.12299516623118,NA,0.250121639842053
"spherical","22719.png",22719,0.236711866726245,0.277586321227629,1.10789770652011,NA,0.25400634441741
"spherical","22722.png",22722,0.2355591386608,0.276607561996632,1.08422439328409,NA,0.254283824018462
"spherical","22725.png",22725,0.236173310278229,0.277199147324445,1.1278891154079,NA,0.251404858074168
"spherical","22728.png",22728,0.236183211825116,0.277288994109029,1.10846218167997,NA,0.25187259837894
"spherical","22732.png",22732,0.234547101755982,0.275677637266999,1.1011082501127,NA,0.253441821443884
"spherical","22735.png",22735,0.23471588841809,0.275902927674531,1.09867897137412,NA,0.253428739544381
"spherical","22738.png",22738,0.237848235972715,0.278688470556904,1.14005741573038,NA,0.254918716547953
"spherical","22741.png",22741,0.235386952535043,0.276573109302365,1.11308661948377,NA,0.250830427860675
"spherical","22744.png",22744,0.235187490578197,0.276223216336911,1.10348257028742,NA,0.253357559552485
"spherical","22748.png",22748,0.236212689312354,0.277326648009972,1.10203636835087,NA,0.255002306884861
"spherical","22751.png",22751,0.238229734608926,0.278965153567326,1.12333969166226,NA,0.256439191866803
"spherical","22754.png",22754,0.236630025012171,0.277525442356695,1.13839973496282,NA,0.253196658013143
"spherical","22757.png",22757,0.234807187404788,0.275994054926339,1.11928060795076,NA,0.250279101267546
"spherical","22760.png",22760,0.236176549264169,0.277133638224762,1.0985092250311,NA,0.253252843557286
"spherical","22764.png",22764,0.234361345440725,0.275436976873974,1.08937154139121,NA,0.253367155428807
"spherical","22767.png",22767,0.236963654771891,0.27788227541444,1.12573298356873,NA,0.255515032237136
"spherical","22770.png",22770,0.235637803632803,0.276671566713828,1.12243351893167,NA,0.251207725373565
"spherical","22773.png",22773,0.236045232949657,0.277015644369731,1.1022170717415,NA,0.254313736692315
"spherical","22776.png",22776,0.234292342299635,0.275427708939421,1.10070854531851,NA,0.253728213217149
"spherical","22780.png",22780,0.237250678903855,0.278060684324318,1.12709470136283,NA,0.255002658396437
"spherical","22783.png",22783,0.235236606374314,0.276301101108943,1.14002680751723,NA,0.250446935375023
"spherical","22786.png",22786,0.235647594597586,0.276708601168261,1.09991198677932,NA,0.251715445334661
"spherical","22789.png",22789,0.233143064529721,0.274444106379345,1.10323858179415,NA,0.251686612452066
"spherical","22792.png",22792,0.23492594253442,0.276008054381789,1.08173854380015,NA,0.253705066600837
"spherical","22796.png",22796,0.237533434992944,0.278420493741286,1.12669430329516,NA,0.254375863491341
"spherical","22799.png",22799,0.236082826994555,0.277092552549302,1.12739470174317,NA,0.251480405800773
"spherical","22802.png",22802,0.23641580243181,0.277408748112948,1.10520633983299,NA,0.252758813399735
"spherical","22805.png",22805,0.233277527971903,0.274512083839803,1.10324925977629,NA,0.252189110083239
"spherical","22808.png",22808,0.237226099973749,0.278070958842767,1.14192781796863,NA,0.254916139479733
"spherical","22812.png",22812,0.235800717511286,0.276963181792352,1.10166362916166,NA,0.251741764376595
"spherical","22815.png",22815,0.236146191908284,0.277106193099275,1.10719740464606,NA,0.254221096304432
"spherical","22818.png",22818,0.234922902004852,0.275971653764685,1.08925446467822,NA,0.254362171336014
"spherical","22821.png",22821,0.23719989482231,0.278139396576203,1.13341749483588,NA,0.255321001149449
"spherical","22824.png",22824,0.236387717381385,0.277401511005368,1.12801947683274,NA,0.252812648805676
"spherical","22828.png",22828,0.235763098794245,0.276726229191149,1.1204064214191,NA,0.251579299520714
"spherical","22831.png",22831,0.234598797273467,0.275913276236975,1.10563043945649,NA,0.250576187734777
"spherical","22834.png",22834,0.235663787270418,0.276693906496769,1.09861820036544,NA,0.254149604301013
"spherical","22837.png",22837,0.234416798507741,0.275586581883994,1.08844163955672,NA,0.253711722013022
"spherical","22840.png",22840,0.237323084800303,0.27825944200899,1.14213156525642,NA,0.254510620782821
"spherical","22844.png",22844,0.235288490354145,0.276475909942511,1.11178827012323,NA,0.251422746901469
"spherical","22847.png",22847,0.235781678328365,0.276778712775298,1.10539202079093,NA,0.254662908845242
"spherical","22850.png",22850,0.233169051681836,0.274355708499663,1.08955309761067,NA,0.252322576031165
"spherical","22853.png",22853,0.236588878940451,0.277546369132621,1.11998825789503,NA,0.255151122141558
"spherical","22856.png",22856,0.237194690891914,0.278108142993302,1.13462478910172,NA,0.25435725202146
"spherical","22860.png",22860,0.235672147996628,0.276880972689157,1.1158476218556,NA,0.251629637294318
"spherical","22863.png",22863,0.235146051435632,0.276308994108406,1.11904236199816,NA,0.252719556205828
"spherical","22866.png",22866,0.235323230329391,0.276318837955915,1.087874103576,NA,0.254818876773182
"spherical","22869.png",22869,0.235582848799841,0.276623592450947,1.11502305537978,NA,0.254675236854268
"spherical","22872.png",22872,0.237379968240461,0.278216374892748,1.13699950467769,NA,0.255762806667377
"spherical","22876.png",22876,0.236653999434205,0.277708105851956,1.11618623363267,NA,0.252555457280233
"spherical","22879.png",22879,0.234511901236609,0.275659755409579,1.10653283735572,NA,0.253380295077067
"spherical","22882.png",22882,0.235393640253319,0.276456230276257,1.10288120453212,NA,0.254784750615291
"spherical","22885.png",22885,0.237315032145173,0.278090049764092,1.12618684958694,NA,0.255634902890274
"spherical","22888.png",22888,0.235625676227749,0.276636612691887,1.13656560356274,NA,0.251815922567385
"spherical","22892.png",22892,0.235786554092871,0.276748576762299,1.1077515854899,NA,0.252745444442515
"spherical","22895.png",22895,0.233885237136127,0.275079556444978,1.08534015794158,NA,0.253089619646209
"spherical","22898.png",22898,0.235663088729924,0.276783586667189,1.11055985148165,NA,0.254469372574251
"spherical","22901.png",22901,0.237695508339878,0.27846888361809,1.13129374974403,NA,0.255605332928729
"spherical","22904.png",22904,0.235541992766872,0.276559791790383,1.12489828514492,NA,0.251422925988121
"spherical","22908.png",22908,0.235843779568141,0.276773161674102,1.10920957714991,NA,0.252880919156684
"spherical","22911.png",22911,0.234107179613444,0.275229980333878,1.11003216892585,NA,0.25279159672731
"spherical","22914.png",22914,0.23428352521182,0.275326089205205,1.08823378667045,NA,0.253594616094364
"spherical","22917.png",22917,0.236322856673333,0.277413234402687,1.11634223740665,NA,0.25581487009574
"spherical","22921.png",22921,0.236011126112836,0.277056031955577,1.10977707011391,NA,0.251965423222567
"spherical","22924.png",22924,0.236903381752172,0.277887071126221,1.09337288648512,NA,0.254080351933983
"spherical","22927.png",22927,0.236285379947093,0.277279223742324,1.10007332926974,NA,0.254691381122758
"spherical","22930.png",22930,0.233627138266257,0.274816345208882,1.09843315545813,NA,0.252812830053389
"spherical","22933.png",22933,0.238749935843232,0.279549596757627,1.11310017624337,NA,0.257538994833851
"spherical","22937.png",22937,0.234883649634544,0.27597557634077,1.13957027254648,NA,0.250734226712531
"spherical","22940.png",22940,0.235667060789762,0.276802830771251,1.10573881982521,NA,0.251581082258746
"spherical","22943.png",22943,0.233735506214108,0.275060011959108,1.10267553204952,NA,0.252534168960129
"spherical","22946.png",22946,0.23628800648479,0.277300383564967,1.09289242469284,NA,0.255849933629068
"spherical","22949.png",22949,0.236605876860542,0.277616711114856,1.12340799412793,NA,0.255849107737869
"spherical","22953.png",22953,0.237437890547183,0.278259992371068,1.12014211232537,NA,0.255605178235833
"spherical","22956.png",22956,0.235202785586169,0.276291058995203,1.14138796925392,NA,0.251751140142249
"spherical","22959.png",22959,0.234894395912564,0.275963264862048,1.11067633803074,NA,0.250680447189539
"spherical","22962.png",22962,0.235893493646083,0.276861604707316,1.10457966946891,NA,0.252970799749945
"spherical","22965.png",22965,0.233678967323917,0.274770840081558,1.09769599977966,NA,0.253032752042871
"spherical","22969.png",22969,0.236811757017278,0.277689046451659,1.12476439939555,NA,0.254275664313068
"spherical","22972.png",22972,0.236162214056436,0.277191816587025,1.11127343118202,NA,0.252323135023675
"spherical","22975.png",22975,0.236048584272115,0.277094227485365,1.1043183796835,NA,0.2530719776193
"spherical","22978.png",22978,0.235554799582852,0.276625090234897,1.10454357546775,NA,0.254305108595836
"spherical","22981.png",22981,0.235457837173005,0.276505092431751,1.087968199096,NA,0.255059912622321
"spherical","22985.png",22985,0.237252287055772,0.278036554459542,1.13189612467404,NA,0.255709610389189
"spherical","22988.png",22988,0.235485881997356,0.276579857012299,1.13996617622482,NA,0.252480648239788
"spherical","22991.png",22991,0.235708067182598,0.276834646725588,1.10272036782379,NA,0.252482550222106
"spherical","22994.png",22994,0.23606625590767,0.277035349536392,1.11070596252297,NA,0.254811870678485
"spherical","22997.png",22997,0.233343650609206,0.274560315582027,1.09374693613015,NA,0.252551243275438
"spherical","23001.png",23001,0.235777724629324,0.276860767107406,1.08865682821665,NA,0.255525530755469
"spherical","23004.png",23004,0.236877201684605,0.277812130582023,1.1158488723751,NA,0.256281999545369
"spherical","23007.png",23007,0.235920755618186,0.276965037439357,1.12871219215328,NA,0.252571186414861
"spherical","23010.png",23010,0.235026259979225,0.276122715280067,1.10973644506261,NA,0.250973896983822
"spherical","23013.png",23013,0.23653151257818,0.277530674477435,1.10238952454828,NA,0.253632034994867
"spherical","23017.png",23017,0.234772518272594,0.27595537034436,1.09092200355525,NA,0.254144581196405
"spherical","23020.png",23020,0.236125641041784,0.277185231330374,1.08706815665189,NA,0.255789876350902
"spherical","23023.png",23023,0.238068327121198,0.278906665142663,1.14365985212498,NA,0.256314858449536
"spherical","23026.png",23026,0.23535916844721,0.276420909159101,1.12928414142203,NA,0.25158956082544
"spherical","23029.png",23029,0.236259395400754,0.277375141545021,1.09844205306845,NA,0.252586654720216
"spherical","23033.png",23033,0.235435585730957,0.276513048626373,1.10766632287704,NA,0.254039831329419
"spherical","23036.png",23036,0.234709605320823,0.275904878427569,1.09939369138597,NA,0.253907715222131
"spherical","23039.png",23039,0.23630458023558,0.277277702441722,1.09908247204573,NA,0.255589872941766
"spherical","23042.png",23042,0.237519165968411,0.278455537775605,1.14059340599933,NA,0.255385593165719
"spherical","23045.png",23045,0.235724501947362,0.276787929806786,1.12899999976904,NA,0.251754659330074
"spherical","23049.png",23049,0.235543118789984,0.276566107214355,1.13261494728027,NA,0.251279536369423
"spherical","23052.png",23052,0.235542842599369,0.276523996966293,1.10261963640854,NA,0.252393132787814
"spherical","23055.png",23055,0.234011760629524,0.275129597995715,1.09102942404065,NA,0.25292378685209
"spherical","23058.png",23058,0.237161431331677,0.278080026650559,1.11048538953333,NA,0.255745597850376
"spherical","23061.png",23061,0.237567532975354,0.278421745137203,1.1288982657165,NA,0.255476138827817
"spherical","23065.png",23065,0.236369022680844,0.277317685483151,1.10242600088275,NA,0.251596612237158
"spherical","23068.png",23068,0.236136894829551,0.277132651833418,1.10087578063621,NA,0.25275245351947
"spherical","23071.png",23071,0.235450243224806,0.276501233607628,1.1024233584547,NA,0.253330393367458
"spherical","23074.png",23074,0.236265462408308,0.277289455236805,1.09540038723617,NA,0.255501683033669
"spherical","23077.png",23077,0.235396925648502,0.27633960678251,1.09115342994328,NA,0.25482623864118
"spherical","23081.png",23081,0.23655929987234,0.277583494954875,1.10635568678588,NA,0.255562127343498
"spherical","23084.png",23084,0.236649785448561,0.277711557938153,1.13940605463167,NA,0.253642218573598
"spherical","23087.png",23087,0.236133052721378,0.277071334186054,1.11454041742985,NA,0.251688009308561
"spherical","23090.png",23090,0.235697382634576,0.276775893833367,1.12181344111709,NA,0.252271217479402
"spherical","23093.png",23093,0.236514926897577,0.277467214177784,1.10392940329159,NA,0.253196956379184
"spherical","23097.png",23097,0.234119754013872,0.275258293350753,1.10720520868752,NA,0.25341341036896
"spherical","23100.png",23100,0.235018218045225,0.276086864400494,1.09201925214074,NA,0.254330868024021
"spherical","23103.png",23103,0.237387657646368,0.278272258248745,1.13229637053707,NA,0.256187752724551
"spherical","23106.png",23106,0.236385224375519,0.277331191283505,1.1356474947211,NA,0.253767738903034
"spherical","23109.png",23109,0.234996751512972,0.276092712451985,1.13802797999653,NA,0.251118116591791
"spherical","23113.png",23113,0.236099263466183,0.277055300054542,1.11236303139025,NA,0.252313922707549
"spherical","23116.png",23116,0.235671128410342,0.276792050410563,1.10664044181848,NA,0.251917564583272
"spherical","23119.png",23119,0.236251037627583,0.277209460595979,1.10397170271384,NA,0.253200008623616
"spherical","23122.png",23122,0.234467395493335,0.27564885067019,1.09150122606859,NA,0.254084569659903
"spherical","23125.png",23125,0.236601695410558,0.277558444298798,1.10506604681341,NA,0.256404545595283
"spherical","23129.png",23129,0.237133397842816,0.2780452657625,1.14713026371291,NA,0.255222542787171
"spherical","23132.png",23132,0.235223162511125,0.276301668973689,1.13872180036876,NA,0.252176689579675
"spherical","23135.png",23135,0.235302877164234,0.276416891686003,1.1055485229144,NA,0.251454043376441
"spherical","23138.png",23138,0.235733643023038,0.276689731973441,1.10841474728226,NA,0.253538166708334
"spherical","23141.png",23141,0.234021041187911,0.275180516558084,1.10187438705639,NA,0.253822756947756
"spherical","23145.png",23145,0.235585841926056,0.276629366244018,1.08839589362646,NA,0.255482396253091
"spherical","23148.png",23148,0.236716581775625,0.277679840278989,1.11309973081641,NA,0.257226795727712
"spherical","23151.png",23151,0.236778909110708,0.27770903113607,1.12628879645194,NA,0.256014868829481
"spherical","23154.png",23154,0.236836560678368,0.277722236922513,1.12916606862176,NA,0.255078906031438
"spherical","23157.png",23157,0.235239986665382,0.276249623412171,1.12564348322295,NA,0.252215398291555
"spherical","23161.png",23161,0.23524595895321,0.276330334432556,1.10860492460456,NA,0.251848913036886
"spherical","23164.png",23164,0.23587381115566,0.27677835445681,1.10197126443658,NA,0.255207435790275
"spherical","23167.png",23167,0.233872607498062,0.27493812850796,1.07718431663174,NA,0.253705564507912
"spherical","23170.png",23170,0.235504946096169,0.276459405482084,1.08209969099005,NA,0.255880720880171
"spherical","23173.png",23173,0.235657507347314,0.276678084141413,1.09844213686478,NA,0.255709180309239
"spherical","23177.png",23177,0.237419731340581,0.278239949373242,1.12425616853132,NA,0.256873693573478
"spherical","23180.png",23180,0.236612442402892,0.277503861799533,1.13408889467791,NA,0.255143856293652
"spherical","23183.png",23183,0.235415855044581,0.27642166001932,1.10993333944725,NA,0.251925930104615
"spherical","23186.png",23186,0.235761343847245,0.276860323238493,1.10274708664994,NA,0.253275934708953
"spherical","23189.png",23189,0.235426548486472,0.276468439435719,1.09922356165476,NA,0.254190176497706
"spherical","23193.png",23193,0.235462466500385,0.276510081973513,1.10557265988962,NA,0.253972844276342
"spherical","23196.png",23196,0.235622488091633,0.276699543903901,1.10960591622919,NA,0.255114652656998
"spherical","23199.png",23199,0.235462871577495,0.276585841754356,1.09159011895154,NA,0.255449755191335
"spherical","23202.png",23202,0.235819412333346,0.276850045604115,1.09701973612014,NA,0.256154970433675
"spherical","23205.png",23205,0.23615788147251,0.277173971743466,1.10745955975829,NA,0.256317901098212
"spherical","23209.png",23209,0.236905225321398,0.27776372607174,1.15183567839272,NA,0.255607959002412
"spherical","23212.png",23212,0.237011191118019,0.277933914211695,1.13188658049557,NA,0.253622963994347
"spherical","23215.png",23215,0.235523670578928,0.276560961382122,1.10150302140892,NA,0.252579337623213
"spherical","23218.png",23218,0.235668235482871,0.276751153494228,1.11347119105901,NA,0.254058200167464
"spherical","23221.png",23221,0.237036244876438,0.277894987566824,1.10533532644642,NA,0.256207903154582
"spherical","23225.png",23225,0.234960676934923,0.275952161385448,1.08526603068218,NA,0.255362519193971
"spherical","23228.png",23228,0.236148763450012,0.277088279588701,1.09952296461529,NA,0.256570452464279
"spherical","23231.png",23231,0.237400429385628,0.278233814298222,1.1094863462537,NA,0.2575850652551
"spherical","23234.png",23234,0.237189143313303,0.277993559041595,1.12282838153175,NA,0.256931955271939
"spherical","23237.png",23237,0.236358383359743,0.277270511109871,1.13851676440857,NA,0.255840756968076
"spherical","23241.png",23241,0.234266407213407,0.275331865303405,1.11707441026042,NA,0.251161903758346
"spherical","23244.png",23244,0.234909748702938,0.275935102289517,1.11425192388956,NA,0.251504824740366
"spherical","23247.png",23247,0.234914232257105,0.27595765593009,1.09924185636856,NA,0.251511247596632
"spherical","23250.png",23250,0.235418500787335,0.276387236109424,1.10410576285192,NA,0.252025999179265
"spherical","23253.png",23253,0.234636679064468,0.275734379301193,1.09130099795738,NA,0.253835012581658
"spherical","23257.png",23257,0.234177100392126,0.275373098773474,1.08781709795047,NA,0.253973205212035
"spherical","23260.png",23260,0.23510690300935,0.276067017899254,1.08509654938265,NA,0.254863547678249
"spherical","23263.png",23263,0.236908662825508,0.277896065902139,1.10249711992615,NA,0.256675745814074
"spherical","23266.png",23266,0.236490452547577,0.277385307800006,1.11319145377113,NA,0.255728079712847
"spherical","23269.png",23269,0.237406224860517,0.27830847019921,1.1395007154786,NA,0.255573129133983
"spherical","23273.png",23273,0.235133150581663,0.276132184252995,1.11804677467356,NA,0.252045399237051
"spherical","23276.png",23276,0.235769402648957,0.276771902929087,1.10143889959636,NA,0.252917295859261
"spherical","23279.png",23279,0.236583386626757,0.277484069723884,1.1048295145318,NA,0.255360447857844
"spherical","23282.png",23282,0.235936624556402,0.27683764648599,1.1030445303287,NA,0.254918484625333
"spherical","23285.png",23285,0.234871373717382,0.275861024450477,1.11349870983659,NA,0.254076916603619
"spherical","23289.png",23289,0.235944894297401,0.27693214953592,1.09745174213677,NA,0.2553129865976
"spherical","23292.png",23292,0.235514708312982,0.276554665169592,1.09948850071096,NA,0.255567695774434
"spherical","23295.png",23295,0.234202697584885,0.275216127641592,1.08451897982312,NA,0.25410195784694
"spherical","23298.png",23298,0.235944918478217,0.276970908746135,1.10920525044663,NA,0.255017458209097
"spherical","23301.png",23301,0.237327170153271,0.278161811127953,1.13816075501767,NA,0.255939208198206
"spherical","23305.png",23305,0.23631428243386,0.277339544589317,1.12497674179755,NA,0.254056411327466
"spherical","23308.png",23308,0.234515443907618,0.275610547180984,1.12768991546178,NA,0.251692355161485
"spherical","23311.png",23311,0.236352162144234,0.277188577110135,1.10558487731662,NA,0.253579331561827
"spherical","23314.png",23314,0.235568459566158,0.276576854512592,1.10203895394102,NA,0.252748068953581
"spherical","23317.png",23317,0.236345815813711,0.277348284539754,1.1087407491906,NA,0.254282452143804
"spherical","23321.png",23321,0.235471747907707,0.276569531222552,1.10840858952524,NA,0.253299156254194
"spherical","23324.png",23324,0.236855578355868,0.277820222031795,1.10303702507636,NA,0.255513560555709
"spherical","23327.png",23327,0.236260491044486,0.277205334314994,1.10112672719326,NA,0.255389909567421
"spherical","23330.png",23330,0.23533143900664,0.276299887036399,1.09450480930346,NA,0.255577520640848
"spherical","23333.png",23333,0.235339708728794,0.276471394208755,1.1013416793294,NA,0.255971458632477
"spherical","23337.png",23337,0.235762227888284,0.276643833410786,1.07967491394239,NA,0.256496223875435
"spherical","23340.png",23340,0.235087826432392,0.276064098564124,1.08455792578422,NA,0.255495795266048
"spherical","23343.png",23343,0.237466702306042,0.278395903332308,1.12425363069765,NA,0.257555618041748
"spherical","23346.png",23346,0.236693387631313,0.277504207214328,1.13967472441894,NA,0.256359359227116
"spherical","23349.png",23349,0.236191831719267,0.27709136811034,1.14615908702372,NA,0.255514692081843
"spherical","23353.png",23353,0.234706773789357,0.275742710618708,1.13615093931138,NA,0.252593881618022
"spherical","23356.png",23356,0.2361649522988,0.277024095084367,1.12248977410815,NA,0.254197065180903
"spherical","23359.png",23359,0.235056131893758,0.276165993620065,1.12738872418051,NA,0.252574886397366
"spherical","23362.png",23362,0.235018378626932,0.276038424341709,1.12621327270048,NA,0.252784202167433
"spherical","23365.png",23365,0.234350932390454,0.275437328288339,1.11934372489403,NA,0.252049750038355
"spherical","23369.png",23369,0.234561706712985,0.275547163113938,1.11644899640604,NA,0.252085897684666
"spherical","23372.png",23372,0.235372146102867,0.276434860278012,1.10928250537811,NA,0.253194015879041
"spherical","23375.png",23375,0.236486860148481,0.277427018301748,1.09625862717689,NA,0.255636164845031
"spherical","23378.png",23378,0.236496346726925,0.277482384745597,1.09707212611273,NA,0.256000261954598
"spherical","23381.png",23381,0.237113298269935,0.278085627247817,1.09022249299738,NA,0.256424973072645
"spherical","23385.png",23385,0.234642925135233,0.275624105150069,1.09439009464572,NA,0.255158586977998
"spherical","23388.png",23388,0.234751884082723,0.275759529499968,1.08603194860446,NA,0.256015102024616
"spherical","23391.png",23391,0.234439073327264,0.275529088818464,1.10137351000623,NA,0.255279441298705
"spherical","23394.png",23394,0.235503190984451,0.276618196986225,1.09679093113196,NA,0.25620532527072
"spherical","23397.png",23397,0.236115673307369,0.277166639922057,1.08862019447635,NA,0.257054617231746
"spherical","23401.png",23401,0.236060970877878,0.276972407835088,1.08079624092534,NA,0.257246829817584
"spherical","23404.png",23404,0.235724927907584,0.276697459151493,1.08869075342956,NA,0.256328083065816
"spherical","23407.png",23407,0.236711369219021,0.277711335789962,1.09857350461755,NA,0.257715235880352
"spherical","23410.png",23410,0.235943826996412,0.276880407179205,1.11064598403215,NA,0.256592628667535
"spherical","23413.png",23413,0.237270474555566,0.278137503655236,1.10611331519084,NA,0.258284757586366
"spherical","23417.png",23417,0.236815571174881,0.277631358919637,1.13837459772999,NA,0.256785229723897
"spherical","23420.png",23420,0.23551401643762,0.276346420231743,1.143461051355,NA,0.255305145126518
"spherical","23423.png",23423,0.233626600819703,0.274566408033707,1.13083859940747,NA,0.251906679004198
"spherical","23426.png",23426,0.234449845167685,0.275456887925266,1.14061730627433,NA,0.253371558438104
"spherical","23429.png",23429,0.234196682913751,0.275272496019745,1.12432171029041,NA,0.252287314725692
"spherical","23433.png",23433,0.234846758525613,0.275946599821493,1.13409774506828,NA,0.253105621128035
"spherical","23436.png",23436,0.233975355931694,0.274976713702453,1.12294625507166,NA,0.251656041545755
"spherical","23439.png",23439,0.234749231074585,0.275690764714285,1.12473959950666,NA,0.252622304640363
"spherical","23442.png",23442,0.235000088960986,0.276101605691039,1.11847289932221,NA,0.252930342459535
"spherical","23445.png",23445,0.23545659732177,0.276477678131145,1.10353291438831,NA,0.253254232549354
"spherical","23449.png",23449,0.235886198356956,0.276787262442787,1.09944873915369,NA,0.254113614359138
"spherical","23452.png",23452,0.235517968362718,0.276483998894659,1.11671479618806,NA,0.253684199361841
"spherical","23455.png",23455,0.234963549155752,0.276039412034253,1.11346734810067,NA,0.25321654152596
"spherical","23458.png",23458,0.236064530571635,0.277022644268479,1.10331416096478,NA,0.255371631090171
"spherical","23461.png",23461,0.235730644017992,0.276523661378787,1.09501974527569,NA,0.255467423815095
"spherical","23465.png",23465,0.236977182845356,0.277828554285359,1.10058417229237,NA,0.256961562773096
"spherical","23468.png",23468,0.236266132796584,0.277156312038446,1.09901860135482,NA,0.256586821079333
"spherical","23471.png",23471,0.23546025486455,0.276402657589343,1.09680087588661,NA,0.256213703606991
"spherical","23474.png",23474,0.235185780150768,0.27628709205441,1.08757305488782,NA,0.256066291679864
"spherical","23477.png",23477,0.235953559766894,0.276845415358686,1.09704177712191,NA,0.256615821353799
"spherical","23481.png",23481,0.234799118345068,0.275705957192041,1.09760435611301,NA,0.255239927739128
"spherical","23484.png",23484,0.236679949192434,0.277635455486085,1.0911742278449,NA,0.257256070607639
"spherical","23487.png",23487,0.235633717873262,0.276563478785703,1.08986253082501,NA,0.256945942280893
"spherical","23490.png",23490,0.236195055128231,0.277200221120208,1.10242941862515,NA,0.257556252907623
"spherical","23493.png",23493,0.235432710148006,0.276412965990744,1.10056122291585,NA,0.256181668103286
"spherical","23497.png",23497,0.234847191848434,0.275762658962333,1.09348439288026,NA,0.255811231626053
"spherical","23500.png",23500,0.235414175682789,0.276492886331546,1.09620825004555,NA,0.256383984631271
"spherical","23503.png",23503,0.235673410193582,0.276664228221073,1.08741023883262,NA,0.256654260412473
"spherical","23506.png",23506,0.235883586600651,0.276823401466617,1.09355138145175,NA,0.256945785220619
"spherical","23509.png",23509,0.235310136518514,0.276197682308776,1.09078672420356,NA,0.256518648707611
"spherical","23513.png",23513,0.235972283810548,0.276857287702924,1.08204341575424,NA,0.257391144381378
"spherical","23516.png",23516,0.236087271136212,0.277025387231351,1.09472828558809,NA,0.257583522885683
"spherical","23519.png",23519,0.237731201123193,0.278552675791616,1.11032490689975,NA,0.259198646339937
"spherical","23522.png",23522,0.236283903362336,0.277150352004261,1.14429971130616,NA,0.256463268422712
"spherical","23525.png",23525,0.237459194667031,0.278274742698901,1.1250056127745,NA,0.258202556809151
"spherical","23529.png",23529,0.235571028366526,0.276526355161045,1.10406920284134,NA,0.257352193155408
"spherical","23532.png",23532,0.234423928037063,0.2755358764823,1.08901965153918,NA,0.256013253609176
"spherical","23535.png",23535,0.235599995440415,0.276472933501842,1.0796496347843,NA,0.257435345501941
"spherical","23538.png",23538,0.235210933808635,0.276167328985134,1.08078089147836,NA,0.256774577682948
"spherical","23541.png",23541,0.236353370623676,0.277216137174586,1.084469963751,NA,0.258277902495755
"spherical","23545.png",23545,0.236712940307534,0.27762842834545,1.09753789435075,NA,0.258589833165313
"spherical","23548.png",23548,0.23549636869178,0.276436912000513,1.07768233509987,NA,0.257031846425475
"spherical","23551.png",23551,0.235225930614585,0.276209955190985,1.09148267042902,NA,0.257045536754911
"spherical","23554.png",23554,0.23556161300987,0.276656921052778,1.08020132030413,NA,0.257023834928084
"spherical","23557.png",23557,0.236353149421531,0.277208499325001,1.1225051271635,NA,0.257492322248658
"spherical","23561.png",23561,0.236756095348533,0.277574319019887,1.11653858403274,NA,0.257810493449452
"spherical","23564.png",23564,0.234703653569048,0.275709420758097,1.11526268793683,NA,0.256054646930109
"spherical","23567.png",23567,0.234091344944949,0.275096847274186,1.10959320054246,NA,0.255475712816377
"spherical","23570.png",23570,0.23487723307802,0.275857448154243,1.07576404397361,NA,0.256300607502227
"spherical","23573.png",23573,0.233872652122081,0.274870907610448,1.09063082844632,NA,0.255061350441096
"spherical","23577.png",23577,0.23356982356599,0.274661219496904,1.10607363531333,NA,0.254396784418145
"spherical","23580.png",23580,0.234676975639638,0.275570860978561,1.1011307023415,NA,0.255052642587479
"spherical","23583.png",23583,0.235484529360416,0.276498760549442,1.09857099485405,NA,0.256630405475539
"spherical","23586.png",23586,0.236029285739242,0.27694920808685,1.08756510528714,NA,0.257453415017992
"spherical","23589.png",23589,0.235344727080004,0.276305377260745,1.08149736037485,NA,0.256840149344807
"spherical","23593.png",23593,0.234204530850044,0.275112822393488,1.09865840748768,NA,0.255276584637355
"spherical","23596.png",23596,0.235799049601743,0.276848975730668,1.10115567866207,NA,0.256495879322283
"spherical","23599.png",23599,0.236589805769095,0.277565435434036,1.08685576438426,NA,0.258499330970541
"spherical","23602.png",23602,0.235581261171265,0.276646501391436,1.10085501090746,NA,0.256636785524014
"spherical","23605.png",23605,0.236813820589191,0.277710342523336,1.09414246303267,NA,0.256770955632566
"spherical","23609.png",23609,0.237704675745077,0.278621525435176,1.11088251491555,NA,0.256666645952067
"spherical","23612.png",23612,0.236583338958888,0.277736792708059,1.10355052606025,NA,0.255114618738941
"spherical","23615.png",23615,0.237370034461372,0.278348797189364,1.1121161951301,NA,0.255633223626387
"spherical","23618.png",23618,0.237051062591499,0.278117832866435,1.10861398044276,NA,0.255199421546904
"spherical","23621.png",23621,0.236304323070367,0.27728203510994,1.11008131431462,NA,0.254669534634199
"spherical","23625.png",23625,0.23529564184546,0.27622853638071,1.10363628916451,NA,0.253136443373539
"spherical","23628.png",23628,0.236092295917295,0.277026684990426,1.11555499261158,NA,0.254093787306789
"spherical","23631.png",23631,0.235842871777148,0.276742513540237,1.10140700855502,NA,0.254045916032059
"spherical","23634.png",23634,0.234575906390482,0.27545736083419,1.11019423877797,NA,0.252300978992916
"spherical","23637.png",23637,0.234702803856589,0.275758407115792,1.14108421036546,NA,0.253067100640735
"spherical","23641.png",23641,0.234662086617405,0.275660072977441,1.14138982928943,NA,0.253753537267784
"spherical","23644.png",23644,0.234222678283994,0.275108096191804,1.1617031284797,NA,0.254157405770528
"spherical","23647.png",23647,0.23447213808931,0.275457731483781,1.13695586712201,NA,0.25397394723478
"spherical","23650.png",23650,0.234460715391726,0.275501848067294,1.13334264634121,NA,0.253620993545449
"spherical","23653.png",23653,0.235808875047962,0.276844036137966,1.14698958239288,NA,0.255891394919649
"spherical","23657.png",23657,0.233283641665398,0.2745128430138,1.11051448407039,NA,0.254156872823166
"spherical","23660.png",23660,0.233885996951991,0.274957350611668,1.10626110404077,NA,0.255050488925514
"spherical","23663.png",23663,0.234459220898017,0.275535912317336,1.09617747438496,NA,0.255905526280011
"spherical","23666.png",23666,0.235473277383679,0.276404081965959,1.09604785779678,NA,0.256414471979278
"spherical","23669.png",23669,0.235125988686634,0.27623086179406,1.09626003722044,NA,0.256548822023278
"spherical","23673.png",23673,0.234711871873827,0.275706169738002,1.08048577794291,NA,0.255906251386872
"spherical","23676.png",23676,0.235097427838004,0.27605564727563,1.09606376864681,NA,0.256824860304246
"spherical","23679.png",23679,0.233401011049325,0.274459786247929,1.09846985189862,NA,0.253928112337489
"spherical","23682.png",23682,0.235990322999029,0.276947484202088,1.09459838179886,NA,0.257053721525873
"spherical","23685.png",23685,0.236947214929959,0.277954461078024,1.08266168590057,NA,0.25652288634273
"spherical","23689.png",23689,0.238399032167575,0.27918077727559,1.10004088666506,NA,0.257327342142735
"spherical","23692.png",23692,0.236446254869721,0.277418551553965,1.10196632230819,NA,0.254948034528867
"spherical","23695.png",23695,0.236390471759018,0.277165405553733,1.10910681773843,NA,0.254123451844921
"spherical","23698.png",23698,0.235789661521207,0.276829700186543,1.13181304371766,NA,0.253664836466733
"spherical","23701.png",23701,0.235111729897221,0.276080863394192,1.12340977492821,NA,0.253603926555374
"spherical","23705.png",23705,0.234894660687431,0.275883059820526,1.13917134514194,NA,0.25384118989574
"spherical","23708.png",23708,0.234744579458651,0.275686787559932,1.14153098996093,NA,0.254110325588397
"spherical","23711.png",23711,0.235166342546241,0.276161257442681,1.13870262606226,NA,0.254091579699833
"spherical","23714.png",23714,0.23447750592434,0.275416415901047,1.14262878556699,NA,0.254449409914574
"spherical","23717.png",23717,0.234744600455088,0.275522415602131,1.14026185144859,NA,0.25461588095457
"spherical","23721.png",23721,0.235641950866245,0.276752385889341,1.10418529230162,NA,0.256888307941294
"spherical","23724.png",23724,0.233916265031707,0.274934262566614,1.0932038255168,NA,0.255654929586709
"spherical","23727.png",23727,0.235827559429876,0.276804851697855,1.08274934392177,NA,0.257169771545401
"spherical","23730.png",23730,0.23613443778432,0.277059113037563,1.09357464932998,NA,0.257217433061581
"spherical","23733.png",23733,0.235206972371514,0.275989907346021,1.092301227171,NA,0.255394977062664
"spherical","23737.png",23737,0.238065384506323,0.278730668011938,1.10351895064111,NA,0.257841420553708
"spherical","23740.png",23740,0.237136422277603,0.277901237165475,1.09972683980108,NA,0.25637179579728
"spherical","23743.png",23743,0.235590400611693,0.276647214155743,1.111119108928,NA,0.254507597720251
"spherical","23746.png",23746,0.236243495976931,0.277213945181681,1.09971276945464,NA,0.255349811905653
"spherical","23749.png",23749,0.235236778388145,0.275994627504893,1.11273905668522,NA,0.252978852015809
"spherical","23753.png",23753,0.234695337524332,0.275608158010955,1.13636909597241,NA,0.253762649723293
"spherical","23756.png",23756,0.235927484397272,0.276761065679593,1.11633575851185,NA,0.256369425530596
"spherical","23759.png",23759,0.236428681764264,0.277317906618725,1.1217603068961,NA,0.257621742145673
"spherical","23762.png",23762,0.235232927149247,0.276257468033796,1.11443529833496,NA,0.256928723848936
"spherical","23765.png",23765,0.234969803012785,0.275990163195334,1.10754540525215,NA,0.256303282740647
"spherical","23769.png",23769,0.234879451428489,0.275827156956124,1.10001884367165,NA,0.256150640754583
"spherical","23772.png",23772,0.232352406192154,0.27339870485412,1.09098403943349,NA,0.253481008651804
"spherical","23775.png",23775,0.234410294057611,0.275469015754355,1.09187296548002,NA,0.255765657162107
"spherical","23778.png",23778,0.235948919763415,0.27694861072752,1.09551943039702,NA,0.256741244574618
"spherical","23781.png",23781,0.236645124008558,0.277543431174324,1.09218617832123,NA,0.257270260803648
"spherical","23785.png",23785,0.237864085365552,0.27863436451488,1.10108427944914,NA,0.25755008750009
"spherical","23788.png",23788,0.235502505620861,0.276430183436045,1.11483743751062,NA,0.253632848655688
"spherical","23791.png",23791,0.235689045595292,0.276648053187597,1.11589206298251,NA,0.253941290133018
"spherical","23794.png",23794,0.234338065926928,0.275300951163246,1.12725130547039,NA,0.253209943151078
"spherical","23797.png",23797,0.236175009512892,0.2769253460073,1.13003020391545,NA,0.257083446459486
"spherical","23801.png",23801,0.235874894302524,0.276919638499905,1.11899745130729,NA,0.25711713711121
"spherical","23804.png",23804,0.23684837184776,0.277690891380512,1.11368100136423,NA,0.257551143935841
"spherical","23807.png",23807,0.236369261078339,0.277218804741675,1.13069364839266,NA,0.257681068273919
"spherical","23810.png",23810,0.232894009411832,0.27407081297033,1.08383099514721,NA,0.254393281557474
"spherical","23813.png",23813,0.234332336366681,0.275310929405553,1.09711030152678,NA,0.255232780911106
"spherical","23817.png",23817,0.23831496666248,0.279054640643134,1.10010133439359,NA,0.257732360326907
"spherical","23820.png",23820,0.235639217809869,0.276747891146525,1.10797028023113,NA,0.253795364928044
"spherical","23823.png",23823,0.236491469974334,0.277494789870772,1.10085175261583,NA,0.255027733397672
"spherical","23826.png",23826,0.235821821653393,0.276724997107822,1.11297109843153,NA,0.254010416880165
"spherical","23829.png",23829,0.235501443645213,0.276524526200867,1.11756136577714,NA,0.254235052520628
"spherical","23833.png",23833,0.232910121806378,0.273791351803352,1.13416845909767,NA,0.252091899672913
"spherical","23836.png",23836,0.2351241437013,0.276008860100412,1.14009869066967,NA,0.255202133742937
"spherical","23839.png",23839,0.235679371830078,0.276685385183313,1.12161069081711,NA,0.256908035002242
"spherical","23842.png",23842,0.234075091501927,0.275170663372542,1.11298596473652,NA,0.255215749343041
"spherical","23845.png",23845,0.233944316156557,0.275028796576253,1.08686624345742,NA,0.255425084497884
"spherical","23849.png",23849,0.236063839344748,0.277018197665,1.11466027762277,NA,0.2568459897943
"spherical","23852.png",23852,0.238474034276807,0.279254156353097,1.08722188506826,NA,0.257612736152352
"spherical","23855.png",23855,0.235623852296542,0.276571784393919,1.10043384859192,NA,0.253462238790391
"spherical","23858.png",23858,0.234997232295181,0.276085335755584,1.11520876287342,NA,0.253555521046611
"spherical","23861.png",23861,0.236468733392691,0.277338567071098,1.12927192392285,NA,0.257014320667354
"spherical","23865.png",23865,0.234904799932925,0.275897865827081,1.09288016753673,NA,0.256517674418243
"spherical","23868.png",23868,0.233634906691588,0.274618896698816,1.08284790845348,NA,0.255248887512654
"spherical","23871.png",23871,0.234077583820927,0.275148082523637,1.09084825629906,NA,0.255218973510763
"spherical","23874.png",23874,0.235751591688721,0.276734479960386,1.10285217379757,NA,0.256760283629334
"spherical","23877.png",23877,0.237209024759429,0.278058402152831,1.1002648864942,NA,0.25740120073045
"spherical","23881.png",23881,0.236331462618083,0.277254374113823,1.10189339111037,NA,0.25426334384938
"spherical","23884.png",23884,0.236369005150625,0.277281983670669,1.12189818792067,NA,0.254552201507948
"spherical","23887.png",23887,0.23643958103782,0.277229363080641,1.15522300964762,NA,0.256918939885422
"spherical","23890.png",23890,0.235595676196556,0.276581361374517,1.11953554286123,NA,0.255907960458996
"spherical","23893.png",23893,0.236195309479966,0.277074455064947,1.13556931711324,NA,0.256610947634965
"spherical","23897.png",23897,0.234836707359122,0.275829262933262,1.08867782177433,NA,0.256461261815301
"spherical","23900.png",23900,0.232311461520836,0.273415833694252,1.08757110539539,NA,0.253180084338982
"spherical","23903.png",23903,0.236653432189669,0.27751514956013,1.11066468239771,NA,0.256458998259068
"spherical","23906.png",23906,0.236303197335453,0.277105171524592,1.10663733629464,NA,0.255053532988504
"spherical","23909.png",23909,0.237590633373275,0.278368872330189,1.10748184196373,NA,0.256128482519421
"spherical","23913.png",23913,0.237045394741606,0.277904846560548,1.13416663561247,NA,0.256669877252653
"spherical","23916.png",23916,0.235795457089631,0.276709089850612,1.13388321941512,NA,0.255068184522824
"spherical","23919.png",23919,0.236367457023404,0.27727216506097,1.13109280773954,NA,0.257182907456212
"spherical","23922.png",23922,0.234425998285709,0.275398048781011,1.10312898119942,NA,0.256059401644309
"spherical","23925.png",23925,0.23428256035961,0.275277065020982,1.09183249267582,NA,0.256233781337181
"spherical","23929.png",23929,0.235114844326182,0.275979443447787,1.09481538723173,NA,0.256025201957425
"spherical","23932.png",23932,0.235964137374792,0.276700683720016,1.10141811126178,NA,0.254993954239138
"spherical","23935.png",23935,0.236327715314147,0.277169610143426,1.10838588799533,NA,0.254519635470285
"spherical","23938.png",23938,0.235603768967389,0.276606674462575,1.11801862239849,NA,0.254050566506538
"spherical","23941.png",23941,0.234557798282167,0.275535666832066,1.13369262284626,NA,0.253255416203258
"spherical","23945.png",23945,0.235767462583092,0.276706076299447,1.1108873894594,NA,0.257122369047067
"spherical","23948.png",23948,0.234122447974764,0.275111712868007,1.09582317912874,NA,0.255743203998394
"spherical","23951.png",23951,0.233366881030819,0.274542754594801,1.09774333475572,NA,0.254827937186643
"spherical","23954.png",23954,0.236135074553795,0.27700374176543,1.09469853624281,NA,0.256428341338136
"spherical","23957.png",23957,0.237311689324491,0.278165405156182,1.0921425793594,NA,0.256718534554817
"spherical","23961.png",23961,0.234852819415942,0.275531089965272,1.10537119109124,NA,0.25256335077728
"spherical","23964.png",23964,0.235689417663407,0.276682326406549,1.12600183489475,NA,0.254255344275638
"spherical","23967.png",23967,0.236148313902816,0.277019551283134,1.12904955761267,NA,0.257012056053594
"spherical","23970.png",23970,0.234266627492866,0.275255488349175,1.0975939841351,NA,0.256215446336136
"spherical","23973.png",23973,0.23472161341894,0.275802257428776,1.10010093639071,NA,0.256681675553606
"spherical","23977.png",23977,0.237411325002153,0.278074505430174,1.09751381785848,NA,0.257674494991742
"spherical","23980.png",23980,0.237029332069809,0.277940076122171,1.10207336539347,NA,0.256044985154407
"spherical","23983.png",23983,0.235807658711565,0.276764632357616,1.11265062625449,NA,0.25375354098844
"spherical","23986.png",23986,0.235380129534564,0.276339695462747,1.1341430401246,NA,0.254064129812764
"spherical","23989.png",23989,0.234917732059396,0.275735616483948,1.1391777560878,NA,0.254383146867451
"spherical","23993.png",23993,0.23450759458979,0.275540143813558,1.12552741945459,NA,0.25564729656742
"spherical","23996.png",23996,0.232988924829133,0.274100355876475,1.09991471970217,NA,0.25448470181293
"spherical","23999.png",23999,0.235840401225514,0.276773594792342,1.08376629590095,NA,0.256325198309193
