"artefact","file","sequence_index","Ra","Rq","PV","step_height","L2_to_mean"
"step","00000.png",0,0.197654541265204,0.237044311462269,1.41831419570422,0.0400610841667862,0.23282379615651
"step","00013.png",13,0.20548541201998,0.246333495161077,1.26925840553269,-0.0812548013665736,0.241650497703016
"step","00027.png",27,0.204510240505074,0.245534345186284,1.11079209466821,-0.0260375422912129,0.245240235647977
"step","00040.png",40,0.194864443671641,0.233689244570153,1.32800606687664,0.00183048721344686,0.232512269855057
"step","00053.png",53,0.205292273769032,0.24626749421088,1.44824537793312,-0.00888230827194569,0.246164627076783
"step","00067.png",67,0.203761923698178,0.245024613629975,1.20748727252014,0.0637558737771785,0.241941277613939
"step","00080.png",80,0.202277814014525,0.241757703402925,1.3312806249777,-0.072443043986303,0.237914794803657
"step","00093.png",93,0.203604711876552,0.243646496044088,1.36000231077259,0.00563261497824938,0.241648288592915
"step","00107.png",107,0.209298850617644,0.249867592408049,1.19836197173501,0.125560543178916,0.25451223366542
"step","00120.png",120,0.20391826761516,0.243838236677341,1.16006621313114,0.0312997688831058,0.243709386553053
"step","00133.png",133,0.216004973104635,0.257458434063756,1.10801880424386,0.0185316953776053,0.25723593776356
"step","00147.png",147,0.211066424821701,0.251274352577561,1.24876121736864,-0.0416461583424929,0.251762584917635
"step","00160.png",160,0.212646155532824,0.25395364924185,1.29846349523338,0.0598655948288653,0.247438177611481
"step","00173.png",173,0.19820734466907,0.237580484477167,1.35707991070755,0.0654825360108877,0.234123458004643
"step","00187.png",187,0.199611726457709,0.239487216486614,1.40958390552779,0.00389631418665048,0.236931311270527
"step","00200.png",200,0.210222370882128,0.251049492775011,1.11070589049269,0.0683309414056497,0.256673697847852
"step","00213.png",213,0.193144244399138,0.231896856042633,1.27412448728979,-0.004387559507877,0.230599551129063
"step","00227.png",227,0.202901464745588,0.243027856202241,1.20015785808338,-0.0557061206136592,0.240658700420468
"step","00240.png",240,0.198377447295784,0.237658372030423,1.19032325948502,0.111288570950576,0.236791176220965
"step","00253.png",253,0.194661635947319,0.234145795546697,1.288205768932,-0.00528032833357212,0.232410491584131
"step","00267.png",267,0.195252368677243,0.234586160631151,1.25368321159698,0.0283829004405589,0.233572977729102
"step","00280.png",280,0.206153444395844,0.246443233034378,1.22696286568079,0.0237301002256333,0.2485211364246
"step","00293.png",293,0.225585988869147,0.268411732740263,1.40161406922422,-0.0962623922013243,0.264987391285087
"step","00307.png",307,0.200089214868981,0.24024438224397,1.45832856964712,-0.0818080851149824,0.237042896221518
"step","00320.png",320,0.217960765809089,0.259647703065149,1.17754034335963,0.093000327318489,0.259629699880563
"step","00333.png",333,0.207939711416878,0.248383774207177,1.28613153447421,-0.0290305612325441,0.247695702787097
"step","00347.png",347,0.19731786615588,0.237097317113379,1.20722435065961,0.0684799928119983,0.236550959414629
"step","00360.png",360,0.217218192270225,0.258828113343,1.41192331430312,-0.149556509821349,0.254946366520191
"step","00373.png",373,0.202546202885346,0.242935847883511,1.28399748300641,0.0841984813005484,0.240526410825367
"step","00387.png",387,0.199274129074402,0.240636798823519,1.26349472052435,0.0372534234977736,0.239030992731782
"step","00400.png",400,0.197529061122046,0.237829960634576,1.41167907411594,-0.0874488763833081,0.233761583732959
"step","00413.png",413,0.199084228443849,0.238757125404124,1.37060462263322,-0.0873256126820501,0.237729158568353
"step","00427.png",427,0.19991449239642,0.240042406512556,1.50007363946284,-0.0609257627571414,0.239477814832574
"step","00440.png",440,0.205219475404931,0.245852815120035,1.18841545759488,0.0349481459442711,0.247855735670275
"step","00453.png",453,0.207333760707303,0.247697830758534,1.1303761009379,-0.0745842985458398,0.245084128791329
"step","00467.png",467,0.207320189966423,0.247963681400215,1.52907237727077,-0.126004712331945,0.246947369290051
"step","00480.png",480,0.203699112140879,0.244659016226358,1.39132480171661,-0.049442671239551,0.241798271203107
"step","00493.png",493,0.195233067440555,0.234898345358142,1.38131375743814,-0.182683576842098,0.244405790594064
"step","00507.png",507,0.208467923513329,0.248305329350458,1.3331786076973,0.0611922934245373,0.247704243821172
"step","00520.png",520,0.200532344566534,0.240249283044256,1.30249847382971,0.016045502263632,0.239205991324577
"step","00533.png",533,0.203482564212684,0.244944707023091,1.24039325312971,0.145698961143306,0.243877817186241
"step","00547.png",547,0.200136261537012,0.240073867440712,1.40779185892421,0.0208812259127399,0.239799177582834
"step","00560.png",560,0.202245006076289,0.243437362287244,1.25002615852207,-0.0627114277042007,0.246172902248379
"step","00573.png",573,0.202151549698864,0.24207321279185,1.133313260792,0.038586714442848,0.245774315660851
"step","00587.png",587,0.202966767119071,0.243536339983578,1.36268306717667,-0.101320288531474,0.244469441833431
"step","00600.png",600,0.195908881364666,0.235142867983343,1.40119507632323,-0.0713538988920363,0.23348496940461
"step","00613.png",613,0.198700755000724,0.238032188942458,1.30432244484962,0.0795013614347608,0.237489003345105
"step","00627.png",627,0.199798275385466,0.238918525181252,1.24928359391283,0.0847583334486474,0.237139735121461
"step","00640.png",640,0.203735663459299,0.243914236408151,1.26362844842113,-0.0356988365214862,0.242265134564668
"step","00653.png",653,0.210273856636818,0.251461590280948,1.21868167912401,-0.1122019219126,0.253082750158021
"step","00667.png",667,0.202925264781777,0.242201195233114,1.30190806901756,-0.0961674802319545,0.23980967227132
"step","00680.png",680,0.207734711602896,0.24882987940642,1.198855106056,0.00161095917625254,0.248730523302199
"step","00693.png",693,0.198138216047881,0.238801873289776,1.1352490869319,-0.098890039645504,0.23881744747992
"step","00707.png",707,0.202293179530855,0.242372332380374,1.28391410591073,0.0303683671763482,0.243670267623457
"step","00720.png",720,0.206211177018682,0.247896205587207,1.28297369670818,0.119503037980181,0.243884491094611
"step","00733.png",733,0.200382019915195,0.240032119283434,1.238784353486,0.0207760047661102,0.238623419266813
"step","00747.png",747,0.21098130702261,0.253869595386115,1.22300456348446,0.0250587090641643,0.252721408042436
"step","00760.png",760,0.202995922528774,0.243378446460032,1.2023226455626,0.0103275320230845,0.241957470852008
"step","00773.png",773,0.204422207819936,0.245527962234984,1.38840709746788,0.0999876677503184,0.245826083956757
"step","00787.png",787,0.210603890440992,0.251600064896572,1.13565369824661,1.89745556948284e-05,0.250235545106076
"step","00800.png",800,0.203491182084876,0.24352660760035,1.15379495621863,-0.0397843804932115,0.245342045993321
"step","00813.png",813,0.204259230474384,0.243352896293523,1.28920981829921,0.0715068879833214,0.23886503605062
"step","00827.png",827,0.200371927946033,0.240701919005566,1.1959489290937,-0.0341617718644257,0.23990815878574
"step","00840.png",840,0.202369621002345,0.240511571008338,1.50564998052678,0.123021380674094,0.244485300784308
"step","00853.png",853,0.208797158569672,0.250417772217323,1.10144912717593,-0.0238014213002034,0.249853521392554
"step","00867.png",867,0.195817920302948,0.235743719916353,1.33059183314823,-0.0564135505157041,0.233913880952067
"step","00880.png",880,0.196109759385339,0.23505557828306,1.47317252917151,-0.0401031927838513,0.234192967210442
"step","00893.png",893,0.204069678921876,0.244480206975787,1.24885433232755,-0.0193196204718632,0.245488325924125
"step","00907.png",907,0.199305638971152,0.239219779909552,1.15440627084728,0.0294554705118576,0.239709043624485
"step","00920.png",920,0.202653954794009,0.242334581685296,1.39732803155336,-0.0536518011101264,0.238198291364245
"step","00933.png",933,0.200282251148904,0.240560487889581,1.57108731273705,-0.128938555181088,0.243515355426262
"step","00947.png",947,0.196271590098242,0.235009480043705,1.40328123039387,0.143523200517479,0.231433994529085
"step","00960.png",960,0.199672013348278,0.239381847760644,1.34746889581461,-0.0296637250844111,0.236703274902347
"step","00973.png",973,0.20664858342979,0.248724060864709,1.51190875708379,-0.148352019259579,0.252190645549256
"step","00987.png",987,0.197165982778164,0.236504479749732,1.32901553705482,0.0881223254617157,0.234872764619069
"step","01000.png",1000,0.199379837493251,0.240704357009984,1.39365779157935,-0.0536444739117587,0.246262482421636
"step","01013.png",1013,0.203678996991097,0.244063381826134,1.20438463201922,0.140589193993585,0.246524062565577
"step","01027.png",1027,0.19798310182409,0.237408115010247,1.39098375318997,-0.04754049958973,0.234443562791083
"step","01040.png",1040,0.206886220468592,0.251819402441018,1.67769018370836,-0.144183152176531,0.24545108697131
"step","01053.png",1053,0.197515633975897,0.237285869239844,1.30599024669042,0.0616552350288548,0.231277435242785
"step","01067.png",1067,0.193347885366014,0.233365757589133,1.50615933430227,0.0246665375379877,0.231407852308941
"step","01080.png",1080,0.196014851128871,0.234820791959893,1.41490716624883,-0.02564595660786,0.234947828661508
"step","01093.png",1093,0.18558202284837,0.22343055049161,1.2809606911242,-0.0400607450495941,0.221374523247012
"step","01107.png",1107,0.198925199932192,0.238417339976745,1.37819487276329,0.138945256326231,0.239002770256851
"step","01120.png",1120,0.203568619607934,0.244704616531132,1.17476513156372,-0.0867507826219535,0.24323050932877
"step","01133.png",1133,0.20842226760561,0.254851761614493,1.53460757845684,-0.133669024043017,0.253235195671837
"step","01147.png",1147,0.191995660899653,0.231096168079588,1.34087914622945,0.072913173842492,0.228770597902769
"step","01160.png",1160,0.197948501824392,0.236912154021993,1.31304809313274,0.0363357308802012,0.239398279961281
"step","01173.png",1173,0.194635668158259,0.234866836330274,1.21945299315879,-0.0731168277749059,0.233867494618313
"step","01187.png",1187,0.201854397829065,0.24454997164477,1.36819171197307,-0.0509384196662728,0.240030132141478
"step","01200.png",1200,0.190183600337062,0.229559428927084,1.34707918851616,0.103466538149166,0.228859340279574
"step","01213.png",1213,0.201990012682394,0.242518832288115,1.43646247489483,-0.0481145606196265,0.237460470753212
"step","01227.png",1227,0.204594453520321,0.246564815387373,1.1208759331628,0.08260247602368,0.244721928309041
"step","01240.png",1240,0.188060498468957,0.227568213673162,1.27755680396778,0.000346355984026936,0.22517505695171
"step","01253.png",1253,0.198066310406663,0.238001827529659,1.40387455003331,-0.0153636658812238,0.241452815008225
"step","01267.png",1267,0.198322017719165,0.238243224340016,1.37993809456851,0.111959276248417,0.233643212971937
"step","01280.png",1280,0.201166566649512,0.244226170593344,1.25112244291011,-0.0701163922479097,0.242069380865172
"step","01293.png",1293,0.203228285513556,0.243639613661872,1.34341069477021,-0.0119863343705029,0.237746471774679
"step","01307.png",1307,0.19964586940249,0.239464273841261,1.29519639958003,-0.0640384962051635,0.238463765832945
"step","01320.png",1320,0.20696409005944,0.247549771698714,1.13380069184902,-0.052642303865034,0.245785265465331
"step","01333.png",1333,0.197306505534833,0.237147922197691,1.28871746370048,-0.0665817938254357,0.238087430334111
"step","01347.png",1347,0.206587973892015,0.247610374003819,1.37397688447985,-0.0594235174317682,0.244414393457955
"step","01360.png",1360,0.205332207230254,0.246576072650226,1.15170808505781,-0.0983764716037758,0.250669427312024
"step","01374.png",1374,0.203151347153217,0.244081241359976,1.2957543084967,-0.0555387919229565,0.246205093587516
"step","01387.png",1387,0.200513771301106,0.240704565671779,1.17755348901935,0.0222945877405985,0.24059936807928
"step","01400.png",1400,0.192568126247883,0.231867108341431,1.26746717682025,0.142046268581495,0.228876834083668
"step","01414.png",1414,0.207721636771442,0.249887332609341,1.32325917659067,-0.073382172702453,0.24176317495743
"step","01427.png",1427,0.208814544483149,0.249322618020649,1.23714493580357,-0.098748849051726,0.251650025711419
"step","01440.png",1440,0.193433001260529,0.232977525334674,1.43520855249831,-0.0582447470551051,0.229360879023408
"step","01454.png",1454,0.19536448581219,0.235251366854789,1.29811956576946,-0.0323454669286359,0.231364907766673
"step","01467.png",1467,0.192682229101896,0.231846571084756,1.3337305782958,-0.0380931961762223,0.230439025086488
"step","01480.png",1480,0.192845230209948,0.232158779470626,1.37986578381842,-0.0110916464657791,0.228286862334214
"step","01494.png",1494,0.22062434953425,0.263279170555056,1.10466113388828,-0.105349047246442,0.260436397467082
"step","01507.png",1507,0.189735462864367,0.229026371702142,1.34369968588614,-0.0286899936782632,0.22433691687353
"step","01520.png",1520,0.192707644862288,0.231164433742452,1.24272264712811,-0.0221728880010335,0.226879881504349
"step","01534.png",1534,0.200829315580429,0.240633868735445,1.32399958923445,-0.0389142891731979,0.235630168850595
"step","01547.png",1547,0.191687982115686,0.230361959701684,1.39435043001929,-0.0441542356451622,0.230360545470162
"step","01560.png",1560,0.199848245829165,0.238520496696109,1.35937939690065,0.126129658443061,0.240531283994132
"step","01574.png",1574,0.193904570043278,0.233025444344882,1.19021820574369,0.0781608157632311,0.231184352814624
"step","01587.png",1587,0.19706351536242,0.236544773890078,1.2224599808271,-0.0244117010703297,0.238872198282743
"step","01600.png",1600,0.198497831021671,0.237386660977939,1.35109847024417,0.0106595506431416,0.233318440333227
"step","01614.png",1614,0.186663800632984,0.224915407608458,1.3228600589624,0.0849471143059853,0.221788597885278
"step","01627.png",1627,0.183243316617172,0.221344035386729,1.40663334021151,0.00391700375673543,0.219968902859004
"step","01640.png",1640,0.184912750243308,0.222886026732885,1.183781598897,0.100274195194566,0.222850106802276
"step","01654.png",1654,0.188913702729242,0.227936452857535,1.27695516421396,0.0874079783367511,0.226162082426792
"step","01667.png",1667,0.193586259944437,0.232458858480653,1.31381790080859,0.0405065024549996,0.228783778572009
"step","01680.png",1680,0.20313626178639,0.243758705124702,1.21315248970713,-0.0537528874039933,0.243627651914221
"step","01694.png",1694,0.19352037604459,0.232136817071219,1.3988623807734,-0.125806352894923,0.231415121966042
"step","01707.png",1707,0.203632819568491,0.244183800415438,1.22734442812636,0.113735538603614,0.24371453818958
"step","01720.png",1720,0.186588380590642,0.225145814483101,1.36081568510878,-0.0603707679151066,0.225972708881445
"step","01734.png",1734,0.200342715087283,0.240531389471919,1.21814545054501,-0.0394463896208125,0.24050289341164
"step","01747.png",1747,0.213260800510804,0.255616072300386,1.28218634334153,-0.0428831025266551,0.255017817444769
"step","01760.png",1760,0.200114478690767,0.241336423581194,1.51377750687405,-0.0893960809673716,0.241903985409126
"step","01774.png",1774,0.198178012930346,0.238162413047034,1.35415649251313,-0.0209530029416307,0.236406778309093
"step","01787.png",1787,0.197051970540318,0.236817917661726,1.21411644050533,-0.038950469065602,0.235223324792859
"step","01800.png",1800,0.197309302043958,0.236594815787611,1.17473638298644,-0.0890349766704543,0.234265883439164
"step","01814.png",1814,0.204652143572281,0.245381381646455,1.46008659536961,-0.0379673540405322,0.244870240289092
"step","01827.png",1827,0.200208254506944,0.239899483279912,1.5468074308611,-0.186067332273061,0.235069626652671
"step","01840.png",1840,0.200107326104948,0.239681017566762,1.23899226693906,0.0553147349102985,0.237424099292744
"step","01854.png",1854,0.209200446439095,0.252032742731486,1.16570622324054,-0.0204079090779233,0.251937130794174
"step","01867.png",1867,0.18785349923851,0.226170366500774,1.2212859599515,-0.0155262786581672,0.226996899231811
"step","01880.png",1880,0.189530089042071,0.228693288910423,1.29853577417995,0.0117231868567925,0.228089495294836
"step","01894.png",1894,0.189996393754746,0.229376583327255,1.23334187439224,-0.0439825940598597,0.229140877770766
"step","01907.png",1907,0.198779650541126,0.239074705367528,1.25117179250956,-0.0438722306009652,0.240355192278131
"step","01920.png",1920,0.206115774971946,0.247031732983487,1.3395787997814,-0.0590109978563141,0.247544855954435
"step","01934.png",1934,0.198474619458163,0.23885388779006,1.14293497311698,-0.101431056694765,0.240307307895788
"step","01947.png",1947,0.188582911409375,0.227900321783304,1.36692309419353,-0.0888442471370488,0.22549167223796
"step","01960.png",1960,0.181940446714674,0.221499132276557,1.25415811843921,-0.0488131869676146,0.219823693274263
"step","01974.png",1974,0.178518064264532,0.216401228920009,1.35503509653612,-0.0375725110587743,0.216755377448709
"step","01987.png",1987,0.19679382646594,0.236394414696608,1.3865177117687,-0.0250322899110354,0.233591116238955
"step","02000.png",2000,0.184184347772638,0.222405662536442,1.23296853884535,-0.0692829935047128,0.222679523854376
"step","02014.png",2014,0.199324431020487,0.239905870358961,1.29636926279368,-0.0589090267551886,0.238960123012191
"step","02027.png",2027,0.197696801612338,0.238261060757853,1.17865100750528,-0.0471310759271603,0.236486578647435
"step","02040.png",2040,0.198603419298767,0.237199641107583,1.39297940412428,0.0389460242808745,0.236206357148699
"step","02054.png",2054,0.198350831521789,0.236992045864598,1.32956805677266,0.0353893768889366,0.233781275847145
"step","02067.png",2067,0.194588588555765,0.233349174370352,1.51539273028327,0.0162375779427421,0.235763800232018
"step","02080.png",2080,0.190816915856008,0.229498537814855,1.27046117419786,-0.0536762268233354,0.231569984974447
"step","02094.png",2094,0.188363682841355,0.227540621142028,1.39316960524988,-0.116191032712796,0.229148220301733
"step","02107.png",2107,0.183447246884515,0.222211063185667,1.39603278963714,-0.0360607811169033,0.217819331855717
"step","02120.png",2120,0.180417417477286,0.2184237739507,1.45877860205919,-0.0402960219001542,0.215509320243845
"step","02134.png",2134,0.191461612677174,0.229811751475912,1.24487285158521,-0.0492317950495617,0.230906064679074
"step","02147.png",2147,0.188179369516052,0.228066493716963,1.4002856303613,-0.0572519011891406,0.226300876553966
"step","02160.png",2160,0.205074816109198,0.246220473489288,1.14742475805277,-0.0372987812564844,0.244626987240743
"step","02174.png",2174,0.189818585377782,0.228650198972047,1.19299233743085,-0.0595337859838886,0.22693738901599
"step","02187.png",2187,0.200399728613341,0.241033835468845,1.37632947404118,-0.126369646882321,0.242341117164769
"step","02200.png",2200,0.220222082809962,0.263417375834962,1.12214941129761,-0.0428675782690283,0.261267217022764
"step","02214.png",2214,0.194114170285546,0.234139545819261,1.39701414602044,-0.0356557031992024,0.23883491459861
"step","02227.png",2227,0.199670734784028,0.240992539761011,1.44657830179169,-0.107609694667535,0.238184162906287
"step","02240.png",2240,0.191176272073544,0.230509112786486,1.2503098333681,-0.0200499294872526,0.233108660052618
"step","02254.png",2254,0.194077409454334,0.235717926117424,1.3903688879583,-0.0748128371229305,0.235750854893752
"step","02267.png",2267,0.192858853332258,0.232056235224432,1.27418799406578,-0.0608962109337656,0.231013551167707
"step","02280.png",2280,0.195254447711654,0.235414855994411,1.19896759947438,-0.0317061186217632,0.239126620362714
"step","02294.png",2294,0.186482550342587,0.225431743551912,1.30667885359247,-0.0773543495722792,0.224529042833324
"step","02307.png",2307,0.198410059848802,0.238042313247257,1.23783874862364,0.0524377933438195,0.235581827365666
"step","02320.png",2320,0.213170584237715,0.256858585973586,1.49183235508109,-0.0994520309657758,0.255504347005481
"step","02334.png",2334,0.188758787512514,0.227699031346766,1.27872288435049,0.0183827482545801,0.227239589870885
"step","02347.png",2347,0.202612683998949,0.243033840622711,1.29658831786055,0.0460090281218378,0.245807640735273
"step","02360.png",2360,0.207522489012099,0.249503833607705,1.28306018838,-0.0678028714639224,0.255031247730716
"step","02374.png",2374,0.186337348432671,0.224595196514707,1.396784557164,-0.0644008978105816,0.222780725078774
"step","02387.png",2387,0.188997548018421,0.228564682516184,1.39048538687204,-0.0320067086120766,0.225829353360745
"step","02400.png",2400,0.191648993871638,0.230733661319449,1.24194312608159,-0.0340018015956718,0.231311628083017
"step","02414.png",2414,0.183117698289478,0.221726798886786,1.29579154983659,-0.0257218483002405,0.220697571844224
"step","02427.png",2427,0.189319806857155,0.228188737323595,1.25397583970059,0.0576642107237035,0.22882751667789
"step","02440.png",2440,0.209376705747198,0.251434853497899,1.36058499236557,-0.0610944563648261,0.251230511341299
"step","02454.png",2454,0.183640314702337,0.222040304344408,1.26439751476975,-0.0551849596319221,0.221232766522511
"step","02467.png",2467,0.188449361441304,0.227905671161356,1.25689447969554,-0.0372446447310511,0.228588841283939
"step","02480.png",2480,0.189555084047032,0.228844464345207,1.25614698596064,-0.0197807296436805,0.22747807796879
"step","02494.png",2494,0.216072495353163,0.258669513241085,1.20165816899816,-0.050394150788434,0.259991304244013
"step","02507.png",2507,0.191005704076474,0.229660133677394,1.25028453169937,-0.0590105004109318,0.23018293179913
"step","02520.png",2520,0.197208648798267,0.236739340347428,1.14326236466449,0.0178607390803888,0.236806677842299
"step","02534.png",2534,0.197090611022649,0.237553909237631,1.24800129933883,-0.109053123361746,0.23522063911812
"step","02547.png",2547,0.207185194697614,0.247517396854818,1.17619749451264,0.0152498360055993,0.245390099130854
"step","02560.png",2560,0.194953023707791,0.235652178242167,1.27857653952525,0.0694053197696358,0.236690418924872
"step","02574.png",2574,0.184175429097785,0.222393523855413,1.37783211461614,-0.0882737237038227,0.218172935391468
"step","02587.png",2587,0.191009470578911,0.232091535828047,1.32621747796343,-0.0817128163559601,0.227460879008817
"step","02600.png",2600,0.180629771243616,0.218987248610062,1.31762921964601,-0.0137664323368151,0.219951734016877
"step","02614.png",2614,0.183643978692914,0.2219827836499,1.43146074041266,0.006898317776587,0.222445596156542
"step","02627.png",2627,0.181998813192313,0.220629170591657,1.49511604273187,-0.0938906707531381,0.217150481101191
"step","02640.png",2640,0.191078537757207,0.231896019053666,1.50251663310322,-0.00891490168281928,0.234178222451222
"step","02654.png",2654,0.179329762095403,0.221022690961528,1.46957879199778,-0.0479640337705619,0.216525526614381
"step","02667.png",2667,0.183487742864971,0.222087182099693,1.27685569753091,-0.0438990103506812,0.224932779348027
"step","02680.png",2680,0.200754844589807,0.241809634993496,1.30189609034929,-0.0900089755720593,0.239159209155564
"step","02694.png",2694,0.194765061510428,0.235464775495109,1.31855534707604,-0.0729489008573365,0.235478930302696
"step","02707.png",2707,0.181439411329696,0.219154531583364,1.31135803863634,-0.0530609617864232,0.218403508006373
"step","02720.png",2720,0.183464569956767,0.221363671188744,1.34034769718915,-0.0235847551846918,0.225141303254046
"step","02734.png",2734,0.203157288236829,0.245021162169959,1.26887037075819,-0.0333382779680739,0.247373745824342
"step","02747.png",2747,0.197954123203361,0.238071818894993,1.19033613188476,-0.0843376638554088,0.240046719843207
"step","02760.png",2760,0.178270504661328,0.215818198886682,1.41793874721435,0.00179608625774663,0.218088932203869
"step","02774.png",2774,0.173586313924251,0.210930970608612,1.48991969247295,0.011450051101977,0.213133529060511
"step","02787.png",2787,0.173744594231131,0.209591720876905,1.28932403236364,-0.0434085824881264,0.208300469489055
"step","02800.png",2800,0.196418973290735,0.237781558373559,1.2849298325734,-0.0634605189518007,0.235861283214788
"step","02814.png",2814,0.194041592882591,0.233734368427914,1.36259751726671,0.00985497759115117,0.230019470136168
"step","02827.png",2827,0.189679102658011,0.228506281085706,1.34352443770365,0.0462040672561214,0.22897394464689
"step","02840.png",2840,0.204259901027924,0.244651963891223,1.2567506091124,0.0326883453349238,0.246258365852154
"step","02854.png",2854,0.192490966947044,0.2310052708701,1.29183347487052,0.0769327132914513,0.235374353834602
"step","02867.png",2867,0.191066355932883,0.230426322794019,1.43894400624431,-0.0511407376779263,0.230961075796201
"step","02880.png",2880,0.181288233187364,0.218548609582048,1.23766956534175,0.0388943095846891,0.218881535888708
"step","02894.png",2894,0.198446575766169,0.238597174624803,1.35235107371525,0.00268490384756523,0.242215912988093
"step","02907.png",2907,0.188974890791312,0.227864992324167,1.17744647858879,-0.0382671933565554,0.231766440853025
"step","02920.png",2920,0.190531051022539,0.229100574971633,1.34303083133404,-0.107892534809591,0.223853664777515
"step","02934.png",2934,0.192918549993822,0.232750884344765,1.19663936844812,-0.0435780941006507,0.233335789416881
"step","02947.png",2947,0.19234689736986,0.232235868373878,1.21713146661986,-0.0750677881447376,0.228239111895989
"step","02960.png",2960,0.187436336381556,0.226495821565706,1.33318941551233,-0.0423998288454139,0.227867929154416
"step","02974.png",2974,0.189909455612827,0.22881087143468,1.19577867903637,-0.00310004166796479,0.23152450475359
"step","02987.png",2987,0.192950303067477,0.232606202526211,1.26049763275627,-0.0937803081063844,0.234985758752602
"step","03000.png",3000,0.187005448532776,0.224814838040441,1.25973734945434,0.0134838909716208,0.228018587159008
"step","03014.png",3014,0.189863154634052,0.228222216999584,1.30674961453568,0.0518080636053115,0.226592358405054
"step","03027.png",3027,0.189334721297475,0.229123848634152,1.21595961176244,-0.0533599632588208,0.228006064532273
"step","03040.png",3040,0.188630740830738,0.227890722047385,1.37234848697768,-0.0776079998507003,0.226875494582596
"step","03054.png",3054,0.180035552994277,0.217279333550371,1.34114157378865,0.017280904359751,0.216147841041687
"step","03067.png",3067,0.189732979405439,0.227452380899187,1.22834847245355,0.140705264889216,0.225044040833265
"step","03080.png",3080,0.192128112755002,0.231563010560305,1.29359492691532,-0.0911950194506739,0.227969434510666
"step","03094.png",3094,0.194959383689839,0.236031529835806,1.41430611690555,-0.104326977093824,0.235099674531994
"step","03107.png",3107,0.186515875441611,0.224808053029688,1.28185512554777,-0.0346591728676305,0.223391039487525
"step","03120.png",3120,0.188678404124265,0.228181849887153,1.29967545976461,-0.065793170822409,0.226691887760911
"step","03134.png",3134,0.188510432692722,0.227817024481815,1.42718873833092,-0.0659283512884492,0.227216451629651
"step","03147.png",3147,0.190217376173485,0.229372917399007,1.39621259076149,0.00482184868864355,0.229556154484328
"step","03160.png",3160,0.184263139335686,0.22298648727782,1.37764111450175,-0.1192871605043,0.219238608187182
"step","03174.png",3174,0.18170743512534,0.219700038856171,1.30139082098392,-0.0364796693375581,0.215298177417693
"step","03187.png",3187,0.185495491067215,0.224658513397093,1.37105238276993,0.00262038430818903,0.220000027781621
"step","03200.png",3200,0.195281740673247,0.235767092234302,1.23007114957934,-0.00809400836028754,0.236227566216161
"step","03214.png",3214,0.176022348520603,0.21323031686797,1.39286667483576,-0.0882724598013739,0.209639368100931
"step","03227.png",3227,0.185190005610499,0.223753891745533,1.26247349333173,-0.00849865136218822,0.223833913843658
"step","03240.png",3240,0.182684997880035,0.222060399789967,1.4045310100355,-0.0942867593458287,0.221796122868359
"step","03254.png",3254,0.185242691294511,0.223829303345882,1.19682689276403,-0.0133766789924194,0.2224058103754
"step","03267.png",3267,0.200107931175476,0.23917883215966,1.21901951498673,0.0777305144860239,0.237107417903995
"step","03280.png",3280,0.193642066645207,0.232482570182619,1.26327884292872,0.0427835155709713,0.228708160912349
"step","03294.png",3294,0.182449633793637,0.219859760563539,1.17873599519384,0.0707549174128779,0.219244671083997
"step","03307.png",3307,0.184890788466058,0.223731206272022,1.26602431793558,-0.0477552567295838,0.224011382728402
"step","03320.png",3320,0.194463833617521,0.23351508352714,1.32314572107361,0.0125961619842936,0.231195970010391
"step","03334.png",3334,0.17803393349518,0.215095539918937,1.09975881541954,0.060162997729001,0.214096725990882
"step","03347.png",3347,0.176114047015602,0.213644003962293,1.27041001286174,-0.0470188927861746,0.21037074301267
"step","03360.png",3360,0.189004657053635,0.227426314386391,1.14047527314483,0.134102382609721,0.225809133116021
"step","03374.png",3374,0.18266073758321,0.220901879860179,1.33583967818855,0.00792176769303948,0.218953309529493
"step","03387.png",3387,0.184782088366705,0.223036064187216,1.30493217628539,-0.0603094122077022,0.219891379742772
"step","03400.png",3400,0.210206077925627,0.252095487325943,1.17473558871688,-0.00936462624929399,0.247730364618698
"step","03414.png",3414,0.195891209622497,0.23585142463436,1.27437837090471,0.0376487381126298,0.238605804692152
"step","03427.png",3427,0.183052808016661,0.221079417191823,1.27489611855795,0.0190196943284263,0.217850705352938
"step","03440.png",3440,0.201587871044876,0.243483974554989,1.27014456954713,0.00131223569873792,0.240901799236921
"step","03454.png",3454,0.174134997811982,0.210869600674314,1.28640418868298,0.0332592132748532,0.206380890915336
"step","03467.png",3467,0.195355120846799,0.235735482661416,1.22903978345572,-0.0168685829608949,0.239498158392727
"step","03480.png",3480,0.178292301368223,0.215322860511761,1.41204126962452,0.0446617118674118,0.213791958339225
"step","03494.png",3494,0.188838438937428,0.228295097163843,1.46334563115526,-0.0556986231022741,0.222201773841876
"step","03507.png",3507,0.184448327089682,0.223995283972226,1.31444848762987,-0.0718343391750545,0.215483702655002
"step","03520.png",3520,0.191457484827493,0.232740108732677,1.36404319964284,-0.0555248816140748,0.232856737393382
"step","03534.png",3534,0.192355530799139,0.232017880334786,1.34968516221058,-0.0257285183801694,0.2310055757107
"step","03547.png",3547,0.18145239872353,0.219433892464023,1.32813731738603,0.0461539954949923,0.211980985605679
"step","03560.png",3560,0.174076635884532,0.210592012119407,1.27372301992924,0.043309556202458,0.208757621264821
"step","03574.png",3574,0.183886409759412,0.222206048678961,1.19242618033198,0.0238515237654528,0.221337723378129
"step","03587.png",3587,0.192359961574837,0.231310061319095,1.34298754795206,0.078768150849637,0.230787808235034
"step","03600.png",3600,0.196914082207786,0.237703520530952,1.27283599974458,0.121314011285854,0.236041510386137
"step","03614.png",3614,0.193880867086917,0.233924289449829,1.2465165167986,0.141663912913384,0.233112153907605
"step","03627.png",3627,0.174791839652132,0.211674571784331,1.2505614803264,0.0763361123556876,0.207883293405264
"step","03640.png",3640,0.185041602817494,0.222909115976338,1.36693582614736,-0.0671625786509938,0.218421447332596
"step","03654.png",3654,0.194161286663008,0.234321583742685,1.33808029891118,-0.0880752591767705,0.235258211080424
"step","03667.png",3667,0.175378492810688,0.212601423812901,1.27296172038495,0.0500928950988342,0.209033590591429
"step","03680.png",3680,0.188144714703997,0.227852465132831,1.29258601744669,-0.0431584388269383,0.221981284244373
"step","03694.png",3694,0.18346199841362,0.222602818020777,1.2641044256061,-0.0889761595106142,0.224568708486686
"step","03707.png",3707,0.178297584769058,0.215767613621927,1.35455137191503,0.0309699194868205,0.210560252299594
"step","03720.png",3720,0.174644907961476,0.211386646126939,1.51849640236917,0.0114627531259089,0.20772784074884
"step","03734.png",3734,0.187548886232113,0.226733465095363,1.2352069289704,0.0355071345115682,0.226507672647966
"step","03747.png",3747,0.186899591811067,0.226180425892317,1.32570518231718,-0.052786961888687,0.222316560521353
"step","03760.png",3760,0.181857620000427,0.2202348203726,1.31043196451643,0.0332361335826131,0.218859989058417
"step","03774.png",3774,0.188506980492908,0.227781313076447,1.1861690513207,0.0239024759574099,0.227386361263848
"step","03787.png",3787,0.186294235125082,0.226021634242917,1.36430041530292,-0.142587083036727,0.226512892412398
"step","03800.png",3800,0.186001174729563,0.225560898113001,1.26692813713609,-0.00370261228273322,0.216130466638591
"step","03814.png",3814,0.186733129682444,0.225824615330704,1.1688523710696,0.131338912774318,0.221737577485301
"step","03827.png",3827,0.178108243625858,0.215593890666652,1.26223743630201,-0.0370404329100761,0.21256029878035
"step","03840.png",3840,0.181769042172229,0.219163458741473,1.46852334086962,0.0140413457197337,0.216100045760663
"step","03854.png",3854,0.184699366778053,0.223802200492047,1.34316211822572,-0.0523462256436565,0.217802360123608
"step","03867.png",3867,0.189967009308885,0.230476100430772,1.28443967292781,-0.0818237568431775,0.231392078937855
"step","03880.png",3880,0.180456485801603,0.217795476965985,1.31533790900105,-0.0301896010383185,0.213921115653111
"step","03894.png",3894,0.182884438414395,0.22150481744031,1.17428166298833,0.0976153147897489,0.220719458955054
"step","03907.png",3907,0.205944833930461,0.248362504937337,1.24118796886696,-0.0274377202692337,0.244589027759581
"step","03920.png",3920,0.194365674761241,0.234078664477874,1.24469806453606,0.0297168413226918,0.229481953010785
"step","03934.png",3934,0.189573918625433,0.229375884493068,1.23919225549944,0.0849926518162862,0.224480159071839
"step","03947.png",3947,0.18787386591737,0.227323746516543,1.28736666922656,-0.0913235888889589,0.226344041962752
"step","03960.png",3960,0.187311648367181,0.227013307398166,1.26104576955479,-0.0512038420332508,0.2241391998188
"step","03974.png",3974,0.194065091347042,0.234807653848139,1.24440099616126,0.00104075320313257,0.232094910907259
"step","03987.png",3987,0.186451549106482,0.226585382334501,1.42763207506108,-0.0738224478096393,0.223786742998411
"step","04000.png",4000,0.197305237135641,0.237969952120884,1.34684898394644,-0.0705095302161194,0.238020427455056
"step","04014.png",4014,0.17986141952819,0.218140346707266,1.33059841358197,0.00430175093244531,0.216471787366774
"step","04027.png",4027,0.190964627199556,0.230718506906058,1.36058564625453,-0.0762238799465397,0.228456333432953
"step","04040.png",4040,0.185441730470277,0.224494168159424,1.40049655425312,-0.0425162544321332,0.220922691482201
"step","04054.png",4054,0.191059292610755,0.231317889936006,1.35026296911034,-0.0538659230909371,0.229271004684725
"step","04067.png",4067,0.170716554623346,0.208034455851069,1.35915299815823,-0.0765503256752904,0.206493300249146
"step","04081.png",4081,0.187493230697143,0.227814591970241,1.23585849031806,-0.0593987159518984,0.225759354368343
"step","04094.png",4094,0.207948021665907,0.249255638805474,1.23848153071003,0.105890848718121,0.251201961146044
"step","04107.png",4107,0.197677956447197,0.237935908725538,1.20715462151154,-0.0624498050411026,0.236011176840333
"step","04121.png",4121,0.192897533611059,0.232152232875579,1.21644052508475,0.204143312055521,0.22666267846711
"step","04134.png",4134,0.202211591215544,0.243150869726808,1.29567046121208,-0.0793854437522031,0.240670552690192
"step","04147.png",4147,0.193456357680333,0.232994017078694,1.22669910462067,0.00716393106305124,0.232443009299633
"step","04161.png",4161,0.176853304188842,0.213976611490091,1.26055535235361,-0.136713548369527,0.208943235946693
"step","04174.png",4174,0.184475021878394,0.224528058080567,1.15015149496225,-0.0331688025885609,0.222449479081015
"step","04187.png",4187,0.192011459193746,0.231917007867218,1.14809953426346,0.00864877001282935,0.23145378762269
"step","04201.png",4201,0.170005651500903,0.20651866045884,1.31892004538469,-0.021633259792096,0.198244876419191
"step","04214.png",4214,0.174277389930817,0.21199712405288,1.34331520118304,-0.153894959099904,0.209510603077995
"step","04227.png",4227,0.17421314915042,0.210879822701819,1.26910095716322,0.0446849265782001,0.207152314795747
"step","04241.png",4241,0.183083515928053,0.221162325924844,1.31162324583855,0.0083963777653282,0.215657144236594
"step","04254.png",4254,0.172422889679082,0.20910572002831,1.30755119057809,0.0048357102949049,0.208509568843291
"step","04267.png",4267,0.186223640876392,0.22550743301812,1.47720591799804,0.0205497858856421,0.225297714568864
"step","04281.png",4281,0.192832750471912,0.232546760529968,1.21529445382925,0.0860953579211054,0.22960681984046
"step","04294.png",4294,0.18213003880927,0.222517166532362,1.39217033643225,-0.0700264447422699,0.217606676075876
"step","04307.png",4307,0.179327595723432,0.218840413009809,1.37495732959291,-0.0379781483095168,0.212503038378763
"step","04321.png",4321,0.195073124529148,0.237692400880891,1.39266043543431,-0.0634454604144145,0.228058510076596
"step","04334.png",4334,0.204007192170217,0.247360637614814,1.45668604792824,0.0330602311462457,0.244670947955328
"step","04347.png",4347,0.174373201237798,0.211961147080445,1.29362583136579,0.00828505620443862,0.208496248563848
"step","04361.png",4361,0.188085927050718,0.228268078765453,1.20967808142972,-0.0584625069029311,0.228612239820421
"step","04374.png",4374,0.178321505539366,0.215541005518969,1.37332868122257,0.0160478114448872,0.210940029527704
"step","04387.png",4387,0.183173843372197,0.222230625531898,1.33122590457251,0.0390802991858137,0.223175078298249
"step","04401.png",4401,0.184991689790099,0.222958573614984,1.28021493829964,0.0216107679118251,0.217646135873397
"step","04414.png",4414,0.180618676269754,0.217711983686533,1.28244938073608,0.0706366221594174,0.212251143417441
"step","04427.png",4427,0.173084191281074,0.209403712023721,1.23792454959057,0.055333450335147,0.204203792428067
"step","04441.png",4441,0.187002514979964,0.225659781574151,1.23631632258649,0.0531317073616441,0.221760742498135
"step","04454.png",4454,0.193639834167841,0.233529322846768,1.31057826470977,0.0577146634564875,0.236441547509041
"step","04467.png",4467,0.199632431248747,0.240332633340929,1.48807925382988,-0.0017020062489011,0.236892042084825
"step","04481.png",4481,0.184505526330913,0.223269658575762,1.35825516670614,0.00138153121453297,0.217429722473933
"step","04494.png",4494,0.175876849453393,0.212922738309403,1.28058907372134,0.0715924476451442,0.209085031549313
"step","04507.png",4507,0.210372663662864,0.251165233392922,1.28397098842447,0.0906646268063277,0.245651756153641
"step","04521.png",4521,0.176717725292184,0.213503717656468,1.15068247143496,0.0723352721551677,0.207558282488568
"step","04534.png",4534,0.184138687581524,0.222021012674454,1.22951852651992,0.0289203741411724,0.220517070859274
"step","04547.png",4547,0.179285556106205,0.21608830396008,1.33066789537327,0.0471546318097387,0.216512376577369
"step","04561.png",4561,0.205613676378729,0.247407068463884,1.17685452703908,-0.00439314743390568,0.244263338376355
"step","04574.png",4574,0.191142073504777,0.231275186230684,1.19892980818111,0.00583887353153709,0.229945019207792
"step","04587.png",4587,0.20550908598563,0.249399946482715,1.16843182604706,-0.156541566354024,0.24527281900031
"step","04601.png",4601,0.199948920923307,0.238904747832067,1.33019622268522,0.0528130333688437,0.240975588055436
"step","04614.png",4614,0.185292581993436,0.224622840107136,1.16323168393787,-0.0570784623253881,0.224383802104686
"step","04627.png",4627,0.179083352313356,0.218162023440782,1.32373784710722,-0.0760041123366379,0.215362200962183
"step","04641.png",4641,0.196896686659184,0.23812761504196,1.17421029448779,-0.0946880869635697,0.229519154044382
"step","04654.png",4654,0.203029994296486,0.242936954981032,1.24747391538592,0.0990091186339522,0.240699485228995
"step","04667.png",4667,0.197101852348164,0.239744275578531,1.36944622412411,0.0532762971489961,0.235707038956776
"step","04681.png",4681,0.185026336866607,0.224521467007084,1.13200876426195,-0.037134696368561,0.220443808765394
"step","04694.png",4694,0.206893874582315,0.251582236130523,1.45286241024665,-0.121133113316135,0.251056018439937
"step","04707.png",4707,0.178155689570335,0.214886101758248,1.28813348825251,0.141163689969905,0.214507620481535
"step","04721.png",4721,0.180433267615344,0.219670337937282,1.32139554268494,-0.158997392033492,0.213905586236488
"step","04734.png",4734,0.17370140474097,0.210017052234079,1.29941269459727,0.075873643530545,0.204897704189868
"step","04747.png",4747,0.192437625411613,0.233306116357732,1.30206986847872,-0.00427038189139317,0.228330992057776
"step","04761.png",4761,0.196011719601025,0.237080456643862,1.37285461034195,-0.0325096932559011,0.232032381951473
"step","04774.png",4774,0.172176118822391,0.209031236424954,1.4175278334876,0.057074205571185,0.203219478704948
"step","04787.png",4787,0.167603868080499,0.204021539900128,1.44936869546928,0.0772635343874952,0.198486432462605
"step","04801.png",4801,0.174583440436099,0.212206387037547,1.31445427220948,0.053289316384635,0.207433543405825
"step","04814.png",4814,0.187544341956818,0.226629663685488,1.3774448826056,0.0189756256656216,0.221542879981049
"step","04827.png",4827,0.190778966970719,0.231737495640708,1.17737191462707,-0.053963945649106,0.23328666634386
"step","04841.png",4841,0.188404620583783,0.227877832995995,1.50677634910351,0.148621161767438,0.217791250305056
"step","04854.png",4854,0.180672078263749,0.217947035224615,1.34499456567542,0.0780719419082401,0.214959069384791
"step","04867.png",4867,0.18296691198192,0.220312749778977,1.3983366481613,0.0409180260866169,0.219420980068827
"step","04881.png",4881,0.187175683383169,0.225240876034481,1.33387884400896,0.090364640876238,0.218522307288981
"step","04894.png",4894,0.183494008772777,0.222617189157447,1.29497358376703,0.0473594632093284,0.219637053274182
"step","04907.png",4907,0.176842015250318,0.213937673181353,1.29234890390193,0.063113621394617,0.21022462485711
"step","04921.png",4921,0.174996335786154,0.211897680894431,1.26119222252244,0.0763885078905382,0.205311125452939
"step","04934.png",4934,0.184881271674956,0.223193630519154,1.4094430085828,-0.0160791015474976,0.217735387268007
"step","04947.png",4947,0.184625624059025,0.223172791387962,1.28134595094267,0.0698424440975093,0.216223072544116
"step","04961.png",4961,0.170602690818477,0.206936507928855,1.27288368315099,0.0878470885917028,0.201883561561345
"step","04974.png",4974,0.183875957646077,0.221391676094793,1.3703899673589,0.0605544394553928,0.219939028007655
"step","04987.png",4987,0.172289003924507,0.209755750982062,1.32286820502404,0.0388311333039377,0.204787606205065
"step","05001.png",5001,0.222998953034447,0.265670833444349,1.30857024575465,0.0279219425771845,0.261425994454471
"step","05014.png",5014,0.173500526511642,0.211013312474721,1.39185933814914,0.0579305426584653,0.205926675615411
"step","05027.png",5027,0.172678460325311,0.210320274298258,1.3382993210591,0.112877177878188,0.203738950285632
"step","05041.png",5041,0.185261672682412,0.223793214005366,1.50156334873907,-0.0601335643313804,0.217060066979004
"step","05054.png",5054,0.206976986829735,0.247679259661595,1.51942024212378,-0.210318718603549,0.238010671015129
"step","05067.png",5067,0.182849212530247,0.221507601598936,1.27877034075749,0.0745720316205017,0.214428486607786
"step","05081.png",5081,0.167801750535676,0.204851338739275,1.354614172806,-0.0536175372493721,0.20056844392369
"step","05094.png",5094,0.18624523614103,0.22411334378969,1.28332107625463,0.0906292994274615,0.22439807180896
"step","05107.png",5107,0.21715131802408,0.260482111822128,1.50620527455282,-0.224267423733506,0.264991144212959
"step","05121.png",5121,0.169987724935317,0.206679023884084,1.44680408384984,0.019301942996102,0.202401781690731
"step","05134.png",5134,0.170727978818021,0.206685681557461,1.37432574775654,0.109478669577897,0.200255547884973
"step","05147.png",5147,0.171104282520967,0.207899034253263,1.27051035986657,-0.0122673400125856,0.205615983778218
"step","05161.png",5161,0.180475681917329,0.217952220521377,1.42909467614457,-0.0228875671405584,0.210309628539499
"step","05174.png",5174,0.17972055647621,0.217508606777189,1.42461927260489,0.00479916883354461,0.212711097255723
"step","05187.png",5187,0.212712289085394,0.255503308124623,1.31503506359631,0.321313752930283,0.25094971645534
"step","05201.png",5201,0.207788108638865,0.248870526256627,1.38830599816537,-0.14463921124168,0.253363497215183
"step","05214.png",5214,0.166370735568627,0.201792150473277,1.25274325567452,0.03265651127395,0.199092712275485
"step","05227.png",5227,0.180491689756556,0.217559576078236,1.39574173624853,0.0577911141944648,0.21573177245581
"step","05241.png",5241,0.167722969936605,0.205640644070602,1.51412564656221,-0.0337868105682365,0.198650579034243
"step","05254.png",5254,0.164484040026505,0.200498550368165,1.52801910385804,-0.0326573265977783,0.195201202068166
"step","05267.png",5267,0.171275927885892,0.207640611378867,1.63059900107397,-0.0275147449907466,0.206198468738009
"step","05281.png",5281,0.179500705290918,0.218302115733941,1.12878729800016,0.0346398562876895,0.213928232398944
"step","05294.png",5294,0.187810128270666,0.227576912585769,1.38093298753593,0.0173406477410902,0.220708636404654
"step","05307.png",5307,0.178224381676322,0.215681597028902,1.44107833754628,0.0552859216685768,0.209593441901298
"step","05321.png",5321,0.173321090938264,0.210125388662909,1.33779243281915,-0.0072745668925589,0.210053996564421
"step","05334.png",5334,0.172230991380712,0.208468690431354,1.25700632576958,0.0698142281408734,0.207062485647202
"step","05347.png",5347,0.176133833159812,0.213495010381223,1.39747323310665,-0.0266600092020991,0.213768322784636
"step","05361.png",5361,0.186108939939981,0.224330276944373,1.28128541636967,0.0396959190200911,0.225320821991164
"step","05374.png",5374,0.196257943477483,0.235843109600175,1.30971427590484,-0.0119477938437949,0.232735711558592
"step","05387.png",5387,0.217752802435417,0.258420893455268,1.3422598686336,0.0139912112006854,0.256776021892831
"step","05401.png",5401,0.180638762330463,0.219763426611218,1.17397394659101,-0.0832485948341551,0.220430249491355
"step","05414.png",5414,0.183252514065299,0.222480851343476,1.44398450616072,0.090164925012658,0.219645547570114
"step","05427.png",5427,0.180888660164548,0.218778449886857,1.35117459140634,0.148980241887662,0.212940373480803
"step","05441.png",5441,0.182156305400911,0.220789223386979,1.30995703676819,0.048805546873709,0.215880773267137
"step","05454.png",5454,0.172319104935726,0.20928086576887,1.42040142961721,-0.0155528922918654,0.204724915854768
"step","05467.png",5467,0.185741946105217,0.22619175803739,1.4785766380267,-0.162141088205113,0.224588810723768
"step","05481.png",5481,0.174503390186376,0.211894131475089,1.42893673618472,-0.0207730452839707,0.208146748522269
"step","05494.png",5494,0.179658968765,0.218432970722264,1.25158872766132,-0.0350508409925104,0.216112113357804
"step","05507.png",5507,0.189426101198216,0.228991646586192,1.20303642340865,0.0941484386125032,0.22752459677119
"step","05521.png",5521,0.196901330414185,0.236732391041904,1.17570303564451,-0.0169463100663386,0.23441138901429
"step","05534.png",5534,0.185855087140911,0.224296934983329,1.27047842489458,0.0267923971232173,0.220401644112067
"step","05547.png",5547,0.174427263726451,0.212581716666123,1.45099116857883,-0.0693041221722507,0.207693995466431
"step","05561.png",5561,0.169284706735011,0.204823505290233,1.43188195335701,0.116177402484555,0.198250298633627
"step","05574.png",5574,0.168039743730896,0.203789116292914,1.41929588172179,0.00838919581385364,0.201296129773101
"step","05587.png",5587,0.171439912089771,0.208655598483466,1.51111895676454,0.0113800746346417,0.20840154274421
"step","05601.png",5601,0.194010066131629,0.233460332084131,1.5522347081892,0.0998572890072933,0.233806445479036
"step","05614.png",5614,0.180707570928081,0.219592381092776,1.38621893082318,-0.0146426530812595,0.21862234525104
"step","05627.png",5627,0.174279990148764,0.211521032712572,1.35482378975654,0.00877783655786851,0.212281008289394
"step","05641.png",5641,0.175837024186092,0.211937259990736,1.25167715630457,0.0645278240263937,0.20934721616741
"step","05654.png",5654,0.184722927245085,0.222266193980674,1.36208275222431,-0.00509151609699554,0.218233998392861
"step","05667.png",5667,0.189813929537258,0.227985496901012,1.32073442740606,0.0810438213617251,0.227180024140723
"step","05681.png",5681,0.215905375208222,0.259745044048459,1.27780959768814,-0.00513945673507341,0.256089272772964
"step","05694.png",5694,0.173888026973281,0.210249320700805,1.23166765526963,0.0563350111391967,0.207353640950262
"step","05707.png",5707,0.177753576372336,0.21489668878063,1.1674362356263,0.117379020998606,0.211387842050573
"step","05721.png",5721,0.198189986771826,0.238355668570085,1.174198440474,0.0539743461713563,0.237381965686343
"step","05734.png",5734,0.174057742538146,0.21067196489015,1.38413430746334,-0.0129298160784785,0.210733204152891
"step","05747.png",5747,0.192512282268509,0.232149221273799,1.11241729973507,-0.0477209550058914,0.227479148547889
"step","05761.png",5761,0.188381438863694,0.227735857343427,1.26102784848912,0.0168392850313112,0.227940811253445
"step","05774.png",5774,0.191506694196011,0.232586417897425,1.44154474583305,-0.111587920841416,0.236394886584305
"step","05787.png",5787,0.182141231074233,0.220548412013966,1.21558917466847,-0.0350904213432645,0.223573403550655
"step","05801.png",5801,0.178670300021555,0.216527828451006,1.18826738502764,0.0543930621624843,0.216424200240069
"step","05814.png",5814,0.180699002566023,0.219347790039007,1.3033106954983,0.0111653452968508,0.216598639402475
"step","05827.png",5827,0.207357025607069,0.248168689917857,1.19754298378775,0.0939627522462546,0.249420834200096
"step","05841.png",5841,0.170248574407724,0.206813929793035,1.24635369399603,0.0708710035216842,0.204641435950547
"step","05854.png",5854,0.184644048016393,0.222285421050637,1.29883203095613,0.0573904983787595,0.218184763455311
"step","05867.png",5867,0.166570693469712,0.202653004090589,1.24522401914442,0.081453069807322,0.199327815082099
"step","05881.png",5881,0.17068233619348,0.207216269741318,1.27952109971739,0.0404889574968098,0.203991272605435
"step","05894.png",5894,0.193923562584604,0.235882400971167,1.22768742594783,-0.104337551451007,0.236100785419589
"step","05907.png",5907,0.176964920824702,0.214700633021442,1.24968096142275,0.0773147597356529,0.215418347375755
"step","05921.png",5921,0.180711117934912,0.217716911071884,1.33316121926853,0.0654579129109675,0.218494183743754
"step","05934.png",5934,0.181726947610464,0.219464476012939,1.40813745442678,-0.0186696146497949,0.218970424174527
"step","05947.png",5947,0.193114894621513,0.233644589444348,1.19500619794852,-0.0341565007173608,0.232130294464114
"step","05961.png",5961,0.169867554359951,0.206098988091396,1.25122511649438,0.0261720953297518,0.205677368145144
"step","05974.png",5974,0.178914964878444,0.217280716556218,1.23285409591903,-0.0688703065215341,0.213205991395562
"step","05987.png",5987,0.182456506434579,0.219744382350033,1.31631918306287,0.0859856226273687,0.21943350354188
"step","06001.png",6001,0.179318751178916,0.217542368963687,1.08068836741174,0.0427194906341005,0.220265170623887
"step","06014.png",6014,0.189778909512672,0.229795424774983,1.15160731970403,-0.0113085221620367,0.235893036392034
"step","06027.png",6027,0.203007117940521,0.243605043111688,1.17409666284911,-0.0156782187601889,0.250539554723039
"step","06041.png",6041,0.189804872050855,0.228326548596576,1.33918112574806,0.0685506294905494,0.226880247889073
"step","06054.png",6054,0.19093776837851,0.232148751165868,1.18409392893134,0.0597440529648389,0.231723957789279
"step","06067.png",6067,0.18357092771705,0.222758199832525,1.17454618439658,-0.0345519618653625,0.223565561035137
"step","06081.png",6081,0.184719123687829,0.223492830682808,1.2042196740791,0.097111946462632,0.221851540547442
"step","06094.png",6094,0.196653076968946,0.235871820052775,1.25739943548014,0.0252186730335773,0.237371344219424
"step","06107.png",6107,0.200015274187881,0.244232385240622,1.37298271165252,-0.088915999533688,0.244962308193571
"step","06121.png",6121,0.172021541799705,0.208404203261514,1.39131736325652,0.047957390666468,0.20239711007457
"step","06134.png",6134,0.178831524392379,0.216518984603728,1.26835119835983,0.0134651955758747,0.214384545888633
"step","06147.png",6147,0.173406302162043,0.210664741631962,1.23298505270789,0.0308130382470479,0.205769153915427
"step","06161.png",6161,0.177147383803077,0.214711520879789,1.24170272065456,0.0462573578543004,0.212288587653467
"step","06174.png",6174,0.165032352373821,0.201678946802037,1.25375395159516,-0.0145186281316503,0.200207123354248
"step","06187.png",6187,0.183447983672971,0.221407763288039,1.17352078582133,0.0574587009141642,0.217851806406035
"step","06201.png",6201,0.191667746061634,0.231716521921223,1.21149911395354,0.0495261411880168,0.225964538319696
"step","06214.png",6214,0.172244631787211,0.209037729562006,1.35556193630171,0.022409442279965,0.207472667248698
"step","06227.png",6227,0.180327161565758,0.21785604074772,1.34965965421627,0.00485494786347362,0.215337746684122
"step","06241.png",6241,0.183799012346207,0.222953217902338,1.46841148866542,-0.0312378959006641,0.224136827799568
"step","06254.png",6254,0.173864784978976,0.210460924695629,1.26722853759112,0.0423729948913859,0.209884473765201
"step","06267.png",6267,0.1993578374023,0.239049028373298,1.11424046250858,0.00467594711807212,0.238004195331394
"step","06281.png",6281,0.184104268884904,0.224311461708845,1.48893295057406,-0.0449612001177982,0.22240847447682
"step","06294.png",6294,0.174804384807008,0.212158700711293,1.34124828074112,0.0571750473225201,0.207122018120879
"step","06307.png",6307,0.179750053317027,0.218917353132045,1.52942898818895,0.0309770782612173,0.213132563764857
"step","06321.png",6321,0.196169501539568,0.237326689329994,1.50836417883117,0.0515955399300611,0.233936605213768
"step","06334.png",6334,0.173281553347456,0.211899758162335,1.31032296414033,-0.0315407312518397,0.21325385862149
"step","06347.png",6347,0.202208436873907,0.246861544234548,1.43203956159369,-0.0848671404898833,0.246769580781273
"step","06361.png",6361,0.174516605475585,0.211653411645865,1.35563736398177,0.00996094394073016,0.212340264703116
"step","06374.png",6374,0.167260171427811,0.203863644395382,1.38086904828762,-0.0596671162822394,0.201900522684894
"step","06387.png",6387,0.179654587655714,0.217935009106489,1.22195517844013,0.0847714021677072,0.216243894421615
"step","06401.png",6401,0.180158348042032,0.218845852170054,1.33388429027396,-0.000116964896006794,0.217563575213906
"step","06414.png",6414,0.172261825837823,0.208779947873542,1.31028779132089,0.0192805824565842,0.208282036162714
"step","06427.png",6427,0.184776488224297,0.224261467531497,1.31301956704402,-0.0428072523161767,0.222874707520071
"step","06441.png",6441,0.176983351422505,0.215231946732019,1.46292939526541,-0.0908506987786969,0.21320435299423
"step","06454.png",6454,0.170796766074321,0.20792080752244,1.3057934813393,0.0437431753208576,0.204941890394019
"step","06467.png",6467,0.180573970536432,0.220156776255854,1.37107153763084,0.0485600673779456,0.214943814974668
"step","06481.png",6481,0.180543925020283,0.219211231153202,1.39294725182203,0.00299512180054845,0.216015221887962
"step","06494.png",6494,0.197922039203957,0.239010693620607,1.40970371031813,0.0153605656603898,0.235177627951158
"step","06507.png",6507,0.179739231281815,0.21776695709966,1.29157727637571,0.0332593404417144,0.212671469466454
"step","06521.png",6521,0.179732673955151,0.218239542645981,1.40058926530104,0.0190094718114598,0.215733443229843
"step","06534.png",6534,0.172380563108069,0.210068156989316,1.28772304105326,0.00384180647338117,0.207605175028619
"step","06547.png",6547,0.17664879763933,0.215272716195837,1.19757829762868,0.0579967644077995,0.213427267683981
"step","06561.png",6561,0.204901899679159,0.244369843804301,1.32547211800367,0.180898771681109,0.240104981504355
"step","06574.png",6574,0.185701188650276,0.226212902691215,1.35714041778741,0.017796388712927,0.219956665619956
"step","06587.png",6587,0.181564632884016,0.221680028338542,1.39067185410835,-0.0288080377315397,0.219413637590001
"step","06601.png",6601,0.180737924834246,0.218955905584577,1.17677576478124,0.0319952179854019,0.216883964320238
"step","06614.png",6614,0.196447434363388,0.236672281193067,1.22293202724218,0.0274642175957728,0.235811641991251
"step","06627.png",6627,0.175727632670298,0.214426904895996,1.27869390056442,-0.118949803989812,0.211827604264811
"step","06641.png",6641,0.172768093679101,0.209295647868092,1.1379439833062,0.0920526757805029,0.209207292687591
"step","06654.png",6654,0.183288152944792,0.221748427807641,1.29699835460492,-0.00945481924836034,0.221623338064384
"step","06667.png",6667,0.187975793688762,0.226153695739106,1.45846555524291,0.0461755462348084,0.225530510297712
"step","06681.png",6681,0.1657999555883,0.203160793248847,1.33168885670682,-0.0618704318087797,0.200335441784057
"step","06694.png",6694,0.174016062240237,0.21113104612859,1.32238252354628,-0.0433523832604551,0.207484779065692
"step","06707.png",6707,0.186268387809291,0.225262593136087,1.16883923683893,0.0611934477444772,0.221570907686762
"step","06721.png",6721,0.183993333168373,0.223383220863684,1.28073914947841,0.1700313834989,0.215249839779636
"step","06734.png",6734,0.185296300119367,0.225716725307314,1.34153947686016,-0.0508871845283183,0.227489048938052
"step","06747.png",6747,0.216758565145872,0.259509013276874,1.29891844852332,0.0503961909608501,0.263786703481733
"step","06761.png",6761,0.172359418316728,0.210632761549763,1.45154761918013,0.137624433087099,0.208031312739287
"step","06774.png",6774,0.179348509495882,0.21796569600933,1.53417013634251,-0.139372932874505,0.213820261460778
"step","06788.png",6788,0.176801327247314,0.21484729750856,1.40075173106219,-0.00128855883986809,0.213413331677525
"step","06801.png",6801,0.178782805562055,0.216850113955814,1.17930935016063,0.0831005167507385,0.212864620000578
"step","06814.png",6814,0.172769881804389,0.211338557603573,1.22390949602796,0.0229238691993147,0.210355256297706
"step","06828.png",6828,0.166586784388337,0.203498145511655,1.38616621211728,0.0351555655990524,0.202450025712028
"step","06841.png",6841,0.170778729393043,0.208173375621559,1.37624617175419,-0.088047137722892,0.20582238283403
"step","06854.png",6854,0.17083112103443,0.208193015287583,1.28998744218345,-0.0129124947343411,0.208404839629571
"step","06868.png",6868,0.185227493276344,0.226656094677859,1.44467241967905,-0.0541005860246924,0.219705823978214
"step","06881.png",6881,0.171137624962133,0.208201389049898,1.4365452830123,0.00599775288780732,0.206628393324644
"step","06894.png",6894,0.187808223716014,0.228320424878818,1.37989382056177,0.0147713558774745,0.222392534484374
"step","06908.png",6908,0.181997134082531,0.220689981664148,1.13524189131497,-0.045043127724362,0.218180190640737
"step","06921.png",6921,0.181629550094651,0.220674539032819,1.26835265216144,0.00833455175636777,0.219535263720396
"step","06934.png",6934,0.189623423330197,0.229399718849848,1.10059123883618,-0.0383008909631391,0.226518821033983
"step","06948.png",6948,0.177660569560096,0.215195521618341,1.15492474916278,0.0443054365600322,0.218572559300969
"step","06961.png",6961,0.177136216969637,0.214867138464613,1.3048770495633,0.0267879177756678,0.213053708420327
"step","06974.png",6974,0.184943481041999,0.222735162480993,1.32406000693167,-0.00895606348230418,0.21845199933364
"step","06988.png",6988,0.172474951526975,0.209612014243665,1.24376336407389,-0.0212215762873492,0.20728120975115
"step","07001.png",7001,0.170247012577629,0.207161881370379,1.30240839944134,-0.0113441534314907,0.204640888711666
"step","07014.png",7014,0.179236068950737,0.217815576221915,1.33033331145822,-0.0300189650012262,0.213935564459566
"step","07028.png",7028,0.182578188992189,0.221985114817504,1.25617075113385,-0.0590957153885799,0.223764142357705
"step","07041.png",7041,0.164113187348622,0.200616429325279,1.36523754693386,0.0372213263475705,0.195378516925032
"step","07054.png",7054,0.162569587927903,0.200703189890397,1.5492515483842,-0.0204988297350953,0.198114647818057
"step","07068.png",7068,0.17026533527383,0.206973578116262,1.29682321828023,-0.0083200649981231,0.205105912986856
"step","07081.png",7081,0.174758663017848,0.211215632375848,1.20304060691474,0.0522590537125068,0.21073197996961
"step","07094.png",7094,0.167368666695399,0.204293638456803,1.27326903316779,-0.056490975421476,0.202275542357641
"step","07108.png",7108,0.178913533414838,0.217290062913502,1.29294031030694,0.0864054064250748,0.21230081774861
"step","07121.png",7121,0.183571326513577,0.221321258445504,1.21247342066269,0.00231276202701777,0.222424804045999
"step","07134.png",7134,0.201380072483885,0.243867410589174,1.1534481268571,-0.0830501483039549,0.249813375514918
"step","07148.png",7148,0.171212124319843,0.208954456588237,1.32857336149439,0.0634333048077498,0.205472107187762
"step","07161.png",7161,0.172621986048838,0.210102583762597,1.35532748982124,-0.0169409007826878,0.206869756006025
"step","07174.png",7174,0.189005076004144,0.228707916671781,1.33693428815176,-0.0375841263844936,0.230227913544755
"step","07188.png",7188,0.182159497938695,0.221194909984753,1.29376584375261,0.034054022786107,0.222430888801576
"step","07201.png",7201,0.17581263275072,0.213426257609547,1.24305642301467,0.0122134778336511,0.211110006764755
"step","07214.png",7214,0.170860848927911,0.208241414188806,1.34204493302558,-0.0264330275999888,0.208619819115694
"step","07228.png",7228,0.17767829839116,0.215285552605291,1.30720812030909,-0.0823281835513621,0.216265850249869
"step","07241.png",7241,0.184402670056585,0.222410903492216,1.28136567522475,0.110988921132697,0.221216644799545
"step","07254.png",7254,0.172743693055582,0.209573149893184,1.18920704986787,0.0590901336330377,0.207146024664103
"step","07268.png",7268,0.177823001294889,0.216416479647235,1.35182901247007,-0.0483425706106705,0.213670720115017
"step","07281.png",7281,0.186924408965187,0.226050173619178,1.51925466672293,-0.0371887478562261,0.222487576598925
"step","07294.png",7294,0.180037058897098,0.217798981008829,1.38844374885189,0.0360196573934966,0.214057077568181
"step","07308.png",7308,0.181298211170996,0.219557651653318,1.36697756280483,-0.109643077805778,0.216095272171607
"step","07321.png",7321,0.173509156921476,0.211585341468253,1.28584124208212,-0.0528436468159078,0.212282622325289
"step","07334.png",7334,0.183192418833434,0.223638900190848,1.23332589523016,-0.0472977318288126,0.222026693501283
"step","07348.png",7348,0.195629118704784,0.23476364139375,1.3993385338408,-0.011283219866311,0.235137608450188
"step","07361.png",7361,0.182072460840082,0.22086176833326,1.25171946132115,-0.0986027720225491,0.224661707582817
"step","07374.png",7374,0.205811828073339,0.246653265312099,1.27948516841079,-0.112783923222359,0.253790011074309
"step","07388.png",7388,0.167870577006685,0.205506281206801,1.41395923707198,0.0249199545660066,0.204333619294661
"step","07401.png",7401,0.166492842835285,0.20305148991049,1.35753594181167,-0.0655444661659415,0.199834551402281
"step","07414.png",7414,0.182294407337595,0.221941873238784,1.58206310243797,-0.149605059100691,0.214814302565161
"step","07428.png",7428,0.182269922777556,0.222994895342601,1.47397951557715,-0.152845031411056,0.219460188799544
"step","07441.png",7441,0.193660024567373,0.233953072127161,1.37875240647704,-0.0285725862183858,0.23402147358084
"step","07454.png",7454,0.174669491029572,0.212332209980965,1.2410966890768,-0.0540605009722984,0.212664967382164
"step","07468.png",7468,0.178972731944626,0.217555059823566,1.44187332509132,-0.0890158413604238,0.216019417000129
"step","07481.png",7481,0.172534116331576,0.211151359809005,1.44629847485247,-0.0124426886450174,0.206629691029126
"step","07494.png",7494,0.186155736983486,0.224848649825254,1.14908509450066,0.0954169610843091,0.223663969299033
"step","07508.png",7508,0.19456335307125,0.236192414783365,1.32510703924162,0.0410349787719528,0.229539971449227
"step","07521.png",7521,0.191051154588891,0.231549100385218,1.33783705813146,0.100616522875731,0.228876961196603
"step","07534.png",7534,0.176039233024968,0.214127835965647,1.33606323419054,-0.0549473696748198,0.208604328185139
"step","07548.png",7548,0.179887884368017,0.218156677912893,1.33229054457832,-0.0389302888389149,0.214235084597636
"step","07561.png",7561,0.182036533153049,0.220707028869594,1.39083222727263,0.0187429229752022,0.215580404526986
"step","07574.png",7574,0.170975732700975,0.215725605885617,1.57148711433107,-0.0974970966800703,0.213741049581027
"step","07588.png",7588,0.18057577224022,0.21950170995807,1.45372180161129,-0.156360912770686,0.217863914964001
"step","07601.png",7601,0.180636711392936,0.219003313280212,1.32153459469768,-0.13577109860037,0.216642175588543
"step","07614.png",7614,0.192741340606408,0.232694835579083,1.17021584906874,0.084217152272289,0.23076439677188
"step","07628.png",7628,0.163815070337202,0.200120886101774,1.37067970602006,-0.0129895064380137,0.194651602496045
"step","07641.png",7641,0.185898590256154,0.226257337405764,1.35747562861086,0.102246661683685,0.2242377265593
"step","07654.png",7654,0.184339925169023,0.22253386291715,1.28611336018391,0.0904837934701112,0.217891841001901
"step","07668.png",7668,0.181723523497663,0.220019684234399,1.42521275748224,-0.109525010341262,0.213091668702279
"step","07681.png",7681,0.202006993876946,0.241345684759761,1.4260944986781,0.0342795196327951,0.233660649512813
"step","07694.png",7694,0.190263302591433,0.227634197899834,1.3024855566493,0.217258532125557,0.221181112394311
"step","07708.png",7708,0.174065867679315,0.211102606866764,1.20498889010437,0.0203419652300423,0.206662339249046
"step","07721.png",7721,0.177549859160915,0.217889758062296,1.29764495930172,-0.174369780386591,0.214540869962901
"step","07734.png",7734,0.173994600080377,0.211918443950304,1.34268904747305,-0.0385910868132761,0.211175897795628
"step","07748.png",7748,0.181193888127932,0.219920056330383,1.18067619009496,-0.00569376182539996,0.220188998147385
"step","07761.png",7761,0.184889521589728,0.222845190942549,1.05989914355504,0.0561609809076237,0.221020254684244
"step","07774.png",7774,0.179099523425507,0.218159235026501,1.17728995463355,-0.0214122871019393,0.214271798187357
"step","07788.png",7788,0.202599966836948,0.242845092747941,1.09282221692307,0.132012690746111,0.238024644035882
"step","07801.png",7801,0.185368766173636,0.224527852615469,1.16894727830963,0.0163614639701257,0.218959790988488
"step","07814.png",7814,0.17864971793473,0.217374655325796,1.15633552196916,-0.0445847036953453,0.222501331202133
"step","07828.png",7828,0.170664712548106,0.208015480662311,1.1227093349858,-0.00806058564538509,0.208205167608951
"step","07841.png",7841,0.171160204870172,0.2092258477362,1.29922338653398,-0.10130485955448,0.207834030170327
"step","07854.png",7854,0.187311174925067,0.226190894398229,1.36380154923908,-0.126443937923015,0.227326869019478
"step","07868.png",7868,0.20707029512662,0.248456997244354,1.43846200448973,-0.05418669403045,0.24998927760492
"step","07881.png",7881,0.166532309054002,0.203950987184482,1.32831519511003,0.016617676355796,0.199825407922466
"step","07894.png",7894,0.194118209455829,0.233759323372776,1.3313503289147,0.184979562779703,0.227709119447805
"step","07908.png",7908,0.176822746731244,0.214346442079871,1.29962325562587,-0.0128984023662765,0.214743308302234
"step","07921.png",7921,0.168807436236239,0.205722843273436,1.40624001005458,-0.0944522018801269,0.201191633407151
"step","07934.png",7934,0.179869047323881,0.217608529451076,1.23115858135469,0.143493722757711,0.218061148339174
"step","07948.png",7948,0.16987222645242,0.207271775026279,1.41398601746671,-0.0560815652613452,0.207757770956626
"step","07961.png",7961,0.170683908490395,0.207347346098009,1.30829054361252,-0.0695898546119638,0.201028747262799
"step","07974.png",7974,0.172151509047021,0.211467230354938,1.35190469137168,-0.0237672547738611,0.205675270572686
"step","07988.png",7988,0.179422886101435,0.217760249125479,1.37057140947659,0.0505913849384337,0.20928133211823
"step","08001.png",8001,0.184816822391564,0.224597342050001,1.28276484968793,0.15426700148725,0.223070227331588
"step","08014.png",8014,0.173384488729431,0.213675225236864,1.49942233127944,-0.154753986345932,0.20767397646147
"step","08028.png",8028,0.171166120279455,0.208892345040262,1.19382642055075,0.0261146828854554,0.205454696247557
"step","08041.png",8041,0.173471849618118,0.212134583129999,1.25411589941615,-0.0883537982327553,0.208458100512896
"step","08054.png",8054,0.176093488759956,0.213267705289156,1.22874328800024,-0.184769278619029,0.209921236602041
"step","08068.png",8068,0.18671109890063,0.225139975939091,1.20939830262591,-0.040690128780023,0.223371735463508
"step","08081.png",8081,0.172594055934262,0.211967838638338,1.31919739942263,-0.142360263780172,0.207172892870837
"step","08094.png",8094,0.172429872957165,0.20915919294534,1.36505718918418,-0.107635987857117,0.210810643309819
"step","08108.png",8108,0.172729616555685,0.210961011288524,1.31166797157515,-0.0823018572758147,0.205685092215521
"step","08121.png",8121,0.168151213608607,0.208126359046275,1.31638490664853,-0.10580637729004,0.203446481993473
"step","08134.png",8134,0.183178833686976,0.222607382155475,1.16357805175812,-0.0258503705023107,0.2205689301417
"step","08148.png",8148,0.17612181721627,0.213875143549587,1.07668833926285,0.0686251479766973,0.211140578120556
"step","08161.png",8161,0.168330759296408,0.205289030257126,1.08199829097317,0.104636641365313,0.202820184541661
"step","08174.png",8174,0.179200597443919,0.218280550978168,1.29215846843246,-0.112289275001702,0.216495407959577
"step","08188.png",8188,0.174863165412551,0.212594388631045,1.17774503381218,-0.0128075665350217,0.209339872796213
"step","08201.png",8201,0.201823022656882,0.241847495694663,1.20777442482085,-0.171709102820146,0.243218958546458
"step","08214.png",8214,0.170541630409034,0.208471714544218,1.49951520566744,-0.162835753980032,0.204740956772135
"step","08228.png",8228,0.170207140566552,0.208609333033083,1.50569825606273,-0.0550165650396116,0.205987913871768
"step","08241.png",8241,0.167300091672967,0.204092286094442,1.29522631807966,-0.05017718843153,0.199415218328603
"step","08254.png",8254,0.196396820233024,0.23471468058323,1.19839340941407,0.133529934119428,0.228557399255189
"step","08268.png",8268,0.165329546458322,0.203561537505499,1.34719765486467,-0.117822605368232,0.198828216595058
"step","08281.png",8281,0.167990811652285,0.20551539442377,1.20748167195969,-0.0460666544433526,0.201765548664686
"step","08294.png",8294,0.189606143437923,0.229094131955506,1.21427171132855,0.0279549191255251,0.222360980962895
"step","08308.png",8308,0.180931227132784,0.219320563700413,1.2369057612602,-0.0769844743795842,0.216962777089023
"step","08321.png",8321,0.176832819487654,0.214860929910134,1.28853832929715,-0.173472318094582,0.207173755851403
"step","08334.png",8334,0.191421216527047,0.232131211923916,1.19726965391917,0.0192219401545535,0.226174956766331
"step","08348.png",8348,0.17690503666268,0.215246451812028,1.31263927978855,0.0218004530739279,0.212881567041019
"step","08361.png",8361,0.188735547548539,0.228860917163163,1.18993237266681,-0.106236025051221,0.218550949767813
"step","08374.png",8374,0.174252859684544,0.212531902810694,1.44748539359697,-0.056700284706125,0.208676757955913
"step","08388.png",8388,0.179166728166794,0.21813308412602,1.40895996332173,0.0321907663328892,0.211582229039982
"step","08401.png",8401,0.168416356646116,0.207028587590831,1.32635954237841,-0.0081005595759491,0.203536859661069
"step","08414.png",8414,0.178744674013129,0.219459354449676,1.40282209636813,-0.0393851431762847,0.210719899580687
"step","08428.png",8428,0.174576676992497,0.214704026242913,1.44131488143072,-0.122386840340675,0.208679049341969
"step","08441.png",8441,0.178293719010948,0.216143409196824,1.36222490240361,-0.00422138514942147,0.21328383731538
"step","08454.png",8454,0.17428943915892,0.212888341446803,1.38699185510839,-0.0670262025222731,0.212973090806555
"step","08468.png",8468,0.180054901550033,0.217761841518297,1.24080088493217,0.104186849504484,0.21851653231477
"step","08481.png",8481,0.17835285554566,0.217519636360555,1.29244908522737,-0.0276504172284697,0.211246328279432
"step","08494.png",8494,0.177151533483626,0.21705739922502,1.36030129417905,-0.0886928526522144,0.207378853687915
"step","08508.png",8508,0.183132171305693,0.221463553101982,1.20820435648868,-0.00245809329666741,0.223900981761562
"step","08521.png",8521,0.197062840757114,0.236905551011274,1.13720458453532,-0.00546995876260756,0.241802366105836
"step","08534.png",8534,0.176719482749891,0.213584479919004,1.22126992950366,0.201416566018554,0.211882566414159
"step","08548.png",8548,0.184629382348634,0.222284134322369,1.22749650257855,0.264898590687388,0.220786321257434
"step","08561.png",8561,0.183795394176765,0.22255148557021,1.2218594835201,-0.00199290065550972,0.217628310457948
"step","08574.png",8574,0.199906108344884,0.241169623017368,1.6622256883084,-0.0772334474299331,0.244509741540401
"step","08588.png",8588,0.181849342353058,0.219677982332665,1.19821558645107,0.150909613840775,0.216061156829857
"step","08601.png",8601,0.174159454038223,0.211480228920488,1.48252006406317,-0.0815433098810924,0.207773328098281
"step","08614.png",8614,0.181297424552718,0.219207305995151,1.4841493795811,-0.166502315137889,0.213434077222729
"step","08628.png",8628,0.176989886758665,0.21468333020304,1.1721807671324,-0.0929010713045203,0.213978825541994
"step","08641.png",8641,0.181789237311605,0.219416725613239,1.15883794010661,0.132757969090736,0.219385256507998
"step","08654.png",8654,0.176737950164474,0.216859069605891,1.33305571077087,-0.144591771363513,0.207724941259008
"step","08668.png",8668,0.174478503934247,0.213295634612319,1.32139034055608,0.0271507639731699,0.205941254821387
"step","08681.png",8681,0.18799092320685,0.226373047369335,1.29078299080192,0.143290720336734,0.226621951081249
"step","08694.png",8694,0.1996165963184,0.241179485801357,1.22389675582503,-0.00941902824712967,0.234861912354445
"step","08708.png",8708,0.187657133760511,0.227201251448002,1.28535390390482,0.0136855491957236,0.222243318133877
"step","08721.png",8721,0.184755603279674,0.223553898956811,1.27206690589966,-0.051817792917295,0.218798750318358
"step","08734.png",8734,0.175822740743229,0.212571010647239,1.31574915355554,0.147572798000772,0.206724260468502
"step","08748.png",8748,0.196775690536302,0.238602092037261,1.45093322952582,-0.10907913247195,0.229805640011456
"step","08761.png",8761,0.18633445117808,0.226330760069732,1.22329076194314,-0.0848098516345264,0.223119420666896
"step","08774.png",8774,0.175145597796097,0.212819178764144,1.13744082320415,0.00136245716692696,0.208502065743717
"step","08788.png",8788,0.174058011815571,0.209843341165573,1.54664417950567,-0.0675618651923026,0.203570488519275
"step","08801.png",8801,0.169461866720086,0.206171448933952,1.5274131344383,0.170262431604475,0.202353223446253
"step","08814.png",8814,0.182844840819944,0.221030486248481,1.28074363453969,-0.0631458899391026,0.214712891763865
"step","08828.png",8828,0.17563632680989,0.215226565557933,1.19585375366387,-0.0730965754313508,0.208713239996567
"step","08841.png",8841,0.182334141120588,0.22075459215623,1.05828503238658,0.0645585381524158,0.219345226306618
"step","08854.png",8854,0.20106916303373,0.24114518160913,1.16791279435628,-0.083559771968731,0.233611030857665
"step","08868.png",8868,0.178325210920207,0.218036843775249,1.45337893843594,-0.121260263192597,0.210825732751952
"step","08881.png",8881,0.179649074052381,0.222957442000243,1.6334467686791,-0.105216720567199,0.214637639116471
"step","08894.png",8894,0.181563340240565,0.221327424492807,1.47823389198949,-0.0927953874751858,0.214202993319254
"step","08908.png",8908,0.178290635344818,0.218880708907637,1.31874182226752,-0.0621940988663552,0.212734759232706
"step","08921.png",8921,0.178160189737382,0.21708662351853,1.33860134812529,-0.00326195868953544,0.212684595300285
"step","08934.png",8934,0.178522873150427,0.219149169276129,1.43107523091662,-0.0746585602773606,0.212580459617684
"step","08948.png",8948,0.174835564644021,0.215121687964235,1.35649446272924,-0.103784938505961,0.210418936694418
"step","08961.png",8961,0.167143672090049,0.203407084801182,1.38476890050938,0.135782894024481,0.19909771398902
"step","08974.png",8974,0.17746082875169,0.216097575013402,1.35157236186806,-0.131084030400292,0.213650730558561
"step","08988.png",8988,0.177148880193086,0.214243536381467,1.33245080038659,0.197613273107899,0.212887061323887
"step","09001.png",9001,0.169608673136684,0.206208452576606,1.42893465067382,-0.113837115242893,0.201103225652048
"step","09014.png",9014,0.177968606450492,0.215656525384527,1.4239075895178,-0.180569590225298,0.205936827616412
"step","09028.png",9028,0.168508749554356,0.206228696326376,1.47334033273314,-0.0762039907385339,0.203052458160829
"step","09041.png",9041,0.196165637975966,0.237055416568579,1.10591312120898,0.0557083580190914,0.238366057878388
"step","09054.png",9054,0.202624613265204,0.244180727734751,1.07080918546267,0.103176635874382,0.241039351107219
"step","09068.png",9068,0.169394506028673,0.210611442598938,1.51522741092474,-0.0722384138012032,0.21163621141004
"step","09081.png",9081,0.167841106799592,0.208009930801698,1.47035891326124,0.0946100250827422,0.207051580996594
"step","09094.png",9094,0.168335833093509,0.211782032726414,1.50706166309065,-0.0548346879064146,0.209374363775078
"step","09108.png",9108,0.171625161925398,0.216018000012056,1.53224554126695,-0.0871796445037316,0.212350498693441
"step","09121.png",9121,0.181475430468636,0.222362382160938,1.34524563193697,0.0460499285146736,0.217602116668522
"step","09134.png",9134,0.178459291594106,0.220791387428615,1.52811490184924,-0.12727057835705,0.215488431898029
"step","09148.png",9148,0.186654107659254,0.227089913975804,1.38810741153946,-0.183168124942633,0.220677826201111
"step","09161.png",9161,0.185323685589111,0.222811260632685,1.49895402986686,-0.134459596626093,0.216279710145354
"step","09174.png",9174,0.181675903561021,0.218337538153526,1.3994804910672,-0.117847836809333,0.214659921814364
"step","09188.png",9188,0.174171204797158,0.210720359219397,1.48698530707212,-0.039568102835359,0.20559765117033
"step","09201.png",9201,0.169972024566597,0.20508796999802,1.22486747130997,-2.12401737068324e-05,0.204560090393898
"step","09214.png",9214,0.168587744170143,0.203937530736772,1.381507314265,-0.0405861665851997,0.200682642607783
"step","09228.png",9228,0.166885780601717,0.201854747785992,1.31264609784996,0.0706742093549158,0.200331365347286
"step","09241.png",9241,0.164890114387306,0.19854629579834,1.243859575462,0.0336452833358273,0.197345940180871
"step","09254.png",9254,0.162629432166539,0.196322593186317,1.32426640734691,0.0458649975196105,0.194672426060761
"step","09268.png",9268,0.162563944706117,0.19732319983844,1.40434958194089,-0.0575111669796252,0.193258996031655
"step","09281.png",9281,0.174018831220163,0.21346721027051,1.36497074938691,-0.111145428584457,0.206613850356128
"step","09294.png",9294,0.179118852546401,0.217901917374641,1.44236803447918,0.327750281405668,0.215877515462975
"step","09308.png",9308,0.193073127385917,0.232577113284487,1.23848699252634,-0.153679444238867,0.22724531453767
"step","09321.png",9321,0.197284003716066,0.23690636913174,1.29128052538319,-0.119062100431974,0.229127507827802
"step","09334.png",9334,0.18396891997589,0.22649002468651,1.34864200603957,-0.113666731647385,0.222579987053308
"step","09348.png",9348,0.164402536204652,0.207037221931364,1.35288568686542,-0.179901593336516,0.208673392694314
"step","09361.png",9361,0.157170721924241,0.202645582947936,1.39870688504057,0.0826085979923371,0.204736432405523
"step","09374.png",9374,0.151952854640785,0.190535359518206,1.50990792985497,0.0839735042152645,0.196551619022213
"step","09388.png",9388,0.159062379547436,0.197982237376069,1.59192092974639,0.13523927905754,0.205554137162908
"step","09401.png",9401,0.158192479799982,0.198442647130776,1.69353517080894,0.247558614904253,0.202036897310267
"step","09414.png",9414,0.158594779782961,0.206487194309537,1.82598871157029,0.375659186446187,0.206184522846271
"step","09428.png",9428,0.195499037790042,0.237403956599951,1.41263975497853,0.00429433927279854,0.235306114077943
"step","09441.png",9441,0.208295607449575,0.252750220222103,1.56950268454005,0.416601608697996,0.244874902209164
"step","09454.png",9454,0.217367050354404,0.259158695297874,1.11208322446709,0.0145580963752403,0.250565093399394
"step","09468.png",9468,0.219073998684063,0.260857842076881,1.08394297253103,0.01917762071334,0.251699519345518
"step","09481.png",9481,0.220321996107812,0.261866980743194,1.12718243783183,-0.07234705303872,0.252857563138495
"step","09495.png",9495,0.221671226292903,0.263204908342879,1.0970546759704,-0.0428743807998093,0.254131114526787
"step","09508.png",9508,0.231494444334202,0.272204011104985,1.14986347221616,0.011758383900737,0.264406824640511
"step","09521.png",9521,0.268608814849803,0.307571291538844,1.43141768636802,-0.040091499505394,0.313503423360904
"step","09535.png",9535,0.192277219353379,0.232526859111233,1.33545202489751,-0.122259058896801,0.228208721992026
"step","09548.png",9548,0.189533298076162,0.227694535383331,1.25640935513906,0.101138920999797,0.224570479988664
"step","09561.png",9561,0.188734390840717,0.22651606469836,1.11675721565315,0.0636392496130889,0.226155392219699
"step","09575.png",9575,0.181783642179131,0.219773710225509,1.08952711120204,0.0322514224160342,0.215688850844298
"step","09588.png",9588,0.179363658854669,0.217867321886025,1.27241195730451,-0.0670984784109698,0.213666277071401
"step","09601.png",9601,0.187419668467627,0.224625766497547,1.31123321614296,0.0115785848269579,0.221586226406604
"step","09615.png",9615,0.188750386889157,0.228863890898759,1.26188163652764,-0.034332373310993,0.227069356781662
"step","09628.png",9628,0.187346041544586,0.227081407945593,1.33637908473996,0.112984119944234,0.222157548823955
"step","09641.png",9641,0.179936482768033,0.218970801510169,1.32211875724659,-0.0464717646818893,0.213483065288595
"step","09655.png",9655,0.188455615136845,0.227745486004387,1.40979708811333,-0.101401634747274,0.220393756465195
"step","09668.png",9668,0.191087192243762,0.229860695447047,1.42168213460608,0.116779267974195,0.224161551140056
"step","09681.png",9681,0.186619596416284,0.224224918150529,1.33476492451788,0.0690360947944374,0.222433203035147
"step","09695.png",9695,0.196732450992066,0.235933408219183,1.2011282397236,0.108715363839677,0.233147180838806
"step","09708.png",9708,0.189718497239346,0.229008459487985,1.29093734166273,-0.0832045061576842,0.226804553831526
"step","09721.png",9721,0.186021611291732,0.224624521062269,1.2406790201995,-0.0687187610613365,0.224173559253108
"step","09735.png",9735,0.184918612311485,0.223551229388934,1.45371944667872,0.16196341378633,0.218369937055877
"step","09748.png",9748,0.189437860786478,0.228366496652632,1.16149836428056,0.0977264551880219,0.227556972214899
"step","09761.png",9761,0.195039545251016,0.235970390449419,1.31680683673365,-0.157123518993681,0.228145455825944
"step","09775.png",9775,0.197262147239701,0.237050362699173,1.26342831439158,0.0215997059485111,0.233260750299895
"step","09788.png",9788,0.185430076156611,0.223750025917308,1.35644392062724,-0.0420318280245028,0.224135125976398
"step","09801.png",9801,0.189213213271723,0.227738363595725,1.21674531200464,0.0162955384622111,0.223562517460898
"step","09815.png",9815,0.191480033728774,0.231728178152845,1.25563118409499,0.132636938965614,0.223566195481214
"step","09828.png",9828,0.192108204985891,0.231654165998495,1.42414704413107,0.018759501730392,0.227120615494675
"step","09841.png",9841,0.18694356552071,0.224981944279999,1.38946773793921,0.118880775203887,0.223297479499227
"step","09855.png",9855,0.191547926702883,0.230555953155965,1.32314748098149,0.103207125797486,0.221164297245373
"step","09868.png",9868,0.200564568149395,0.240301350774991,1.34144160142189,0.261258149986686,0.230777514520075
"step","09881.png",9881,0.189205188390492,0.228156698964683,1.32302784667667,0.157212434904148,0.221675191987614
"step","09895.png",9895,0.189372400050237,0.228441088210672,1.32173080578482,0.0643439729872792,0.222718418252826
"step","09908.png",9908,0.177500239592842,0.218837032642825,1.39038105926242,0.000993110325347962,0.21028966635712
"step","09921.png",9921,0.189014584557349,0.227417248204514,1.3194231565001,0.0728652621769774,0.233706736646692
"step","09935.png",9935,0.181793661591496,0.218679611812957,1.45533567463331,0.13934342233534,0.212890848874629
"step","09948.png",9948,0.178197932468247,0.216588999650647,1.41665921363455,-0.0554292415308527,0.209556906233206
"step","09961.png",9961,0.194227009277328,0.234199967111908,1.31571397869109,0.0736181419280177,0.229405236576887
"step","09975.png",9975,0.187358498321031,0.225644600222038,1.28938350570151,0.11909028132954,0.222279984958541
"step","09988.png",9988,0.215769996755455,0.257283402837224,1.22118370819045,0.0357655074551802,0.251914512067472
"step","10001.png",10001,0.190614764341785,0.228121747932496,1.30425468331586,0.126752233544875,0.225765541081495
"step","10015.png",10015,0.204140253811813,0.243809578260325,1.35580291608598,0.209145850410043,0.236282684879442
"step","10028.png",10028,0.189804289019073,0.227204501445721,1.32672122909399,0.101331741017062,0.22436959235174
"step","10041.png",10041,0.193341743355115,0.230632230589509,1.23103254976232,0.111990971636194,0.225922245483231
"step","10055.png",10055,0.18638895879669,0.224079629949238,1.34110528668635,0.0258338321870444,0.219781695522825
"step","10068.png",10068,0.192836592337296,0.230770696706281,1.38625500110823,0.00986703845287187,0.22934237409914
"step","10081.png",10081,0.190176636479459,0.227762870807224,1.35495431565855,0.032622533492049,0.222369018050416
"step","10095.png",10095,0.187207404708201,0.225481165163996,1.38440542145119,0.0990199947207177,0.222256935485039
"step","10108.png",10108,0.194661616066971,0.233863344595365,1.09760559343081,0.00745906536511154,0.230007807275168
"step","10121.png",10121,0.190486686851484,0.229683528033536,1.19629725252668,0.0710135321354334,0.228230333843798
"step","10135.png",10135,0.187504776816419,0.224871429122616,1.32829966073933,0.0161498924411117,0.220986064513741
"step","10148.png",10148,0.183114590911473,0.222851361594586,1.46687097241341,-0.0246123121190874,0.220813600274022
"step","10161.png",10161,0.185200989833989,0.222816361827655,1.27603866019391,-0.00476787320974936,0.217344798347548
"step","10175.png",10175,0.19618868826312,0.235532264211517,1.39905801419092,-0.170399193600043,0.229673231147921
"step","10188.png",10188,0.190346033391608,0.227997494591815,1.28348056882095,0.0227926010217482,0.223313890093595
"step","10201.png",10201,0.190552217985046,0.228355899001907,1.19833480371761,0.0107992799433548,0.225387134373653
"step","10215.png",10215,0.197612460307362,0.236861694460456,1.43400999787872,-0.0987035660832982,0.237229638471406
"step","10228.png",10228,0.190961248215567,0.228745077323901,1.25289518464348,0.0119468576388224,0.226359746242629
"step","10241.png",10241,0.195671486915357,0.234306039805866,1.23240328703468,0.105874768822155,0.228423474253089
"step","10255.png",10255,0.199150600417056,0.238490986382002,1.38490151557171,0.212632550842364,0.230450779021795
"step","10268.png",10268,0.180753710850544,0.218981548870608,1.31762977320026,-0.110367750565823,0.219483760121122
"step","10281.png",10281,0.207017510433489,0.248657884250035,1.15465010444383,0.0810153001030511,0.242811861806762
"step","10295.png",10295,0.206392582617306,0.247902335810731,1.29587337634063,0.147732235145698,0.238728482224827
"step","10308.png",10308,0.18448511104356,0.22425512180905,1.48084814461117,-0.0337521799707592,0.215058007010894
"step","10321.png",10321,0.186082538331627,0.223903194086113,1.34922690392153,0.104929606854263,0.218206796608055
"step","10335.png",10335,0.198965044865361,0.238609268867323,1.15664686993854,0.0619008722150316,0.230078214820229
"step","10348.png",10348,0.194699864842192,0.23435161007367,1.26315661934872,-0.0275146120600691,0.227849462430485
"step","10361.png",10361,0.187321981480578,0.226608531935722,1.10711579854084,0.0815774043764992,0.22846558724796
"step","10375.png",10375,0.20156502445284,0.242806820124744,1.58670257153828,-0.159864514672032,0.232851365307413
"step","10388.png",10388,0.189034084083077,0.229880264655622,1.48297026324574,-0.106550939117345,0.219180330690349
"step","10401.png",10401,0.192502041927345,0.231123142973134,1.26666201787926,0.0387180447713394,0.230600975256338
"step","10415.png",10415,0.202140404639295,0.24233619432546,1.11897419618847,0.05615208373984,0.242490199841488
"step","10428.png",10428,0.189560607082578,0.22783723728607,1.36755678534349,-0.0943326467145743,0.225107515914219
"step","10441.png",10441,0.187723095535044,0.225717152952032,1.19508838917526,-0.121003465837985,0.220504859620827
"step","10455.png",10455,0.188274857594727,0.226108674111952,1.14565400596839,-0.00343945086395073,0.222300529994291
"step","10468.png",10468,0.187864898802989,0.225656364060335,1.2081014399205,0.00275308333146396,0.220999497719495
"step","10481.png",10481,0.192648802169951,0.23087353650901,1.0464704281394,0.0372876503977717,0.22508786034776
"step","10495.png",10495,0.180357428572396,0.217297127013591,1.36368814605286,0.0601872888970491,0.211439847126743
"step","10508.png",10508,0.1865961638619,0.224826657498158,1.36935299125216,0.0900776338177963,0.21637230786878
"step","10521.png",10521,0.182403940185601,0.220397853721243,1.29957669648961,0.00265368621305412,0.217447594291224
"step","10535.png",10535,0.192201568767387,0.233083418107435,1.38100605402703,-0.11135846143683,0.239202993423137
"step","10548.png",10548,0.186817945238507,0.22472647168639,1.2856865333287,0.157886141787921,0.220082882053369
"step","10561.png",10561,0.185054184788456,0.222660106406284,1.31853044004825,0.00625813635884548,0.217447950914553
"step","10575.png",10575,0.19019578138955,0.229126493621307,1.20324513729355,0.0345435669066941,0.22100522390305
"step","10588.png",10588,0.190711736431098,0.228796526013061,1.23456587098701,0.194321873104975,0.21976762321286
"step","10601.png",10601,0.190567527901098,0.228332465019616,1.22035758362199,0.0570568257441228,0.223629876368423
"step","10615.png",10615,0.197368629134966,0.236718816371744,1.15743011219605,0.0170003599422271,0.241351729568123
"step","10628.png",10628,0.183249558860711,0.220203161116384,1.43464332985617,-0.0148395796627139,0.216904514698849
"step","10641.png",10641,0.17872917270468,0.215195609691068,1.4252840794251,-0.0283011184190913,0.214129993438047
"step","10655.png",10655,0.182821448740015,0.220440541229303,1.28695453157449,0.0876067088955991,0.214100459178061
"step","10668.png",10668,0.188189604130378,0.226092369939084,1.35117819624396,-0.0294405434920752,0.22327829552591
"step","10681.png",10681,0.183236573070736,0.22109817120564,1.32862944946116,0.00873533665366369,0.216406750214877
"step","10695.png",10695,0.184342112336676,0.22142049677481,1.19049144483904,0.00994528337494482,0.217405729778605
"step","10708.png",10708,0.185527468022932,0.223515547300744,1.32625480418273,-0.0341466993649252,0.218418071872478
"step","10721.png",10721,0.187601747249926,0.224948707325127,1.06895464519413,-0.04374935458602,0.225380775697581
"step","10735.png",10735,0.189335641539755,0.227473104035135,1.31997690178559,-0.0291293612355917,0.225490829840255
"step","10748.png",10748,0.195439398140456,0.232913958788412,1.332645227732,0.0745414460216825,0.226635646951756
"step","10761.png",10761,0.183070923453454,0.21984996013497,1.35790457298383,0.0136895434475237,0.215255491876499
"step","10775.png",10775,0.178460317601239,0.215461850202423,1.38003531562027,0.0204254412289842,0.209058239434787
"step","10788.png",10788,0.198668350277387,0.236336209989662,1.29677117630323,0.0990695927669866,0.230111095207055
"step","10801.png",10801,0.18717684761577,0.225971085923157,1.30273239783663,-0.0516844145475182,0.221837834969982
"step","10815.png",10815,0.184619229984264,0.222455772163672,1.26880864331895,-0.00370764819293848,0.222693996632937
"step","10828.png",10828,0.193899825576259,0.233349475800169,1.37581880671305,-0.215748102858975,0.228625720599667
"step","10841.png",10841,0.182892747855061,0.219872034716844,1.23553330800626,0.0148498305525415,0.21450591071722
"step","10855.png",10855,0.177908433566057,0.21451037833633,1.27997261511791,-0.0316260954938728,0.213760610530595
"step","10868.png",10868,0.194099755674488,0.234846322798045,1.3562599437503,-0.093478124643425,0.237942460569236
"step","10881.png",10881,0.178856379053101,0.216258449086255,1.24747440795288,0.017848653093499,0.209695948183598
"step","10895.png",10895,0.180942329060108,0.217833377732435,1.30539092360698,-0.0323898297158811,0.21728492911764
"step","10908.png",10908,0.177760582016036,0.21390796059728,1.38094218187532,0.0225057574656724,0.209196769522092
"step","10921.png",10921,0.181992686780333,0.219038309030897,1.22805482208006,0.0555328179517394,0.213591798479854
"step","10935.png",10935,0.185763572491819,0.223566513220668,1.1898458978352,0.0360055488366655,0.220800056361899
"step","10948.png",10948,0.178562326196037,0.217899206249088,1.43671942052316,-0.004319701847014,0.213613471528439
"step","10961.png",10961,0.186752175673929,0.225325135984705,1.35316698405846,0.149839785391953,0.218828915491615
"step","10975.png",10975,0.180304836321425,0.217140508932539,1.1969851339591,0.0993867150595955,0.212754543788628
"step","10988.png",10988,0.179272462947345,0.216370584871847,1.33937390090348,0.141735231834714,0.210767828467969
"step","11001.png",11001,0.180529610559023,0.218163706941667,1.39095780805919,-0.0157590091136822,0.217642615637641
"step","11015.png",11015,0.179935154213098,0.215926347348164,1.27620297625781,0.0777022385453519,0.211662413285936
"step","11028.png",11028,0.186481073734691,0.223772316369169,1.17711768779197,-0.0117892853159147,0.22392423728146
"step","11041.png",11041,0.204887338326834,0.246220355874158,1.44054136646268,-0.0450607914944001,0.239304137257787
"step","11055.png",11055,0.212203100567832,0.253341406192407,1.34348165896079,0.00102885396388719,0.245611333546628
"step","11068.png",11068,0.177995653238926,0.215789992676363,1.39028252353606,-0.0406936793535437,0.212801121264261
"step","11081.png",11081,0.170470361818779,0.207140380764456,1.414878662409,0.0014741639010982,0.2022507219442
"step","11095.png",11095,0.181954411947635,0.218988167524258,1.32897888151111,0.0885413643984369,0.213098873834424
"step","11108.png",11108,0.184933011427468,0.224027613152078,1.40501138463043,-0.0549538643087549,0.217893608068531
"step","11121.png",11121,0.185765566828274,0.223582722668256,1.29871088033683,0.17272077226142,0.221039627827572
"step","11135.png",11135,0.178151088369037,0.214554631057815,1.33279292236457,0.0299442748432467,0.210545295435734
"step","11148.png",11148,0.185104742013657,0.223055742270154,1.31501317475129,-0.0489429161346146,0.214875118839547
"step","11161.png",11161,0.183628164118337,0.220825485597105,1.14547274345505,0.0294988423081204,0.21625438416588
"step","11175.png",11175,0.182705318753477,0.22020364260158,1.22942912729355,-0.0563309153280034,0.220385300076423
"step","11188.png",11188,0.182245383059928,0.219961636849112,1.23452112828206,-0.0437465162490357,0.221329091046063
"step","11201.png",11201,0.177334914116242,0.213984595397679,1.39420515218414,-0.0278535633488067,0.21265896979411
"step","11215.png",11215,0.179429734857986,0.216464089659131,1.36382800433324,-0.00547602104953288,0.207850606490482
"step","11228.png",11228,0.1844000288485,0.221998902505334,1.27416330326688,0.0860600486832165,0.213822034347368
"step","11241.png",11241,0.179343893775623,0.215855493890946,1.12175323839772,0.0907998433792439,0.210705563929624
"step","11255.png",11255,0.182777951513798,0.219638633115107,1.31287452124391,0.0928064880507878,0.214965310112951
"step","11268.png",11268,0.179341318285332,0.215959656577929,1.23726777785696,0.00572934481897461,0.215021947239739
"step","11281.png",11281,0.173616681161884,0.210633093520637,1.344124505188,0.0126168359400588,0.204246464954899
"step","11295.png",11295,0.187302032731208,0.225404626757102,1.16561428104558,0.083706592523091,0.217498956420621
"step","11308.png",11308,0.172801549533309,0.209198209032188,1.17944147312136,0.00686180854907473,0.210979676503788
"step","11321.png",11321,0.167963639629598,0.203780187023194,1.46853540555727,-0.047883116476938,0.202181844310456
"step","11335.png",11335,0.179146374241484,0.215510263739296,1.38903504008066,0.0420178212256314,0.210384430158089
"step","11348.png",11348,0.17859655050679,0.214721081872421,1.33439236287112,0.0003667008950759,0.211100585364316
"step","11361.png",11361,0.177886893338564,0.214729964464956,1.24827490711301,-0.0361692754103721,0.215199565026351
"step","11375.png",11375,0.180927849640264,0.216928089146255,1.34192337505238,0.121530915607673,0.218629388273721
"step","11388.png",11388,0.187289476905098,0.2291249048034,1.60170775666856,-0.235415322118768,0.222021791412351
"step","11401.png",11401,0.172940730703163,0.208884317758555,1.21036456284604,0.00575421941625184,0.207055945546997
"step","11415.png",11415,0.17939827241646,0.217534455364016,1.50792014835517,-0.0778078866680493,0.216943016047178
"step","11428.png",11428,0.182886910099594,0.220678358598016,1.42195621463236,0.120850423323707,0.212555269998606
"step","11441.png",11441,0.166299861847114,0.20245334173558,1.390066943678,-0.0108150485703079,0.195176939855551
"step","11455.png",11455,0.175153134324803,0.212767884215458,1.22833095215837,-0.0625180611537115,0.211223374271457
"step","11468.png",11468,0.193320150053876,0.231618537878022,1.36297408920379,0.0606083413216981,0.223273689803739
"step","11481.png",11481,0.181277489879505,0.216358190445539,1.28036421923915,-0.0188202965981307,0.214238804164884
"step","11495.png",11495,0.173914174336222,0.209753565204027,1.26906108869724,0.0774959623702424,0.203234315442878
"step","11508.png",11508,0.162443163445852,0.198191427002072,1.3472654369661,0.0352012604794001,0.201175839739957
"step","11521.png",11521,0.173058350043192,0.208228451416179,1.37282716730701,0.0563506660723847,0.203235620315877
"step","11535.png",11535,0.18529842974291,0.221472502604046,1.33832138638295,0.0954541588077415,0.21632506080698
"step","11548.png",11548,0.172763437323791,0.20887122817159,1.34659605791903,0.0163245381805471,0.206028742512185
"step","11561.png",11561,0.188846762112154,0.226308016401857,1.30608651550218,-0.0739338761812521,0.218894194650186
"step","11575.png",11575,0.178193885235398,0.214173623846554,1.15488251187998,0.0475916334886922,0.20968109500119
"step","11588.png",11588,0.180848692108526,0.217746077639539,1.43550423951967,-0.0902276243471798,0.211517627554515
"step","11601.png",11601,0.178710073482275,0.215350275481475,1.18265486748551,0.0649984857629449,0.208673590752145
"step","11615.png",11615,0.171442683193989,0.207124372522228,1.32798324818811,-0.0159347535627622,0.202046280308514
"step","11628.png",11628,0.169745226462454,0.204659794413023,1.33389909129658,-0.0536657634590162,0.198549755285021
"step","11641.png",11641,0.173557937154667,0.209516567015618,1.22019762884903,-0.000949752421306793,0.20595089659424
"step","11655.png",11655,0.197867464087176,0.233283717345551,1.25832465311796,0.142761863979367,0.227375295114445
"step","11668.png",11668,0.178541780505111,0.215233608930106,1.15056947259154,-0.0653906787714918,0.21713823919374
"step","11681.png",11681,0.175636254028179,0.211307692732997,1.1918167597798,0.0280864737466941,0.207383468765513
"step","11695.png",11695,0.173824448596796,0.20990767408887,1.15231528035524,0.0396915869434905,0.207144968017463
"step","11708.png",11708,0.168091916998959,0.202818365815335,1.25338226699353,0.0288180053671484,0.198120115360654
"step","11721.png",11721,0.171299268554169,0.206677463743505,1.18708697396979,0.0249211226715677,0.202230395708932
"step","11735.png",11735,0.17822274988095,0.214031886007766,1.38989167545004,0.263016962736743,0.209076875700241
"step","11748.png",11748,0.178265670655726,0.216773690881757,1.36553397617886,-0.150903736704522,0.210236134925838
"step","11761.png",11761,0.17711193485953,0.213462326574793,1.19743244957251,-0.00137875063264167,0.209345995634103
"step","11775.png",11775,0.171078977092168,0.207034830540084,1.33789240908583,0.0583115794498902,0.20214935685984
"step","11788.png",11788,0.186295556324599,0.223660978113939,1.13701067266072,0.134408350434647,0.219154658354096
"step","11801.png",11801,0.168099318240187,0.204141846483787,1.56791349417896,0.0370847192261838,0.199722863058486
"step","11815.png",11815,0.170872732410356,0.209237315580126,1.29675640785178,0.146030312610485,0.204764735376631
"step","11828.png",11828,0.174463239787657,0.21061263837537,1.22621270989033,0.0378738387040806,0.205527504175004
"step","11841.png",11841,0.165698157981216,0.200409079503467,1.23429935308632,0.0152247874477561,0.197741543305589
"step","11855.png",11855,0.175802344171027,0.211380716469283,1.2058730080396,0.0909847610627015,0.208862928210972
"step","11868.png",11868,0.172877384527864,0.208128510171144,1.43188255652611,0.118736276784177,0.207733457930313
"step","11881.png",11881,0.179667206565557,0.216633011534904,1.39759663748623,-0.0402349325521751,0.216279828353494
"step","11895.png",11895,0.193979948547117,0.230627131204249,1.3334804999326,0.0917482412388637,0.220220887518153
"step","11908.png",11908,0.167018866420417,0.20186228019615,1.24965714486996,0.0899412559794063,0.195937940107727
"step","11921.png",11921,0.172873575704764,0.208721100557023,1.2694707410282,-0.0178141713324259,0.204590262084436
"step","11935.png",11935,0.179751254295309,0.217890995844264,1.34167910257103,0.0651013332493544,0.209136288431331
"step","11948.png",11948,0.169833202064135,0.205165250382198,1.18561732213364,0.00499445891315117,0.205369056515306
"step","11961.png",11961,0.17219642179198,0.207581132585194,1.36320969270286,-0.0036629025379421,0.207252421401434
"step","11975.png",11975,0.170449236104579,0.205174226778533,1.39120765592907,-0.113708626885108,0.200415981582371
"step","11988.png",11988,0.166235763762939,0.201169712814185,1.12124391175673,0.0339496402317235,0.200231131143289
"step","12001.png",12001,0.174758754759235,0.210581722616354,1.30181381087273,-0.0443014149176858,0.205362365118584
"step","12015.png",12015,0.17320943541859,0.209813657781402,1.20641635057975,-0.0995223244413367,0.214375365541456
"step","12028.png",12028,0.180320479368069,0.217071891560398,1.31857744352775,-0.0828082234802224,0.209556846953587
"step","12041.png",12041,0.163228772131092,0.197931034063076,1.19781720813825,0.0458522043449494,0.194568812207099
"step","12055.png",12055,0.176518130229056,0.211986314389773,1.28550668699652,0.0178408287304434,0.205816102371638
"step","12068.png",12068,0.174289237602635,0.210742570993489,1.21681106982698,0.116895617071386,0.206616815988775
"step","12081.png",12081,0.174138052328182,0.210812776046716,1.30240500672549,-0.0997823625620153,0.204405570104486
"step","12095.png",12095,0.17192090013669,0.209857750775066,1.25708027942429,0.00504726574084621,0.212285183975436
"step","12108.png",12108,0.178145283460871,0.213033313836927,1.23861127643957,0.0592100738513202,0.207495025003889
"step","12121.png",12121,0.169788621861167,0.205074030571719,1.22966078882617,-0.011875827978556,0.20116943485744
"step","12135.png",12135,0.167270789210289,0.202708637440004,1.34036084991732,0.0324498707840181,0.197402756405415
"step","12148.png",12148,0.177769841579679,0.214898875172682,1.5476599010503,-0.115192288474339,0.208563247377041
"step","12161.png",12161,0.17990289035603,0.218696424660019,1.38741365469049,-0.130160471886394,0.213667877878156
"step","12175.png",12175,0.171501212308814,0.206795424268613,1.32543061409834,-0.0268855468543634,0.204508192812839
"step","12188.png",12188,0.176358447271551,0.21189678190665,1.20684010985622,-0.00270356718840747,0.206252707023434
"step","12202.png",12202,0.173748181547628,0.209467580390093,1.17815689309295,-0.00753768108974912,0.209484162429323
"step","12215.png",12215,0.176357326054875,0.212194342711436,1.30070011499882,-0.0582388139253172,0.205524021309855
"step","12228.png",12228,0.176741144130942,0.211754424181524,1.26497221590298,-0.0674248243539359,0.208998582387662
"step","12242.png",12242,0.184454335504109,0.221848159202264,1.24610664800563,0.0431237181423001,0.216335269067213
"step","12255.png",12255,0.176552629392132,0.213352624739217,1.14828361295028,0.0220568837916345,0.209849132166044
"step","12268.png",12268,0.179598862211987,0.214899803612136,1.33148832366792,0.0690993633475976,0.206410990869434
"step","12282.png",12282,0.174258652915646,0.210433782681196,1.17504414715041,-0.00495133490948926,0.207189556181671
"step","12295.png",12295,0.170051643603873,0.205029325275147,1.15017884592233,0.00949888315988368,0.198249772303909
"step","12308.png",12308,0.168450849319889,0.20388709854833,1.28520652129214,-0.0175354264813947,0.198566430280277
"step","12322.png",12322,0.179028549051217,0.216406647411327,1.53010284743514,-0.124142902024802,0.206089406500628
"step","12335.png",12335,0.164987035311991,0.199614064689626,1.34682336834504,-0.0766383658296739,0.193154280439162
"step","12348.png",12348,0.168852160182226,0.204121151474603,1.18311787163066,-0.00473153090178244,0.196038877187898
"step","12362.png",12362,0.169304400577675,0.205185148864108,1.46759456694205,-0.0931689051914215,0.207598500325391
"step","12375.png",12375,0.175128523735829,0.212584900021137,1.33328438304789,-0.0993427957661007,0.207888109109962
"step","12388.png",12388,0.169975037074846,0.205005273125102,1.22713869189434,-0.060525915904284,0.200457118130402
"step","12402.png",12402,0.173648692747961,0.209646026536841,1.11520055331742,-0.0275098645601662,0.206036650818369
"step","12415.png",12415,0.169477085827824,0.204662733388031,1.25198976608482,-0.0511199365107824,0.199242906464628
"step","12428.png",12428,0.16948197180132,0.2044857567862,1.28231257851525,-0.0397279998893825,0.20180658725397
"step","12442.png",12442,0.166137312434626,0.201278583257703,1.30049165824617,-0.0369055211300577,0.195215365833196
"step","12455.png",12455,0.179828890004169,0.217860554606949,1.3266697727145,-0.0760277735705098,0.210422674566429
"step","12468.png",12468,0.173075908847829,0.208222404477624,1.29854638238949,0.073584335332338,0.199279528673209
"step","12482.png",12482,0.164854796940392,0.199683915525534,1.38205108041518,-0.0337793606638707,0.191698062653185
"step","12495.png",12495,0.162072982549749,0.198307132423202,1.36469954380777,0.0148119196759116,0.199860354875659
"step","12508.png",12508,0.175280748907703,0.210444487416042,1.25411167911416,0.00630569296522829,0.20656550112295
"step","12522.png",12522,0.178504823084964,0.214674063693923,1.14480990510432,-0.0527499865976812,0.208200748216679
"step","12535.png",12535,0.180308179939117,0.218162156759931,1.38503695699548,-0.0561344510738507,0.213425146820884
"step","12548.png",12548,0.168741198537229,0.203799333239152,1.17258877530768,0.0320375571621249,0.199369729901369
"step","12562.png",12562,0.173829693001011,0.208969755662417,1.25809578268103,0.00965796345467734,0.204790930875863
"step","12575.png",12575,0.179861790043122,0.215452333528823,1.37097973269245,-0.113342468224357,0.207353254926717
"step","12588.png",12588,0.177711050637662,0.212676254804928,1.37055022406558,-0.049744768047607,0.206364456804485
"step","12602.png",12602,0.170603921652486,0.205593859018873,1.39158897692394,-0.0446237289267695,0.200085005927483
"step","12615.png",12615,0.170090933219023,0.204898510636042,1.16171848237124,0.0318355783550364,0.202274961132827
"step","12628.png",12628,0.178685536426723,0.214581287916294,1.19326762951197,0.0115680165307037,0.212584916213229
"step","12642.png",12642,0.173645675423777,0.208995936025697,1.08288476156425,-0.0151301706820627,0.205418196202002
"step","12655.png",12655,0.174763089938996,0.210244793702127,1.3762213748472,0.0386170981131237,0.207319813074108
"step","12668.png",12668,0.173558062041941,0.208848923776089,1.25172583303922,-0.00870860435079202,0.204917450606908
"step","12682.png",12682,0.183598095951271,0.219801612874502,1.4157338702148,-0.00357597620334441,0.209663915207194
"step","12695.png",12695,0.17398043639364,0.210740527678219,1.13239994472177,-0.0159376424815581,0.207717559089392
"step","12708.png",12708,0.169139215723864,0.204312454262873,1.32567208930627,-0.0271258272984512,0.199160519122221
"step","12722.png",12722,0.166762047091233,0.202219375281257,1.17686161945308,-0.040642351686936,0.198471230200858
"step","12735.png",12735,0.162861718695775,0.197181133535069,1.15646700619249,-0.0516712623616706,0.192076022157771
"step","12748.png",12748,0.169245047673494,0.203573806781592,1.30011142778158,-0.0511549426977619,0.196478558377211
"step","12762.png",12762,0.175771212797233,0.211162533641139,1.18516393176436,-0.00406862029532853,0.206221075052537
"step","12775.png",12775,0.175847590589732,0.211697703338291,1.13367315369788,0.0136801528821551,0.206577163070938
"step","12788.png",12788,0.185397954561525,0.221353337357418,1.29001648170612,-0.0839326004924787,0.215431194887795
"step","12802.png",12802,0.168100705572102,0.203310599110707,1.27255858453452,0.0099628893845749,0.202152689914564
"step","12815.png",12815,0.174298426039016,0.211175572028178,1.34375740184677,-0.0626029925681846,0.206470352430405
"step","12828.png",12828,0.172269248372927,0.206980322513887,1.24553498479213,-0.0437158562110113,0.200747193635272
"step","12842.png",12842,0.169642453547403,0.204299903809324,1.34325603277437,0.0239756407866107,0.197628666298301
"step","12855.png",12855,0.187954621176206,0.223403195644306,1.34065236980201,-0.0612893328685662,0.217235597905748
"step","12868.png",12868,0.173400749760014,0.209363479564898,1.43592226953183,-0.035484310783708,0.203681305089222
"step","12882.png",12882,0.168431782890405,0.2030140483346,1.42616405066348,0.0689631111646331,0.194484749105131
"step","12895.png",12895,0.166490209831474,0.200619569057113,1.24833924069271,-0.00158619617706204,0.196100132931925
"step","12908.png",12908,0.183206919336574,0.220075008057314,1.34867312754718,0.111088648630438,0.209773991397087
"step","12922.png",12922,0.176698716248463,0.212418339396095,1.18847652584424,0.00396722738023159,0.207479681643082
"step","12935.png",12935,0.167593704594059,0.202779419132782,1.07849988446052,0.029371865602598,0.198769058896497
"step","12948.png",12948,0.177557583615122,0.212231915933453,1.21844042229498,0.0933084957084064,0.203121672495573
"step","12962.png",12962,0.171709594061597,0.206677772712208,1.16563073385322,-0.00427657968723921,0.203022547538761
"step","12975.png",12975,0.17916708338812,0.215280828065152,1.36185407072599,0.0499717018746784,0.205794688265693
"step","12988.png",12988,0.171404544275233,0.205642336899321,1.24567648357718,-0.00130140207188423,0.200531231439555
"step","13002.png",13002,0.170730917475354,0.20559728355817,1.14134247070247,0.0337590886742277,0.198592991109474
"step","13015.png",13015,0.176786696169813,0.212274950182525,1.41755864875146,-0.0712037146594234,0.204347653983455
"step","13028.png",13028,0.181922566805386,0.216736905358057,1.24519262996441,-0.0342957874845908,0.20892938352044
"step","13042.png",13042,0.168372067639752,0.20305496587014,1.35510762025965,0.0518858924127985,0.19437245574381
"step","13055.png",13055,0.16572815409167,0.199852350527528,1.27598291965036,0.00275464750261872,0.194454295898453
"step","13068.png",13068,0.170511819033123,0.205530270025868,1.2124847147515,-0.0278989504307471,0.202541922175744
"step","13082.png",13082,0.17415022079114,0.209449247465407,1.21566496194684,0.0361379375806239,0.201509204155617
"step","13095.png",13095,0.164616378948499,0.199552816377164,1.24409683642898,-0.0323123203205448,0.198207394767289
"step","13108.png",13108,0.170945744890362,0.206131897536342,1.2247102074008,0.0511701046267972,0.200546702022202
"step","13122.png",13122,0.176300625202849,0.211363154052698,1.25278974941365,0.0669764775892798,0.203830679062026
"step","13135.png",13135,0.169248494274578,0.204307724353549,1.31530536884293,-0.014039830385791,0.200009754342413
"step","13148.png",13148,0.179635929006701,0.21775213307737,1.4118856772385,-0.054244873468388,0.208836901197465
"step","13162.png",13162,0.16391597151424,0.198512289626137,1.36688061762509,-0.0143794666608801,0.19045160708152
"step","13175.png",13175,0.157593135523028,0.191545772972726,1.32351911205721,-0.0169650775791947,0.18763325466541
"step","13188.png",13188,0.160915290514129,0.196038453572831,1.35562006309152,-0.0255392164193518,0.192931311767037
"step","13202.png",13202,0.174052679539348,0.209280441779938,1.21376586543065,-0.0262814555288429,0.205936373583324
"step","13215.png",13215,0.174307275131466,0.209911243258481,1.42038100577631,-0.0619203724167745,0.199966615148087
"step","13228.png",13228,0.175131671556044,0.210563059259426,1.34975034996216,-0.0177188513231637,0.201609956938256
"step","13242.png",13242,0.181745568240604,0.218215529748595,1.09699688028592,-0.0060975429913,0.214897248147364
"step","13255.png",13255,0.171218395624556,0.206150637197048,1.43621235253677,-0.0490564250751389,0.197566789428488
"step","13268.png",13268,0.171092148698899,0.205227676460203,1.27975934428487,0.0175486917184624,0.196749312332211
"step","13282.png",13282,0.16772203867368,0.202623091636919,1.31736571424112,-0.0445141417055113,0.19768759423716
"step","13295.png",13295,0.171529170285991,0.207065044063338,1.59000122616063,-0.0793059231031613,0.198196051080088
"step","13308.png",13308,0.172977139293382,0.208502107242583,1.22829714235859,-0.00925733832915612,0.203200163162567
"step","13322.png",13322,0.189108303819101,0.227391017270553,1.24061633082074,-0.0367276631073674,0.224444961902044
"step","13335.png",13335,0.173035221345905,0.208136369507058,1.23276179213543,-0.00397548068416376,0.203500385123411
"step","13348.png",13348,0.17143922127133,0.206264899144979,1.27245304566125,-0.0374119206078529,0.200322883561067
"step","13362.png",13362,0.17348591702245,0.207933579977385,1.25517562729756,0.0264824255039238,0.199185074741971
"step","13375.png",13375,0.186133027277362,0.221190240993452,1.3677445413976,-0.0774106088559283,0.209181977580739
"step","13388.png",13388,0.172545901762578,0.207686492632647,1.24665899920364,0.0437834868612909,0.198243187031831
"step","13402.png",13402,0.170949168954581,0.205675977037515,1.23106786241426,-0.0138689847159809,0.201464442027295
"step","13415.png",13415,0.158287971991819,0.192758998114221,1.40378497709472,-0.0636078047476005,0.189998816628346
"step","13428.png",13428,0.177437503563626,0.212476079664601,1.31246875627444,0.0298674572182663,0.203473086126232
"step","13442.png",13442,0.175372041853248,0.210433964842218,1.33300418361118,-0.0326163440395214,0.202316371071735
"step","13455.png",13455,0.170762081133235,0.2058975294323,1.2362648626727,-0.0396929130682784,0.20290761784589
"step","13468.png",13468,0.180827432427544,0.215094416151655,1.26691294034232,0.0145609256886342,0.206859041238867
"step","13482.png",13482,0.181558249687867,0.217505383477912,1.08191941379177,0.0761268763347323,0.20686623207357
"step","13495.png",13495,0.177045781248675,0.212445344266954,1.12588835752064,0.0468866002013723,0.202250290821566
"step","13508.png",13508,0.174162310636778,0.209480748831806,1.18817530243954,0.036472997553314,0.200248239537849
"step","13522.png",13522,0.174182614653088,0.209473971341535,1.28644633952323,-0.0269466908237743,0.20454384474376
"step","13535.png",13535,0.18089375044546,0.21587983337755,1.34244173358473,-0.0901106378564139,0.207988767307629
"step","13548.png",13548,0.172820411408816,0.207630921603492,1.26653055737729,-0.00873025611047221,0.201839007042274
"step","13562.png",13562,0.173200403925358,0.208362844658559,1.13893820452969,0.0256150794060257,0.206785761983852
"step","13575.png",13575,0.176760515408053,0.212461335330877,1.27987973297318,-0.0346486095648895,0.20427970783815
"step","13588.png",13588,0.169279231273189,0.20352663508816,1.33286081655776,0.00965850144411401,0.199171448175764
"step","13602.png",13602,0.177806582807623,0.213337344349732,1.21570686784889,0.0387125056072137,0.202907241703866
"step","13615.png",13615,0.184051331615607,0.219947069787081,1.39118133549814,-0.132368640734033,0.211738210774734
"step","13628.png",13628,0.17845185959235,0.213570359989889,1.32129019050504,-0.0394268969803352,0.208509799938435
"step","13642.png",13642,0.173383289660864,0.208606380913515,1.14881066714851,-0.000442241935677684,0.204607152459602
"step","13655.png",13655,0.179079231487154,0.214703820296483,1.10740749184253,-0.00388597906073679,0.212286167335543
"step","13668.png",13668,0.178189786857747,0.213347057326612,1.23390245660424,-0.0168752373943603,0.206691496254333
"step","13682.png",13682,0.17680815152063,0.211697050590122,1.37679165729129,0.0907203654803583,0.202360602696986
"step","13695.png",13695,0.173876507834142,0.209558815760761,1.2920288753822,-0.0461335212346343,0.203908444306125
"step","13708.png",13708,0.197909930971508,0.234138808416408,1.15582651788749,0.0697554094643066,0.231235189838137
"step","13722.png",13722,0.173760226998658,0.208666230989843,1.1142406096888,0.0119243147827012,0.201885708460605
"step","13735.png",13735,0.177315454909445,0.21260615417233,1.19347251109589,0.0302755764446087,0.204719325070452
"step","13748.png",13748,0.177393178584124,0.212597532449297,1.2558470891014,-0.00908850855137402,0.208607967884854
"step","13762.png",13762,0.177618275849978,0.212465669609462,1.1888006847539,-0.0701408859191,0.207278848544177
"step","13775.png",13775,0.176205996594957,0.211758323612138,1.27881856048573,0.0108675378268224,0.203422037709485
"step","13788.png",13788,0.171511916287779,0.206892110636623,1.42094282638563,0.0680319771565859,0.201604996842251
"step","13802.png",13802,0.176731714600342,0.211435979676794,1.2361786478683,0.0400258215596325,0.206558519734294
"step","13815.png",13815,0.174745876424474,0.21000224246708,1.25450195979659,-0.0416400353653247,0.202486708619489
"step","13828.png",13828,0.172004738818605,0.206638221145959,1.23387017595249,-0.00202248181269279,0.201794315610832
"step","13842.png",13842,0.174767433751946,0.209333192998435,1.16136429370145,0.0319517746142752,0.199851124580522
"step","13855.png",13855,0.170071496144308,0.20489464867387,1.14833059226548,0.0135361205585534,0.198843375681211
"step","13868.png",13868,0.175438720408302,0.210603993956303,1.34414880965534,-0.0275806097492983,0.201886012758134
"step","13882.png",13882,0.181954609758927,0.21712454036736,1.21006784200036,-0.0849571859982652,0.20853024728912
"step","13895.png",13895,0.176954774466908,0.211952324214215,1.18802906602247,0.0348926359965039,0.203216433737009
"step","13908.png",13908,0.175747598798395,0.210630542368643,1.28719617637169,0.0155544273362199,0.206831834828575
"step","13922.png",13922,0.16915264435772,0.204487073775717,1.2582099879733,-0.051427104942476,0.196164165878894
"step","13935.png",13935,0.180972409435484,0.216073712437384,1.2391649975542,-0.0133193230441203,0.212070750519728
"step","13948.png",13948,0.1810283896905,0.216025027055833,1.14403494592271,0.0230382315422314,0.207729194730884
"step","13962.png",13962,0.173792726690677,0.209264918787953,1.22304233020991,-0.0393954908604045,0.201695952680546
"step","13975.png",13975,0.183216971068034,0.217963999588112,1.13626562602433,0.0402669593088558,0.208983809754932
"step","13988.png",13988,0.175586062168641,0.209923987853036,1.15857253328951,0.0262470081355161,0.205301287608142
"step","14002.png",14002,0.176025560526988,0.212267803695808,1.32943297031353,0.00974612848119283,0.205206473923647
"step","14015.png",14015,0.184344319537172,0.218478856792145,1.09775772452221,0.0310103782072786,0.213111596922547
"step","14028.png",14028,0.176532132345875,0.211825329295508,1.22560606671773,-0.0395499717065234,0.206383656803918
"step","14042.png",14042,0.176890269199839,0.211823693894005,1.17305013097852,-0.0215696840345994,0.205310714008208
"step","14055.png",14055,0.182951376735525,0.218636878854045,1.30312430403644,-0.149572957058258,0.208705317551941
"step","14068.png",14068,0.180879043738053,0.216640808359065,1.24580333506909,-0.0244747341833482,0.210470464985271
"step","14082.png",14082,0.174689139113448,0.210071928054283,1.1383789112846,0.0290342072797942,0.201751919380194
"step","14095.png",14095,0.175566166558738,0.210473826719762,1.22604126639772,0.0139877362671117,0.205937380123511
"step","14108.png",14108,0.179459257306708,0.215110767583766,1.32035842442305,-0.0421547543618875,0.206486824063032
"step","14122.png",14122,0.183113324219096,0.218214721516437,1.16290809568209,0.0633895141228982,0.208606164198898
"step","14135.png",14135,0.176679938257938,0.211458249447404,1.15982934599962,0.0306025569036181,0.205202612635257
"step","14148.png",14148,0.167910536543172,0.202768288941703,1.30518785719269,-0.00581680335710905,0.196727314630751
"step","14162.png",14162,0.18260326454703,0.218225060122964,1.11145568773649,0.0295264581413959,0.210868007278223
"step","14175.png",14175,0.175689403037715,0.210882440095826,1.18012476689813,-0.00486021192250602,0.208827503410915
"step","14188.png",14188,0.179762821725203,0.214797407309924,1.21696375639431,-0.0239370735420111,0.209560300692895
"step","14202.png",14202,0.170083326021244,0.204922149664983,1.30194538381298,-0.0337856462454725,0.198414456330372
"step","14215.png",14215,0.18299819269857,0.218614313621775,1.20390414259483,-0.087341777531155,0.211617050198542
"step","14228.png",14228,0.174354064275687,0.20996822469801,1.27793456497312,-0.0250007807394599,0.202832788001218
"step","14242.png",14242,0.17465636692352,0.209514498989657,1.30941978178331,-0.0233725543744547,0.204174227375789
"step","14255.png",14255,0.171172238164634,0.205697659514719,1.24903016180484,-0.00160165708234955,0.201855346210962
"step","14268.png",14268,0.178641621237519,0.21352576674401,1.26628048397186,0.00254585076956609,0.20665710543321
"step","14282.png",14282,0.159671783460023,0.194114257722165,1.25234111468533,0.0752058313535567,0.192228685202877
"step","14295.png",14295,0.173088496042113,0.208198623504293,1.41046736210457,0.0034340178942513,0.202456288654999
"step","14308.png",14308,0.171686735066144,0.206559999827951,1.21535019160449,-0.0528620584028294,0.198137360457014
"step","14322.png",14322,0.173054291878074,0.208465690248074,1.29611949105977,-0.0374486182672004,0.200479403868914
"step","14335.png",14335,0.174555307693558,0.209505050194976,1.3184108457593,0.0163989337459752,0.201767550113259
"step","14348.png",14348,0.181305217341772,0.216757206683351,1.16496615042569,0.0274722095791095,0.208015983180483
"step","14362.png",14362,0.180225204649744,0.215660628227155,1.09443842896633,0.0327571464059415,0.207117294985912
"step","14375.png",14375,0.17745465460413,0.212626170429751,1.24100299796971,0.0301250822594479,0.205144669562243
"step","14388.png",14388,0.18076875672612,0.215917838393095,1.21089074769317,0.0397722058389664,0.206291797335903
"step","14402.png",14402,0.175881017559674,0.211594301685717,1.23590150605847,-0.0136701676979767,0.204445706513431
"step","14415.png",14415,0.15670593547152,0.191044031130769,1.3323842166473,0.0185228490025459,0.185517132026605
"step","14428.png",14428,0.16695886446333,0.202211257144813,1.32696954382112,-0.0068102466828335,0.195682133444698
"step","14442.png",14442,0.179320434254185,0.214190153167931,1.29325497916671,-0.0212059765565304,0.208538146020879
"step","14455.png",14455,0.171268068353772,0.206504093044117,1.3775464268017,0.0137077300491683,0.203233240014123
"step","14468.png",14468,0.162313439348431,0.198886069017204,1.11222414262369,0.0506152163825488,0.197149014904335
"step","14482.png",14482,0.188762244048326,0.223798845634875,1.05591773140637,-0.00877998569807076,0.217437566315881
"step","14495.png",14495,0.179817104775199,0.214666273457636,1.07139043386573,0.0371529010160526,0.209731451435425
"step","14508.png",14508,0.169097220207543,0.204680388616065,1.18373717480023,-0.0192316013870348,0.204900477535736
"step","14522.png",14522,0.18318567486209,0.21775838087221,1.20385805870245,0.0324003931076686,0.208932855553384
"step","14535.png",14535,0.186631587878571,0.222527160390523,1.27988316975243,-0.0818340950488094,0.215543061321064
"step","14548.png",14548,0.181394924513732,0.217384212163856,1.1625702278583,-0.0388454039374436,0.211924457676647
"step","14562.png",14562,0.162653493640448,0.197292986991525,1.23061198717784,0.0367711897268644,0.194497995622489
"step","14575.png",14575,0.18062843790696,0.215721363753037,1.13925373581453,0.0389464907134879,0.210692864296867
"step","14588.png",14588,0.185171181113418,0.219564994865216,1.16830208585829,-0.00968656266396323,0.214450962336631
"step","14602.png",14602,0.175013105407191,0.210176218157453,1.18518329118738,-0.0245750111790672,0.204879728990983
"step","14615.png",14615,0.180096288594393,0.216231040102639,1.20934974757375,-0.0575919064479714,0.213446087130059
"step","14628.png",14628,0.178143811349441,0.214075447335148,1.22248905326115,-0.00694624996737087,0.209941523608341
"step","14642.png",14642,0.179051289380446,0.214474622061415,1.21962388481733,-0.0285856056928487,0.208905040908287
"step","14655.png",14655,0.183183353819704,0.219170960863997,1.33715800736146,-0.0450755551311607,0.215111156897226
"step","14668.png",14668,0.182101370338169,0.217310522922962,1.2843123090557,-0.040772278736851,0.212269161217605
"step","14682.png",14682,0.179231933875578,0.215327718592161,1.16515152221773,-0.00570619966294711,0.21144192970782
"step","14695.png",14695,0.180199372129962,0.215955841496137,1.27294130320921,-0.0312011075612549,0.210616972492955
"step","14708.png",14708,0.176686156008955,0.211586894609464,1.15321143626416,0.0290818991887105,0.206527083395616
"step","14722.png",14722,0.175420645760357,0.210602864730171,1.21754786177555,-0.0472454864825342,0.202628906388641
"step","14735.png",14735,0.167810356697914,0.203461080618791,1.27968528045617,0.055296157233039,0.201885295229197
"step","14748.png",14748,0.171592706626514,0.206245749590499,1.14275706691293,0.0247611015072705,0.197252394155097
"step","14762.png",14762,0.170555963638995,0.205578227232058,1.20391957079694,-0.0199588007207442,0.201254267648533
"step","14775.png",14775,0.183231739282236,0.217908203312288,1.27793802569107,-0.0285686097960066,0.213838935805858
"step","14788.png",14788,0.178715498396516,0.214223609238097,1.27161564913009,-0.0939334318940411,0.20586789784682
"step","14802.png",14802,0.177689187477604,0.212724558246668,1.09594138933231,-0.0445016294755838,0.205817491132966
"step","14815.png",14815,0.181974092155426,0.218071691156118,1.28187612602912,-0.0669360835891732,0.211329610293093
"step","14828.png",14828,0.171671654446967,0.207607197702728,1.2472513159513,-0.0129482949740524,0.200179307463174
"step","14842.png",14842,0.187232743841788,0.222765160475613,1.47981612388613,-0.0262213205067769,0.21284836981358
"step","14855.png",14855,0.178885187191303,0.214426744780839,1.19913526620533,0.0101245515599586,0.210957575647823
"step","14869.png",14869,0.175796804844387,0.210981699075586,1.18462807498117,-0.0307724676985362,0.203823974789207
"step","14882.png",14882,0.17983787431722,0.214923858911834,1.10187374190068,0.0231549563416301,0.208240008197685
"step","14895.png",14895,0.177005372578644,0.212454087997774,1.39579060060123,-0.0312059216180209,0.207951146342288
"step","14909.png",14909,0.180498899315035,0.215973449929509,1.20977025682719,0.0183071908244855,0.20639934311885
"step","14922.png",14922,0.177294848697144,0.212160678634162,1.28586102372723,-0.0257554246015967,0.20555984988596
"step","14935.png",14935,0.176723862093192,0.212650694685317,1.1849563849945,-0.0367401137541754,0.204484286596701
"step","14949.png",14949,0.176735206342758,0.212427285440661,1.3172592646402,-0.0260689401583207,0.207908391496008
"step","14962.png",14962,0.174243075395794,0.209512968022437,1.23643649361432,-0.0440922624969692,0.20376604010942
"step","14975.png",14975,0.179332307390726,0.214230332384501,1.1053985959465,0.0247561025753235,0.206183539093314
"step","14989.png",14989,0.182106902038153,0.217573399301545,1.16856002326942,0.064802117729707,0.212068891866925
"step","15002.png",15002,0.180832129430182,0.216313684662506,1.18891234310745,-0.0171359394577371,0.210689617659631
"step","15015.png",15015,0.179152988907658,0.21487142730371,1.16726956812309,0.0124245835929851,0.207437361403162
"step","15029.png",15029,0.190525035639041,0.228492086800472,1.34785160890206,-0.068147867046849,0.228815841351967
"step","15042.png",15042,0.180340723064743,0.216102001345411,1.21515055931144,-0.0328250921872899,0.20843346055883
"step","15055.png",15055,0.181432711774407,0.216620402062392,1.2380925198974,-0.0735680229915526,0.20699240064599
"step","15069.png",15069,0.175314953425325,0.210170349843102,1.20732005174836,0.0258355447188777,0.20569079056936
"step","15082.png",15082,0.16707520445439,0.20233973886401,1.26639280708515,-0.0063789790271685,0.197415646285639
"step","15095.png",15095,0.176994597327681,0.212718839449856,1.30285367582689,-0.0257399767900661,0.206450379852787
"step","15109.png",15109,0.180926817143913,0.216137853355312,1.43246902897254,0.0159172867671066,0.212245178596667
"step","15122.png",15122,0.177732299610777,0.213534069021647,1.23322443211036,-0.00659351755655538,0.208214496761324
"step","15135.png",15135,0.173883165122871,0.20993428255202,1.12142364291872,-0.0523792777533447,0.202116962054202
"step","15149.png",15149,0.172995314828881,0.208133596740848,1.20136374249135,0.00638530779053545,0.203172914606823
"step","15162.png",15162,0.177889009702539,0.213372308003768,1.08497290632813,0.00660561873803417,0.208828938545282
"step","15175.png",15175,0.173469817852083,0.208625048058563,1.12309742730963,0.0233363130286782,0.204658993955001
"step","15189.png",15189,0.17312900483046,0.208671511978997,1.20715893085657,-0.0642139607383388,0.204135448872982
"step","15202.png",15202,0.185613584915874,0.220741517051252,1.19403477515076,0.0482645812467956,0.212467110095504
"step","15215.png",15215,0.183160440497188,0.218426968745675,1.20563001927171,0.0206578029355903,0.209432781818968
"step","15229.png",15229,0.176308238007499,0.2118197473798,1.29275675158999,0.028939958962963,0.202704404721013
"step","15242.png",15242,0.181598944212272,0.217561510982929,1.1914903199495,-0.0188686013609645,0.211626152145267
"step","15255.png",15255,0.183349966880562,0.219393966208715,1.20932651214377,0.0265414740117198,0.215787459367306
"step","15269.png",15269,0.173095956102416,0.209209185856238,1.09919231735585,0.0587620255444246,0.209660493136705
"step","15282.png",15282,0.172584443638631,0.207905462937744,1.07966259038574,0.0555118690491014,0.206764395331245
"step","15295.png",15295,0.176054993078319,0.210416213771711,1.2956063176439,-0.0528754791625134,0.205285640548302
"step","15309.png",15309,0.171300845702393,0.206711659613716,1.28205138384832,-0.0248379299293605,0.201647079635385
"step","15322.png",15322,0.181833224269044,0.218284460239478,1.35959782774442,-0.0409295159377003,0.215505130857179
"step","15335.png",15335,0.181990725004769,0.217161467539413,1.35559396977431,-0.0828675344951599,0.210402279878396
"step","15349.png",15349,0.170892463680807,0.206140977699157,1.08424397888869,-0.0039377218212025,0.203228551659055
"step","15362.png",15362,0.164370805861416,0.19961330211248,1.03791783362056,0.0594526717642484,0.199901137536513
"step","15375.png",15375,0.177147906808293,0.212978841709972,1.17239277981333,0.0198362475902555,0.210430740158133
"step","15389.png",15389,0.175112995916822,0.209612728164686,1.15688890524375,0.0566623026657729,0.204210427483313
"step","15402.png",15402,0.169315730787626,0.204557885068515,1.44512821562371,0.080840960589824,0.198738004695783
"step","15415.png",15415,0.180489967895438,0.216387412879111,1.24543723292007,-0.0394305327274232,0.209265960086144
"step","15429.png",15429,0.17840803430787,0.21303499513259,1.37160659546656,0.111455940395619,0.20474121514192
"step","15442.png",15442,0.181512344668529,0.217283321203185,1.28188135150575,-0.11514732450358,0.20800777115316
"step","15455.png",15455,0.161083726121088,0.1965720938232,1.39183959607065,-0.0822122136407209,0.195697919898082
"step","15469.png",15469,0.177612133664752,0.213146498822973,1.28736184201218,-0.00406888261851723,0.212007273983301
"step","15482.png",15482,0.178669087508964,0.214659738946031,1.23700099214878,-0.101260297337673,0.208564249045768
"step","15495.png",15495,0.178531992395347,0.214802571621545,1.17873326437834,0.0265378314227177,0.212136778470193
"step","15509.png",15509,0.177715187458194,0.213372798205627,1.0952136463282,0.0265651489532246,0.210202740005367
"step","15522.png",15522,0.177148775042677,0.212378204747122,1.30478406770865,0.05913815720497,0.204784280468444
"step","15535.png",15535,0.166840392359929,0.201863944838648,1.46202587345532,-0.015647398769941,0.197318650027039
"step","15549.png",15549,0.179216268919309,0.215111385944328,1.22693154930445,-0.00477000574815856,0.207701896453517
"step","15562.png",15562,0.188902763056424,0.225335732055136,1.26868303870674,-0.11318229047748,0.216618906055266
"step","15575.png",15575,0.184611211839134,0.221048160652737,1.22359961086353,-0.0347973128867495,0.212139813159877
"step","15589.png",15589,0.177800676263953,0.213498451438245,1.13107915050038,0.00174393789977184,0.208809112544628
"step","15602.png",15602,0.169729885233423,0.206887048502956,1.21692470247027,-0.0608794437825564,0.207861063761797
"step","15615.png",15615,0.176523365303079,0.212119613575242,1.20851009582631,-0.0176797943553591,0.207617443826423
"step","15629.png",15629,0.182771109024713,0.218774915613183,1.27774905859369,-0.018083585283194,0.213153103473535
"step","15642.png",15642,0.178577951664755,0.215097330612574,1.20912089255711,0.0201249116901926,0.210709414645304
"step","15655.png",15655,0.183440274504351,0.219174265779928,1.1646858908648,0.0112326747951268,0.216529572575475
"step","15669.png",15669,0.175684866951961,0.210985290860363,1.22814233829836,-0.0157744984610564,0.208295799224894
"step","15682.png",15682,0.178027245062004,0.213795884143018,1.19428716695852,-0.0127017819938313,0.208916831694021
"step","15695.png",15695,0.17952001763975,0.215414862748334,1.26409144463755,-0.04909417858563,0.208473635543824
"step","15709.png",15709,0.177273237193512,0.212532512513209,1.34296040041282,-0.0852298296783234,0.205711905706737
"step","15722.png",15722,0.178208851006236,0.215033395199027,1.27877811928356,0.109133240157785,0.207526960948228
"step","15735.png",15735,0.175987917756145,0.211429768715106,1.22397637339795,-0.0619848088902118,0.206728391315598
"step","15749.png",15749,0.175155670179843,0.210871699778155,1.1233727337305,-0.055119774491403,0.210487865949377
"step","15762.png",15762,0.17049172505151,0.205684051863427,1.45120725581407,-0.0360294851900096,0.197482173497805
"step","15775.png",15775,0.179490551291547,0.215709570691752,1.18815420345146,-0.0487637974782066,0.210040916528766
"step","15789.png",15789,0.186424714335246,0.222163887675494,1.35283282420863,-0.0602391401685558,0.22185742209595
"step","15802.png",15802,0.182176049747916,0.218395757806905,1.33403524122602,-0.0980142333886524,0.213808532970118
"step","15815.png",15815,0.187923955981782,0.223889422182267,1.22790766262297,-0.162873319405086,0.222668023111583
"step","15829.png",15829,0.178538264324134,0.213794952461312,1.27594371962061,-0.0255334702612152,0.207052443403883
"step","15842.png",15842,0.180353320535072,0.216508747032272,1.2974213486737,-0.0501257438501481,0.21058392118083
"step","15855.png",15855,0.175339783854789,0.2119840557749,1.34261996888432,0.0019119112213942,0.207913570991719
"step","15869.png",15869,0.180382309093287,0.216796294172179,1.39701537219379,-0.0724579729768502,0.208902380270604
"step","15882.png",15882,0.170453902071563,0.207772101493641,1.4314254921937,-0.0184967287695927,0.200318859359969
"step","15895.png",15895,0.172794769924422,0.207969361258003,1.11213617410459,-0.00282463864455179,0.205294331122923
"step","15909.png",15909,0.181306897173148,0.216525361078292,1.34052475431709,-0.0697648542930249,0.211363534961314
"step","15922.png",15922,0.179882398170427,0.216752099597177,1.10279748400065,0.073649934894831,0.220626021151368
"step","15935.png",15935,0.180327079663252,0.215704158531432,1.29954511156834,-0.0260545373559233,0.212710000242351
"step","15949.png",15949,0.179795044405377,0.215950852530425,1.1832604300956,-0.0715760259142821,0.210051444342669
"step","15962.png",15962,0.175184618112893,0.211408089154283,1.35651054185969,-0.0401547179412677,0.210178766182816
"step","15975.png",15975,0.183073666575356,0.219712053272714,1.27151635124206,-0.0788887156477316,0.21117349138769
"step","15989.png",15989,0.187089629171026,0.22369966231529,1.11196473797328,-0.108125269997176,0.223617582784381
"step","16002.png",16002,0.176035598849175,0.211531800050112,1.16104364000795,-0.0068931161112839,0.209262461406835
"step","16015.png",16015,0.178665373720583,0.21513505641758,1.300847953819,-0.11344988821218,0.207331053200605
"step","16029.png",16029,0.169226708249357,0.204715492748804,1.43792830966159,-0.0442171439945404,0.196909840173353
"step","16042.png",16042,0.179649901661743,0.215443138026566,1.17993949732444,-0.164630938257294,0.211380363973415
"step","16055.png",16055,0.176448380187705,0.212339140782554,1.16972581279485,-0.0119642968730443,0.208545658954539
"step","16069.png",16069,0.182856024794492,0.223531809139344,1.2440291365099,0.0483191575863444,0.221162525785823
"step","16082.png",16082,0.180638146071788,0.216688131305868,1.18137049365545,-0.052049216670576,0.215520626565966
"step","16095.png",16095,0.20103884809914,0.239736822749729,1.17603061143969,-0.0367513301140829,0.229938306462415
"step","16109.png",16109,0.181604711682325,0.217090547554554,1.18112171342787,0.0131787308082672,0.213849416834927
"step","16122.png",16122,0.173300257920006,0.208268108889899,1.39909956421842,0.041414391954618,0.204047282867854
"step","16135.png",16135,0.183003715190773,0.219564994583729,1.12037282664478,0.0579970274615637,0.214434440135439
"step","16149.png",16149,0.17758552655101,0.213033092434313,1.30304741286571,-0.0255335094173779,0.206584530304824
"step","16162.png",16162,0.186189613876964,0.222979726890285,1.28807530980004,-0.0800061703154174,0.216241704972579
"step","16175.png",16175,0.17821123306538,0.214047460559054,1.20414411577492,-0.0281573634079493,0.211363786878808
"step","16189.png",16189,0.188619770036557,0.224452063683611,1.45461451850732,-0.0709609381065761,0.218217850861244
"step","16202.png",16202,0.181500112549297,0.217571226305389,1.34241197889561,0.0208188913324417,0.21245074166628
"step","16215.png",16215,0.183670468030384,0.219564866283641,1.37920387197461,-0.0968882721516607,0.213310743944272
"step","16229.png",16229,0.178495085923861,0.214321903647115,1.28169507695729,-0.0833852379462408,0.208845766014365
"step","16242.png",16242,0.176266361118644,0.212162397258415,1.43720353731474,-0.100608303928824,0.204173751638506
"step","16255.png",16255,0.176180508241171,0.212447760051565,1.24378066752216,-0.0498315741699968,0.210255709128876
"step","16269.png",16269,0.182194380127764,0.217673675690735,1.27200667934727,-0.0257165180426227,0.2151547487685
"step","16282.png",16282,0.176341090704852,0.211783745590995,1.26978495273917,0.00884626947833389,0.208748035635332
"step","16295.png",16295,0.174243394060499,0.209954782379547,1.34644499666807,-0.0143780644729384,0.204282190554985
"step","16309.png",16309,0.179974952303942,0.216229602091248,1.28074506305773,-0.0250664665774804,0.210669604712996
"step","16322.png",16322,0.176499954753148,0.212287426810113,1.35225394996321,-0.0460615542273937,0.207966944033908
"step","16335.png",16335,0.179797015033327,0.216179398165289,1.32848406861417,-0.0742578389877313,0.209836253656414
"step","16349.png",16349,0.176491637435586,0.213100257102261,1.23561236288804,-0.0195304547887231,0.211254092864179
"step","16362.png",16362,0.180950240457353,0.217762206844978,1.1696446684376,-0.0523982892309262,0.212534662869556
"step","16375.png",16375,0.179878654731258,0.215439372734757,1.2629401979492,0.0769720217866261,0.209899315475177
"step","16389.png",16389,0.180630358876232,0.217970979551357,1.39673513852822,-0.0261187687170703,0.216443277955938
"step","16402.png",16402,0.181844757515163,0.217591581364849,1.23583157529433,0.0228309913139027,0.214234470921166
"step","16415.png",16415,0.174452699355996,0.209502658219037,1.31178523744869,0.0117053303748699,0.204485495115647
"step","16429.png",16429,0.170774561988197,0.206247788842188,1.30006910326485,0.0468528612113819,0.200689684357708
"step","16442.png",16442,0.182435752017339,0.218908066399673,1.27806652872343,0.0298192669615774,0.216714137875131
"step","16455.png",16455,0.174514567851386,0.210179312930418,1.22537729610858,-0.0215196389092752,0.206765281336291
"step","16469.png",16469,0.175172959414026,0.210618328013383,1.32940344778782,-0.00077099761413954,0.204979444587539
"step","16482.png",16482,0.174620573948405,0.210889260442828,1.4374717485895,-0.0673882616197091,0.204983298709226
"step","16495.png",16495,0.177652403390228,0.214191403385457,1.2212715773664,-0.0949316778076349,0.210406503420288
"step","16509.png",16509,0.183218327919898,0.219754486148039,1.27736122875481,0.0079339252525075,0.213478795490537
"step","16522.png",16522,0.176578617898437,0.212629003103166,1.19455116628528,-0.085171704240284,0.210049295179481
"step","16535.png",16535,0.180049206499943,0.215496940868104,1.24154898318481,0.108248003233913,0.209686037027892
"step","16549.png",16549,0.175396017484995,0.211407145158716,1.35746646724952,0.00518006374455643,0.202930582692077
"step","16562.png",16562,0.173816293925006,0.209889777789455,1.20949946661657,-0.0507138704366301,0.207579793021341
"step","16575.png",16575,0.178683197894708,0.215256924033568,1.36472450765271,-0.100524171755969,0.207883704637513
"step","16589.png",16589,0.181018271304157,0.217763015184051,1.22179219777587,-0.0549796081666671,0.21311080148146
"step","16602.png",16602,0.179206186014221,0.215190705875699,1.27559566769751,0.0157074899450348,0.208953372586202
"step","16615.png",16615,0.179308724068358,0.216009701807678,1.04711430029963,-0.051346565336683,0.213699173375531
"step","16629.png",16629,0.179034372189044,0.215147407002593,1.38782525143067,-0.0277164695264131,0.212061951745983
"step","16642.png",16642,0.166229751140404,0.201857832572691,1.35014849837612,0.00077795597476199,0.195651681728903
"step","16655.png",16655,0.169232680636339,0.204759776771338,1.23767956261713,-0.0234069191470238,0.200504032247742
"step","16669.png",16669,0.17258464187498,0.208743853324611,1.07019258135067,-0.0824720258767306,0.206057070872885
"step","16682.png",16682,0.176375655053215,0.212897789115107,1.33376351777447,-0.0648463266698935,0.207584334214308
"step","16695.png",16695,0.169360807618212,0.205427474362098,1.33835538461006,-0.0297913249372092,0.203521569249892
"step","16709.png",16709,0.176564149481717,0.212747207996494,1.33557183664415,-0.0654395094282215,0.206653160764892
"step","16722.png",16722,0.174935634975395,0.21337127107787,1.43122747725933,0.0076158973665989,0.205984639274209
"step","16735.png",16735,0.174262419919056,0.210523168012046,1.41431937756202,-0.0249270861376299,0.205217245794501
"step","16749.png",16749,0.176799226780691,0.213367163826516,1.21505593969147,-0.0187454678276665,0.210146939446725
"step","16762.png",16762,0.178323657923905,0.215776565627216,1.38581404760312,-0.054188390785828,0.212749650955013
"step","16775.png",16775,0.191406198551502,0.228906780079519,1.36271717170859,-0.103162798715075,0.217931760759098
"step","16789.png",16789,0.173447961592455,0.209686058581647,1.41077892501308,-0.0820520129662895,0.20152885517531
"step","16802.png",16802,0.178944033467247,0.21484872219099,1.31438556503763,-0.000195570221594277,0.209276979374309
"step","16815.png",16815,0.175054187112021,0.212260215800127,1.39690804496606,-0.0309530723514844,0.208995471304662
"step","16829.png",16829,0.177602268579897,0.214150771177136,1.53772859017416,-0.0500615939495315,0.208605121921406
"step","16842.png",16842,0.177362474015979,0.213009338340057,1.28874578305642,0.0323610428622815,0.204574344850367
"step","16855.png",16855,0.192136492704691,0.229723904371948,1.28030066460572,0.1183161210237,0.220113870104504
"step","16869.png",16869,0.205659056056579,0.24514188393843,1.35969145133868,0.00918900758068056,0.234400655099805
"step","16882.png",16882,0.182817421069943,0.218196782118293,1.31258856659877,0.0703104024075212,0.215757582551788
"step","16895.png",16895,0.175549429392575,0.211932934153269,1.35359578187665,-0.0780348878294436,0.205873367233027
"step","16909.png",16909,0.173308387567619,0.209016769874216,1.24704965166148,-0.0435648813845883,0.205438902740061
"step","16922.png",16922,0.188288184690478,0.225436940844714,1.06267159135918,0.0613902500573675,0.218132889968946
"step","16935.png",16935,0.183667689115541,0.2209557328046,1.48398337257365,-0.0550012012647762,0.213846651992947
"step","16949.png",16949,0.171112013225755,0.207897074701006,1.31656351730445,0.0425113713746408,0.200749207470629
"step","16962.png",16962,0.179220850998955,0.216094748343287,1.24748175353235,-0.123580875876744,0.208953525719422
"step","16975.png",16975,0.186787021003566,0.225445935696509,1.22343810675305,-0.127507537433444,0.221630883480639
"step","16989.png",16989,0.179549271471296,0.216608436117586,1.16329522330925,-0.0953887713328152,0.213368689932292
"step","17002.png",17002,0.175759515999147,0.212726489849482,1.43268311916466,-0.00310473536334058,0.209476422003348
"step","17015.png",17015,0.186904720727096,0.224842750808208,1.37892762721619,-0.0376501162023299,0.219912960256163
"step","17029.png",17029,0.187167507800571,0.225039190848453,1.29085354042024,0.0047255527132517,0.219136198255113
"step","17042.png",17042,0.179155456605247,0.215937442995636,1.26686302656992,0.0302941706898759,0.210896373079934
"step","17055.png",17055,0.177645316457142,0.214283119441793,1.2012854430159,0.030575804478035,0.217553799884394
"step","17069.png",17069,0.194046895152189,0.232030546360568,1.36849559119241,0.179401291459235,0.225214443298709
"step","17082.png",17082,0.189196818641374,0.224123274959035,1.39595085274619,0.128545375184657,0.217441148930331
"step","17095.png",17095,0.175329367861929,0.212313657067965,1.26572804771354,-0.0034707005653638,0.2119180836056
"step","17109.png",17109,0.181356808674834,0.217507828650094,1.24866709700041,-0.037312241315076,0.214907680876608
"step","17122.png",17122,0.176980362634648,0.213421753496587,1.2610455392559,0.023241792811415,0.207706328747885
"step","17135.png",17135,0.183887309472122,0.219955598706619,1.40996789661801,-0.0584415245659037,0.216022502076322
"step","17149.png",17149,0.178016178620367,0.21509040629133,1.23638186687691,-0.0834768914515329,0.210474458195313
"step","17162.png",17162,0.181261146953396,0.218038336249028,1.15073144447049,-0.0111195202451215,0.216284323900429
"step","17175.png",17175,0.185624845249191,0.222542054323435,1.29019253929236,-0.0312660535690592,0.220027964453088
"step","17189.png",17189,0.187017907042326,0.224577102305161,1.1488309165084,0.000473330311534126,0.223559087121721
"step","17202.png",17202,0.198661714070669,0.23767801996174,1.2744615026386,-0.141871232338281,0.237266852866556
"step","17215.png",17215,0.184460049980517,0.22131158858095,1.22135113386549,0.0127260254481294,0.21738569553151
"step","17229.png",17229,0.19101604093278,0.229568624964495,1.45265787422958,-0.0846750971988658,0.231955728720186
"step","17242.png",17242,0.187405774121214,0.223958787868482,1.19304018121899,0.129794377695208,0.218702449769825
"step","17255.png",17255,0.186165635145144,0.222292611872135,1.39330299841928,0.165885841408415,0.223365499610446
"step","17269.png",17269,0.184707725763863,0.221831269493641,1.20205704536944,-0.0429096236520127,0.219396537005682
"step","17282.png",17282,0.179074888712813,0.216188640043457,1.14082565457428,-0.114884613854992,0.211011454339857
"step","17295.png",17295,0.182130022289257,0.218957301598026,1.18735993411401,0.0564382423267138,0.214491057710504
"step","17309.png",17309,0.191750536697054,0.230911516063807,1.2756556456541,0.128617224570024,0.225565253826171
"step","17322.png",17322,0.198890768685798,0.237997366315723,1.22809887876467,0.101995696293217,0.232077156224782
"step","17335.png",17335,0.189410907553744,0.227087387218713,1.32938386178447,0.0522819342423767,0.220970865525358
"step","17349.png",17349,0.182902394966095,0.22012659295838,1.28995801633582,-0.0980275231944112,0.214591235506392
"step","17362.png",17362,0.17469707807393,0.210631318185456,1.31482755173002,0.0220186655053159,0.205298173004617
"step","17375.png",17375,0.183202167754535,0.220143424642642,1.29783748147475,-0.0958155594256544,0.216795490362868
"step","17389.png",17389,0.190132081836503,0.228912707404706,1.1316618030356,0.0548132263639408,0.225701896551722
"step","17402.png",17402,0.185667078817583,0.223189723015261,1.31684427834233,0.116804451064256,0.21866582138544
"step","17415.png",17415,0.187167318625508,0.224899350665173,1.32479979811034,-0.0402561449530263,0.220306720290212
"step","17429.png",17429,0.189434993416807,0.229005415911755,1.22749665060981,-0.0748223062387934,0.228479720623052
"step","17442.png",17442,0.182620291126207,0.219175136037297,1.36229295286216,0.0711443703991197,0.215224277853355
"step","17455.png",17455,0.185126243154323,0.222191391914259,1.34323273381657,0.0938172797768526,0.217216373273299
"step","17469.png",17469,0.183556551081271,0.221234770184145,1.26988756848045,-0.0313965526809746,0.216495618243341
"step","17482.png",17482,0.184440453965171,0.223284593233955,1.30714416526621,-0.0269268814890419,0.22396048201771
"step","17495.png",17495,0.177845443918245,0.213630197540559,1.32947262195391,0.085827425293958,0.206121966390755
"step","17509.png",17509,0.188634418409819,0.22703313486421,1.22613137022327,-0.0249597938370483,0.222296286203001
"step","17522.png",17522,0.174589972159826,0.211712576705119,1.33625485131666,-0.170895533607319,0.205199541748578
"step","17535.png",17535,0.184462092727629,0.223812450910816,1.34386851858405,-0.0269335897649942,0.219278014061214
"step","17549.png",17549,0.171180075201833,0.206689791036747,1.43716120485166,0.0305609714391837,0.201999853593166
"step","17562.png",17562,0.180389045397701,0.218165220649967,1.39501933622519,-0.0348646586133713,0.210809198086325
"step","17576.png",17576,0.180327578507287,0.217146946020535,1.33203687256792,0.093110564506259,0.213239827789941
"step","17589.png",17589,0.19315052033568,0.231577882309297,1.49028043326596,0.0180465696797674,0.226465090860496
"step","17602.png",17602,0.197124347137993,0.236604699582276,1.33397730347631,0.0717627120843386,0.236289842051132
"step","17616.png",17616,0.208181867109562,0.249096629964217,1.20797317516556,-0.10710567997994,0.249575799048812
"step","17629.png",17629,0.191198580811938,0.229420006318685,1.52328973843197,-0.0814320875710211,0.226375867699442
"step","17642.png",17642,0.189475998262868,0.227872372180559,1.33072285431922,-0.00291481856525252,0.222562316865787
"step","17656.png",17656,0.18395750282665,0.222550525054641,1.30891256057973,-0.0571394676489223,0.223773166220833
"step","17669.png",17669,0.187502120719848,0.225211270995066,1.13431950897616,0.0428682429816341,0.221883012302109
"step","17682.png",17682,0.187136861378047,0.224402869328338,1.37512805987437,0.076316505115544,0.219024401272124
"step","17696.png",17696,0.181938154382073,0.220300244009952,1.3506064591465,-0.0659701617422461,0.220582100678169
"step","17709.png",17709,0.195776197319882,0.23477399924813,1.12335048909234,0.0533961886055053,0.229753541688847
"step","17722.png",17722,0.188772580951096,0.225912062694366,1.38340202563047,0.0717201224890013,0.220303841058923
"step","17736.png",17736,0.200946630114228,0.240612645860142,1.25242493443904,-0.0945531517400625,0.236056636314846
"step","17749.png",17749,0.19364885462627,0.231826915735626,1.15010273196571,0.0535013668795572,0.224125426757761
"step","17762.png",17762,0.197816901283488,0.235259847070446,1.14291062497083,0.0509385217452548,0.232913238928997
"step","17776.png",17776,0.194770935123835,0.233455241281385,1.12701905122636,-0.0398808277104441,0.23165602899447
"step","17789.png",17789,0.190671975176444,0.229520311203457,1.20275288617345,0.0103445658493656,0.226511671218062
"step","17802.png",17802,0.193298384442115,0.231961269203718,1.4009354194447,-0.0477329921569357,0.226881678673976
"step","17816.png",17816,0.198191575588113,0.238224503519045,1.33511237786758,0.185543523617412,0.232617661484037
"step","17829.png",17829,0.196275930555719,0.234906404565608,1.2032881872939,-0.0789220732225123,0.23048514907882
"step","17842.png",17842,0.194444417364147,0.232766473484803,1.23909028873363,0.0223318550765867,0.232881630235542
"step","17856.png",17856,0.204011182912948,0.24282109013645,1.39023114673269,-0.0718842149021471,0.235523964863928
"step","17869.png",17869,0.195728115582877,0.233029313111527,1.30666996883371,0.0473738241238359,0.226903926927695
"step","17882.png",17882,0.191250895508047,0.230288072253683,1.28300237469784,-0.00794306296010305,0.224837500600599
"step","17896.png",17896,0.188891459435335,0.226567915571389,1.19586950386929,0.0618242809459186,0.222391664891275
"step","17909.png",17909,0.189502642028245,0.228057762118686,1.273381811056,-0.0426543093781185,0.225421952839322
"step","17922.png",17922,0.190458057732339,0.229350528638995,1.31878779922939,-0.0749933902345507,0.223592513430039
"step","17936.png",17936,0.188032188420787,0.22530581755485,1.31923996027912,0.0801296590811905,0.219565087837759
"step","17949.png",17949,0.195520989360983,0.233534572129793,1.24907790482959,0.10670090004654,0.229824356803752
"step","17962.png",17962,0.188628468390168,0.226748695485377,1.4786483135369,-0.0377314059516515,0.225408034238713
"step","17976.png",17976,0.194754963139452,0.232496979131117,1.36972226683777,0.0504892650521085,0.229397017521529
"step","17989.png",17989,0.19927556014507,0.238414867636476,1.20759795913521,0.073249325271305,0.233619906106569
"step","18002.png",18002,0.188410246863559,0.225925919465564,1.54400885921338,-0.0307744374011423,0.22075833114176
"step","18016.png",18016,0.200400604272374,0.24029304760022,1.24993255660333,-0.0533086981996863,0.23351454310448
"step","18029.png",18029,0.206810308343393,0.247079634639297,1.18962767668737,-0.0270445834975229,0.241464723053758
"step","18042.png",18042,0.193382446953843,0.230740819798875,1.40165577724138,-0.00194818741338609,0.227369809071505
"step","18056.png",18056,0.206011390392787,0.246663778333502,1.37729818575162,-0.0461362309422283,0.242552377436961
"step","18069.png",18069,0.19762269065622,0.235974984673782,1.17726505959981,0.0335968188953541,0.231490664036102
"step","18082.png",18082,0.191135372680703,0.229624259438263,1.2683762911947,0.0164154275440411,0.227994804650449
"step","18096.png",18096,0.193680817299703,0.232421160671542,1.1853265776791,-0.0343225053157893,0.230041828327664
"step","18109.png",18109,0.200522931189476,0.240412264784047,1.13257355329764,0.0882605007133146,0.236734762472276
"step","18122.png",18122,0.193333005567685,0.231525981471457,1.30259400739578,0.00733895530803907,0.229109051350053
"step","18136.png",18136,0.202609918011694,0.241228950761672,1.17983374390589,0.0830189548542017,0.237435841268552
"step","18149.png",18149,0.210691198598978,0.251352958015033,1.20953463933431,-0.0748439790691719,0.2431444112672
"step","18162.png",18162,0.195003335564069,0.233884757915611,1.38042134447245,0.0244487389234904,0.230287283867701
"step","18176.png",18176,0.191138550840395,0.230123718188614,1.44655913529886,-0.0187447374329066,0.22623287314249
"step","18189.png",18189,0.199604776351665,0.240397016979932,1.27520181452873,-0.0347863617744925,0.236916356376812
"step","18202.png",18202,0.197162586042914,0.236030936184544,1.407267423188,0.160842203091385,0.231294933309362
"step","18216.png",18216,0.194036527204599,0.232255469168245,1.31336883339598,-0.0240786938667345,0.226287257658176
"step","18229.png",18229,0.201054065348475,0.24052131575165,1.43742174023595,-0.0478218501194451,0.23809217908753
"step","18242.png",18242,0.191330658920692,0.229104344814656,1.17436753009334,0.0638115142222867,0.225186186612543
"step","18256.png",18256,0.195678744823667,0.234573986940896,1.23495779448724,0.0251202216044873,0.230177661227113
"step","18269.png",18269,0.192697871743469,0.231118341655255,1.18886108409952,-0.0461297319124225,0.227310246684239
"step","18282.png",18282,0.206581102483951,0.247474451199313,1.13272897896595,-0.0440426370075937,0.244088631719229
"step","18296.png",18296,0.201525201278896,0.239557703289917,1.36446691637324,-0.0346401166217708,0.234452422578379
"step","18309.png",18309,0.195721292754393,0.234748852950513,1.45096737193475,-0.00962409820238916,0.230960520997689
"step","18322.png",18322,0.193545524439197,0.233157405533104,1.07973431128852,0.0611418947683601,0.230791479621118
"step","18336.png",18336,0.203285707101315,0.242704720990948,1.32429234522363,-0.0733690118386855,0.238174121060547
"step","18349.png",18349,0.201409510444339,0.241934858679067,1.17980097063794,-0.00974399713427962,0.240952059627317
"step","18362.png",18362,0.194487022833548,0.234028480899417,1.26026196645055,0.0452523664653506,0.230342081872726
"step","18376.png",18376,0.193003737243235,0.231532096270659,1.20140172241649,-0.0370849707703908,0.226703367292111
"step","18389.png",18389,0.192722653122574,0.231448732722076,1.20981495289725,0.00407440990826427,0.229587572288213
"step","18402.png",18402,0.19988563351496,0.240252812134237,1.32749297373847,-0.0601179682943153,0.234611570567956
"step","18416.png",18416,0.197985449814811,0.236300013568092,1.35383214530986,-0.0637677086887041,0.230921911115838
"step","18429.png",18429,0.195435196858012,0.232733082821817,1.32247038769766,0.0700612351150101,0.230145851643666
"step","18442.png",18442,0.207160177134595,0.247397215487194,1.20212633501158,-0.0764567122629044,0.240213161643073
"step","18456.png",18456,0.205135401860246,0.246484943067682,1.15385340625817,0.0935699307524132,0.248994682258862
"step","18469.png",18469,0.201018827151844,0.23948616336322,1.31915684189992,0.0267821642803463,0.233005273079274
"step","18482.png",18482,0.200423280418856,0.239455836773187,1.21817231635224,-0.0330971875855299,0.235438912771276
"step","18496.png",18496,0.211976696970296,0.2527860501928,1.51739207332891,0.110741807703211,0.246822151932318
"step","18509.png",18509,0.195731620397423,0.234343867209341,1.40381108164621,-0.00988646336721641,0.230486825281271
"step","18522.png",18522,0.196076735392098,0.234734486797131,1.32932114437287,-0.0328858188032547,0.232695458645474
"step","18536.png",18536,0.221101705661051,0.261939187520593,1.25923777357883,0.059024397749587,0.26956695714654
"step","18549.png",18549,0.196282625465999,0.235290975582681,1.35055461537911,-0.119324021127803,0.232232040771067
"step","18562.png",18562,0.205097446711221,0.244377030552263,1.33362097272116,0.0141821825358197,0.244790889695193
"step","18576.png",18576,0.207281853750526,0.247801202151489,1.28368121765522,-0.112208059452627,0.241918231186816
"step","18589.png",18589,0.201188062752833,0.24031441276802,1.35181689175079,0.024513552119061,0.234248754963934
"step","18602.png",18602,0.199209461621042,0.238068683394066,1.34571705945017,-0.0599770017651953,0.234257634542049
"step","18616.png",18616,0.197264023127999,0.235103285820854,1.34344041088707,-0.0057178850388348,0.228698336012305
"step","18629.png",18629,0.201462575312294,0.240448616169084,1.30959334874863,0.00879069764777299,0.236022057645921
"step","18642.png",18642,0.203499960285667,0.243246526987743,1.26293401096767,-0.0318691750728156,0.238367979405381
"step","18656.png",18656,0.198532868295359,0.238775698034985,1.14331361216115,-0.00524424432921947,0.240144890337009
"step","18669.png",18669,0.198691044983174,0.236903506286372,1.30929140127747,0.105543509634881,0.232468779416217
"step","18682.png",18682,0.208264162781778,0.248939731700089,1.11641889459468,-0.0229782440161163,0.24134365433696
"step","18696.png",18696,0.199662039651607,0.2390651877251,1.33614957058235,0.125018173984592,0.240653758265906
"step","18709.png",18709,0.201340773258982,0.240470168962557,1.32075513923634,0.108941097623351,0.23812405440378
"step","18722.png",18722,0.20715498939007,0.248003584084228,1.10863124406427,0.00560348155981097,0.249358879599197
"step","18736.png",18736,0.196727004883825,0.235358813606733,1.29229436632982,0.0366739068014372,0.231372594165251
"step","18749.png",18749,0.211178201991553,0.251634197862606,1.21165356827024,0.0698055459953226,0.254411227249206
"step","18762.png",18762,0.197869065054365,0.236189087943731,1.27905805986554,0.0420578386979371,0.234895856690859
"step","18776.png",18776,0.194801791451683,0.233272170643883,1.22505176632466,0.0025883247723176,0.231819183938124
"step","18789.png",18789,0.205427416760171,0.24552036647102,1.27422103640967,-0.0627704709909387,0.245326980448486
"step","18802.png",18802,0.202488402551423,0.242587981929794,1.3275392393426,0.0274030407324357,0.238105919346104
"step","18816.png",18816,0.194660194030817,0.233240638011786,1.52233325634472,-0.0514688682654848,0.226817684520318
"step","18829.png",18829,0.198848675332191,0.237631687028094,1.20054917671767,-0.0570633680556916,0.232384563957949
"step","18842.png",18842,0.21532213373281,0.256846356862881,1.54179190373772,-0.030248456397496,0.251384548133195
"step","18856.png",18856,0.20189680732205,0.242872002172802,1.09733512601567,-0.0729328848736084,0.244378044354312
"step","18869.png",18869,0.193896321390024,0.232673695481824,1.37864273872102,0.00945092982924287,0.230024821745349
"step","18882.png",18882,0.189373972909782,0.227453314417603,1.40630052133784,0.0398616749101591,0.224644050622536
"step","18896.png",18896,0.205173169068509,0.245806862097088,1.35499352414935,-0.0315421525838127,0.24797652639076
"step","18909.png",18909,0.197437649397775,0.237073506885327,1.25021544493715,-0.0701142030826117,0.235639115352779
"step","18922.png",18922,0.189021997868485,0.227140997668609,1.42336418172839,-0.059711306548805,0.223656853067357
"step","18936.png",18936,0.198363913058439,0.240502866194417,1.57404282980984,-0.123564782032013,0.232747906078154
"step","18949.png",18949,0.187228636254554,0.225114495612922,1.38002517435902,0.0864557624430392,0.219489813902831
"step","18962.png",18962,0.201576163624198,0.24075762825011,1.35341470005732,-0.0537948578940474,0.23429717095106
"step","18976.png",18976,0.197507087469593,0.23849222706103,1.65974568849674,-0.0869236443081108,0.23033698927905
"step","18989.png",18989,0.195452060696206,0.235114737572579,1.39221701715175,-0.0584345136570734,0.227156734750683
"step","19002.png",19002,0.189556809192856,0.232416792410352,1.45248676941801,0.0193122658486829,0.233344138802435
"step","19016.png",19016,0.197629791484086,0.238970269892822,1.35455176043285,-0.109208937798901,0.234915716205141
"step","19029.png",19029,0.192694781936758,0.23101567213412,1.37571522220944,-0.0624942021287545,0.225826112325583
"step","19042.png",19042,0.201194284443652,0.239963898708649,1.57342350903144,-0.170620043207837,0.232593850803696
"step","19056.png",19056,0.193793167547696,0.232417676935697,1.33104681034347,0.034018785815595,0.230919450411976
"step","19069.png",19069,0.186912542646917,0.226245031480568,1.42261846276267,0.00343172859386137,0.222092064664042
"step","19082.png",19082,0.194780649024012,0.233185158847456,1.25164441049779,0.0824891099709,0.229370010148156
"step","19096.png",19096,0.179555845645652,0.216188946907607,1.36226607858022,-0.0312311444950282,0.213881744722994
"step","19109.png",19109,0.192024068567576,0.230727501030939,1.28073950301898,0.0447520295631977,0.22852348051093
"step","19122.png",19122,0.200267498377447,0.240625373119705,1.1164132896268,-0.0436769245123627,0.23868179146789
"step","19136.png",19136,0.195151177673453,0.235880597158282,1.08155700275659,-0.0503459060521937,0.233152014100827
"step","19149.png",19149,0.188954306058073,0.226750116746649,1.3914320430864,-0.0216474703231276,0.22217987911608
"step","19162.png",19162,0.192111069024446,0.230180329019402,1.37097593788619,-0.00272253517086721,0.22642360109972
"step","19176.png",19176,0.205501425416792,0.244746829101847,1.57003792336641,0.0784365874901942,0.243376356835682
"step","19189.png",19189,0.199516921114492,0.24116412902946,1.325694954451,-0.0524364574838536,0.2355906831904
"step","19202.png",19202,0.18479712381215,0.224658394349998,1.38775655132575,-0.0867096418186818,0.219473691525201
"step","19216.png",19216,0.201282884448142,0.240843281059251,1.32219169283381,0.053433389351402,0.239777969349161
"step","19229.png",19229,0.204767371017977,0.245443966655976,1.22962038107773,-0.0536540686360077,0.243184633353321
"step","19242.png",19242,0.193590487382636,0.232203504112648,1.31894731922318,-0.00938966339087438,0.229246211914414
"step","19256.png",19256,0.190261336076539,0.230498828650075,1.50060186606791,-0.0646594482185001,0.2266244715233
"step","19269.png",19269,0.199647699583834,0.239465837467918,1.40425677780465,-0.100383121998641,0.230430013578544
"step","19282.png",19282,0.196320831597635,0.23624368721047,1.17373378887477,-0.0557635294031495,0.237812511919463
"step","19296.png",19296,0.194428834796761,0.23410132263555,1.10722660475856,-0.0075554409834718,0.231725607351721
"step","19309.png",19309,0.190276695828223,0.22813266536932,1.28555796872533,0.0300089684572632,0.225099725878225
"step","19322.png",19322,0.200855638406484,0.240938318998894,1.31016173817029,-0.0475711287293198,0.244230365774149
"step","19336.png",19336,0.196036675420503,0.236005293336021,1.21189436655585,-0.102412444469796,0.230787175168617
"step","19349.png",19349,0.188687167368352,0.227955278606759,1.41028060602135,-0.127836546745755,0.222567642308312
"step","19362.png",19362,0.203888793273575,0.242927038941807,1.34012574544351,0.0874944470803906,0.245380014555439
"step","19376.png",19376,0.193178083268474,0.232250919224142,1.33885107715786,-0.0157852924042742,0.233804539421711
"step","19389.png",19389,0.184562359181762,0.22260697823527,1.25995673026926,-0.0241661276960256,0.221233207003269
"step","19402.png",19402,0.192986623979014,0.232852649462297,1.16904318297078,-0.147597015057696,0.228450636155403
"step","19416.png",19416,0.200416751486434,0.240679284692702,1.34649876985436,-0.0670551039179138,0.232531840178741
"step","19429.png",19429,0.19976537889552,0.24071816344027,1.23108343154187,-0.00699680841682485,0.23285292656656
"step","19442.png",19442,0.190863576077509,0.229825170691814,1.37970628538352,-0.0333192961600867,0.225845405948368
"step","19456.png",19456,0.193135080669992,0.233560558557465,1.15533409753723,-0.0339090401641689,0.229340196280673
"step","19469.png",19469,0.184346520951673,0.222371491414092,1.3323008330727,0.000730395411398743,0.220147812251865
"step","19482.png",19482,0.188808023873023,0.227633005589527,1.3764490760793,-0.00876730184489369,0.221583189312696
"step","19496.png",19496,0.207229301403022,0.248591112437247,1.10300393575914,-0.0690414373230015,0.247715974201687
"step","19509.png",19509,0.18005658819162,0.217408215560057,1.27878152614259,0.0217816067065664,0.213717958324272
"step","19522.png",19522,0.183007073888195,0.220317250021154,1.20686583460029,-0.0212367975697258,0.215749036042571
"step","19536.png",19536,0.189268818958958,0.227859802417277,1.26903272541042,-0.0410725293733905,0.224691223049281
"step","19549.png",19549,0.174534827999731,0.210517944578054,1.43833442512151,0.012666829574528,0.207937928379696
"step","19562.png",19562,0.185386187825488,0.223901142383688,1.62101159264075,-0.0481319515014868,0.218218273639813
"step","19576.png",19576,0.183981100104914,0.221702043024808,1.20790875121218,-0.0575671249144716,0.220739017828907
"step","19589.png",19589,0.185394508332672,0.222791695623317,1.27858959442729,0.0101364350056976,0.221868777092229
"step","19602.png",19602,0.186513626754342,0.224936205359805,1.32613748971836,-0.110324692560203,0.221298809837134
"step","19616.png",19616,0.175052104216172,0.211898679115724,1.24715419073338,0.0230825959159981,0.209376960686427
"step","19629.png",19629,0.180519800376497,0.219278324075085,1.35076385646825,0.19306732629628,0.211162702356923
"step","19642.png",19642,0.181041513601709,0.21897287658787,1.11698297760029,-0.12059890839892,0.212502574374405
"step","19656.png",19656,0.177051653989366,0.214580638026351,1.3613345835571,-0.0868521734991628,0.20740910522552
"step","19669.png",19669,0.182733106548439,0.220241123695099,1.14328395194968,0.0552792654217638,0.216337769333845
"step","19682.png",19682,0.192289436078466,0.231849028328192,1.21449705799049,0.0423530433610019,0.22978755165674
"step","19696.png",19696,0.179699343027993,0.216562526703633,1.31404964847537,0.00610966294825288,0.21341674803033
"step","19709.png",19709,0.191822173750408,0.23189536856756,1.28997677863002,-0.0851901731453319,0.227677537972495
"step","19722.png",19722,0.175679032613641,0.212408171591641,1.34686267227695,-0.0393536103350604,0.211283841462834
"step","19736.png",19736,0.185977255258088,0.224221935468586,1.34002469601551,-0.0356017115300863,0.222041662001725
"step","19749.png",19749,0.198551731427518,0.238438643280106,1.39099213876838,-0.0625252945057185,0.238006798688838
"step","19762.png",19762,0.188203874448307,0.227220095517706,1.35932081070102,0.0108718137348505,0.225682773922278
"step","19776.png",19776,0.190128031899484,0.228296279080133,1.28495072561696,-0.0614273659928914,0.219155228957075
"step","19789.png",19789,0.178201649335429,0.215399809786881,1.34949061739947,-0.0468813851234764,0.211315648062198
"step","19802.png",19802,0.183330867844229,0.221222805875925,1.09900305181795,-0.0273041015095025,0.219383797248052
"step","19816.png",19816,0.191584320354123,0.232052915661865,1.34768635893289,-0.145900921896796,0.225306258566679
"step","19829.png",19829,0.171441099263613,0.207765869121575,1.3522575354632,-0.0691410256564182,0.204941666540686
"step","19842.png",19842,0.183829739410317,0.223146230831734,1.25056296467716,-0.080133236394699,0.22091298476541
"step","19856.png",19856,0.19319179760461,0.233030935646363,1.22914971680179,-0.0163270356283749,0.230741755980254
"step","19869.png",19869,0.173088958218619,0.209177077634002,1.34998784001514,-0.0467384746871725,0.207397913217936
"step","19882.png",19882,0.176158434151309,0.212335716982795,1.31679258387814,-0.0661845975486342,0.211744149555801
"step","19896.png",19896,0.182279628148376,0.220014747209956,1.20879545606155,-0.0627404005904698,0.214572867780008
"step","19909.png",19909,0.185357233852053,0.223492569003999,1.24355448454826,0.0325483131396555,0.223721274592974
"step","19922.png",19922,0.182142614929288,0.220113636604829,1.29533192147623,-0.0571197066115287,0.217161306328941
"step","19936.png",19936,0.180572086019149,0.218824661045267,1.20358447252005,-0.117167611679703,0.217489853722316
"step","19949.png",19949,0.171651693850994,0.207531043723967,1.28907793881053,-0.0700235709403434,0.20484783908993
"step","19962.png",19962,0.181107087902415,0.218472551930951,1.27246170857008,-0.0322536731098637,0.216553570848118
"step","19976.png",19976,0.167945780894181,0.203007549726868,1.24473102757651,-0.0590964038665427,0.201119953319559
"step","19989.png",19989,0.175967032073432,0.213529243916668,1.27440940275997,-0.00585210132034639,0.20763687071729
"step","20002.png",20002,0.172371410248453,0.208637427861504,1.29340336935298,-0.0658204384138999,0.206258978854449
"step","20016.png",20016,0.187619243267887,0.225561182409036,1.21775757489202,0.0633547617399185,0.221303072907311
"step","20029.png",20029,0.189389802308245,0.227457326614809,1.1682012672542,0.00517094138273796,0.224731781584124
"step","20042.png",20042,0.180760663958262,0.217863036400885,1.34800873299106,0.0647754685635822,0.214303435388038
"step","20056.png",20056,0.173485929182815,0.210403614551918,1.37345009902321,-0.0878763861954975,0.207601684303121
"step","20069.png",20069,0.189700416138831,0.229500303180898,1.38977890876002,-0.0402943979750051,0.222756214251157
"step","20082.png",20082,0.178144389949517,0.214458004827178,1.28870439414796,0.00776838938919278,0.209455534999808
"step","20096.png",20096,0.167584790492251,0.203059604480086,1.25016531818635,-0.0321544118111094,0.198904821706643
"step","20109.png",20109,0.171523470753911,0.208434104440363,1.44627863300901,-0.0664365755871259,0.202650982739486
"step","20122.png",20122,0.162087037914268,0.197936138734902,1.28496387205948,-0.0996067587935507,0.19492069156336
"step","20136.png",20136,0.178225005646273,0.215172962666106,1.21241395220815,-0.00591360818877074,0.211749999712516
"step","20149.png",20149,0.193945906290982,0.235327331340252,1.3262771831296,-0.0386422276385648,0.233633718212234
"step","20162.png",20162,0.188913891949704,0.228518175945856,1.13099972652506,0.0199654269388777,0.227835787933187
"step","20176.png",20176,0.169246362797909,0.205467512103293,1.20642719051816,-0.021190643348748,0.204533130234174
"step","20189.png",20189,0.188885669597292,0.228025711169539,1.29578642370578,-0.0885131638234004,0.226395887889019
"step","20202.png",20202,0.194734132528852,0.235766467951181,1.08358346797496,-0.0345883017715569,0.231447004283473
"step","20216.png",20216,0.187425330914245,0.225463865419369,1.34437718723959,0.00986000956941352,0.227596890764936
"step","20229.png",20229,0.172849913180779,0.209281653114967,1.23714703666715,-0.132366902642617,0.207218668797949
"step","20242.png",20242,0.191822043056323,0.231129767814131,1.21800955579886,-0.0833920597717337,0.224157992320383
"step","20256.png",20256,0.18319378459785,0.22268914238665,1.37289971856377,-0.0225665855795509,0.219370040910433
"step","20269.png",20269,0.170389536041887,0.205708131608954,1.25379954966618,0.0345513335794944,0.20352682065388
"step","20283.png",20283,0.173065366481453,0.208917475889307,1.30204153541072,0.0173952943157772,0.208392982095205
"step","20296.png",20296,0.178913393366445,0.216468710878866,1.27933518470893,-0.0898391015118632,0.209618252743525
"step","20309.png",20309,0.179368796970619,0.21766966508814,1.25676016231004,-0.0409200960195086,0.215336705159391
"step","20323.png",20323,0.17607283722926,0.21311594078046,1.24043607036639,-0.00137436989194833,0.212499512251186
"step","20336.png",20336,0.188621858831256,0.227515081138756,1.24988027725007,-0.0422251415664444,0.220014992540329
"step","20349.png",20349,0.182116856617649,0.221408174149891,1.35804758586088,-0.0175863366088269,0.216077107470706
"step","20363.png",20363,0.17948530389211,0.216616617273118,1.2133175433072,0.0471362601711003,0.214475593405003
"step","20376.png",20376,0.17662269848717,0.21429514271885,1.41510680198381,-0.0677207261944539,0.206104280560646
"step","20389.png",20389,0.177243312590203,0.214356875534619,1.23310862897759,-0.0238550470824258,0.208398328248646
"step","20403.png",20403,0.173730013836331,0.210763108396279,1.29540771760914,-0.0295383678322244,0.20692291312577
"step","20416.png",20416,0.170333776391027,0.207008654097878,1.3681381597953,-0.0754370762414605,0.199904717822627
"step","20429.png",20429,0.177460658687968,0.214941848317056,1.26639286457908,0.0620480720040176,0.214492109093864
"step","20443.png",20443,0.186345391601959,0.224683367051351,1.24280694770107,0.0478594647700849,0.222956603832157
"step","20456.png",20456,0.174598819239583,0.211681418746741,1.29997550057889,-0.0470023826369476,0.207083992099515
"step","20469.png",20469,0.178425344549831,0.216222225770923,1.24713855765189,-0.0145197063239901,0.218095777323233
"step","20483.png",20483,0.174526950746011,0.211368509296975,1.21731678136304,0.0550183700706112,0.207402131356344
"step","20496.png",20496,0.21110450457233,0.254270850217858,1.16159502905941,-0.0222291979394702,0.255447335046778
"step","20509.png",20509,0.178729448589747,0.216587688375362,1.3048423082643,-0.0535780148769468,0.213416993465988
"step","20523.png",20523,0.179092191803865,0.21638704485467,1.19704730731596,-0.00507080001617879,0.212248375815395
"step","20536.png",20536,0.181730509149701,0.220171867144435,1.12926417554621,-0.147594692181715,0.213725838541989
"step","20549.png",20549,0.189379839337598,0.228027372837939,1.26265656291432,0.0452678947890977,0.220699805897551
"step","20563.png",20563,0.179135479793239,0.2173276036438,1.23292627635572,0.0822548738346957,0.209943453007232
"step","20576.png",20576,0.17503523369912,0.211255982393897,1.32070299950063,0.0747676047523259,0.204488538503429
"step","20589.png",20589,0.194080149732863,0.234869908655184,1.31101716118395,-0.0849995539803211,0.23331738257733
"step","20603.png",20603,0.175299596535334,0.212328334601668,1.24600941364828,0.0134680771011189,0.206047750994346
"step","20616.png",20616,0.18049490623336,0.218279091957063,1.36692206345604,0.00253798430668781,0.216208701328333
"step","20629.png",20629,0.176996265094925,0.214608445050738,1.43569049419089,-0.0735554068029552,0.209490796527588
"step","20643.png",20643,0.170907496437294,0.207872724981246,1.48076218273056,0.0438146994965777,0.201480876541736
"step","20656.png",20656,0.167168555610704,0.207510344734363,1.39825439986881,-0.0234434285332555,0.202518876904305
"step","20669.png",20669,0.170756667863418,0.207018622266141,1.20588676815626,0.0723164446970488,0.205093825077277
"step","20683.png",20683,0.188635113529442,0.227624346133319,1.21252624211206,-0.0652699323495349,0.224014062781242
"step","20696.png",20696,0.19052656720395,0.230375120413837,1.19349232530404,-0.106142465783026,0.22903319754746
"step","20709.png",20709,0.162449504468698,0.197307389330747,1.27995629175054,-0.0447711198218312,0.19265272649723
"step","20723.png",20723,0.168382858347158,0.204968606454663,1.36156362173647,-0.0181157395278969,0.204892775705008
"step","20736.png",20736,0.192621602640335,0.231747819666664,1.27280260002966,0.0574515816329743,0.227445230136393
"step","20749.png",20749,0.183217815074923,0.221245228983822,1.23353870221303,-0.0509099484116589,0.223334707238268
"step","20763.png",20763,0.166446600602481,0.201473945049128,1.42529896416545,-0.0350363152131964,0.196918649206768
"step","20776.png",20776,0.161812468406604,0.198053429161196,1.42593949794983,0.0424526323674608,0.197085127092597
"step","20789.png",20789,0.16139226821673,0.196316433043209,1.39061860261047,-0.0822381710457159,0.192473224109313
"step","20803.png",20803,0.195456815177244,0.237466849677683,1.23482164963753,-0.0580173014971414,0.231318480826382
"step","20816.png",20816,0.181528989142492,0.219580848959826,1.29644960230828,0.0560748377928203,0.216180174341791
"step","20829.png",20829,0.173630097474177,0.211021264137063,1.30437326782483,-0.0482450871820484,0.208513545691977
"step","20843.png",20843,0.185572511548102,0.222872630329865,1.48929362234946,-0.0443854758837269,0.218877562277352
"step","20856.png",20856,0.170065231174137,0.205794147139537,1.44730935203635,0.0262794789527159,0.202927890476034
"step","20869.png",20869,0.18325608038482,0.221611947182809,1.30137325669765,9.10971329115551e-06,0.219847803452056
"step","20883.png",20883,0.175376541203405,0.212035225713329,1.30348210734912,0.0180762308324368,0.20264962786347
"step","20896.png",20896,0.181705613928306,0.221085562880925,1.3980678095328,-0.00607290042634653,0.218268149320747
"step","20909.png",20909,0.182469290610894,0.22131836314104,1.18813368237171,-0.00486614907983518,0.221252650053392
"step","20923.png",20923,0.185865545295105,0.226793673129047,1.27822144854917,-0.0804813317140124,0.226997062359275
"step","20936.png",20936,0.18277461283613,0.221147625676913,1.24230824648143,-0.0537283926228061,0.221439311264713
"step","20949.png",20949,0.181899358435322,0.220304685165811,1.11006598092086,0.0320663441855089,0.218670229710713
"step","20963.png",20963,0.185489679093259,0.224779878904495,1.28808709291891,-0.0657328203133428,0.217936698035663
"step","20976.png",20976,0.179137698097023,0.216933143396914,1.27006631639438,-0.0207940047126357,0.215068833448198
"step","20989.png",20989,0.180458361063842,0.217274335457231,1.20856429385548,-0.00861131004388954,0.222191391725158
"step","21003.png",21003,0.174041920248951,0.213074452343206,1.42336751560642,-0.0605697713719986,0.210125592331566
"step","21016.png",21016,0.184392198939239,0.221718464920446,1.35493686747778,0.0376131795236915,0.215332523753359
"step","21029.png",21029,0.179389714417444,0.21749900822644,1.23926874255664,-0.0381837027483511,0.215613904881293
"step","21043.png",21043,0.175318608736836,0.212163377104901,1.32457617506122,-0.0197327155226684,0.207579868532006
"step","21056.png",21056,0.167705457670948,0.204044419851688,1.3507473564752,0.0426249162109932,0.204212809559291
"step","21069.png",21069,0.178076308202252,0.216088398834586,1.19079752625686,0.126036304055485,0.212385191913282
"step","21083.png",21083,0.182083849659753,0.220363035550575,1.15465286672711,0.00411544592077501,0.218589790598426
"step","21096.png",21096,0.183976432685022,0.22247498681973,1.37474856470103,-0.0437296282070485,0.219656212233499
"step","21109.png",21109,0.170454563939384,0.206944803517912,1.28380955941265,-0.0566746419081146,0.203181891673537
"step","21123.png",21123,0.178008331916173,0.215549614673845,1.32991212760723,-0.0590294495236335,0.213201533049651
"step","21136.png",21136,0.161042957246524,0.196863683395127,1.27104586849805,-4.92805928400952e-06,0.193933960232418
"step","21149.png",21149,0.172392671997695,0.20977212160093,1.36675998092096,-0.0973739367588259,0.210131325029777
"step","21163.png",21163,0.167236686419743,0.202456291362886,1.25135106321819,0.01243084683838,0.199305991036626
"step","21176.png",21176,0.169273288292261,0.205274260273905,1.35064118598665,-0.0625571413043171,0.197854337715282
"step","21189.png",21189,0.177650658354848,0.21581954715808,1.36957388461794,-0.0460778123673238,0.212763787558893
"step","21203.png",21203,0.184828932007658,0.223365730454157,1.24881364337972,0.00624795608895978,0.223157534255158
"step","21216.png",21216,0.164266741169724,0.199571073194106,1.31752952553322,-0.0621141151402839,0.195264499657167
"step","21229.png",21229,0.17189827069824,0.20952765444948,1.33523039074482,-0.0135723910182481,0.206762648489061
"step","21243.png",21243,0.171445097861031,0.208299416432706,1.29738177257253,0.0113261367304948,0.203862461492751
"step","21256.png",21256,0.177095256993194,0.215484136709916,1.16881346908037,-0.0322945718608287,0.212822775233265
"step","21269.png",21269,0.186421818815306,0.225337657727474,1.38046641649861,-0.131421726357524,0.221596537399342
"step","21283.png",21283,0.177905354074785,0.214656246688793,1.29674098001853,-0.0398294572951459,0.210372910396768
"step","21296.png",21296,0.175995007149421,0.214040359495323,1.24409015195465,-0.0732739495107595,0.213781486436824
"step","21309.png",21309,0.178438913858501,0.215929729941261,1.22856239340187,0.146068241692754,0.216574323538762
"step","21323.png",21323,0.160779587361798,0.196218203528992,1.12416814478392,0.0250905435595575,0.19339756728554
"step","21336.png",21336,0.173623786444955,0.211155410050055,1.16135466558714,-0.0242454271894257,0.208982982285911
"step","21349.png",21349,0.176840546032447,0.214305056161418,1.22782471037587,-0.0215398897065742,0.209087088131328
"step","21363.png",21363,0.193113029242101,0.232822211221396,1.20660512784822,-0.0210572798671146,0.229975603635531
"step","21376.png",21376,0.171195808185291,0.208332741064708,1.37842933032395,-0.0306086025916065,0.207674367461924
"step","21389.png",21389,0.173696229871439,0.210582875170117,1.29175514316281,-0.0603843694131617,0.208241614785634
"step","21403.png",21403,0.194907116319612,0.235720724572724,1.27943519234086,-0.129529748150549,0.237607246161407
"step","21416.png",21416,0.182629801982024,0.221017634093961,1.31136201276939,0.0467473322873616,0.218976753292952
"step","21429.png",21429,0.172562878991525,0.208770712104479,1.21643786560219,0.0373091457471322,0.205841005940678
"step","21443.png",21443,0.202909737383341,0.244633818813155,1.52311073624569,-0.0668607179221706,0.242783236564117
"step","21456.png",21456,0.163657813659936,0.198552869551385,1.28258398899778,-0.136300298875822,0.194843586465288
"step","21469.png",21469,0.186825281175915,0.226119617854143,1.28342478672465,-0.0268262019319986,0.227429054392087
"step","21483.png",21483,0.176041458727929,0.214199576257789,1.2752596129005,-0.0780410274155826,0.20869521825021
"step","21496.png",21496,0.180336896705762,0.219218282232082,1.32660758517906,0.0517459508076825,0.213107920028026
"step","21509.png",21509,0.176610928101014,0.215201546142204,1.28611186058549,-0.0371184348068731,0.212118515810385
"step","21523.png",21523,0.187918263654451,0.228536977362911,1.3040176537882,-0.0316004388367256,0.229122920384864
"step","21536.png",21536,0.182186678684486,0.220262436511893,1.26302549183296,0.0104975890566527,0.221370139982084
"step","21549.png",21549,0.165998328604516,0.201051288580524,1.22725103078398,0.014711708314411,0.195413816260565
"step","21563.png",21563,0.174543551460455,0.211823021971372,1.23896390657824,-0.0167515273430168,0.205396204726938
"step","21576.png",21576,0.175506339610987,0.212896524047039,1.2194547207082,-0.0206573797845127,0.21247716637228
"step","21589.png",21589,0.179515887279228,0.21888169802592,1.45101053159965,-0.059481517576213,0.215570572848986
"step","21603.png",21603,0.198819917251189,0.241260815784898,1.28454600291983,0.0801442148583308,0.236358406835341
"step","21616.png",21616,0.182789838054815,0.222482290039389,1.19526921464177,-0.0900317960408763,0.221345788769894
"step","21629.png",21629,0.17602253381359,0.2137387763089,1.22616845512579,-0.0199790569450291,0.210124898991649
"step","21643.png",21643,0.182694144831604,0.221904717220917,1.25054836466178,-0.0246644918149513,0.218887558327188
"step","21656.png",21656,0.18135697308724,0.219465529517437,1.28636533905414,-0.000353180858084834,0.220294192314833
"step","21669.png",21669,0.172588611056488,0.208448971336911,1.19771500368674,0.0966140304301903,0.204204973009631
"step","21683.png",21683,0.179788187272371,0.218062300810109,1.27242833078837,-0.0505673593577193,0.214087532070072
"step","21696.png",21696,0.183874733378387,0.221200462098314,1.27612445132798,0.0413141248186393,0.222288614154489
"step","21709.png",21709,0.171399154934169,0.207018378857348,1.34721393337253,0.0817372184813404,0.200974618366018
"step","21723.png",21723,0.165430267643151,0.201925317485177,1.4103583892665,-0.0135302888772145,0.197098711739002
"step","21736.png",21736,0.180657997079585,0.220197656615857,1.2248365535806,0.0310484146791514,0.219049612536485
"step","21749.png",21749,0.175391878887123,0.21323462980656,1.30620093962211,-0.0636494356945926,0.211443866024089
"step","21763.png",21763,0.172626736305055,0.208428188661775,1.18820320658761,0.0706426748392132,0.206718186133522
"step","21776.png",21776,0.200828354636977,0.243155126683469,1.14736343235566,-0.0365563067593709,0.241108374789208
"step","21789.png",21789,0.169915759933531,0.20690655879872,1.17861926078565,-0.00242597682167231,0.208620312754345
"step","21803.png",21803,0.191621402985202,0.231850863599898,1.20041163623394,-0.0613208394450685,0.230913959667626
"step","21816.png",21816,0.182205667171782,0.220480180173861,1.11817586424623,-0.00814190542961934,0.220188905103219
"step","21829.png",21829,0.176862848930697,0.213913312531344,1.34725851492754,-0.0326060451299197,0.208280516672643
"step","21843.png",21843,0.165654574930428,0.202044094122513,1.43845702264197,0.00278945107961467,0.199871846823407
"step","21856.png",21856,0.180618541066743,0.218691099116186,1.25205301402989,0.00775957302528363,0.213359158802837
"step","21869.png",21869,0.185420219701771,0.223912657008016,1.20196593260825,0.071031341997715,0.224908013432831
"step","21883.png",21883,0.172255718539859,0.208704507543594,1.31081448677076,-0.079054626890333,0.202641040778769
"step","21896.png",21896,0.182572299013405,0.220739763470448,1.1699871007579,0.0552650786107572,0.217778338131078
"step","21909.png",21909,0.203280774028634,0.243823908839004,1.17906527515892,-0.00215241330236463,0.238285592778322
"step","21923.png",21923,0.179288140021004,0.216952209897228,1.2235250723486,0.0456316818127236,0.213031117949902
"step","21936.png",21936,0.187343782318196,0.226875850613963,1.26171634939695,0.00912127587362194,0.217891903630478
"step","21949.png",21949,0.176281723234927,0.213790682559945,1.3483416536394,-0.0424533958748868,0.213437676719026
"step","21963.png",21963,0.189623562865051,0.22822589070006,1.27720101744109,0.0300433324840309,0.219016912081535
"step","21976.png",21976,0.19537689043789,0.235284724785586,1.35521766041013,0.00129927987338022,0.237636766274169
"step","21989.png",21989,0.189142697986815,0.230110755270214,1.39832294711862,-0.0879527960017114,0.226772908674638
"step","22003.png",22003,0.188752222303366,0.226264065727458,1.34529238521899,0.038282218836395,0.222524507826198
"step","22016.png",22016,0.174034549604364,0.211441102148049,1.25814521397963,0.0593446439475378,0.209851450539934
"step","22029.png",22029,0.187504922649913,0.226288051104574,1.37119757715804,-0.00690738402330632,0.224619213205681
"step","22043.png",22043,0.181496997846759,0.219130033523959,1.29605424323794,0.0409633659785611,0.215045971273698
"step","22056.png",22056,0.1903876272288,0.230189829433477,1.23676106485095,0.0573691901551478,0.225775041437964
"step","22069.png",22069,0.167794053000942,0.204003102380619,1.349948152357,-0.0510648845824227,0.199963961605922
"step","22083.png",22083,0.178420601260827,0.216607800156323,1.29220807832517,-0.135676862553728,0.215636554501243
"step","22096.png",22096,0.206807317892798,0.24719732789671,1.2906958694427,0.0403262252069531,0.247364871214108
"step","22109.png",22109,0.190380589823207,0.229904780446478,1.22687055257123,-0.0704850002923333,0.228027684271143
"step","22123.png",22123,0.188081511763886,0.229285948948865,1.16701841580586,-0.0440276516775383,0.222167538910756
"step","22136.png",22136,0.188394050815509,0.227668172959914,1.19186420423279,0.0963697903601773,0.223390098153663
"step","22149.png",22149,0.194273204341012,0.234546069735967,1.2236772861692,-0.0399672826678786,0.232291505744934
"step","22163.png",22163,0.164062914158609,0.200259726121878,1.32448841388733,-0.0552421192098281,0.195760734615304
"step","22176.png",22176,0.177520812946338,0.216561393836821,1.21998873140493,-0.0169573674744676,0.215963233649651
"step","22189.png",22189,0.189070208708151,0.228579073839869,1.26725255781514,0.0708307816479972,0.226811026564137
"step","22203.png",22203,0.161820844584085,0.197020695277873,1.31732250947529,-0.0736037194245706,0.18930481321505
"step","22216.png",22216,0.167647396438447,0.203926927787551,1.17325318645691,-0.0163080521425633,0.198188652585789
"step","22229.png",22229,0.167970627103656,0.204582787870519,1.27733989088125,-0.0360653245341551,0.197700326654026
"step","22243.png",22243,0.180325507344523,0.219059266080156,1.22222945425977,0.00276681038988297,0.212579377180279
"step","22256.png",22256,0.177702174261918,0.215962654171087,1.31424430320943,0.0140055320291209,0.210920572369727
"step","22269.png",22269,0.185403975488494,0.222117034109597,1.26260527117398,0.175670069465353,0.220383402399576
"step","22283.png",22283,0.185260228219717,0.224926460784968,1.33855715988816,-0.0033736287655762,0.219769024815895
"step","22296.png",22296,0.177485126003825,0.214651705059794,1.33110174122626,-0.0501301998131326,0.211228571503741
"step","22309.png",22309,0.172883614893769,0.210165412726278,1.24680906559695,-0.051906818596558,0.204441038804906
"step","22323.png",22323,0.201130622608153,0.244108065519837,1.34755904783952,0.106418589040034,0.239289467867749
"step","22336.png",22336,0.191339416446815,0.234647212891031,1.52035500038871,-0.0191472531377639,0.228703691680639
"step","22349.png",22349,0.162641917817098,0.197864298335791,1.19358648392528,0.0959163848938283,0.193614145044311
"step","22363.png",22363,0.189246149567253,0.228084025066511,1.3345752094906,-0.0171106290247794,0.229463330322184
"step","22376.png",22376,0.173966718297377,0.211972168243308,1.3319461872236,-0.0659977465805738,0.205294402601883
"step","22389.png",22389,0.192927732287902,0.232203846612595,1.289473647904,0.192912529751118,0.231233013360264
"step","22403.png",22403,0.175386564759594,0.212657337146753,1.29428868666404,0.0808287753173904,0.203777688203077
"step","22416.png",22416,0.168933858332594,0.205117220024465,1.27987078176467,0.0702003046648671,0.1970022241061
"step","22429.png",22429,0.165115041132032,0.201267215180308,1.28126651610891,0.070108924464608,0.197491644480636
"step","22443.png",22443,0.176863521233306,0.214763480796256,1.21586330139419,0.0591614760180802,0.211404952004697
"step","22456.png",22456,0.19058173651522,0.231550640718295,1.43409387372303,-0.0469747817856339,0.231840056629344
"step","22469.png",22469,0.191874783424718,0.235568262357183,1.43726065301755,-0.151881502279053,0.231813353918666
"step","22483.png",22483,0.171223064083578,0.208089042814334,1.309792188027,0.0177770546947078,0.201062090897543
"step","22496.png",22496,0.168191624049228,0.203343110491221,1.21109392127336,0.181415332959149,0.197678050969578
"step","22509.png",22509,0.193908766122287,0.232879780063687,1.458918172492,-0.118614610925197,0.22994028240055
"step","22523.png",22523,0.174503864428284,0.212472631445202,1.19011097405999,-0.023388028785735,0.204549128921611
"step","22536.png",22536,0.180076133223068,0.217726361123253,1.30390785370703,0.0207809324556473,0.213097379602255
"step","22549.png",22549,0.184638091721606,0.222033957568533,1.33490220826071,0.166350689721817,0.219983386723558
"step","22563.png",22563,0.192704778286366,0.232922567654695,1.30811349542981,0.0244928991794411,0.23197080082451
"step","22576.png",22576,0.184046385766016,0.222533975709245,1.28435607598001,0.0266254763299601,0.219395494862544
"step","22589.png",22589,0.218863741830457,0.260930875060653,1.21948083124546,-0.0233587844445234,0.262222219538041
"step","22603.png",22603,0.193113140111834,0.232152671078689,1.39668038260636,0.0166207502091666,0.228392100041354
"step","22616.png",22616,0.183631762490509,0.222699058032004,1.21677624686426,-0.0538676578743246,0.223503483200168
"step","22629.png",22629,0.172254746628083,0.209042226603231,1.25114972079892,0.0310384362302906,0.204952696663575
"step","22643.png",22643,0.181275483597012,0.219741194753922,1.26090797695795,-0.0831212607565946,0.214058130202467
"step","22656.png",22656,0.196517809425843,0.237059236134581,1.3166536325969,0.04413675118004,0.230469675483521
"step","22669.png",22669,0.194169852062575,0.237214587613672,1.3025728297571,0.0331992086470363,0.231974798131882
"step","22683.png",22683,0.18103334702224,0.219828072759858,1.29151095369214,-0.0130005997291594,0.216677243165865
"step","22696.png",22696,0.190618885877907,0.23015203834499,1.43222259746104,0.069649407290373,0.226137387246902
"step","22709.png",22709,0.182475386915856,0.22136143717433,1.29904207035287,0.188086601102973,0.217391558254741
"step","22723.png",22723,0.173751887060595,0.211071429818268,1.27324245656145,0.0186164442598702,0.206521338590163
"step","22736.png",22736,0.165696986352089,0.200295075261067,1.29399807899312,0.139479834838216,0.196881363192837
"step","22749.png",22749,0.18930599202291,0.227678527841073,1.17573349243057,0.16494294255068,0.223529473782319
"step","22763.png",22763,0.190719093410244,0.232629252863789,1.35014131802799,0.0570950124347163,0.225741227509184
"step","22776.png",22776,0.162667198452021,0.198295500860313,1.38586486787187,-0.000210474629391472,0.191852806409039
"step","22789.png",22789,0.164080308941981,0.200685256119632,1.50885863288745,-0.0183334424888345,0.194307524074871
"step","22803.png",22803,0.174547556316555,0.212636588000466,1.33631750465316,0.0336137828801839,0.205146734250308
"step","22816.png",22816,0.173958590596954,0.211422924705796,1.27456293386311,0.104133708975411,0.204745632614408
"step","22829.png",22829,0.197948105016091,0.239156011274627,1.22409978313493,-0.00574295841336506,0.236137140749799
"step","22843.png",22843,0.181054655043993,0.218503758299204,1.35143740112341,0.130688278968828,0.208983343303769
"step","22856.png",22856,0.18017457745303,0.217883499628522,1.27543535115028,0.10250542184363,0.210548932820237
"step","22869.png",22869,0.193206259752558,0.232409435449228,1.36816832145603,-0.0339284535639169,0.227611579782048
"step","22883.png",22883,0.178465245310497,0.215823665462206,1.32324402935136,0.105327664890026,0.210253636363021
"step","22896.png",22896,0.177558839626404,0.21455213738172,1.26519925187571,0.0791983837951945,0.212429593935458
"step","22909.png",22909,0.170056176944222,0.206080970657095,1.24084216092761,0.0858652676940318,0.200638102853351
"step","22923.png",22923,0.17548434269317,0.212436824868115,1.24871533903338,0.0736471346900202,0.206857067460397
"step","22936.png",22936,0.172787653912109,0.208656894045637,1.34568907541434,0.035761914223543,0.202757363243966
"step","22949.png",22949,0.179642758129402,0.218344718399493,1.37795307843342,-0.0493029039708766,0.207877332346679
"step","22963.png",22963,0.166565178168921,0.202917732864383,1.31502626988086,0.0614561879333382,0.195032556411251
"step","22976.png",22976,0.174846041769173,0.211994246591058,1.36393871719144,0.0766457503083517,0.209082240054827
"step","22990.png",22990,0.174493759171244,0.210852938499015,1.24238185839802,0.150195737745869,0.207161447634484
"step","23003.png",23003,0.209936359039964,0.250819122910534,1.40324023870363,0.0171968283544719,0.250960447214888
"step","23016.png",23016,0.16813342495545,0.204862691692582,1.46428811206919,0.038722262824903,0.197156563748012
"step","23030.png",23030,0.187669558706215,0.227603287200993,1.22547529830136,0.15014980733553,0.222019775495808
"step","23043.png",23043,0.176805549801549,0.213798499644369,1.22224206117791,0.124137992938761,0.207154228676589
"step","23056.png",23056,0.185641385071397,0.224698950481267,1.45304858560227,-0.18636161936637,0.2179745957629
"step","23070.png",23070,0.170300842654,0.207190143398227,1.28249609066146,0.0652632496295837,0.200251820747303
"step","23083.png",23083,0.163135290858896,0.198834801073014,1.19349149564509,0.0645461942571207,0.195041212520203
"step","23096.png",23096,0.178381855383142,0.215384694939598,1.31454542190792,0.0549752669689459,0.212268571996895
"step","23110.png",23110,0.207407178517584,0.248399692706406,1.38059761047075,0.0900558472530618,0.249479475460349
"step","23123.png",23123,0.165076094168008,0.20170939429025,1.42377592155738,-0.0410395727666963,0.196115799190537
"step","23136.png",23136,0.164720097218639,0.200942342485272,1.43484233130316,0.0938460072672102,0.19148844651731
"step","23150.png",23150,0.180564307454213,0.218973233290828,1.3297468716439,-0.0107241684383844,0.2136888605193
"step","23163.png",23163,0.171171499790623,0.208010611128302,1.26194511305592,0.0382122984326426,0.199669400959213
"step","23176.png",23176,0.185834521452668,0.225871097410307,1.3316105205819,-0.0234809039468848,0.219488017954012
"step","23190.png",23190,0.198272778506755,0.238857882388059,1.31953153695127,-0.217338211379333,0.238785671049942
"step","23203.png",23203,0.189698014875063,0.227401814406952,1.24509916275767,0.268489888466988,0.224251736581705
"step","23216.png",23216,0.164240080350657,0.199342726979706,1.28877870434708,-0.00563919651862099,0.19467220360244
"step","23230.png",23230,0.180953225326227,0.217109877948066,1.38371397505974,0.104843711619607,0.209113013903043
"step","23243.png",23243,0.172987488763775,0.211555849616542,1.41982845945612,-0.0303828124764382,0.204980394140097
"step","23256.png",23256,0.16457858075858,0.200427996383961,1.49678637843297,-0.0285320864301687,0.192140740100356
"step","23270.png",23270,0.168083281430646,0.204347498537395,1.44143203809481,0.109514274500555,0.198568212312635
"step","23283.png",23283,0.179571968079037,0.21814119132748,1.18484264157715,-0.0109301453778656,0.214112859645197
"step","23296.png",23296,0.179667304148697,0.218624702481996,1.35241636448131,-0.0362553732354409,0.212661882215528
"step","23310.png",23310,0.176455727295813,0.213748193954525,1.36342694486821,0.12730023481198,0.207576415747196
"step","23323.png",23323,0.168407245246797,0.2045968602356,1.33938428360157,0.0394689045362891,0.201359215038828
"step","23336.png",23336,0.176412490806452,0.213752466275299,1.2678144646683,0.0816739093895208,0.207921229463292
"step","23350.png",23350,0.16609010019624,0.201551008344109,1.42896454306648,0.0394722251771352,0.196940277985877
"step","23363.png",23363,0.18282476710255,0.221521029258548,1.37246742333787,-0.0145793971603247,0.218935403856994
"step","23376.png",23376,0.182719511427945,0.22067273362943,1.35545050419103,-0.0398758179621032,0.215583167967426
"step","23390.png",23390,0.200230059373584,0.239599466686387,1.54656668384301,-0.00207779074695448,0.233361714989733
"step","23403.png",23403,0.18636539910162,0.225638426969925,1.32102097323346,-0.157055420368017,0.228047097518076
"step","23416.png",23416,0.174354891587485,0.213245499100667,1.46675929726613,0.0475940358634818,0.202344843060311
"step","23430.png",23430,0.172979095958069,0.21099027724093,1.40141174716309,-0.0225045352354486,0.204933413432492
"step","23443.png",23443,0.1733599704407,0.211592058492289,1.30981689608337,0.0370330088098484,0.205864272430512
"step","23456.png",23456,0.170268659265958,0.207793511025482,1.42638076779663,-0.0256370621716659,0.199377644256609
"step","23470.png",23470,0.187280385326483,0.227018544494963,1.26642550314077,0.0497697325133685,0.224122180543046
"step","23483.png",23483,0.168390976608911,0.204930661573288,1.33593100957172,0.0607559580298751,0.198997197447991
"step","23496.png",23496,0.181000052253706,0.219419718714863,1.27686601399163,0.0812269490289491,0.216598239211837
"step","23510.png",23510,0.18254597715034,0.221946137396137,1.19263205133755,-0.0544431934827421,0.218079154671499
"step","23523.png",23523,0.189441375382645,0.227809285975931,1.25166997052495,0.0420368633563783,0.221205110805075
"step","23536.png",23536,0.186104543335719,0.224859199998721,1.35411302545446,-0.0363882438056227,0.217404538263899
"step","23550.png",23550,0.170061041372859,0.207290083740105,1.34809871049204,-0.0157078515369045,0.202675468866109
"step","23563.png",23563,0.161798722020482,0.197390075552421,1.33675885209723,0.0408733783718972,0.191437113086866
"step","23576.png",23576,0.16245763182342,0.197915146932525,1.33792276148448,0.0394606341917762,0.191641198492827
"step","23590.png",23590,0.171363491254853,0.207656271432966,1.44450131833165,0.0242355251400322,0.207073386560358
"step","23603.png",23603,0.18199624563954,0.223945964802001,1.43278154068372,0.120682280291032,0.219037620296199
"step","23616.png",23616,0.172503111782495,0.210091069667805,1.51109908306621,-0.0510860502684881,0.207208357949543
"step","23630.png",23630,0.176756504583569,0.214378142706772,1.21910936216798,0.084302840788425,0.213064185822548
"step","23643.png",23643,0.168790558045314,0.205001907080893,1.27127182167742,0.0544711243353494,0.20145651607802
"step","23656.png",23656,0.177209802206436,0.21420052475183,1.24069553903423,0.151084174898258,0.209089687718098
"step","23670.png",23670,0.183675897447742,0.222905913031545,1.16561087629283,0.0997529760419684,0.220262115326625
"step","23683.png",23683,0.208867379284821,0.252639227307131,1.19856011183299,-0.115311709558119,0.24879235800199
"step","23696.png",23696,0.171377675958603,0.207888021004425,1.24092745371411,0.00964052392263942,0.202717840880492
"step","23710.png",23710,0.178141324884623,0.216285419988413,1.16597412547108,-0.0146935329616333,0.215972336505009
"step","23723.png",23723,0.186287263266569,0.225201580488251,1.22188658379183,0.0224410421648385,0.222702747108164
"step","23736.png",23736,0.166657499476364,0.201654692505076,1.29681838085499,0.05517446698638,0.199584844232083
"step","23750.png",23750,0.193361541033135,0.233623989934216,1.37524054718522,-0.176090183328287,0.236881754943133
"step","23763.png",23763,0.17538587498991,0.213939929231651,1.22494769471931,0.026552927602268,0.212562152859659
"step","23776.png",23776,0.185023275227985,0.223538846777844,1.36726805720329,0.0976219528725997,0.224808767952346
"step","23790.png",23790,0.182181422746582,0.220207256518301,1.35202638037361,-0.0599079059524572,0.221834544035736
"step","23803.png",23803,0.175222227238749,0.211881226730943,1.26171905127273,-0.0073010853511353,0.207258888840642
"step","23816.png",23816,0.172234297683914,0.209605267358293,1.21646788601996,0.0771101012139428,0.205139271659358
"step","23830.png",23830,0.193028099672993,0.232679417337,1.27546812094902,0.0650625521148435,0.227915525237734
"step","23843.png",23843,0.169016848437435,0.206329071582246,1.28516541681427,0.0201656158672912,0.200301774745143
"step","23856.png",23856,0.179668751622617,0.217102530040515,1.35619383980958,0.0233727678709336,0.207841031708425
"step","23870.png",23870,0.16935272544508,0.205667061839991,1.31441295030677,0.0609583891249249,0.199602425707656
"step","23883.png",23883,0.164558339990597,0.19978692417109,1.248719463254,0.0655947241096557,0.194567039486395
"step","23896.png",23896,0.197241667710003,0.237384309392501,1.18602817265812,0.0149237053926037,0.238041598619083
"step","23910.png",23910,0.173872982059506,0.209863464646319,1.22061638122449,0.0770274267853367,0.208304920449577
"step","23923.png",23923,0.174333821475155,0.211252394200497,1.29598985217451,0.1030748720587,0.209960953100105
"step","23936.png",23936,0.176571205788282,0.214464319558448,1.42636290435662,-0.0320997573009457,0.214213900440951
"step","23950.png",23950,0.199244791053158,0.238786441371255,1.24253314899064,-0.0434594422953649,0.233248503827933
"step","23963.png",23963,0.16500393990713,0.200217892255,1.2302905179561,0.0270271641764267,0.196878642502241
"step","23976.png",23976,0.182534558631812,0.221128214571711,1.34817015861386,-0.123442754427019,0.21843142779793
"step","23990.png",23990,0.178003188362758,0.214973879150036,1.33452595791647,-0.0361705153454291,0.210089282286183
"step","24003.png",24003,0.178365677708438,0.216308561658486,1.12700967371121,-0.00752144859973963,0.217646074137047
"step","24016.png",24016,0.183850672299927,0.221939733945765,1.22772395619502,0.111627995978802,0.224566634254626
"step","24030.png",24030,0.203519919665463,0.24495484877264,1.22936430500764,0.17691523426067,0.244021330999726
"step","24043.png",24043,0.182310412118536,0.220372039681313,1.39385273779288,0.0506308832261318,0.215246268759226
"step","24056.png",24056,0.191403808823903,0.231572955940283,1.25360003910256,0.00489811632473791,0.227221383308703
"step","24070.png",24070,0.178336398126103,0.217084001505814,1.29705151377744,0.0226386431298148,0.219148923939528
"step","24083.png",24083,0.172677885994355,0.210932567542098,1.21382843350401,0.00921912084115867,0.20759416311347
"step","24096.png",24096,0.198727763075825,0.23827456318571,1.24537048352606,0.145010583351548,0.235942844626673
"step","24110.png",24110,0.192807276924279,0.232837650792604,1.19796754028009,0.0190890514252104,0.236961383614732
"step","24123.png",24123,0.169024202210189,0.205235249886246,1.36212886559,0.052084349567227,0.196114596358018
"step","24136.png",24136,0.174667043720512,0.212288040741506,1.29604987905571,0.0297399390745987,0.206410459313808
"step","24150.png",24150,0.167452576088871,0.204146310719478,1.2483714421416,-0.00822166114493572,0.199859675423704
"step","24163.png",24163,0.17213910740903,0.208644889791592,1.2063822374324,0.00519092397934101,0.203821732837897
"step","24176.png",24176,0.165588431227376,0.201620648574242,1.20495534454922,-0.00760225397709302,0.1969164140892
"step","24190.png",24190,0.176601937047806,0.214826367928019,1.24308818902068,-0.011106044418844,0.210531726926256
"step","24203.png",24203,0.182905387396566,0.221326367863637,1.30654005532613,0.0692223654974603,0.211212654998533
"step","24216.png",24216,0.163998425435479,0.198961984533746,1.27136929373013,0.0960718048603503,0.194051354187096
"step","24230.png",24230,0.170638018181093,0.20624433988138,1.30703992505633,0.0745570089531924,0.20204139678283
"step","24243.png",24243,0.185074799411605,0.223888674620075,1.33750098114535,-0.0264818209378578,0.221922796482
"step","24256.png",24256,0.165570848006206,0.201092285088149,1.28872026839155,0.0154765233234164,0.198863803026356
"step","24270.png",24270,0.201232865535383,0.242648559345191,1.1468593863445,-0.00507367886888788,0.24178448770894
"step","24283.png",24283,0.17805327522153,0.216256367636272,1.42881059871277,-0.0138709385021418,0.21330037825556
"step","24296.png",24296,0.17625851220892,0.213445370534893,1.21339301785062,0.162497808415984,0.207083847380286
"step","24310.png",24310,0.168256880389647,0.206834608750959,1.47962205815711,-0.038684339296303,0.205492929048424
"step","24323.png",24323,0.196834552278948,0.2369716368889,1.41579402792165,0.0822383093703217,0.230650600164382
"step","24336.png",24336,0.178830265057916,0.217651743288757,1.26634998301366,-0.0199769787054941,0.217202709521502
"step","24350.png",24350,0.197311272902619,0.238407258696094,1.43888157008878,0.0221168594907462,0.23583246465047
"step","24363.png",24363,0.173177768454919,0.210269185092378,1.29344475653227,0.0356417613889363,0.209656436005495
"step","24376.png",24376,0.166164609397801,0.202773530835829,1.34744454345548,-0.00988580642138065,0.197024362068439
"step","24390.png",24390,0.17474713145601,0.212554430731262,1.13147759577727,0.0467759969124093,0.207620053532982
"step","24403.png",24403,0.179092689499124,0.217587136124412,1.28964693631501,0.0319244574112534,0.216339510582958
"step","24416.png",24416,0.171166338350683,0.208265792447523,1.32115720829725,0.0183068990823764,0.206284409951356
"step","24430.png",24430,0.173040783434001,0.210695977476941,1.22416272421191,0.0908309411944279,0.206044297689428
"step","24443.png",24443,0.169821160083061,0.207594070173142,1.42305468885884,-0.113198452116069,0.205157884842117
"step","24456.png",24456,0.181021124552416,0.21930619387862,1.32086259599487,-0.0240390637102311,0.212534254580877
"step","24470.png",24470,0.170862552479842,0.208368503025196,1.30794283537668,0.00393924838996579,0.202542597925366
"step","24483.png",24483,0.17688793326299,0.21549207995162,1.40442372966962,0.00675619632629729,0.21097084397421
"step","24496.png",24496,0.180276851102889,0.219254712490701,1.46953287159599,0.0289983450039054,0.214230434218459
"step","24510.png",24510,0.173348383338407,0.210040304808123,1.42428663710917,-0.0333460121085645,0.210447739648297
"step","24523.png",24523,0.177888256358863,0.216065776993534,1.34303770637965,0.00817380408042712,0.211263599144495
"step","24536.png",24536,0.169175121637457,0.206144107067525,1.24996913010364,0.0491862912337976,0.200662534256639
"step","24550.png",24550,0.17351499295868,0.211098737730403,1.14959346240037,0.0162158547386627,0.210350206847081
"step","24563.png",24563,0.198826634816288,0.238061300187423,1.20688206308844,0.193352164069078,0.231190345078583
"step","24576.png",24576,0.178851105982422,0.218143227308701,1.2899086139243,-0.0150174090519804,0.214979249394078
"step","24590.png",24590,0.17820035111952,0.215533084836615,1.24078489335536,0.068468143214487,0.212541787431901
"step","24603.png",24603,0.182825935405489,0.223165797370505,1.19658667074147,-0.0244066332957127,0.21937600081237
"step","24616.png",24616,0.192844771631964,0.232820616848505,1.24041362276931,0.0556259259784787,0.223906951229111
"step","24630.png",24630,0.177493124461498,0.216150979807464,1.20642331381939,0.0764089776821562,0.215337877401546
"step","24643.png",24643,0.168920509483696,0.205542714870194,1.15033336730007,0.0959921936039817,0.202109117369206
"step","24656.png",24656,0.176537285350259,0.213444546062332,1.26082006346845,0.0170425769761642,0.209964669873947
"step","24670.png",24670,0.17979792555505,0.218956001727232,1.48151919140457,0.0243809043978151,0.215246204290175
"step","24683.png",24683,0.171417531940441,0.207847400166405,1.17695622974861,0.0701526176848805,0.202740406899651
"step","24696.png",24696,0.179699056340613,0.217372641006792,1.2995823376544,-0.0276809310919747,0.211030457630566
"step","24710.png",24710,0.181495214353356,0.218868989866534,1.21709777396614,0.139633065238885,0.211967253565658
"step","24723.png",24723,0.17675332002324,0.215636726167083,1.27822327938097,-0.00117556353944839,0.205303982898225
"step","24736.png",24736,0.188760883654155,0.229339884828582,1.38729861752315,-0.228036687874337,0.233371772948725
"step","24750.png",24750,0.19427061806452,0.236725618603621,1.54745090640223,0.188972295907661,0.229404210259672
"step","24763.png",24763,0.182540917212928,0.22455235387803,1.35613121338489,-0.0413947547910226,0.218730567747766
"step","24776.png",24776,0.175918221786555,0.213457514474332,1.32236216249898,0.0327674456188132,0.210041119049101
"step","24790.png",24790,0.175284938113978,0.214398412125724,1.45995136928128,-0.0402494875045632,0.208057628903516
"step","24803.png",24803,0.183686655266808,0.221853509964101,1.15986107409137,-0.0170491606793332,0.217994345832485
"step","24816.png",24816,0.161213190694335,0.197161498788982,1.22529681643585,-0.0133901668696113,0.193809499659559
"step","24830.png",24830,0.17181029455935,0.209149675609471,1.33441803810321,0.0576242786347297,0.204754934295154
"step","24843.png",24843,0.162619398986296,0.198730790878646,1.43176122188008,0.0132409278426967,0.197518510667125
"step","24856.png",24856,0.171197462256526,0.208618252513251,1.24725560091044,0.0201000812448072,0.205341129998574
"step","24870.png",24870,0.181141837296638,0.219445622705315,1.36172426384054,0.0284657042709337,0.211230643289883
"step","24883.png",24883,0.168345693658887,0.206002785708901,1.35823456612689,-0.00644262407052637,0.200830934867647
"step","24896.png",24896,0.176781907732216,0.215573544998646,1.35972760734747,0.00124766059497122,0.208657891888072
"step","24910.png",24910,0.187740610517813,0.227534347682871,1.10175442621572,0.00257506093377896,0.22396675877401
"step","24923.png",24923,0.174821334623318,0.212189707035204,1.20641547366841,0.00732783361082606,0.209347957623269
"step","24936.png",24936,0.187094188549365,0.226009748593337,1.07872661457678,0.0218607635300034,0.226331149177921
"step","24950.png",24950,0.176331824360122,0.213756895211184,1.15355959259974,0.0900760604510795,0.213471838514504
"step","24963.png",24963,0.165646738570714,0.202265757343127,1.29201626279161,-0.0239214283995192,0.201446456687473
"step","24976.png",24976,0.172036607340443,0.209053837590677,1.31964406888743,-0.0200489742144548,0.203981497281891
"step","24990.png",24990,0.166692903683295,0.203217070683497,1.25021402307534,0.00124169005502078,0.200437960405293
"step","25003.png",25003,0.166919623140137,0.202524562175545,1.25853113187975,0.0380909179915553,0.196233952618702
"step","25016.png",25016,0.1698143375213,0.20813860975631,1.2968023939366,0.00615411398565024,0.202253780945085
"step","25030.png",25030,0.179069725649394,0.216903104651594,1.35652436396147,-0.0308261765073963,0.215148596807061
"step","25043.png",25043,0.159673735869339,0.19566253840193,1.4306257959984,-0.0572655657644915,0.191061513709653
"step","25056.png",25056,0.160889648875891,0.197546712991303,1.43980625973865,0.0680468264769929,0.191504613050773
"step","25070.png",25070,0.180001683025161,0.217663167416767,1.3076661842761,-0.0504970618558918,0.212944124041337
"step","25083.png",25083,0.165743965350957,0.201239680082764,1.21127642348705,0.0584374547825983,0.196622341250547
"step","25096.png",25096,0.165345454401947,0.201357499791149,1.27839305847353,-0.0545815257350868,0.197359793617569
"step","25110.png",25110,0.17667258309933,0.214601874981862,1.29678841707629,-0.131322128476175,0.206339782014578
"step","25123.png",25123,0.18309722978728,0.221903532437674,1.17410262984096,0.0209944428755633,0.219019162133882
"step","25136.png",25136,0.204853774496468,0.246551089258812,1.31835936980729,-0.0776737897824908,0.249275979432542
"step","25150.png",25150,0.165565826430415,0.202663433178613,1.2710462410253,0.0127042956258357,0.197353028523234
"step","25163.png",25163,0.170648028610535,0.207672809457682,1.33933730907461,0.062982434299581,0.201316179382299
"step","25176.png",25176,0.186201519869886,0.224784206160735,1.21555465916752,0.0522804040139562,0.222391273860839
"step","25190.png",25190,0.182416566595305,0.219981215461421,1.36775049706096,0.0548379896201814,0.217610618365453
"step","25203.png",25203,0.167262738380109,0.204549658965704,1.33943552857497,-0.0814510250193974,0.200387861270328
"step","25216.png",25216,0.164099350239226,0.201241607474406,1.38958553244856,-0.0692685951499311,0.19661723736831
"step","25230.png",25230,0.171872509498782,0.209047090117401,1.37658082536174,-0.0841218382338304,0.205926403807907
"step","25243.png",25243,0.179369651505627,0.218682765888984,1.4037297621054,-0.0222846073446647,0.210052726605724
"step","25256.png",25256,0.177093187734871,0.214447199591948,1.2677110280234,-0.0110243194178352,0.20821033911425
"step","25270.png",25270,0.179658919191123,0.218393851638583,1.32853791662242,-0.141133485399633,0.211085758348097
"step","25283.png",25283,0.179340990939391,0.217223416527365,1.44414988844711,-0.0304869277706684,0.20913350213185
"step","25296.png",25296,0.184767252339064,0.22324244784599,1.24841000691555,0.0386650403924273,0.221643210215049
"step","25310.png",25310,0.181084364929058,0.219791498960935,1.29102806361647,-0.0158658692860188,0.211853879012106
"step","25323.png",25323,0.163626930921144,0.200520701976946,1.34021468393816,-0.00261912068258552,0.198683241862556
"step","25336.png",25336,0.180860405964742,0.220439440685387,1.24108379990711,-0.0116288188403187,0.214575111058902
"step","25350.png",25350,0.178024057859076,0.216491101797418,1.38696307693643,-0.0187105021111854,0.214211198030912
"step","25363.png",25363,0.192200646529703,0.232629032570151,1.28414940311849,0.17302581592232,0.234399727688298
"step","25376.png",25376,0.210576696135324,0.251769399566681,1.19255253892466,-0.0656963414876466,0.255148314454686
"step","25390.png",25390,0.161885681084,0.199741981960672,1.42684394128559,0.0179314222757913,0.1930445584053
"step","25403.png",25403,0.164274750420511,0.200057894416218,1.30428226316554,-0.0968065089500117,0.193611522331924
"step","25416.png",25416,0.185240463944597,0.224916894372834,1.32948011905629,0.0571390478649199,0.220075353640665
"step","25430.png",25430,0.174031411046974,0.212300367846591,1.35896881602555,-0.145638148081309,0.209509225341482
"step","25443.png",25443,0.178723401926646,0.216230040334827,1.41606566902688,0.0472325681417257,0.214008502799103
"step","25456.png",25456,0.175339415197044,0.212309262974457,1.15152378666249,0.0468262541113079,0.208996593734847
"step","25470.png",25470,0.181256107503459,0.219338117182486,1.42537591655039,-0.0299264404099886,0.212172281356535
"step","25483.png",25483,0.17044496980888,0.207007542751074,1.22986657373566,0.0891309074186972,0.202851594892904
"step","25496.png",25496,0.18986958279698,0.229899037344115,1.14112291702986,0.0365629088655385,0.224729006149666
"step","25510.png",25510,0.190606292856244,0.23082413167901,1.31944841604552,0.101446420124957,0.224547014997839
"step","25523.png",25523,0.186199506829015,0.226024937980924,1.25413836038791,0.0572070357901317,0.223196043749909
"step","25536.png",25536,0.179234514905945,0.218634030593379,1.3048274498864,-0.0559786098178675,0.212133740750152
"step","25550.png",25550,0.168034061784816,0.204429390925843,1.37750134221548,-0.0520096303585888,0.202955058327251
"step","25563.png",25563,0.167852761983183,0.207009437400795,1.54101031925163,-0.0911355091033285,0.202727840848755
"step","25576.png",25576,0.167861525342998,0.208412659059574,1.50906424620765,0.102012163528765,0.204006015884806
"step","25590.png",25590,0.166015121498194,0.203630405734391,1.36868701764636,-0.148579677103447,0.200002481645378
"step","25603.png",25603,0.181126853696869,0.219340481567774,1.24707084757499,-0.116581488853928,0.212218168215662
"step","25616.png",25616,0.204584988296199,0.245087698517923,1.13081518115681,0.135951021893893,0.240012077570932
"step","25630.png",25630,0.169345214735741,0.204966516979636,1.34860209555861,0.0760719620906042,0.19584281109719
"step","25643.png",25643,0.18223706801041,0.221363002154034,1.2841270765633,0.0243238865365253,0.217798051559216
"step","25656.png",25656,0.18395731755363,0.222187017920961,1.31449293825893,0.0296945427293252,0.216783188959148
"step","25670.png",25670,0.171216990315233,0.208145065244469,1.30796074797645,-0.130899576126646,0.202812830688273
"step","25683.png",25683,0.195114866984318,0.233042285442599,1.45491404746121,-0.14413564374688,0.228743977327338
"step","25697.png",25697,0.182112113626763,0.221052740387827,1.49605646430065,-0.252389107263878,0.21718958076481
"step","25710.png",25710,0.168302727186562,0.204631908912515,1.2868673946316,-0.0537013012487258,0.202200604562189
"step","25723.png",25723,0.179060012765569,0.216398762142337,1.14606638036683,-0.0646948231430861,0.213469723795862
"step","25737.png",25737,0.18821534963702,0.22681737173836,1.35419536684938,-0.0346518191423197,0.220217245126364
"step","25750.png",25750,0.177583437087292,0.215905550439679,1.29414645932942,-0.0437340064726716,0.212226695271098
"step","25763.png",25763,0.17790109015725,0.215652569698885,1.09959810938041,0.0229603346538982,0.215715322705557
"step","25777.png",25777,0.185317374345783,0.223867782827899,1.18499044492151,0.114706570899064,0.212245878330784
"step","25790.png",25790,0.185796800480604,0.225462151228442,1.36600794801638,-0.0137658922199604,0.217711399169183
"step","25803.png",25803,0.176934201836498,0.216633372024868,1.27336951045022,-0.167885965935973,0.209631555828695
"step","25817.png",25817,0.194291068818652,0.233565816724651,1.17949629360836,-0.0367762706626133,0.229276810582552
"step","25830.png",25830,0.177679207851243,0.215113686863569,1.14321724230933,0.0874391427303723,0.214192622886402
"step","25843.png",25843,0.167553690913109,0.203528521825114,1.28710074841088,-0.0744668922506991,0.201844148514954
"step","25857.png",25857,0.188878507885672,0.228519394424396,1.46870896262675,-0.0480233324014092,0.226530316700316
"step","25870.png",25870,0.217473828635446,0.258711352960909,1.30462323824385,-0.00341569958493598,0.259394888207
"step","25883.png",25883,0.169935790827353,0.206248359263898,1.26765047264637,0.164963732993123,0.198534881928878
"step","25897.png",25897,0.187995158722013,0.227736226947168,1.21724565014682,-0.067629540489373,0.225482256114087
"step","25910.png",25910,0.174331984226546,0.211032779766241,1.3321278009326,0.0856355585329344,0.208451956800865
"step","25923.png",25923,0.173150980282878,0.20976012150985,1.2012314336535,0.0863044636594751,0.201932867496007
"step","25937.png",25937,0.181276736071591,0.221869543473929,1.40819950624925,-0.139349443517675,0.217558060909203
"step","25950.png",25950,0.168721426531846,0.206166465418112,1.38926353961638,-0.0727909217504389,0.201676048538734
"step","25963.png",25963,0.174951446679609,0.213178330934019,1.21473668467101,0.0674212719827453,0.208974861305941
"step","25977.png",25977,0.166655205938602,0.204760751761656,1.3982134648045,-0.12102569532899,0.196355974002942
"step","25990.png",25990,0.170660644903052,0.20860975404583,1.32590863878889,0.139009990336712,0.204310073130096
"step","26003.png",26003,0.188072941582061,0.227090398107627,1.30705008796672,-0.0151789426517457,0.225944135994745
"step","26017.png",26017,0.161600837280621,0.199755985929378,1.31775586348946,-0.122461110388817,0.196594422824895
"step","26030.png",26030,0.176176865397654,0.214524955050193,1.30981508642171,-0.062960561703307,0.206841300975183
"step","26043.png",26043,0.170219057509621,0.208171409221655,1.17139432937668,0.0125634929506571,0.203145847462563
"step","26057.png",26057,0.170279198383236,0.207820507861824,1.22240205375142,-0.0646915888901271,0.206337443450227
"step","26070.png",26070,0.191669849484345,0.230612348997148,1.37135229789046,0.0386325646899025,0.228744526642296
"step","26083.png",26083,0.177461961826676,0.215976201706012,1.16157277171103,0.0126801856104086,0.212405188405723
"step","26097.png",26097,0.179468534219689,0.217240375558209,1.49019520542641,0.0289959835525991,0.21473872937217
"step","26110.png",26110,0.166280748034908,0.203597470176117,1.27559637340967,0.117214341442906,0.198902919478999
"step","26123.png",26123,0.172608892313303,0.209783250278933,1.2196933355564,0.111455886046921,0.20335305554718
"step","26137.png",26137,0.184445175295465,0.223462442784774,1.11307052993523,0.111544065435095,0.215590273097906
"step","26150.png",26150,0.172841374346203,0.211175831409188,1.13286313787609,-0.116675703800471,0.205274749596563
"step","26163.png",26163,0.166870238303838,0.203214502574406,1.11988121375738,0.135277824476396,0.200988153003082
"step","26177.png",26177,0.166867202737599,0.203934948312894,1.19018493515517,-0.000640230088442273,0.199566528891231
"step","26190.png",26190,0.187446568838144,0.225454586363876,1.24922121569157,-0.0822108315272425,0.220490155607778
"step","26203.png",26203,0.199644931684553,0.240685404063239,1.11570741501136,-0.0276428959488426,0.244501315233867
"step","26217.png",26217,0.164540789873203,0.200913753291559,1.35438411261679,-0.0189634443044548,0.197747558078097
"step","26230.png",26230,0.160158476509012,0.196404512381718,1.38565848196678,0.0672222732981896,0.192850259700001
"step","26243.png",26243,0.168610856393742,0.203614499180823,1.26588525085413,0.136460534028884,0.197598868267572
"step","26257.png",26257,0.184454131377387,0.224511464716041,1.30657038111289,0.113300992860052,0.216609502588724
"step","26270.png",26270,0.169634210313436,0.207344464521804,1.35954207805371,-0.10909515747257,0.19952565150716
"step","26283.png",26283,0.169602259989461,0.206145925271605,1.27378615337887,0.180659111683275,0.200610300722692
"step","26297.png",26297,0.183075388491614,0.221530651974715,1.49401681901972,0.141640594517387,0.211079587470191
"step","26310.png",26310,0.169083751876214,0.207411871323302,1.29646683027307,-0.0841981933962642,0.203888871846093
"step","26323.png",26323,0.17439511158105,0.211955930535052,1.23363293721595,0.0775676015525824,0.2121864833537
"step","26337.png",26337,0.192361000606861,0.231928220298186,1.12074073913523,-0.129031967052379,0.233256755671927
"step","26350.png",26350,0.17735809712818,0.217418794288459,1.28354406703273,-0.0178754253629768,0.212061646512504
"step","26363.png",26363,0.186163770997145,0.226282935894502,1.3359174678623,-0.130874054978318,0.222639889356924
"step","26377.png",26377,0.177715271546219,0.218437854945667,1.53928905908338,-0.165168574351831,0.206989270414827
"step","26390.png",26390,0.166416207340824,0.20792920116275,1.41581311429241,-0.177960421673887,0.201704960148238
"step","26403.png",26403,0.168180482220833,0.206096061194825,1.24906006964762,0.0633183105468662,0.198757540654943
"step","26417.png",26417,0.172349714348303,0.209695807502181,1.35123419433325,0.154597496116231,0.199940852000525
"step","26430.png",26430,0.168961317577483,0.208031489930494,1.42167326194459,-0.0406432432369917,0.204389620399718
"step","26443.png",26443,0.167570794206162,0.204022224633037,1.40520973354554,-0.0477309618200795,0.201894824624298
"step","26457.png",26457,0.189115938052921,0.228127123993623,1.2862776413853,0.119654041591,0.229468480121717
"step","26470.png",26470,0.174066133745549,0.213188917866304,1.30869931240757,-0.0163424670928806,0.209350122478453
"step","26483.png",26483,0.178987954124387,0.2172607303992,1.22557999770096,0.0735885036780548,0.208247176489912
"step","26497.png",26497,0.192694987330794,0.232999844297383,1.41159278922357,0.0394105486766392,0.231103854399506
"step","26510.png",26510,0.184090803602696,0.221084435020235,1.24228724825022,0.102811217677729,0.218797222892095
"step","26523.png",26523,0.194924539572785,0.23553867466806,1.23188409205897,-0.103059798838403,0.239870028087912
"step","26537.png",26537,0.18014152519609,0.218804009212106,1.12227362278551,-0.0508850774940715,0.215855961342028
"step","26550.png",26550,0.193884661085808,0.233950855022808,1.10385612286871,0.0968152539188526,0.23070948197274
"step","26563.png",26563,0.18753257373292,0.225583715956147,1.11388874435158,0.13082165943124,0.219218434492351
"step","26577.png",26577,0.196077896894117,0.234151753817524,1.38614516808351,0.167857573795912,0.226732313932518
"step","26590.png",26590,0.18092659173396,0.219957442835057,1.44924630179691,-0.154608074996225,0.212767771470877
"step","26603.png",26603,0.170473944261433,0.207552433894587,1.41684779284348,-0.00538111881782344,0.202167735669308
"step","26617.png",26617,0.181849172096176,0.222851237931885,1.42425002917928,-0.0774721361802704,0.220318561758553
"step","26630.png",26630,0.174329235598115,0.212347707568155,1.16327473373086,-0.0207859082494331,0.209617206776907
"step","26643.png",26643,0.20117185559721,0.240942592661666,1.23973316519737,-0.0451194815818025,0.228477401056766
"step","26657.png",26657,0.174071103004005,0.211974024322662,1.19286252922044,0.00436608157501356,0.2086197762014
"step","26670.png",26670,0.171654318615649,0.210225850058975,1.48497446989765,-0.0506317763200977,0.202353892371524
"step","26683.png",26683,0.188269567024617,0.225450151794186,1.43615230514948,0.284010696407767,0.218305869258433
"step","26697.png",26697,0.179234142068191,0.217170492156127,1.23304060384704,0.00830404491537837,0.21224325354441
"step","26710.png",26710,0.195288196693607,0.235434762725255,1.33331502039635,0.0152991473622133,0.231461092070764
"step","26723.png",26723,0.176413231691694,0.214665194417353,1.22463847225317,0.0589852566296504,0.209276350070626
"step","26737.png",26737,0.169783383644618,0.208855522712368,1.42659368066854,-0.102423826740605,0.200228990359011
"step","26750.png",26750,0.190038961191463,0.230014810020091,1.25900440401357,0.0998124036674646,0.218024426585027
"step","26763.png",26763,0.181939001563543,0.220329291628945,1.41025139707031,-0.107578632408122,0.223044209621755
"step","26777.png",26777,0.190365348311194,0.229343275839966,1.06332378909975,0.0307922300706867,0.228522414920985
"step","26790.png",26790,0.162755958848248,0.198289472828711,1.54116703512664,-0.109683760304325,0.192851024154473
"step","26803.png",26803,0.17629665713404,0.213850468057494,1.31520238162584,0.142706598883971,0.210587904837484
"step","26817.png",26817,0.190443228218173,0.230164664293912,1.41245641021835,-0.027367676727252,0.221567536327667
"step","26830.png",26830,0.17832379389811,0.218379413691373,1.28501445575183,-0.108457893569576,0.211293087754741
"step","26843.png",26843,0.185925250790201,0.226526828394661,1.26330875141914,-0.173680833980673,0.217464313317183
"step","26857.png",26857,0.190322100219468,0.229192394732291,1.25786037651583,0.0634083893572737,0.223227667643957
"step","26870.png",26870,0.17792507493376,0.217574198220998,1.50650094826139,-0.123520389188746,0.210680082689511
"step","26883.png",26883,0.176897294805387,0.21641791433335,1.34390544344265,0.0691345571986403,0.207289823914563
"step","26897.png",26897,0.179006585885428,0.221274673425219,1.4924713435914,-0.165585743008653,0.21225437845489
"step","26910.png",26910,0.180760935707527,0.21901460142325,1.1486279143828,0.0553019697661952,0.210639321626335
"step","26923.png",26923,0.177506658656931,0.215475327183983,1.34044942678885,0.0600445356421293,0.214722105229149
"step","26937.png",26937,0.173255338510466,0.2104182668091,1.38630078230079,-0.109480169456406,0.206406704399056
"step","26950.png",26950,0.171287636766426,0.208284244917558,1.16240924367297,0.0924831641746617,0.203505077246383
"step","26963.png",26963,0.168128782487254,0.20548295398367,1.33737901897546,-0.0558902967324356,0.20095652024128
"step","26977.png",26977,0.190553559185984,0.230433401391699,1.39994868290659,-0.127053446603421,0.225804604659498
"step","26990.png",26990,0.182942797823813,0.221650691893431,1.17044644344218,-0.0587211506234889,0.218645001702453
"step","27003.png",27003,0.169605479173389,0.207007413938657,1.4411865963699,-0.0728911906961195,0.200987810626561
"step","27017.png",27017,0.18228673955916,0.221279979505534,1.43722273277519,0.0140899958034046,0.218281720381211
"step","27030.png",27030,0.190343508067019,0.231412411566091,1.51146734321501,0.101185811047701,0.229982616199056
"step","27043.png",27043,0.188635978815861,0.227411749267257,1.1937370958748,-0.0543158187743455,0.226970666928786
"step","27057.png",27057,0.191985318034372,0.232742699271545,1.2234389444186,-0.105645655735239,0.229868080475078
"step","27070.png",27070,0.166971018004333,0.206830949202459,1.62522956088302,-0.0826575613327192,0.205951985986466
"step","27083.png",27083,0.171541502533365,0.211197341194892,1.4891008306025,-0.00240602689102055,0.20840077410189
"step","27097.png",27097,0.165583989749432,0.208231124799374,1.55961816847871,-0.0641297808162779,0.203439040776676
"step","27110.png",27110,0.169656120786772,0.212075604958481,1.40131542462448,0.00344689467540937,0.205793849132496
"step","27123.png",27123,0.183667244732381,0.224266001213371,1.34329192073509,0.0293108076659103,0.21751306672454
"step","27137.png",27137,0.183729837804704,0.221611477211951,1.30463828659623,0.0528427779752779,0.214225760648904
"step","27150.png",27150,0.186780727873728,0.225115188177611,1.35688568387807,-0.00924672757904207,0.217406263742922
"step","27163.png",27163,0.187092522952486,0.224360538075363,1.46163521422885,-0.188525897932683,0.215161278436214
"step","27177.png",27177,0.177183980015007,0.213292377644785,1.41874791779543,-0.0818678446859621,0.209558535900531
"step","27190.png",27190,0.172794404016959,0.208779969213767,1.30957849685421,-0.0967946394372963,0.204882173997427
"step","27203.png",27203,0.169837191134555,0.205107116278956,1.34642010039727,-0.00488207607657526,0.201286495974378
"step","27217.png",27217,0.163562419538256,0.197620472057262,1.26428463069347,0.0319710135463652,0.196433194557209
"step","27230.png",27230,0.16751651806571,0.202548479612692,1.22438785570247,0.0510652985992959,0.20028330886279
"step","27243.png",27243,0.16208053341196,0.195545672269853,1.21695292156189,0.0149965356784964,0.191756448639335
"step","27257.png",27257,0.168181922961895,0.20385373431485,1.39746236711149,-0.0383487391803891,0.196470409991098
"step","27270.png",27270,0.159441913035808,0.193744015986476,1.34343943073919,-0.0655596960110253,0.187373898273039
"step","27283.png",27283,0.167831957124965,0.20573036367905,1.35621619535772,0.159899970397786,0.200448877304586
"step","27297.png",27297,0.185974938108102,0.227230633890599,1.18231119459784,-0.195553539236831,0.220584313916042
"step","27310.png",27310,0.198985347088385,0.238373384660151,1.32176524167209,0.0454746935080004,0.228836463430379
"step","27323.png",27323,0.194506533617405,0.234291357234364,1.32999901770422,-0.193715868586375,0.226230246388212
"step","27337.png",27337,0.170796096749564,0.213644816658333,1.30109780281667,-0.110173300698947,0.209716500178939
"step","27350.png",27350,0.162830184531509,0.206511109982933,1.31821047909318,-0.195883628827757,0.205804005122101
"step","27363.png",27363,0.1548271661132,0.194116691051673,1.29298455790009,-0.0770997303310818,0.19868208037587
"step","27377.png",27377,0.156408231917065,0.194541772494823,1.36056457820913,-0.076244157990086,0.200287984983831
"step","27390.png",27390,0.15051078904019,0.187524217053055,1.63638396374959,0.139739214630371,0.192569075073524
"step","27403.png",27403,0.159955725706011,0.200960209936144,1.88022567587997,0.331823483810427,0.204864117167881
"step","27417.png",27417,0.156395181368159,0.203976107868336,1.85085759391182,0.39078780178504,0.198919695114431
"step","27430.png",27430,0.186990580567608,0.237098397440055,1.65493673681972,0.341074373920963,0.225229856703614
"step","27443.png",27443,0.210127087011951,0.252139499627691,1.26319786768062,0.072494398578047,0.239596573500377
"step","27457.png",27457,0.216355135175234,0.257730669940564,1.11796630091208,-0.0145278073789175,0.243998107168745
"step","27470.png",27470,0.216367940277887,0.257954992177585,1.13088501234096,-0.0753445999625148,0.244125180031817
"step","27483.png",27483,0.216947353149532,0.258419540868278,1.11845916899017,-0.0602461319520931,0.24447582091715
"step","27497.png",27497,0.222606112413022,0.263681814279711,1.09206561206808,-0.00676677440705375,0.250405022609252
"step","27510.png",27510,0.238574838452825,0.277633476145785,1.22726054983295,0.00764213672107872,0.2690211493267
"step","27523.png",27523,0.274536088860261,0.31321666896776,1.40123452293821,0.0411721822395705,0.303486418478272
"step","27537.png",27537,0.190555082770037,0.228685663851969,1.11061389093075,0.101274822506017,0.224818422560981
"step","27550.png",27550,0.181175523814441,0.21973116638787,1.28092201370668,-0.0717253860612847,0.214093790292093
"step","27563.png",27563,0.184835973344454,0.222996133126201,1.14466206383209,0.0952277805864617,0.221946726222046
"step","27577.png",27577,0.1769402798327,0.214357717097366,1.20236182012471,-0.0614386399823578,0.214581337336533
"step","27590.png",27590,0.186679845800175,0.224713511519696,1.35461322540314,0.0474123105272898,0.224157361640706
"step","27603.png",27603,0.191240614547064,0.229552388142865,1.41891744644067,0.117996287313376,0.223817234656864
"step","27617.png",27617,0.190123132006234,0.229074128288816,1.30907840246102,0.100446057874251,0.224105220930884
"step","27630.png",27630,0.195879057996265,0.236532562081913,1.3946768846478,-0.112111879755356,0.226064378971842
"step","27643.png",27643,0.181463897445574,0.220066897638224,1.3268952462576,0.0874248127380974,0.214002209060139
"step","27657.png",27657,0.186377200100642,0.223993289333008,1.2872753220281,0.149612736836227,0.218138672856052
"step","27670.png",27670,0.18505494963552,0.222316492233521,1.43571762879778,0.110061841010856,0.215620919145829
"step","27683.png",27683,0.179617611150721,0.216545558680263,1.27304394909684,0.0492367680910938,0.214404329294322
"step","27697.png",27697,0.188837344280725,0.227434195203763,1.18281102244844,0.0540717905352106,0.226770643425658
"step","27710.png",27710,0.185785801769904,0.225243846372313,1.27107413663903,-0.0969756308389393,0.220906564174833
"step","27723.png",27723,0.182346442074083,0.221170090953204,1.32120107159713,-0.0396797270060797,0.216537552819472
"step","27737.png",27737,0.179718597360973,0.217253380436204,1.3648163878,0.107118284670801,0.214778455225477
"step","27750.png",27750,0.186579308228665,0.224765403752687,1.20960247673431,0.134553463443652,0.224904567032883
"step","27763.png",27763,0.191147607463098,0.230345545927964,1.10096409018066,-0.0836230511089295,0.227913969054494
"step","27777.png",27777,0.207154457585402,0.248465950600812,1.24497936616093,-0.0695076190557175,0.242784930829143
"step","27790.png",27790,0.18816902570122,0.227044730828616,1.44111859846309,-0.0552530457835299,0.221148550413806
"step","27803.png",27803,0.195930996329566,0.234848312640911,1.33090999389987,0.0813087953458773,0.238457047300202
"step","27817.png",27817,0.184899392893857,0.223610119069513,1.22768118726287,-0.0997679729568067,0.218331220649518
"step","27830.png",27830,0.192988538100612,0.231971135435228,1.37927713026619,0.0417317630463244,0.22728317184351
"step","27843.png",27843,0.183338670663707,0.221392707749159,1.26801520841382,0.10996734444876,0.217822616341335
"step","27857.png",27857,0.184276029018945,0.223851679179346,1.46242903943812,-0.175780723530241,0.226419212959264
"step","27870.png",27870,0.19620453120333,0.235002247167866,1.28517184886262,0.144214647563786,0.226701095900674
"step","27883.png",27883,0.186639623988813,0.225021640443212,1.28805386106155,-0.0340609452206575,0.21614213758553
"step","27897.png",27897,0.185639816758536,0.223119846506878,1.27523907884727,0.138510904141129,0.219633340275181
"step","27910.png",27910,0.190673569917708,0.230334243989606,1.44327517482187,0.0745938839824772,0.228630906634526
"step","27923.png",27923,0.197614138953023,0.236082252736606,1.56166788911,0.171021361979895,0.227376902448567
"step","27937.png",27937,0.18400024274573,0.221823438372184,1.41765875517828,-0.079233226508848,0.2146666787482
"step","27950.png",27950,0.179670251801003,0.216852199275913,1.33798720357284,0.0434035780412274,0.215651401765332
"step","27963.png",27963,0.205002703765988,0.244500932364709,1.31270078144375,0.0764682035349753,0.250158867792454
"step","27977.png",27977,0.193728949576984,0.232374973828768,1.15363688692727,0.0629405091540271,0.227785944519408
"step","27990.png",27990,0.207110867045511,0.24752972616336,1.2211324791603,0.0671468480806193,0.240984740514612
"step","28003.png",28003,0.183501768822429,0.221159202170641,1.28341709248356,0.0573820143289841,0.216771622817182
"step","28017.png",28017,0.1999682092486,0.23931204941062,1.25956861867254,0.112556678689705,0.234104895524095
"step","28030.png",28030,0.188416025793438,0.227286097546143,1.34307547661387,-0.0870775941382855,0.220589524755117
"step","28043.png",28043,0.19718254143283,0.236191990902111,1.29723916271286,-0.0786910334636116,0.233063354796269
"step","28057.png",28057,0.182202065596632,0.219664739449206,1.40919729096045,0.0180627714166714,0.215031197607887
"step","28070.png",28070,0.189894955096983,0.22850649239184,1.47415201346827,-0.03847633860003,0.219922870749909
"step","28083.png",28083,0.180986258007751,0.217281622538982,1.44754266593894,0.107556027847445,0.215150359289309
"step","28097.png",28097,0.182508676725696,0.219843510547932,1.37594852453153,0.0300219502733559,0.220652181461179
"step","28110.png",28110,0.194368331783847,0.23255195547133,1.2122477479449,0.0759072465725296,0.229169018639876
"step","28123.png",28123,0.194273578069768,0.232370848300312,1.35792137148817,0.133909065480207,0.224123905214606
"step","28137.png",28137,0.185143224364879,0.222422359719023,1.40463366345499,-0.0422529019883651,0.217173768189086
"step","28150.png",28150,0.202845904487191,0.243894287572578,1.44231551809543,-0.00415083183936441,0.238053836190171
"step","28163.png",28163,0.186834460341025,0.224988404511975,1.22252020594179,0.0560436962129821,0.219185454655992
"step","28177.png",28177,0.192403343926406,0.231295143726692,1.3484197386628,-0.212514514497546,0.232174134386439
"step","28190.png",28190,0.187419690915369,0.225276865191266,1.33167229003837,-0.00827989616502064,0.22200791280726
"step","28203.png",28203,0.188618142197985,0.226478315215728,1.17184173097204,0.0792296104284171,0.224416985561991
"step","28217.png",28217,0.18879716491864,0.226135495341804,1.34043470697958,-0.0155931296684625,0.225290138711082
"step","28230.png",28230,0.183805967441116,0.220029081512766,1.33554256607529,-8.65038840361376e-06,0.217981745770163
"step","28243.png",28243,0.193185826947348,0.23178151943693,1.16916967513072,0.0189547205194832,0.227916036709871
"step","28257.png",28257,0.196764398181368,0.23537567132478,1.344030372978,0.126861145311623,0.228577030382001
"step","28270.png",28270,0.185844757593131,0.223301969397909,1.50740832659709,0.0251335606960897,0.22339324743072
"step","28283.png",28283,0.199277448624776,0.239929974180203,1.13054443145226,-0.0741170121864686,0.240497640397063
"step","28297.png",28297,0.196357024575667,0.237417782755309,1.31123542143782,-0.0544985316798542,0.226608841998358
"step","28310.png",28310,0.195143948113826,0.235512428312688,1.39779851959176,0.16577618633768,0.229003928599288
"step","28323.png",28323,0.181227527775707,0.218356365766751,1.42361488751925,-0.0608510914991841,0.212230377885067
"step","28337.png",28337,0.197176399080303,0.235584982294144,1.15880122887117,0.134755738240063,0.229628207091724
"step","28350.png",28350,0.194384457200503,0.233139673233462,1.25076324977732,0.208966836130115,0.226269887772352
"step","28363.png",28363,0.190073526478504,0.227621872705231,1.4226233518333,0.191107073931361,0.221805002261803
"step","28377.png",28377,0.203334156406963,0.243002032711826,1.33939463841663,0.038659150514759,0.235421727716138
"step","28390.png",28390,0.180550325054657,0.217861131720469,1.37569030565365,-0.126550271159498,0.211849739798941
"step","28404.png",28404,0.199859706248265,0.240401331998128,1.31111797771374,0.0620599973294806,0.237171361571373
"step","28417.png",28417,0.192584804420913,0.231675478497444,1.35145625201569,-0.0558083190486421,0.228634468922432
"step","28430.png",28430,0.188285487390126,0.226031418073948,1.40384262532836,-0.0610697641689487,0.22044567464644
"step","28444.png",28444,0.195477214192729,0.233983192051323,1.22651653114805,-0.0191310135806016,0.23806886175778
"step","28457.png",28457,0.184702149827111,0.222422936954231,1.11813551723886,0.0665391939747473,0.219883384780277
"step","28470.png",28470,0.189377183269746,0.226465011703366,1.19396908222399,0.142437792469868,0.223383652631083
"step","28484.png",28484,0.194437211859531,0.233187950134347,1.29390133061189,0.0300470924926652,0.231095834684486
"step","28497.png",28497,0.178478585929232,0.214593153121627,1.32578325778047,0.133406781519787,0.209175603539434
"step","28510.png",28510,0.186413908544429,0.226670031137606,1.46699702443152,-0.0902697355190052,0.224729223467836
"step","28524.png",28524,0.179414620855127,0.216952322060709,1.37105830424567,-0.0262466880599147,0.208999403569684
"step","28537.png",28537,0.190213979408942,0.228394142648824,1.4032414135016,0.0770293359777613,0.221717481240258
"step","28550.png",28550,0.190438261882573,0.230199852944924,1.38878611125812,-0.122025734338784,0.220574651159715
"step","28564.png",28564,0.199011046796779,0.238927873979597,1.44589456796012,0.128693706431103,0.232738971804575
"step","28577.png",28577,0.188651057915445,0.227443636901312,1.24109531254297,0.163147494567681,0.223217347563049
"step","28590.png",28590,0.188821170608443,0.226477921967162,1.18298830568051,0.0598806826474576,0.221161232080059
"step","28604.png",28604,0.193520332229571,0.231373209751067,1.19489588023224,0.10556995742035,0.228628907378995
"step","28617.png",28617,0.194239274937305,0.232781816109697,1.32450790619252,0.0917177719161879,0.229230569102523
"step","28630.png",28630,0.181333221868662,0.218365384440013,1.52477405600469,0.109601000262253,0.215937177114035
"step","28644.png",28644,0.189336492982902,0.227197095068165,1.42388138172629,0.0721592129207677,0.219021688711062
"step","28657.png",28657,0.183026747328883,0.22039911733969,1.21221456703212,0.0517229842728047,0.21617373020473
"step","28670.png",28670,0.1974383233148,0.236648446934497,1.27088836734605,0.102205868729634,0.229182340241822
"step","28684.png",28684,0.176480013584175,0.212437815526318,1.32469012897154,0.0158450918113609,0.210387370341998
"step","28697.png",28697,0.181184034268989,0.217693985812964,1.28980059137225,-1.19744287383483e-05,0.213609326630616
"step","28710.png",28710,0.18894945980271,0.226909126254879,1.24186233988868,0.177961205308982,0.219221577766972
"step","28724.png",28724,0.199267007921994,0.24024493875061,1.44535815622238,-0.054338105532812,0.235739796594529
"step","28737.png",28737,0.181395447828983,0.218519706752326,1.36948505468701,0.0548654795055084,0.213420122247461
"step","28750.png",28750,0.182942965575873,0.219373325683083,1.4529650255269,-0.0667720196796298,0.212982145355622
"step","28764.png",28764,0.180158526254151,0.217522831464626,1.44743223281298,-0.0969009880045127,0.209546226384297
"step","28777.png",28777,0.173676088465003,0.209659016913578,1.36514492097242,-0.0632542474462602,0.203564024385997
"step","28790.png",28790,0.183279552121367,0.220309738158859,1.24294055791357,0.0925235502253619,0.220566927508271
"step","28804.png",28804,0.183671082401881,0.22072599905039,1.36823224225133,0.163022442926628,0.215898606335857
"step","28817.png",28817,0.195522752189042,0.233762849840956,1.22009604076833,0.120495758581962,0.229389900574427
"step","28830.png",28830,0.187945523541289,0.224936911330601,1.33658982177877,0.0657768069900487,0.220863099471036
"step","28844.png",28844,0.183568627491325,0.220826364132537,1.29023318945355,-0.0599904854261887,0.22491683228664
"step","28857.png",28857,0.180324239171512,0.216613060795842,1.29360202480319,0.0974707698272232,0.213157528500457
"step","28870.png",28870,0.208029773673226,0.24785591320813,1.33460083258128,0.147112856911443,0.239902942510955
"step","28884.png",28884,0.179338643775105,0.216934507434459,1.38530842158186,-0.0295734629029878,0.208948716779889
"step","28897.png",28897,0.187087045828644,0.225207647814971,1.33969454814815,-0.0679307676564785,0.218492484068007
"step","28910.png",28910,0.175439106936939,0.211876930646458,1.37978002465831,-0.0145848409391617,0.207026376750599
"step","28924.png",28924,0.179687103963972,0.216900767448297,1.2160973979301,-0.0366253804097487,0.209936175300825
"step","28937.png",28937,0.185659108171874,0.22347949566639,1.07746532578727,0.0523248901783495,0.21670070080014
"step","28950.png",28950,0.193341417911079,0.235169732100996,1.38741143167795,-0.014026920812808,0.22237469283529
"step","28964.png",28964,0.182534922484608,0.219980933484113,1.29179447947591,0.0773878291713144,0.21492237401844
"step","28977.png",28977,0.180732871768194,0.217430021720093,1.19375208929258,0.116849570823747,0.213312597563518
"step","28990.png",28990,0.176314287595468,0.212687786451695,1.15366537518033,0.00413071811816199,0.206367278611374
"step","29004.png",29004,0.187437794508149,0.224357681550622,1.32251242583735,0.094644778554114,0.220845103589433
"step","29017.png",29017,0.177154747757478,0.212940547252013,1.37023238376324,0.00841347681849475,0.207932944495876
"step","29030.png",29030,0.182672352729666,0.220098823072267,1.09909170632512,0.0431113081739514,0.217984908937744
"step","29044.png",29044,0.186967387190762,0.226010473179621,1.30582747082627,-0.000232928685841932,0.222076648032582
"step","29057.png",29057,0.193572161495575,0.233238317626747,1.3244426503377,0.0976582535036877,0.223825858665945
"step","29070.png",29070,0.178825862922591,0.215976618410218,1.46585287813208,-0.0848782279119591,0.208250551262973
"step","29084.png",29084,0.177708955365991,0.214718748626138,1.36340863465996,0.0545321915230148,0.208452928117094
"step","29097.png",29097,0.183040767445065,0.220072354656548,1.42667045560262,0.00372733640783174,0.211993826854652
"step","29110.png",29110,0.193423257118484,0.231230472222198,1.15983779064013,0.091389805246042,0.225028031242998
"step","29124.png",29124,0.194968965974195,0.23287914864405,1.3439115738783,0.154822182055377,0.222796931807787
"step","29137.png",29137,0.18021185141497,0.216148610486662,1.22513414506493,0.145213697248384,0.21061166040675
"step","29150.png",29150,0.17450244158596,0.210743385501387,1.18231258981624,0.0762778340066983,0.206867403418801
"step","29164.png",29164,0.190726609267874,0.229819874557412,1.26178961972521,-0.0181158207803505,0.225456444236323
"step","29177.png",29177,0.188543201960603,0.226109265285324,1.30189730194961,0.148274101656565,0.218017668441843
"step","29190.png",29190,0.181941309578793,0.218576487378874,1.49446387934767,0.200639916126679,0.213526272556004
"step","29204.png",29204,0.177104981352991,0.213186906580312,1.2991520449205,0.0323429360806785,0.206280225042568
"step","29217.png",29217,0.177725440436099,0.213897275138186,1.34566210326949,0.0364135627886604,0.205815801578045
"step","29230.png",29230,0.179790973988381,0.217010658735322,1.08786427007437,0.0155033333437526,0.216249014425136
"step","29244.png",29244,0.170735087232132,0.207001443898402,1.18077225057224,0.0580934540754078,0.209011466759928
"step","29257.png",29257,0.176018026973623,0.211735938460744,1.17389536360664,0.0828607864091854,0.20736726945414
"step","29270.png",29270,0.175357497736971,0.212856255070465,1.24174063361934,-0.121693546959994,0.209777285003893
"step","29284.png",29284,0.198091016818911,0.236813077681003,1.49065434007925,0.175458702203858,0.223976669795213
"step","29297.png",29297,0.169539120574694,0.205038060319728,1.35446712706883,0.187267515217917,0.198520093035923
"step","29310.png",29310,0.172031162768862,0.209492255933024,1.56623650921543,-0.0785344352824293,0.202733138980437
"step","29324.png",29324,0.17341621987302,0.209074100760158,1.2544686528802,0.0956978605550528,0.204735179227593
"step","29337.png",29337,0.170796739216034,0.207226316235574,1.29862735035692,0.0591110215345112,0.210238329816073
"step","29350.png",29350,0.175786450720045,0.211774446069995,1.40643381606476,0.0273868505097891,0.206823452648832
"step","29364.png",29364,0.182454773999245,0.220882487205072,1.61564935370886,-0.110052396385332,0.213340935530443
"step","29377.png",29377,0.189272632228132,0.226035968994128,1.30867493453142,0.0784408340074367,0.219944613846025
"step","29390.png",29390,0.185573926822476,0.222893185700868,1.20954963626883,0.045545119201686,0.221154014778239
"step","29404.png",29404,0.17216670331825,0.207760623226092,1.43177949414694,-0.0246191350463415,0.201487942902975
"step","29417.png",29417,0.183026455820714,0.221005797357738,1.2998257903552,0.0967657846811307,0.213602428700787
"step","29430.png",29430,0.180519136909375,0.219391338705269,1.26956577906503,-0.102146926710662,0.211438222826314
"step","29444.png",29444,0.170536147710317,0.207175807719156,1.2495077073737,-0.0466009808462367,0.200387767139517
"step","29457.png",29457,0.172389214445534,0.208335143505334,1.33927773870518,-0.0471133578298615,0.201372495210551
"step","29470.png",29470,0.170631448008374,0.206095923133005,1.33552041850431,-0.0128070184112388,0.205126693748856
"step","29484.png",29484,0.177970688826483,0.214876459982033,1.18464222789714,-0.0123231762911489,0.216226150724759
"step","29497.png",29497,0.175564436466034,0.211578467350933,1.21445226507411,0.0285908623188429,0.205580320647573
"step","29510.png",29510,0.156976308634679,0.193461018269469,1.26610532799639,-0.00437575841857214,0.19458102217271
"step","29524.png",29524,0.174800672443231,0.211005513087221,1.37993201474337,-0.05537057125968,0.205758764371145
"step","29537.png",29537,0.16847894080447,0.204862525932024,1.27016714227679,0.0495716497408584,0.206556960700553
"step","29550.png",29550,0.174710274769714,0.210488749117835,1.42931145225337,-0.101266394705546,0.204878227494498
"step","29564.png",29564,0.177743628177555,0.215103460553129,1.43923155109175,-0.0290863147399909,0.216347654145267
"step","29577.png",29577,0.173344174571525,0.20950195338072,1.2875907132435,-0.0184312290886937,0.206113758951787
"step","29590.png",29590,0.170265726776542,0.205967785034114,1.29552863580675,0.00244084705782177,0.202690434507896
"step","29604.png",29604,0.166681723306568,0.202190722148896,1.30160390968324,0.00361272311927194,0.200163379362758
"step","29617.png",29617,0.170003099755964,0.205689339149098,1.45313451791858,-0.0857898766809979,0.19831381334396
"step","29630.png",29630,0.162534654245429,0.197119514913656,1.38084991497492,-0.0194571795209648,0.192646849648144
"step","29644.png",29644,0.168311923972945,0.203497113012124,1.25042241712265,0.107614183872937,0.198656647830185
"step","29657.png",29657,0.182015877291582,0.218034738429972,1.09323970771359,0.00654418273234297,0.215399953571079
"step","29670.png",29670,0.176987637829119,0.216010043263728,1.46059747718122,-0.0345551577399243,0.209184494544865
"step","29684.png",29684,0.177120006688403,0.21388869925973,1.31664153251287,-0.108445503205538,0.212467243785558
"step","29697.png",29697,0.16424869771759,0.200829904001608,1.26900460088391,-0.0783657841188306,0.203018770192675
"step","29710.png",29710,0.160695191233403,0.195119474484766,1.26395514269998,0.00187451916999767,0.19008161343726
"step","29724.png",29724,0.170125382573288,0.205622442914213,1.35313275142599,-0.0961649968457105,0.199684807100714
"step","29737.png",29737,0.184177808943954,0.221642755545313,1.0367436176523,0.015765937642385,0.222318521162214
"step","29750.png",29750,0.163852369360101,0.199760080477501,1.25759268192197,-0.00484766388509211,0.200113970319552
"step","29764.png",29764,0.178482335460381,0.216218647102511,1.339603573678,-0.0833276878671723,0.213232782881479
"step","29777.png",29777,0.17427506224318,0.210879726066405,1.21134950116453,0.0124741388545895,0.203723806011417
"step","29790.png",29790,0.174792255484119,0.212037432378577,1.35422039070933,-0.0713413405456032,0.210570556234264
"step","29804.png",29804,0.172692248517829,0.208877482480617,1.11279774047175,0.0207625378504275,0.209685504397894
"step","29817.png",29817,0.195267860273767,0.231240114398002,1.28877254331386,-0.033819899283843,0.232020468320454
"step","29830.png",29830,0.178253040246572,0.214208283110858,1.25163014934129,0.113182351975203,0.206707798502974
"step","29844.png",29844,0.164361961618882,0.199001698396559,1.24543349953438,0.00386527654897229,0.194431222965095
"step","29857.png",29857,0.171826551435505,0.207286337987541,1.22332033335102,-0.031877484976202,0.206078704300219
"step","29870.png",29870,0.177767399296191,0.213005759592431,1.34301758825316,0.084465090569757,0.204823365992739
"step","29884.png",29884,0.175880213616032,0.211546828687015,1.18552389859641,-0.0288620758390975,0.208898903805961
"step","29897.png",29897,0.17772859283464,0.213341727925164,1.20010755816869,0.0744175046533977,0.20845559521293
"step","29910.png",29910,0.169482868656507,0.204553516514531,1.2893510916029,-0.0664223490609306,0.198601504887307
"step","29924.png",29924,0.164998011712755,0.20006649707703,1.26559531365887,0.0104959558352417,0.198650091044481
"step","29937.png",29937,0.179580230043112,0.215392822017977,1.34137300987665,0.00379175770599208,0.208873603623617
"step","29950.png",29950,0.18071613297783,0.218120503654107,1.15411560245501,0.0235823384976435,0.209943683093655
"step","29964.png",29964,0.169680849907736,0.204947202656435,1.21670693813357,-0.00394122384364326,0.202132663207205
"step","29977.png",29977,0.164825996138178,0.199120682586043,1.43015393854307,-0.0468447646209946,0.195219044600125
"step","29990.png",29990,0.167924639023449,0.203172200500241,1.10128598396224,0.0159360189141266,0.202847001976169
"step","30004.png",30004,0.167232474334848,0.202270787208035,1.17885857251796,0.0630426526300233,0.198684030485637
"step","30017.png",30017,0.181650922208048,0.218858727904813,1.47903279885001,-0.193354386770325,0.211184960894118
"step","30030.png",30030,0.176977705673102,0.213092696890574,1.34585152076333,-0.0675319346738146,0.205357966089362
"step","30044.png",30044,0.162804845014859,0.197139225509716,1.23216311258836,0.00333135547429236,0.193117645454424
"step","30057.png",30057,0.167007305283958,0.201946243847505,1.35060690103499,-0.0290798865997907,0.19562092164047
"step","30070.png",30070,0.168827984685911,0.204298871936303,1.45189329955178,-0.00127253556653961,0.199190103067964
"step","30084.png",30084,0.183942263355553,0.221254861861667,1.27194152956378,0.00220716313854324,0.211367378642859
"step","30097.png",30097,0.182679185576803,0.219505761964063,1.34710276142074,0.117647100593285,0.212847456436358
"step","30110.png",30110,0.170692413947962,0.207138161553567,1.27783416081574,-0.077854781109654,0.209287091571529
"step","30124.png",30124,0.165777549815073,0.200130314148858,1.30969479064716,-0.0062526963511754,0.196043295911517
"step","30137.png",30137,0.170665209603197,0.206048953595287,1.4116325204778,-0.0953550800272225,0.200163050929967
"step","30150.png",30150,0.173562641135576,0.20834787746027,1.36607810756286,-0.0695412143256294,0.202443205717239
"step","30164.png",30164,0.176485615416852,0.21321475618989,1.35890324986489,-0.107309679248099,0.208128850463837
"step","30177.png",30177,0.17014858255994,0.205408899158322,1.40353498123432,-0.0472767493406636,0.199596745862754
"step","30190.png",30190,0.169726953040821,0.2050499345182,1.26484832516912,-0.0475893837806566,0.203095794796774
"step","30204.png",30204,0.176899639307488,0.213314562679236,1.30736877069957,0.0552043515424479,0.211000298479115
"step","30217.png",30217,0.170706112593644,0.205685105335818,1.27306133494456,0.0306757832276348,0.201499830562835
"step","30230.png",30230,0.176144746240492,0.212138988633772,1.31106109909493,-0.0603786139008906,0.206185097823735
"step","30244.png",30244,0.172829559059562,0.208613486489004,1.43687179767512,0.0162033130520599,0.202622222547188
"step","30257.png",30257,0.172454720976354,0.208613300253792,1.42833597141259,-0.0142602344852164,0.204208537645051
"step","30270.png",30270,0.164732518402238,0.199498961354279,1.19414637608328,-0.00924702380344516,0.197452711140707
"step","30284.png",30284,0.17647739601572,0.211923534280013,1.30546856107302,0.0950761266170598,0.204532562163362
"step","30297.png",30297,0.166407463371897,0.201220323719338,1.07563865367151,0.00151825545328471,0.200273039613533
"step","30310.png",30310,0.174772490613615,0.210693040901034,1.15811905428263,0.0448905700226876,0.205151127680095
"step","30324.png",30324,0.174103718949926,0.208692090436133,1.18785590058694,0.040050584433631,0.208229400139741
"step","30337.png",30337,0.154359354015965,0.188270506477118,1.40580932805748,-0.030519093418427,0.186941547859084
"step","30350.png",30350,0.163855426943268,0.198532449360951,1.1630564210117,0.0391774402271795,0.192761317776471
"step","30364.png",30364,0.181704988068683,0.21649686197187,1.25172662951493,0.160601428295266,0.208622893336732
"step","30377.png",30377,0.169294682741193,0.204778527598574,1.03750671229845,0.0313099394467043,0.199347858921272
"step","30390.png",30390,0.167027645235357,0.201556178091783,1.19294963042179,-0.00498381253758179,0.196796565494374
"step","30404.png",30404,0.167912760705127,0.202803673662596,1.08617936786068,0.0623318886642834,0.199527072832365
"step","30417.png",30417,0.169840985626872,0.205370843666194,1.1556686606236,-0.00701290411837213,0.203442144890516
"step","30430.png",30430,0.17674624873182,0.212074527786024,1.40133122953226,0.00518331111043555,0.209515982715938
"step","30444.png",30444,0.164057094263998,0.198636801254473,1.27217661888573,-0.00632783232765954,0.194722977472286
"step","30457.png",30457,0.167627947730439,0.202033150759653,1.22170534047925,0.0373794442592857,0.195826381667778
"step","30470.png",30470,0.169672603382307,0.206045931772521,1.41343256909645,0.0472487899124985,0.19721020113453
"step","30484.png",30484,0.165564158468252,0.200752816823998,1.14244224873856,0.0509103822167227,0.196085470489081
"step","30497.png",30497,0.180961947549656,0.216832508065105,1.41719738812659,0.188982051133668,0.205354547004726
"step","30510.png",30510,0.16259627126196,0.197955664982257,1.20580244239818,0.0205767518376646,0.192571691272849
"step","30524.png",30524,0.166423250282215,0.202223486165033,1.42143254662078,-0.0187109226245956,0.198194208663706
"step","30537.png",30537,0.173526208356768,0.209260639222952,1.11098973585748,-0.00379267355827412,0.209054805572777
"step","30550.png",30550,0.170349865103771,0.205237138088629,1.26380741469012,0.0540359823943213,0.19971482548228
"step","30564.png",30564,0.171314064432708,0.206811006723184,1.19908073190807,-0.0384096848216671,0.206809330322007
"step","30577.png",30577,0.171803601428069,0.207630372179275,1.36432325268396,-0.0756423221096346,0.210548068044458
"step","30590.png",30590,0.178667936755169,0.214398097655711,1.26704404601394,-0.0761919260879448,0.206421766267758
"step","30604.png",30604,0.180180992815762,0.21520124876133,1.17784610896506,0.0238469141424458,0.206276999251365
"step","30617.png",30617,0.170832073878345,0.206113999741594,1.17197776171282,-0.0463597123632952,0.201280746045128
"step","30630.png",30630,0.177631462710791,0.212848273753774,1.20115258794187,0.000159954918546534,0.208740955480634
"step","30644.png",30644,0.169080045118113,0.204583691227432,1.11809307739241,-0.0290153020918277,0.204428858231748
"step","30657.png",30657,0.159091236475076,0.195952274542552,1.4495105919127,0.00285523797258434,0.194066087316983
"step","30670.png",30670,0.166736431288381,0.201519171731748,1.37236779609815,-0.0119504379826892,0.197257017308156
"step","30684.png",30684,0.181688770360397,0.217446433706467,1.39647402283705,-0.0230492814275352,0.210894044558533
"step","30697.png",30697,0.164360486711995,0.200807335815103,1.45559380556081,-0.0588310468467534,0.195890434740038
"step","30710.png",30710,0.177881294874065,0.214050241182722,1.23595800623265,-0.0530588090286785,0.206971404567889
"step","30724.png",30724,0.165802785661647,0.200775575895686,1.11479695592321,0.0453316046340611,0.196401314881871
"step","30737.png",30737,0.165627732709597,0.200221289017055,1.24894891748414,0.00780766277478273,0.197973444456362
"step","30750.png",30750,0.174893046089142,0.209961204550095,1.29833445682239,0.0383309628790374,0.199808665684635
"step","30764.png",30764,0.169036605208764,0.203884784597007,1.31031080553934,-0.016345272957187,0.198494788784814
"step","30777.png",30777,0.172554655846828,0.208035102401697,1.18625792138757,0.0136652728186991,0.203706252486882
"step","30790.png",30790,0.178986251662541,0.214437781734029,1.11774765041184,0.0207807758492197,0.208996878324655
"step","30804.png",30804,0.176769914424696,0.211346760683047,1.18103641950727,0.0651320352262438,0.20226695143331
"step","30817.png",30817,0.180703525111174,0.216387988858613,1.63051639592851,-0.11208631138814,0.209246576181257
"step","30830.png",30830,0.168995867539107,0.203782683223938,1.10073199726663,-0.00103904458164847,0.200391393235457
"step","30844.png",30844,0.167340728734544,0.202475121211501,1.24284971303832,-0.0215912821001148,0.199704542626116
"step","30857.png",30857,0.170702243608287,0.206793393361915,1.34419514132164,-0.0124438040174469,0.200556521352794
"step","30870.png",30870,0.172209730139006,0.208087734406427,1.30713764247087,-0.0215094003193281,0.201854696522061
"step","30884.png",30884,0.179575635473639,0.214608936413912,1.22242955566809,0.0235555373687182,0.206236895815564
"step","30897.png",30897,0.170424498186433,0.204855911995411,1.21401192565662,0.073695915153549,0.198421441109611
"step","30910.png",30910,0.167061487406829,0.201572542835259,1.22887367038473,0.0645101082435917,0.196078799473659
"step","30924.png",30924,0.188291910513813,0.223246487551064,1.08871206447712,0.0470308633499817,0.21401754405287
"step","30937.png",30937,0.164176244754636,0.199262887497346,1.18913507198562,-0.0549915809503932,0.195147349178104
"step","30950.png",30950,0.172637193976505,0.208141478218894,1.19716390660716,0.10017878010621,0.20038384945442
"step","30964.png",30964,0.17354621454094,0.208536989379855,1.1433407765501,-0.0372122664645735,0.206178772558049
"step","30977.png",30977,0.158783100519196,0.192990713709815,1.30690523119382,-0.0180748394766414,0.186593895646366
"step","30990.png",30990,0.169094181441489,0.203474602251559,1.34545604641837,-0.0531856518300096,0.196787256504613
"step","31004.png",31004,0.170374382041156,0.205848467603929,1.42113320570883,-0.0370240864481501,0.196142796167556
"step","31017.png",31017,0.169144999366373,0.204150573563781,1.31774444553334,-0.0217821405098539,0.197603514767745
"step","31030.png",31030,0.181729591951022,0.217322968385348,1.11679653765588,-0.0393312139999518,0.211464783745607
"step","31044.png",31044,0.166689895257871,0.201093605941025,1.20028299738342,-0.0146514675178335,0.193607421945339
"step","31057.png",31057,0.165984078329014,0.200577391425537,1.25856234732558,-0.012169284809876,0.19550097374041
"step","31070.png",31070,0.1822720790611,0.216917671444799,1.23639116810815,0.0138584097085205,0.207887849795001
"step","31084.png",31084,0.172789073711474,0.207816701841866,1.14226039939505,0.00471163987734813,0.200759492079295
"step","31097.png",31097,0.175406601515413,0.210945361689304,1.20896874140559,-0.0113911372977383,0.205578367118146
"step","31111.png",31111,0.181647838460737,0.217015331110772,1.20137286816031,0.0484158336594687,0.207267512478045
"step","31124.png",31124,0.173501597122636,0.209326284145753,1.15087163443949,-0.0054362470591485,0.201447375346114
"step","31137.png",31137,0.172860750531239,0.207563197349444,1.221535673043,-0.051236236749367,0.200508940314085
"step","31151.png",31151,0.176562105296816,0.211302102876678,1.24598568990509,-0.040531478342491,0.204674809134006
"step","31164.png",31164,0.1819275238051,0.217543975504514,1.13733316397191,0.0815551599680847,0.20781223577001
"step","31177.png",31177,0.173830613891982,0.208718049448118,1.19643682899404,0.0483218101350281,0.19982170880611
"step","31191.png",31191,0.169518458078479,0.205438270905229,1.45130280114549,-0.0593317919678409,0.200338192333716
"step","31204.png",31204,0.173145155666128,0.20757254213162,1.299837063422,0.0362692462089449,0.199103697347331
"step","31217.png",31217,0.175201033382528,0.210828235387718,1.29102080745263,0.0715614253239034,0.201164115071285
"step","31231.png",31231,0.164707891550756,0.198825763634782,1.28743109933765,-0.0188679586887152,0.191361810684308
"step","31244.png",31244,0.170931898835912,0.206499207906714,1.40204383553278,-0.0317430162203005,0.200040431264127
"step","31257.png",31257,0.190466962583104,0.227021792001385,1.16890966143396,0.0751359297828134,0.217327232659658
"step","31271.png",31271,0.177720046547831,0.212385207308642,1.22423943407681,0.0432063069014255,0.202457217211707
"step","31284.png",31284,0.163780959251336,0.198367331658297,1.16000519864902,0.0142012372633795,0.194202889646556
"step","31297.png",31297,0.15957852126739,0.195043041958586,1.36746130351276,-0.0289811226291043,0.188427474013773
"step","31311.png",31311,0.161238560665613,0.19598794621002,1.21792576727113,0.0526148409731949,0.195901953589968
"step","31324.png",31324,0.176160504030463,0.211255191285592,1.22415472881644,-0.0346021704496019,0.207055148477177
"step","31337.png",31337,0.174599887798474,0.209981706956442,1.20471097435193,-0.0674514109126581,0.205649180201086
"step","31351.png",31351,0.183482298466069,0.218617845353378,1.26373778803058,0.131540089041927,0.209191355587326
"step","31364.png",31364,0.178782852625207,0.213680098444296,1.18093201900511,0.043533408749961,0.203982472092369
"step","31377.png",31377,0.174280055162936,0.209847991723119,1.28337981972569,0.0168859077768892,0.200757918354731
"step","31391.png",31391,0.176178105024268,0.21181661486701,1.07550366840754,0.0495080704452333,0.203857992810618
"step","31404.png",31404,0.159751267780276,0.194269407159652,1.27599253769978,-0.0110325381843192,0.190513924130023
"step","31417.png",31417,0.175809571532075,0.210509282155351,1.12908145723156,0.00984363690033752,0.202464467054108
"step","31431.png",31431,0.172617920600414,0.207363377542644,1.27132888594578,0.027915295400836,0.198451799612958
"step","31444.png",31444,0.17358041598776,0.208404878809814,1.24730212432488,0.00890131862197224,0.198593809596298
"step","31457.png",31457,0.17724080585027,0.212668318023752,1.25840641832743,-0.0448145628482458,0.203908246317857
"step","31471.png",31471,0.17634739262038,0.211189470688481,1.34818661620696,-0.0719098309172938,0.199597476180412
"step","31484.png",31484,0.169874597317067,0.204024155020688,1.17636176592959,0.0262739270717125,0.196378781951996
"step","31497.png",31497,0.173475375772869,0.20844747239478,1.20270473404572,0.0318426617356309,0.199486478179075
"step","31511.png",31511,0.177338247640239,0.211901361354204,1.26620058424179,0.0394507908275998,0.201701243084822
"step","31524.png",31524,0.176626153977788,0.212867768984539,1.34872364607206,-0.0762390390099913,0.204241842149059
"step","31537.png",31537,0.168675592414635,0.203448195033993,1.22402471925636,-0.0162849457109392,0.199700293257558
"step","31551.png",31551,0.167160975953738,0.201902265550134,1.23697108251793,-0.0468454137914855,0.195382336375222
"step","31564.png",31564,0.170939279200805,0.205708161690427,1.27264919242028,-0.06023920048839,0.197768865428633
"step","31577.png",31577,0.16755171387903,0.20194520769066,1.24430222470138,0.000108550195428853,0.195447174926736
"step","31591.png",31591,0.169926329094697,0.204659369233259,1.12239677810134,-0.0560836256113947,0.198996638037143
"step","31604.png",31604,0.175120298967689,0.209787679877302,1.30438230634654,-0.0489864187858203,0.202543341472184
"step","31617.png",31617,0.170480338543282,0.205973281089044,1.41535525116562,-0.0251798995374663,0.200417619724888
"step","31631.png",31631,0.173549282385936,0.209455094337938,1.20862424453266,-0.0425923854578701,0.204351014526887
"step","31644.png",31644,0.171961056913351,0.20698422262864,1.31509520022528,-0.0594145488992465,0.199360336604335
"step","31657.png",31657,0.170346035115509,0.204797079890979,1.13468594194693,0.00897760325916824,0.196985820305593
"step","31671.png",31671,0.177323458317051,0.212353057078033,1.24460401800805,0.017391098003841,0.203980197342822
"step","31684.png",31684,0.141425645199424,0.175520381164274,1.25833456274334,-0.00218991868658858,0.170333551369795
"step","31697.png",31697,0.169552178839626,0.204218009199809,1.24608202767768,-0.0175817055001479,0.200567965554442
"step","31711.png",31711,0.178253483531385,0.212967160932254,1.17022347977743,-0.0216456917127137,0.209865728150386
"step","31724.png",31724,0.173041243691205,0.208008006659791,1.15348446639738,0.00731363070055949,0.200908377042875
"step","31737.png",31737,0.178880353466425,0.213578101336411,1.26095058344071,0.0447658929415104,0.204934193032448
"step","31751.png",31751,0.173699946150498,0.208577953392627,1.26937724923204,-0.0543580521087266,0.20278748182473
"step","31764.png",31764,0.169794772938714,0.204871554866351,1.23446859494403,-0.0306458745268594,0.200619815216623
"step","31777.png",31777,0.177706365043177,0.212736990094955,1.22073085263048,-0.0138961585114895,0.205314699919713
"step","31791.png",31791,0.172379096847171,0.207208653857606,1.21549460132049,-0.0257087182575209,0.201345878614183
"step","31804.png",31804,0.160269445954207,0.19470513214747,1.3271945176943,0.155061452822095,0.192572092433105
"step","31817.png",31817,0.173057830803534,0.207525060290425,1.20728285718683,-0.0278881181321562,0.201873495824857
"step","31831.png",31831,0.169826084097948,0.204443078137561,1.31340205886192,0.0708047916695708,0.196991523909821
"step","31844.png",31844,0.172359290726843,0.206971367698973,1.19551530406049,0.0280789187037033,0.198508541907353
"step","31857.png",31857,0.175419729293206,0.21027919479653,1.24481921742483,0.0931730726442345,0.202095112137575
"step","31871.png",31871,0.174507046443334,0.209355886968832,1.18654633865453,0.0206978548041949,0.201225887701233
"step","31884.png",31884,0.173418527016393,0.208564745793845,1.18201443936866,-0.0207609541701062,0.203944841385713
"step","31897.png",31897,0.179532165444727,0.214927789530108,1.13317934000225,0.0382769559260382,0.205663372956555
"step","31911.png",31911,0.174074927309545,0.209179565579316,1.33295520203362,-0.00154009691494786,0.200456045223718
"step","31924.png",31924,0.168378738132009,0.203160328092092,1.20353183338491,-0.00669361668554946,0.198317307375664
"step","31937.png",31937,0.180037064307822,0.215574393241812,1.31642107984314,-0.00919386369967637,0.207985015097737
"step","31951.png",31951,0.173765235950486,0.209175536037548,1.2570513911425,-0.0462153433189015,0.202342943721689
"step","31964.png",31964,0.179365832369318,0.214795094847121,1.19803613394738,-0.0562032211630522,0.209061656920062
"step","31977.png",31977,0.175394369906672,0.210167021876004,1.14176209608425,0.00824408579596941,0.205893907785049
"step","31991.png",31991,0.174012498695054,0.209515135219417,1.32123826627377,-0.0697411851158421,0.200945459420176
"step","32004.png",32004,0.172194693086148,0.207719594145764,1.43484976119791,-0.0607059592535438,0.200973434185536
"step","32017.png",32017,0.179409794871905,0.214426772634612,1.1195453654218,0.0362264722459802,0.205132604018649
"step","32031.png",32031,0.173355483741927,0.208266218986662,1.15091570182395,0.0123391752730743,0.203678723154935
"step","32044.png",32044,0.180744549809659,0.216544343607025,1.32039376369413,-0.0597961822883634,0.208735823839943
"step","32057.png",32057,0.164467589528804,0.200119153196373,1.28155501724197,0.0786976472405003,0.20189250265111
"step","32071.png",32071,0.171304809051028,0.206504109549736,1.26109832034432,-0.0186712164885412,0.201962949547643
"step","32084.png",32084,0.173029950617578,0.20787517607411,1.25403052294677,-0.0323022230561917,0.202755481296793
"step","32097.png",32097,0.177743196971455,0.212946794749086,1.19219311021662,0.0297938246108877,0.204353020438944
"step","32111.png",32111,0.171180186656484,0.206202926054805,1.24666286822797,-0.0265102840002172,0.201433984456529
"step","32124.png",32124,0.169722143706928,0.20534023751403,1.4209379644763,-0.0421639960695572,0.198901408761248
"step","32137.png",32137,0.173200891447938,0.208292246693349,1.14275499762137,-0.0283191767406719,0.201531607535022
"step","32151.png",32151,0.172828311180675,0.207989659961895,1.24205618221532,0.0237231217167794,0.200740188144402
"step","32164.png",32164,0.17840428036026,0.213402407250719,1.14883629721606,-0.000979137042847633,0.209768749801788
"step","32177.png",32177,0.179756380012898,0.215265257032086,1.25698123298797,-0.0478982488600739,0.208199217072714
"step","32191.png",32191,0.181554560770216,0.216193341440269,1.12595539588645,0.0285332586433359,0.207214884593666
"step","32204.png",32204,0.177094622617067,0.212210948936417,1.24031673076161,0.0258014588191244,0.203144084906405
"step","32217.png",32217,0.170263297265311,0.20627814586038,1.42330794057843,0.017651048464168,0.196025996990907
"step","32231.png",32231,0.169868114698564,0.204399530868684,1.29300234285822,-0.000608690265938461,0.197471721357139
"step","32244.png",32244,0.17736329361763,0.212657067248292,1.11589078490446,-0.018814676820157,0.20747620354348
"step","32257.png",32257,0.170317550789665,0.205248715253653,1.21431901442598,0.0129436736960669,0.199417109976822
"step","32271.png",32271,0.17501768119487,0.210183609042365,1.15388414629515,-0.049140358229858,0.20278601874575
"step","32284.png",32284,0.166038486676587,0.200708470941504,1.29869876419178,-0.0301545815748071,0.195350585405044
"step","32297.png",32297,0.177071442109504,0.212652876608351,1.22098580797882,0.0207712985602998,0.204628573344939
"step","32311.png",32311,0.175018935430134,0.209996325245705,1.13366771104267,0.0467831452935696,0.201643311370423
"step","32324.png",32324,0.168962453936021,0.203454108150669,1.31183994197619,-0.0339827132177671,0.195628288621206
"step","32337.png",32337,0.158551451704877,0.193659759796283,1.22399145310349,-0.0509046114740386,0.192290675327301
"step","32351.png",32351,0.176505893759234,0.211783732337084,1.1446256100757,-0.0289471284674725,0.206660636856061
"step","32364.png",32364,0.175909405844442,0.211143946966207,1.22117314103451,-0.0386706553970465,0.205450999320174
"step","32377.png",32377,0.167314409613438,0.202826337582443,1.29645370062218,0.0324659958415474,0.20042733002792
"step","32391.png",32391,0.179445941869956,0.214944604918062,1.21436151977861,-0.0515641372674302,0.20621642145051
"step","32404.png",32404,0.182561229803039,0.217918470700981,1.25639586416081,-0.0384093873204496,0.210100335897119
"step","32417.png",32417,0.17274897184155,0.20775354159046,1.27078140333765,0.0371390231497147,0.201274750457527
"step","32431.png",32431,0.167570923594243,0.201938776378991,1.48720556814484,-0.0362158893231792,0.194781447515538
"step","32444.png",32444,0.171215442963402,0.20639833075147,1.33695393502013,0.0337010266922567,0.200244265217116
"step","32457.png",32457,0.184367314605673,0.218975773699712,1.20450143858148,0.0234842939246125,0.210775734000116
"step","32471.png",32471,0.184399266536216,0.218929885948912,1.19399733114286,0.0304046612987213,0.210696052199118
"step","32484.png",32484,0.175009469329736,0.211060701913659,1.22659262055513,-0.022469706266361,0.20370622260431
"step","32497.png",32497,0.170816257948665,0.206776792229533,1.27051617159033,-0.00555457391804384,0.20195352995923
"step","32511.png",32511,0.179739545857863,0.215183817676012,1.29485703782995,-0.0970473802301401,0.206682806053214
"step","32524.png",32524,0.177354788643987,0.212696262261541,1.21514397228562,-0.0441674913693858,0.20694369040985
"step","32537.png",32537,0.181851407621194,0.217677173431115,1.19411767079031,-0.00999811513896917,0.214064201454751
"step","32551.png",32551,0.184789169082188,0.220355794159555,1.1925100238446,-0.00432357645667311,0.215677826013317
"step","32564.png",32564,0.185041426002739,0.22109313915777,1.17323804306651,0.00874587342302086,0.21564938754079
"step","32577.png",32577,0.179251955463543,0.215261441117074,1.16576792089053,-0.0411552955439272,0.20947623097767
"step","32591.png",32591,0.178549079331734,0.214246268039478,1.22691357161493,-0.024662387065656,0.209876777773043
"step","32604.png",32604,0.176606620894387,0.212137091407104,1.2722990747102,-0.00859856062067285,0.207022326456141
"step","32617.png",32617,0.173289096396303,0.209782838054917,1.3995297507105,-0.0702244966724438,0.203452747916104
"step","32631.png",32631,0.177269730975954,0.212996236092924,1.24235966510301,-0.00258910793618569,0.209167416611182
"step","32644.png",32644,0.168398032518422,0.203420481068511,1.29095023369872,-0.0153121208067981,0.19886557226018
"step","32657.png",32657,0.181609965627009,0.217094531728961,1.20211929762686,0.0326204430213172,0.208687275508939
"step","32671.png",32671,0.179395776336031,0.214756509948489,1.3548873725526,-0.0558964101076396,0.209390606563685
"step","32684.png",32684,0.180522724835031,0.215687981936429,1.26684331362248,-0.0850270424506235,0.211013510009442
"step","32697.png",32697,0.180838402435463,0.21621389239565,1.26953049299608,0.0200107434337531,0.208440347432201
"step","32711.png",32711,0.176546657855394,0.21188748082647,1.21008380120692,-0.103042288505825,0.207520389535312
"step","32724.png",32724,0.175748960566048,0.210910704980485,1.1825782435241,-0.0272069900463283,0.205547099199918
"step","32737.png",32737,0.171806476728522,0.207499403705759,1.1996030675193,-0.0159405885831742,0.204117714436741
"step","32751.png",32751,0.168712429761827,0.203381799362288,1.09975386659407,0.0140372468074409,0.200269303502384
"step","32764.png",32764,0.179392315861551,0.214640769284995,1.15464025392552,0.0180114313894787,0.206408858112247
"step","32777.png",32777,0.173180275153526,0.209062398020268,1.21463852695801,-0.00602202238219204,0.202925462588513
"step","32791.png",32791,0.180695481472227,0.215467795430514,1.11874533273616,0.026403364161547,0.21322766157561
"step","32804.png",32804,0.171020291015269,0.20760934871281,1.43982269360476,-0.0330380949937487,0.206006647443553
"step","32817.png",32817,0.172809195048567,0.209472848738335,1.41625029413211,-0.0362490636045652,0.202413247498516
"step","32831.png",32831,0.188551888527858,0.224250079921518,1.22387892387047,-0.00129889128102345,0.215926382596562
"step","32844.png",32844,0.178204410741488,0.214233796825499,1.26484850223339,-0.0593564075660784,0.207909288891765
"step","32857.png",32857,0.183287968109736,0.218209459872363,1.22264101545385,0.034041504063671,0.210220780810694
"step","32871.png",32871,0.177795275496388,0.213373235032169,1.08212094824281,-0.00851165264766424,0.209758922127096
"step","32884.png",32884,0.168722087973836,0.204606670646742,1.25532501739329,-0.0147114178356012,0.200000528396422
"step","32897.png",32897,0.183934178847269,0.219641503155907,1.17198119584093,-0.0279339572109129,0.214985672820697
"step","32911.png",32911,0.176036383319729,0.211609709770198,1.26289110508488,-0.014794253898283,0.207379190644832
"step","32924.png",32924,0.171227952111741,0.20651063794157,1.2474065439343,-0.0260391721490018,0.199382909533777
"step","32937.png",32937,0.176849622568224,0.211911106877591,1.16361692648992,0.00648294012502387,0.203937763492318
"step","32951.png",32951,0.172977617802404,0.208323472913864,1.20186870279977,-0.0186764790910331,0.20265702919372
"step","32964.png",32964,0.176631315698691,0.211209040126623,1.36656859135905,-0.0322762513655265,0.202867243762282
"step","32977.png",32977,0.171310694239129,0.205968075641102,1.10402145271047,-0.0594819270222303,0.199121695638996
"step","32991.png",32991,0.17848926977694,0.214011475655795,1.271140791904,-0.0486171357115409,0.207801849724932
"step","33004.png",33004,0.181238182965464,0.216072897996866,1.21808956010005,0.0263444837622243,0.206290767165904
"step","33017.png",33017,0.180465655131421,0.215932947589392,1.19831524325824,-0.0191337643772076,0.211629247692673
"step","33031.png",33031,0.189711177670104,0.225207098202113,1.26277538235804,-0.0854792609601042,0.219844179250069
"step","33044.png",33044,0.183689193246204,0.218499218731513,1.11866579413491,0.0299681681786554,0.208614721876187
"step","33057.png",33057,0.162854648770492,0.197964059398627,1.29956849734863,-0.0223602320893333,0.194284356337753
"step","33071.png",33071,0.176929111851337,0.212193456788875,1.09438801596641,-0.0252230034830904,0.206616586336631
"step","33084.png",33084,0.180874110407177,0.216828689911396,1.17500683120017,-0.0188095568957052,0.21283771676431
"step","33097.png",33097,0.181462151309774,0.216501086298673,1.20268265099669,-0.0158577127655895,0.210383904596341
"step","33111.png",33111,0.174811798985368,0.209528975405176,1.16021324078307,-0.00782134784096106,0.204157220433656
"step","33124.png",33124,0.176251421855958,0.212466054615152,1.28338456085662,-0.00664200593649297,0.208558070670299
"step","33137.png",33137,0.180565806880484,0.215933640407714,1.63440460840751,-0.229675786847043,0.205746744754663
"step","33151.png",33151,0.17418468586073,0.20961304879329,1.2617463873451,-0.125548393798856,0.204459806209963
"step","33164.png",33164,0.177555805728081,0.213305572657844,1.37549480701512,-0.0740120458478476,0.203508706396079
"step","33177.png",33177,0.180151964675074,0.215683752990902,1.13774803889959,0.0217126179509,0.206345949789598
"step","33191.png",33191,0.174842873656399,0.210374884731474,1.20860963184134,-0.0346159033964608,0.204199134970223
"step","33204.png",33204,0.185147708764687,0.220155229459984,1.16963082621608,0.0188692690511429,0.211867835144559
"step","33217.png",33217,0.173771317060002,0.208941829965072,1.22326169001288,-0.00936064815064533,0.203502303705712
"step","33231.png",33231,0.178884544375017,0.213977781165327,1.30375897899509,0.0505533713327207,0.206918435529685
"step","33244.png",33244,0.17583331689764,0.210890804495694,1.25374550931953,-0.0121322050431347,0.205951538273984
"step","33257.png",33257,0.180098439159181,0.216319186819426,1.16412010943398,-0.0177747990806404,0.211093640070832
"step","33271.png",33271,0.181046463086423,0.215777741444242,1.38725570115871,-0.0771779159103716,0.210220656957082
"step","33284.png",33284,0.179508678907508,0.21503600197927,1.14896211766942,-0.0186474078657182,0.20998829732288
"step","33297.png",33297,0.174828547338756,0.210138382298247,1.21951278952345,-0.0185900887479391,0.205145207957728
"step","33311.png",33311,0.170333344269965,0.205428520608672,1.28447130495573,-0.0327156270635056,0.199432682000671
"step","33324.png",33324,0.188301182863473,0.223572941975343,1.11686867387846,0.0195964630224547,0.217783580606376
"step","33337.png",33337,0.181356028835705,0.21618619291169,1.27457516538495,-0.12166790929274,0.209828705866109
"step","33351.png",33351,0.181846835530216,0.217241218399316,1.33080250281413,-0.141511482591864,0.20830419649682
"step","33364.png",33364,0.179413663357647,0.215457936932779,1.32425161828861,-0.243335362476574,0.208831682666688
"step","33377.png",33377,0.174664515777614,0.21013925143069,1.24412572381057,-0.0560433970123999,0.204851767096497
"step","33391.png",33391,0.172412499013701,0.207687733815375,1.22248563808348,-0.0244284824992661,0.201321103297567
"step","33404.png",33404,0.177263300220172,0.212827566370898,1.15836283760911,0.0400080531519555,0.205503057733819
"step","33417.png",33417,0.171783547970361,0.20731911788839,1.17805611406631,-0.0172210525287186,0.203041439057501
"step","33431.png",33431,0.170828304579911,0.205429905464659,1.31394509290353,-0.0164363852063594,0.199666703584178
"step","33444.png",33444,0.176955360373957,0.211938020552227,1.25763849987072,0.0278767980375074,0.20289091198298
"step","33457.png",33457,0.186933904137513,0.22260910663314,1.23899074065942,-0.120331732763901,0.21734976572131
"step","33471.png",33471,0.180977280538314,0.21658322285409,1.27008806907547,-0.124360855058663,0.210232671611752
"step","33484.png",33484,0.180173295997251,0.216197861008344,1.23180441735531,-0.114965744741299,0.207849454928012
"step","33497.png",33497,0.184222762824014,0.220333111738123,1.03427865573093,0.0445681093055705,0.217673089381527
"step","33511.png",33511,0.181573431980256,0.218528608072751,1.21244437674192,-0.093850114761731,0.211604499065587
"step","33524.png",33524,0.187426877772812,0.222558033454942,1.2952654816213,-0.00879979603627629,0.216342718975889
"step","33537.png",33537,0.177686362128123,0.213132269491764,1.26623038078179,-0.12904921131977,0.206777073186413
"step","33551.png",33551,0.176006486347169,0.211527145436718,1.29974053088173,-0.0596837326489908,0.204234198017218
"step","33564.png",33564,0.186083768724664,0.221988214357138,1.11281401345305,0.0591988694935136,0.214308001758229
"step","33577.png",33577,0.178534591074592,0.214270606313269,1.25506588083184,-0.0877495489822626,0.210501241570793
"step","33591.png",33591,0.177155263399837,0.212759654465381,1.25669357531609,-0.0508152351055146,0.206558394906315
"step","33604.png",33604,0.187613985348602,0.222681319034801,1.38111255742237,-0.0937935485393336,0.21628048772966
"step","33617.png",33617,0.174499325902731,0.209692677212699,1.18680655055165,0.0189649219956177,0.205683217691354
"step","33631.png",33631,0.184568489994245,0.220207285744994,1.31336422569715,0.0341823324225553,0.211684329620307
"step","33644.png",33644,0.186750801975726,0.222888588242753,1.36516833472528,-0.0492773496462029,0.214830222807286
"step","33657.png",33657,0.178325669236336,0.214735588472674,1.27081204805074,-0.0868268315749932,0.2075518116519
"step","33671.png",33671,0.178879508542161,0.214718275864355,1.1373505291153,0.0063695416314965,0.211682018617966
"step","33684.png",33684,0.172036639343244,0.20746612053131,1.17694318296354,-0.0526418728102429,0.200821074414563
"step","33697.png",33697,0.176420520384294,0.211754314021477,1.28109879017618,-0.0667505933144965,0.204746763973855
"step","33711.png",33711,0.181180408166795,0.216248817725231,1.32475210453941,-0.0972132797464057,0.207874772072804
"step","33724.png",33724,0.1670623258372,0.201876058335864,1.35980591808896,0.0641626901030609,0.193953866233409
"step","33737.png",33737,0.172998188071632,0.208549488999351,1.25318158568661,-0.0372510947753283,0.20428249840262
"step","33751.png",33751,0.176020011543578,0.212086280336572,1.11504900711379,-0.0497949001401084,0.207999188968759
"step","33764.png",33764,0.174290574344845,0.209727154960746,1.26136557242178,0.0372643455685901,0.201646203357296
"step","33777.png",33777,0.179618435878497,0.215001844556071,1.13614629712877,0.0388086613972598,0.210071132636643
"step","33791.png",33791,0.186238828746631,0.222243123107532,1.22810779355652,-0.0481973664202575,0.221430089109613
"step","33804.png",33804,0.176803734693146,0.21177296276512,1.30778167108288,-0.0929071259586968,0.205672412191574
"step","33818.png",33818,0.177748542247716,0.212694899665479,1.22466453741567,-0.0913803266722124,0.207009486530443
"step","33831.png",33831,0.177770104833879,0.21409161756217,1.13142606213108,-0.0813151030789818,0.21221176650634
"step","33844.png",33844,0.176437387997688,0.211991359777586,1.30944017383404,-0.0380586238969161,0.205824587221005
"step","33858.png",33858,0.17548984262242,0.212060519030678,1.19826421357008,0.0019873139808621,0.210103658456493
"step","33871.png",33871,0.180636298209568,0.21834180583803,1.36628133496298,-0.0676796009356315,0.207724763543335
"step","33884.png",33884,0.165438110540794,0.201096138051391,1.46969020394756,-0.119442248875723,0.193169916273145
"step","33898.png",33898,0.168925761585197,0.203980385076871,1.16878608019432,-0.0523251294490369,0.201889909201606
"step","33911.png",33911,0.175636179626835,0.211396966274736,1.18820978869218,-0.0913069073274011,0.21142320583201
"step","33924.png",33924,0.185222968934884,0.220494338772984,1.34405562183988,-0.127856336249757,0.213256791440969
"step","33938.png",33938,0.177328492994069,0.213085961659727,1.27775974731077,-0.088491898765788,0.208647299362498
"step","33951.png",33951,0.182587645844172,0.218760059231251,1.32860589567234,-0.0802644989445046,0.209987340994144
"step","33964.png",33964,0.18026547947198,0.21609000210735,1.1335323342541,0.0277507138008249,0.211937524128924
"step","33978.png",33978,0.17711102740362,0.212939083135533,1.24773041861639,-0.0816668677023636,0.207183052998673
"step","33991.png",33991,0.184732896118388,0.221486252713155,1.37461001782347,-0.0483980006797722,0.213213480812933
"step","34004.png",34004,0.172319661351825,0.207945369336922,1.04733191045414,-0.0224286565007657,0.208162144848337
"step","34018.png",34018,0.170058670716691,0.205372059292733,1.28759187723917,-0.0625283399626963,0.198475719390865
"step","34031.png",34031,0.178184917865585,0.214337840320554,1.33052030901095,0.102339674178968,0.206806637233673
"step","34044.png",34044,0.175865906580202,0.210498770192288,1.51725496345117,-0.00107807972887811,0.205009252825408
"step","34058.png",34058,0.181374974115174,0.217447348385896,1.26276963537987,0.0547134837901621,0.210634253689612
"step","34071.png",34071,0.179248206174419,0.216277846613743,1.56323049132683,0.0118108862140717,0.213764327224202
"step","34084.png",34084,0.178960833527292,0.215142655911172,1.23472744801572,-0.0333211814776311,0.211993842442172
"step","34098.png",34098,0.18254615864704,0.221200440759511,1.4546549951,0.121855239606184,0.21389884659198
"step","34111.png",34111,0.184160501630563,0.220604629656524,1.2757939852962,-0.138551665790053,0.219937313660454
"step","34124.png",34124,0.186871304940003,0.223540816245482,1.44044029548963,-0.209685879107138,0.214488472683159
"step","34138.png",34138,0.186929036926026,0.223809436575101,1.13078941174638,-0.00437269688892591,0.222701522928921
"step","34151.png",34151,0.188389786121736,0.224309037005123,1.17363001063052,0.110832873261515,0.216427828432924
"step","34164.png",34164,0.174960697763608,0.21029727358098,1.37301553724016,-0.0674684616957279,0.2040782322034
"step","34178.png",34178,0.177425120857292,0.213072783018334,1.28014157919135,-0.0482908835664807,0.206176488092749
"step","34191.png",34191,0.186282143050077,0.222659164693698,1.17860879270647,0.00120415091925868,0.219886758408406
"step","34204.png",34204,0.183290468542738,0.2201493347684,1.15385109907149,-0.0225110941284575,0.215886209874557
"step","34218.png",34218,0.184647019436925,0.220969615748798,1.36148142627018,-0.0321088197183222,0.213114177480612
"step","34231.png",34231,0.181814449835766,0.217404417259229,1.33242461401993,-0.0794566204218031,0.20920563181856
"step","34244.png",34244,0.177104660005152,0.213897413061699,1.35565107940594,-0.120566064481735,0.203670610971691
"step","34258.png",34258,0.175739655501867,0.21198348682582,1.23336335605864,-0.0275804952458602,0.208095428832029
"step","34271.png",34271,0.180661776050316,0.216727002887322,1.15950141156168,-0.0489636801671837,0.212239754345687
"step","34284.png",34284,0.178192767047796,0.214683608769631,1.14810645907158,-0.0886944349033626,0.212866778377943
"step","34298.png",34298,0.175197914052807,0.210957965976936,1.3538302307755,-0.0495826157358911,0.206245749815199
"step","34311.png",34311,0.178066081307908,0.214459622976139,1.11126935598902,-0.0208612539123426,0.213927615761621
"step","34324.png",34324,0.176666832737468,0.212913378297952,1.25522364158619,-0.036608163390998,0.209949789500927
"step","34338.png",34338,0.179175770330915,0.215306392724355,1.24140906731296,-0.00377178564420549,0.213044748034701
"step","34351.png",34351,0.18132666104281,0.218265305710309,1.23279040324068,-0.0834289439225182,0.212955491169231
"step","34364.png",34364,0.178840291288263,0.214184831194294,1.2699764765537,0.03816515280301,0.210854302515353
"step","34378.png",34378,0.1761911219195,0.212571497451366,1.33240844499002,-0.0850447696437705,0.206077124854329
"step","34391.png",34391,0.183712109195352,0.220854396536554,1.29823501185316,-0.0443269490848016,0.216598045952169
"step","34404.png",34404,0.175012698127402,0.211729194451488,1.27621349056518,-0.0456333287653685,0.209735918642207
"step","34418.png",34418,0.173823259731794,0.209831146147744,1.30468392575635,-0.0758674879826303,0.204834039432293
"step","34431.png",34431,0.177320357036271,0.214311413818839,1.15942668433726,-0.116866323063903,0.21142860886311
"step","34444.png",34444,0.18984561474814,0.227447553726221,1.26064519400466,-0.0294231187976663,0.225935451090957
"step","34458.png",34458,0.175762215443624,0.211460741984069,1.2230292620983,-0.0271661499690936,0.207785014130786
"step","34471.png",34471,0.174504981107713,0.211298226817938,1.21028070286091,-0.0831865775916091,0.208457276523726
"step","34484.png",34484,0.177192171663974,0.214627290711587,1.30223005408167,-0.111748950959279,0.209818735323446
"step","34498.png",34498,0.176499048292237,0.215182212688053,1.36036884024631,-0.0383345974715353,0.218112953535012
"step","34511.png",34511,0.18466292884721,0.221202341639111,1.24109864982927,0.0165912861957224,0.215266869642386
"step","34524.png",34524,0.180147772559057,0.216283871805106,1.09954342511067,0.0444437714654714,0.212215191227446
"step","34538.png",34538,0.170913346564322,0.206046545264725,1.49551517973973,0.00847079762239758,0.204284860010058
"step","34551.png",34551,0.164212793900701,0.199352397662144,1.46041733563741,0.0153081416249457,0.195503141328506
"step","34564.png",34564,0.175864260246015,0.211712437930045,1.33652070656743,-0.0949552647793636,0.206502725436867
"step","34578.png",34578,0.18274171823397,0.220203354245946,1.21477538341797,-0.0127262782562308,0.216470229241469
"step","34591.png",34591,0.180455885455322,0.217333325166636,1.41343317054216,-0.0258687411464792,0.216425510281393
"step","34604.png",34604,0.187953283222295,0.226022571524012,1.28840640680316,-0.154986361044969,0.214760741629805
"step","34618.png",34618,0.178732025435964,0.214898829144735,1.33546299459594,-0.142901682773348,0.208573678365023
"step","34631.png",34631,0.176746947619829,0.213188680855169,1.25938339453951,-0.0155585397666476,0.203886190644148
"step","34644.png",34644,0.17500310809007,0.212988657516107,1.37492758787875,-0.0889263777081095,0.210285239982449
"step","34658.png",34658,0.178776678495558,0.215184842236454,1.1960592340538,-0.0521362280001465,0.210864346313362
"step","34671.png",34671,0.177882460947998,0.214344714580061,1.4601312686932,-0.0258207239191548,0.210316945002813
"step","34684.png",34684,0.171631251690873,0.20719549834519,1.19143638767188,-0.0573704101610881,0.204265756005768
"step","34698.png",34698,0.172158674511069,0.208621015213739,1.24576995309091,-0.0112660521873557,0.207480839403271
"step","34711.png",34711,0.175124439010522,0.211238708703767,1.28412068550916,-0.03018485073741,0.205663977243267
"step","34724.png",34724,0.177467778121904,0.215016081444257,1.46573973827864,-0.0112044450553404,0.208711556129771
"step","34738.png",34738,0.16837492671822,0.204616219810232,1.43508976039896,-0.0391813714576217,0.198825978109514
"step","34751.png",34751,0.172032017618362,0.210004933924034,1.3729831273967,-0.0807483423795794,0.202795893860228
"step","34764.png",34764,0.192517951144339,0.229312989547529,1.21214104518641,-7.61823376581594e-05,0.223691573819484
"step","34778.png",34778,0.165043097177942,0.210335965386834,1.802388717582,-0.144686150653376,0.208290051649387
"step","34791.png",34791,0.174897919327787,0.211004382161609,1.2743398434139,0.0196462433632595,0.202894471656512
"step","34804.png",34804,0.180060785645449,0.217328927329857,1.24257054643689,-0.100539927166716,0.212993011929678
"step","34818.png",34818,0.179485905806613,0.216418845696494,1.1136047590679,-0.0453977294869349,0.214692779319023
"step","34831.png",34831,0.173564531806226,0.208678429733347,1.33594846161908,0.000408906214961646,0.20529719815125
"step","34844.png",34844,0.170478974504487,0.205995549881107,1.31249102518017,-0.0647669594915714,0.198758838305236
"step","34858.png",34858,0.178381693063567,0.214808805163389,1.35019523758471,0.11905221748179,0.211786353229036
"step","34871.png",34871,0.181588546067521,0.220159792665547,1.29384449396678,-0.019339418650995,0.218057548643039
"step","34884.png",34884,0.183323160323701,0.219649288235853,1.16207090807426,-0.00908334855855436,0.216164494111785
"step","34898.png",34898,0.173593830174415,0.210019927078885,1.27732383261481,-0.0358332537826658,0.205309816960092
"step","34911.png",34911,0.179391417626191,0.215465743585921,1.20846477441414,0.0276228858046663,0.209533260477692
"step","34924.png",34924,0.176800989612643,0.212585713580707,1.20123587657735,0.0349592637832737,0.211072641668911
"step","34938.png",34938,0.191653925764723,0.229108198834225,1.30250152400361,0.0898787444921173,0.221480489465118
"step","34951.png",34951,0.163063271531279,0.198611557332524,1.31146487953001,-0.0120628508315307,0.194220809340795
"step","34964.png",34964,0.173950068695077,0.209979266676671,1.3645344988492,0.0272710390056256,0.206719135403183
"step","34978.png",34978,0.189267627726902,0.224934850533416,1.34535145769587,0.123466739249951,0.215623527254184
"step","34991.png",34991,0.177426116153664,0.2139216827647,1.36333252029302,-0.0359569698073578,0.213356662241751
"step","35004.png",35004,0.178789285074804,0.215792217190779,1.18738430021707,0.0303240802127177,0.210232985078356
"step","35018.png",35018,0.197475863718089,0.235527350589086,1.31952312715926,-0.0875692974867485,0.226361200875552
"step","35031.png",35031,0.179037864003137,0.215839870528265,1.356965298802,-0.0633131754953673,0.209738910364914
"step","35044.png",35044,0.179451735182408,0.21612181598145,1.29675175565763,0.0788602081151127,0.21249386903284
"step","35058.png",35058,0.186544664160569,0.224364864395096,1.1213896735234,-0.00481576156077176,0.223973105044327
"step","35071.png",35071,0.179941329607299,0.218101260761929,1.1275500937224,0.0223195410232485,0.221243126435653
"step","35084.png",35084,0.184824442287751,0.221126400332136,1.29699772927003,-0.155208467414741,0.214478459078772
"step","35098.png",35098,0.182743737313037,0.219581842533502,1.1791192681411,0.058101066542069,0.217241379780982
"step","35111.png",35111,0.182164717275059,0.218491161201408,1.21693125163789,0.0101966465418915,0.214929656674117
"step","35124.png",35124,0.18100944148633,0.216367641913766,1.42840496424378,0.060877695793075,0.211798175912763
"step","35138.png",35138,0.182649941044355,0.218915777618997,1.32475198497672,-0.0257521053317078,0.213245276365586
"step","35151.png",35151,0.184905874929328,0.222342365236501,1.19752745426125,0.118833007278741,0.217479280438628
"step","35164.png",35164,0.182034849893008,0.21898288605698,1.14260519245104,0.0167435219343764,0.219131927927882
"step","35178.png",35178,0.187504119606693,0.226324649481377,1.18664944142585,-0.153534282062521,0.2261978347597
"step","35191.png",35191,0.180495100079708,0.217056133462546,1.31286097528564,-0.00181269607162807,0.211255993572744
"step","35204.png",35204,0.206302428637598,0.247302898867785,1.19731858736343,-0.0473828136843056,0.237210762840015
"step","35218.png",35218,0.184074664259149,0.221159677682188,1.30677437880889,-0.0943604661430042,0.217833447750494
"step","35231.png",35231,0.190255124942224,0.228312070618944,1.36476198376572,-0.1529347826572,0.223725552950583
"step","35244.png",35244,0.187339270347721,0.224468658085885,1.08985687016247,0.00984898504125908,0.22387479879902
"step","35258.png",35258,0.184485495376655,0.221284509237278,1.30410026826556,-0.0841346647882057,0.218418705325942
"step","35271.png",35271,0.182057705601749,0.218228682095078,1.23885363541211,0.0855873078872748,0.213946568896163
"step","35284.png",35284,0.18605967199365,0.223980499896192,1.26866181245105,-0.12654288174571,0.224685272308072
"step","35298.png",35298,0.185740594155664,0.222605721616578,1.37259412317661,-0.0100065322517982,0.223087911762632
"step","35311.png",35311,0.18354076829728,0.22055552123713,1.37597926629931,-0.0514956681034367,0.218917835988378
"step","35324.png",35324,0.181444131403677,0.217971514523992,1.39051083874364,0.0956697735796116,0.214416215733474
"step","35338.png",35338,0.177048011893723,0.213904573961069,1.2656808200696,-0.0384397710707046,0.207983266254066
"step","35351.png",35351,0.181180869150516,0.218815107916433,1.32017405834212,-0.0457084526250592,0.212419847388008
"step","35364.png",35364,0.180957016343094,0.217743974763317,1.25941407941121,0.0481134329441112,0.211968894316149
"step","35378.png",35378,0.180092092873869,0.216638389296501,1.38490157204847,-0.048566541835514,0.211260778070988
"step","35391.png",35391,0.184093637464812,0.220952525517889,1.25060246647387,0.00561405630178144,0.217220557297238
"step","35404.png",35404,0.185461055279919,0.223465907908659,1.13603175923179,-0.0428225436985071,0.222979881305903
"step","35418.png",35418,0.177760877719216,0.214688638467268,1.30095672319851,-0.0671670895719168,0.212136479751279
"step","35431.png",35431,0.205445863943059,0.245203486725557,1.45944399950068,0.0095647274523015,0.238634600150099
"step","35444.png",35444,0.177403378373361,0.213300342043541,1.37641242383988,0.0541294839672149,0.207757747152775
"step","35458.png",35458,0.188408415786379,0.227330988877176,1.39275694196634,-0.0703398372648235,0.227885366988438
"step","35471.png",35471,0.17790648411699,0.214618762239119,1.2643633226598,-0.00197964969675316,0.211560240180357
"step","35484.png",35484,0.182531393629143,0.218801951539193,1.49855665045939,0.0532958520796459,0.216569547524578
"step","35498.png",35498,0.175465458173655,0.212160730849945,1.37578644449491,-0.0269373147261555,0.206790383787796
"step","35511.png",35511,0.182474254440664,0.220110812421201,1.11598058384841,0.0238282259478444,0.214264463730986
"step","35524.png",35524,0.164963740912377,0.200940930275742,1.27343299731873,0.00303172322244027,0.199107295887679
"step","35538.png",35538,0.193619294842274,0.233544236750483,1.24068174093358,-0.0781886229020196,0.223247249727736
"step","35551.png",35551,0.181962790687854,0.219357210748131,1.31746550279453,-0.0666179791751536,0.212351186558644
"step","35564.png",35564,0.184613783785228,0.221661267740809,1.41144730334209,-0.0979145441197594,0.218511468528744
"step","35578.png",35578,0.181322275335878,0.218471197184119,1.24260341586488,0.030588171868063,0.215725261551889
"step","35591.png",35591,0.190452083243532,0.227740207720146,1.42559831457356,-0.156592152154298,0.222029550174439
"step","35604.png",35604,0.199180748966466,0.237728380058261,1.30939798751456,-0.146797221781407,0.234639140833695
"step","35618.png",35618,0.189708112352699,0.228051430172055,1.48184136124294,-0.0459355492839254,0.225278181934634
"step","35631.png",35631,0.19036602204333,0.227032333743527,1.19986877469274,0.0848479288920396,0.221254069214691
"step","35644.png",35644,0.186068470477001,0.222961699951937,1.15800735084014,0.045380362657496,0.217062573200597
"step","35658.png",35658,0.190304791763245,0.227401462264709,1.26037639167844,0.0770630445991722,0.222427109062933
"step","35671.png",35671,0.186034905397708,0.223854753076381,1.23064162066749,0.0319886806234981,0.22117680080156
"step","35684.png",35684,0.186499882258962,0.225154663826272,1.3662615472741,-0.0744875011308838,0.21903580582132
"step","35698.png",35698,0.192511808812654,0.233494085297562,1.48397171615198,-0.0517291291584689,0.23287902683574
"step","35711.png",35711,0.196969697156301,0.23650710721252,1.16786908702743,-0.0364452572995001,0.23495900322708
"step","35724.png",35724,0.184912041856117,0.222779618451652,1.42332304522138,0.0516447312760141,0.215621510688548
"step","35738.png",35738,0.19777407822894,0.23800969024249,1.14106574338654,-0.101022993625281,0.239511852304567
"step","35751.png",35751,0.195960467030147,0.236033965114983,1.13574367701478,0.045513341478761,0.235251143510087
"step","35764.png",35764,0.190786397925803,0.227952837287315,1.20012770530257,0.0437877757311677,0.226446416036055
"step","35778.png",35778,0.191078666983816,0.228031732267597,1.21219379318955,0.10840363346738,0.224651246928355
"step","35791.png",35791,0.20020423286877,0.238231003650929,1.27723048474575,0.119003779396123,0.231977677396773
"step","35804.png",35804,0.187678749029211,0.226668066246795,1.13736052968063,-0.0927471880261112,0.221806195990246
"step","35818.png",35818,0.200344882852835,0.239698112877372,1.15846904516734,-0.0466239764864683,0.238479851288425
"step","35831.png",35831,0.191583726833502,0.229711056171007,1.1933962274564,-0.0317163092455852,0.228350195391463
"step","35844.png",35844,0.191482600814459,0.23039914330384,1.22422747692962,0.0879074499143981,0.22472222881696
"step","35858.png",35858,0.18425682800801,0.222196755627787,1.45065843554299,-0.0739667135168062,0.218202088679059
"step","35871.png",35871,0.192816034786755,0.230773989901625,1.25466287148347,0.0549988882209418,0.225460586289884
"step","35884.png",35884,0.195591087114026,0.234777928710418,1.2163838124078,-0.0406581197801057,0.229128533197616
"step","35898.png",35898,0.19023904856241,0.227898312654151,1.1864528418383,0.0613826618518698,0.222123796306814
"step","35911.png",35911,0.192207499141593,0.229694808645335,1.37867359499975,0.181488820200065,0.224731835486
"step","35924.png",35924,0.186239254546523,0.224820447973797,1.24174166363923,-0.0647463979946895,0.223736111532636
"step","35938.png",35938,0.18653047730554,0.224282826486496,1.24015322476653,-0.0821866575042579,0.217632406788139
"step","35951.png",35951,0.191952033815815,0.230047626669144,1.24455180738094,0.111204443025204,0.224903455806486
"step","35964.png",35964,0.188579602377454,0.227169045818799,1.44810041502926,0.0339477921779108,0.223899497339022
"step","35978.png",35978,0.197421052148855,0.236578904233935,1.45518067592011,-0.0576362910564504,0.234226177985581
"step","35991.png",35991,0.195963803273794,0.234209804911224,1.26594764573107,0.0161856916702169,0.229797509213575
"step","36004.png",36004,0.181928688629789,0.219268492648084,1.39503211048719,0.0908511632833806,0.215879362191066
"step","36018.png",36018,0.189546887647469,0.228416486824933,1.28140976135067,-0.0813674947871948,0.22401740899414
"step","36031.png",36031,0.200855403858848,0.240585004880837,1.23411997820148,-0.0535971833849278,0.238848080477146
"step","36044.png",36044,0.192331890140536,0.230708284964944,1.37755835099257,0.00330956561283338,0.228126671207556
"step","36058.png",36058,0.194363201565966,0.233306430633907,1.36342211058883,-0.00262703332151962,0.226964425646705
"step","36071.png",36071,0.189284804154745,0.227743415439453,1.2715410751018,-0.0704821873951607,0.222724817010313
"step","36084.png",36084,0.19171132274808,0.230206048991345,1.31881144850959,-0.0683668054390377,0.226878881697336
"step","36098.png",36098,0.199389275976762,0.238685857532626,1.18595736509616,-0.0734074266605323,0.234676104843861
"step","36111.png",36111,0.196965137755002,0.235225090088639,1.2025361417916,0.0325527582210061,0.234056568736982
"step","36124.png",36124,0.198378891688793,0.236689080508634,1.28864438033285,0.0356442784372478,0.229354236966204
"step","36138.png",36138,0.19938967627733,0.238486328239875,1.20152386252889,-0.0518652609968317,0.236989543079896
"step","36151.png",36151,0.197259821183721,0.236372971618302,1.39798640611773,-0.157298187121814,0.234749216153355
"step","36164.png",36164,0.188816965152274,0.226626485732289,1.45795736196742,0.0375827488256238,0.227642278644384
"step","36178.png",36178,0.191150145281112,0.231185405568453,1.43066596003769,-0.0742891453331181,0.22118527133063
"step","36191.png",36191,0.21292073091392,0.25365881596078,1.27472780793701,-0.0387435952655464,0.247526186972518
"step","36204.png",36204,0.211541862217264,0.251130181322284,1.3370637848477,0.0545390282844658,0.244679999645988
"step","36218.png",36218,0.187508067821672,0.225384228481653,1.29035608883184,-0.0712718691783432,0.221210248081658
"step","36231.png",36231,0.204739591998827,0.244919027634708,1.2759284459699,0.0724294211532978,0.239927611143482
"step","36244.png",36244,0.188090765261396,0.225679252244547,1.17710580692601,0.0575778473406072,0.222857595333457
"step","36258.png",36258,0.194724875137556,0.234358071654575,1.25755367614625,-0.0676923532571641,0.228897277530194
"step","36271.png",36271,0.186657732587983,0.224696186840691,1.23522504164922,-0.0994549630087002,0.220961132348073
"step","36284.png",36284,0.191103277172176,0.229324064086043,1.16430148334622,-0.121099228424894,0.225462960518103
"step","36298.png",36298,0.191322752434635,0.228348171500737,1.3153920354067,0.0602365879298181,0.224925723793249
"step","36311.png",36311,0.195588146049414,0.235786443139393,1.3145782677312,-0.117040285997948,0.227943228264328
"step","36324.png",36324,0.199067210593334,0.238420531878254,1.18490077008825,-0.0417255997576135,0.238190136632201
"step","36338.png",36338,0.196931621158367,0.235647717611273,1.27095368912002,0.000495617734034615,0.229906771008537
"step","36351.png",36351,0.207011014595284,0.24776044517304,1.27556735726292,-0.0404934751407167,0.242041708139265
"step","36364.png",36364,0.200314096112309,0.239799915163518,1.2839589413343,0.0775187341640033,0.234753843175301
"step","36378.png",36378,0.19231072774765,0.230364076813055,1.38516704040121,-0.0598116457731954,0.229469071726606
"step","36391.png",36391,0.189321777836114,0.227047290034249,1.45069700328531,-0.0582146810054276,0.223408836010603
"step","36404.png",36404,0.20199566203049,0.241372117590107,1.28751208844758,0.0158347198019928,0.240140026712347
"step","36418.png",36418,0.195374316040165,0.233829407292645,1.21174552078584,0.0184271550479532,0.231246633164647
"step","36431.png",36431,0.194579203838873,0.233658781269167,1.29951340024075,-0.0410099058465025,0.229581316644157
"step","36444.png",36444,0.209334091456651,0.249186269232984,1.18210479469584,-0.0189491702129209,0.251436802345799
"step","36458.png",36458,0.209136060895539,0.25119691377835,1.37977514613959,-0.0365852124896172,0.251152242726445
"step","36471.png",36471,0.200079213858505,0.239897189048693,1.4450091844053,-0.0455726053812591,0.235623599017456
"step","36484.png",36484,0.194338658952576,0.232268705880585,1.25042300139296,-0.0222032905336636,0.229988294221022
"step","36498.png",36498,0.20956434394344,0.250392849443347,1.44474528946672,-0.187214469625368,0.244286950795127
"step","36511.png",36511,0.206578442370239,0.246251095847471,1.26094594372434,-0.0740936231688923,0.241601242125979
"step","36525.png",36525,0.196396509991812,0.234816045724159,1.16022558285552,0.0331490680833994,0.231483629729506
"step","36538.png",36538,0.216159991034069,0.258765929859671,1.32452319515734,0.0392375050493187,0.251980592716136
"step","36551.png",36551,0.204225449329075,0.243561492942895,1.18506459171307,0.022523024465233,0.239218743579862
"step","36565.png",36565,0.204267280385228,0.245017701913291,1.30049178186477,-0.124964737060245,0.242880153457636
"step","36578.png",36578,0.203151116492506,0.242677472185468,1.25606125665537,-0.0750098769461381,0.242034528250869
"step","36591.png",36591,0.201591259369222,0.241237130110479,1.35685578533795,0.0509905212299288,0.237033157841492
"step","36605.png",36605,0.194608469027958,0.233134400702085,1.38447552235446,-0.00523367747141634,0.22999618483967
"step","36618.png",36618,0.195706050746651,0.233880017811642,1.22975731429572,0.0181791526374077,0.231777367731455
"step","36631.png",36631,0.199728304063459,0.238609843521135,1.2862549339728,0.0915264467706461,0.237094052314971
"step","36645.png",36645,0.202471463969387,0.241796704760824,1.30640641817169,0.012153029487935,0.241654515100075
"step","36658.png",36658,0.201778799086138,0.240941491995451,1.47708569428432,-0.0156850894409201,0.244221270318363
"step","36671.png",36671,0.196627569057214,0.23611178071628,1.31983297778107,-0.0465720280029465,0.232357480305577
"step","36685.png",36685,0.201156851014511,0.240869378946597,1.37037224816823,-0.0535755402049657,0.242845523946162
"step","36698.png",36698,0.210626478277875,0.251938632503098,1.24645214255033,0.00640716323301865,0.246062359199706
"step","36711.png",36711,0.202728145621337,0.24205061005203,1.23849441377828,0.00635894761768535,0.238696379269119
"step","36725.png",36725,0.206766569782273,0.245435489521891,1.44179387771254,0.199425409605231,0.245042491623883
"step","36738.png",36738,0.191038132986441,0.230972609642335,1.33492929568367,0.0418892951018943,0.225748990331041
"step","36751.png",36751,0.218444708600763,0.259044373120064,1.35125096627961,0.0222709638678519,0.253674656523159
"step","36765.png",36765,0.196725080382986,0.235327993735976,1.30732710172316,-0.0367675211756859,0.227629394516988
"step","36778.png",36778,0.198577823705849,0.239053498799025,1.10239518674536,-0.0947279843800816,0.233345312344779
"step","36791.png",36791,0.201137713812308,0.241580967065497,1.28932013420971,0.0339086780021537,0.238525696397151
"step","36805.png",36805,0.201104002045845,0.241242461828529,1.22891753181848,0.0312256313664477,0.239993189796051
"step","36818.png",36818,0.191929213565822,0.230668014381206,1.26612182213705,-0.0571000607940855,0.225334646585289
"step","36831.png",36831,0.19705439313067,0.235769460065304,1.15984100825677,-0.0313780224764331,0.235210852055505
"step","36845.png",36845,0.203043111697824,0.2416416253298,1.20211566692018,-0.01542884290187,0.240128722575912
"step","36858.png",36858,0.206729291592154,0.247438624935889,1.22588056228401,0.0485060473813644,0.250216728829624
"step","36871.png",36871,0.202682761123363,0.242632806424627,1.37378487504529,-0.0475580303211932,0.235929981850769
"step","36885.png",36885,0.202027139536271,0.2418340005242,1.3101104773133,-0.0226080300358217,0.233660758061788
"step","36898.png",36898,0.202415626547784,0.24142658839147,1.28538412174415,0.092883583625871,0.239008770230799
"step","36911.png",36911,0.194509456054021,0.233362507612637,1.29592670855611,-0.026664816931153,0.232835361908244
"step","36925.png",36925,0.189106789260773,0.226254256290845,1.35719789686293,-0.0175496825372761,0.221354234968079
"step","36938.png",36938,0.188595680602313,0.226552629266788,1.42396589361585,-0.0456641658289552,0.22360145000007
"step","36951.png",36951,0.185486873305296,0.222486088569835,1.30365143185536,-0.0370723057253917,0.220610221438738
"step","36965.png",36965,0.196834402244397,0.235994537672429,1.25971943641282,0.0115790894453364,0.235101508549905
"step","36978.png",36978,0.191679387817868,0.229570406056171,1.50040886501497,-0.0681927037464039,0.226527226790474
"step","36991.png",36991,0.205344582302465,0.246468845278831,1.36458710417151,-0.0945546938871042,0.241306008076669
"step","37005.png",37005,0.188698968696237,0.227716880640728,1.37690711611106,-0.0114283045097258,0.22488769309618
"step","37018.png",37018,0.194221308735077,0.233622941012504,1.13428862365488,-0.0322041243703343,0.229928931323227
"step","37031.png",37031,0.19654935221304,0.23501847299881,1.25554309294226,-0.0588388911445588,0.232358965684571
"step","37045.png",37045,0.192804976755054,0.231213466280521,1.4713594744355,-0.0584162119302723,0.225235288378065
"step","37058.png",37058,0.193165941137991,0.231816541733375,1.33752996133393,0.0484641262613582,0.226007211829197
"step","37071.png",37071,0.190307274447917,0.22866852391179,1.38056606695003,-0.0761874197882116,0.223388305762179
"step","37085.png",37085,0.203937318162222,0.244289984605128,1.21426896479218,0.0339819870794297,0.242973115506354
"step","37098.png",37098,0.181026981274858,0.21722688488572,1.40288197473958,-0.0220791731859098,0.212535751793029
"step","37111.png",37111,0.186331370456548,0.223675577493942,1.39041025934401,-0.0378021188182334,0.220147931032178
"step","37125.png",37125,0.199513938032991,0.238497207805753,1.42909049080821,0.0529394783315241,0.23732270032843
"step","37138.png",37138,0.192998306790086,0.23352011040044,1.13146805286464,-0.0412385908818168,0.231815585387383
"step","37151.png",37151,0.187918241477997,0.225247716291732,1.37595688625243,-0.0585150227135235,0.220307836492584
"step","37165.png",37165,0.192140335889872,0.229677970296722,1.38873706597443,-0.0521939243258051,0.226665135895918
"step","37178.png",37178,0.194404802673814,0.234446483799826,1.74351846402642,-0.0506743077408817,0.224461763968091
"step","37191.png",37191,0.197781317105984,0.237816858542774,1.40651835564145,-0.0497379555955551,0.231343656360934
"step","37205.png",37205,0.197022864205241,0.235276715899974,1.32328268596306,0.0127166749691531,0.232679614245333
"step","37218.png",37218,0.201326997833999,0.242130481258049,1.36515403870419,-0.0500505703686118,0.238604233648876
"step","37231.png",37231,0.203779639200304,0.244208136835201,1.26085203156792,0.0749065149132226,0.241242634086119
"step","37245.png",37245,0.18752048690058,0.226566353396832,1.39256804536521,-0.0538200950404283,0.222829265432416
"step","37258.png",37258,0.18465172891826,0.221838175051944,1.32178041473006,-0.0346286683377846,0.219576578434795
"step","37271.png",37271,0.18816944807697,0.226271546295169,1.27374589965493,0.0337829278219316,0.22283697004489
"step","37285.png",37285,0.198130731815791,0.23734626925574,1.3349041448568,0.0253186805269565,0.235997915424754
"step","37298.png",37298,0.197500442447099,0.23687080326665,1.22214672767638,0.00199025664815439,0.235069408481667
"step","37311.png",37311,0.194657775992005,0.233095242626497,1.30389728223885,-0.0138899010816771,0.227970058921584
"step","37325.png",37325,0.193134776491687,0.231813538726466,1.41202731327858,0.0807328714294816,0.229645836923116
"step","37338.png",37338,0.197090289090536,0.237054917067284,1.19738368028929,0.0201176349381467,0.237231584385375
"step","37351.png",37351,0.184638632399554,0.222926283352332,1.3087890814342,0.0733126975091082,0.222607000827988
"step","37365.png",37365,0.2019981040179,0.24124645111725,1.36831106438695,0.0530183174384091,0.233064060362786
"step","37378.png",37378,0.182199017025274,0.220774781910314,1.35058642864896,0.0256284273133808,0.218145832750475
"step","37391.png",37391,0.182131907606387,0.21982826397785,1.33321848167873,-0.0204171576482617,0.219340063787029
"step","37405.png",37405,0.197740656927432,0.237045923757249,1.22619015211979,0.0482040644889987,0.241629116927338
"step","37418.png",37418,0.183525855286412,0.221724578361372,1.3461425482015,-0.0351053290524653,0.216963488703889
"step","37431.png",37431,0.200484497250027,0.241598340243986,1.25723869749765,-0.0327702557394536,0.24002003764095
"step","37445.png",37445,0.189540269557052,0.22817651885886,1.32839122923019,-0.00225418731610932,0.22303780759719
"step","37458.png",37458,0.190840703181981,0.231311530021068,1.1781251882216,-0.0411053732924481,0.228029673761019
"step","37471.png",37471,0.185984614695835,0.224596067005579,1.34409936211782,-0.0834325102615661,0.218036241015849
"step","37485.png",37485,0.196378905186792,0.235704139415954,1.31578379172842,-0.0419712189516046,0.228141663246903
"step","37498.png",37498,0.21827176579681,0.260751528411326,1.13862587008989,0.0412266214584285,0.26138293132942
"step","37511.png",37511,0.183124740749894,0.221255218364747,1.35471745741255,-0.0511542264020831,0.21790339721798
"step","37525.png",37525,0.183330814068842,0.220810454806128,1.21456132821792,-0.0456656676622851,0.217632680318253
"step","37538.png",37538,0.191778385976221,0.229981081470048,1.30691324518593,-0.0182045149771352,0.227330260018181
"step","37551.png",37551,0.176057956876593,0.211942651221789,1.30483685023906,0.0431290633767837,0.208002036969077
"step","37565.png",37565,0.178368965103162,0.214952456749347,1.29616382132761,0.0037471239341092,0.212140412471235
"step","37578.png",37578,0.182805438065129,0.220190998594182,1.2128752906489,-0.0373637410986656,0.218541190043314
"step","37591.png",37591,0.197136862446277,0.237725117631724,1.2018830839044,-0.110475248302237,0.231496881762807
"step","37605.png",37605,0.183264238919261,0.221073532265515,1.25569773499036,-0.0400518390378985,0.219483796935754
"step","37618.png",37618,0.180651261444035,0.21763564577435,1.31224739850001,-0.0204781639652314,0.213515204545093
"step","37631.png",37631,0.186503220846445,0.225917017947872,1.27756607500409,-0.107951461114875,0.222320211168064
"step","37645.png",37645,0.187237889697523,0.225454135953869,1.30171985549846,4.37188658357901e-05,0.230132174902054
"step","37658.png",37658,0.176556563875136,0.213241058623316,1.27890214925531,-0.0250713630982543,0.211652520806606
"step","37671.png",37671,0.181569580071672,0.21877482943733,1.24558568760366,0.0303428168325087,0.215344901207312
"step","37685.png",37685,0.18697072066029,0.226285232328488,1.20950615624118,-0.0630355473752728,0.223722054169718
"step","37698.png",37698,0.182821173296808,0.220918376930349,1.3497665017992,-0.0352878345842332,0.217523357412111
"step","37711.png",37711,0.189069729683088,0.228921089563906,1.33362221089649,-0.0636370455307651,0.226557503473306
"step","37725.png",37725,0.183275613810883,0.221007586013149,1.44218827089513,-0.0846148672901436,0.214800121398335
"step","37738.png",37738,0.187954497186564,0.22630801468852,1.25568061904384,0.0625523657956908,0.223458495654701
"step","37751.png",37751,0.185035050717517,0.223207864115913,1.23394832969771,0.0549345882469116,0.221688008573079
"step","37765.png",37765,0.191465197614579,0.231647700880678,1.36640686286592,-0.138791642778646,0.230128015810203
"step","37778.png",37778,0.179709747721256,0.216971946870443,1.49153384921406,-0.109159087985272,0.211959812830695
"step","37791.png",37791,0.177572134867899,0.214283065741737,1.32290142579245,-0.0475728845039602,0.213976285635751
"step","37805.png",37805,0.185649797267906,0.22389080360452,1.36878283855128,-0.057612300189569,0.222825866863199
"step","37818.png",37818,0.18391365225853,0.221926813771771,1.33004923831781,-0.068326480092045,0.22049065732499
"step","37831.png",37831,0.171084739874217,0.207786974558696,1.32159198897016,0.00231626594266737,0.204401488993959
"step","37845.png",37845,0.179762445487573,0.21754222394689,1.30113950279822,-0.0302020465571023,0.218049585231699
"step","37858.png",37858,0.195774301905952,0.236209480676991,1.29952560931708,0.00561971609138895,0.234948979166081
"step","37871.png",37871,0.171237962308239,0.207449991724109,1.33565571639696,-0.00379501717114578,0.20585454421395
"step","37885.png",37885,0.171410439322423,0.207394800056731,1.34149287200074,-0.0426834761906005,0.205015947046386
"step","37898.png",37898,0.182137071956201,0.219696170755851,1.23601833857437,-0.057503289777932,0.21405641449565
"step","37911.png",37911,0.1918013258624,0.23267059908695,1.42617298679189,-0.0119296208914168,0.229697403279438
"step","37925.png",37925,0.181224246129363,0.219623090351528,1.1878955983637,-0.0368691803982445,0.217532639470015
"step","37938.png",37938,0.195240089464869,0.233976948725679,1.21505540426234,0.08925548060755,0.237938289234431
"step","37951.png",37951,0.172393529717765,0.208359900720103,1.24207442730105,0.0317767209444021,0.204779882289537
"step","37965.png",37965,0.169245608789669,0.204256454985348,1.32258628233089,0.0880195886539017,0.203545781494848
"step","37978.png",37978,0.170820828253372,0.206537039392244,1.28780845686088,0.0184776166417797,0.205050467580232
"step","37991.png",37991,0.181561973983926,0.220042051866858,1.31801854834322,-0.0645808130761167,0.214119196489716
"step","38005.png",38005,0.176554546111287,0.214471494483904,1.17544174587939,0.0299064660645163,0.211629376418501
"step","38018.png",38018,0.177237145424388,0.21477884755906,1.29348654119886,-0.00526283307168693,0.210814959888303
"step","38031.png",38031,0.193379678449574,0.232708230373315,1.2538619207766,-0.052410346044854,0.227895113945353
"step","38045.png",38045,0.181959264680712,0.21953109671284,1.23761692067834,-0.0944674846236161,0.214335239127333
"step","38058.png",38058,0.167204839749069,0.202494291352907,1.34645969988604,-0.0284227100482137,0.200326267708336
"step","38071.png",38071,0.185869988301254,0.225850761814167,1.38431444459682,-0.136638653008444,0.225087681704213
"step","38085.png",38085,0.19190975005979,0.231297442591591,1.06923979898027,-0.0743843124619421,0.229783711070162
"step","38098.png",38098,0.171995785656416,0.208124435337543,1.33464023686939,-0.0387510132370875,0.207379140379683
"step","38111.png",38111,0.171722048003144,0.208288750283118,1.29683686641916,-0.064856689691959,0.205784454247376
"step","38125.png",38125,0.170226038148425,0.205919061013805,1.24120636398774,-0.0426124647831212,0.203082046210913
"step","38138.png",38138,0.180763624124479,0.217595696468042,1.29316981235052,0.0604688505247168,0.212395384277742
"step","38151.png",38151,0.198739607019111,0.239426494970393,1.20384962244649,0.0106736187435473,0.240625113709338
"step","38165.png",38165,0.186728823987542,0.22484130195735,1.2515938088122,0.0262769343836083,0.220856531378226
"step","38178.png",38178,0.174925812122344,0.211431021806656,1.24877809944318,-0.00545439040551329,0.210344693296691
"step","38191.png",38191,0.187716876444902,0.227591829272731,1.21835658523126,0.00367226119473918,0.22546540986411
"step","38205.png",38205,0.200898773487471,0.239582307520358,1.325535710946,0.0721007467266618,0.239610405881068
"step","38218.png",38218,0.188541669008613,0.226572236176325,1.25912235683359,0.0557279977013333,0.223397432614736
"step","38231.png",38231,0.171719723146831,0.208132222819469,1.24474808477418,-0.0524646189129943,0.202850576958958
"step","38245.png",38245,0.188993858294515,0.228319708370361,1.16850455420425,-0.0310692761502677,0.227909961716366
"step","38258.png",38258,0.188927553790548,0.227124446482049,1.24167114781802,-0.0301921302299697,0.222757681346129
"step","38271.png",38271,0.171970695295596,0.20746421906536,1.30791526131999,-0.0327965117012557,0.203465772592809
"step","38285.png",38285,0.181106425352339,0.218829587476026,1.47870274341563,-0.0633268252082951,0.209992903966459
"step","38298.png",38298,0.17232474303306,0.20935506171443,1.27082277529394,-0.0389796889741366,0.206712406517833
"step","38311.png",38311,0.187142960304628,0.225939356371286,1.34516832839634,-0.0895347715297714,0.21789446969611
"step","38325.png",38325,0.180677788891137,0.218205019949481,1.39314048416984,-0.0671061352626295,0.2086135676378
"step","38338.png",38338,0.177749195899252,0.216066578864786,1.26725925184591,-0.115393253261404,0.215273452433292
"step","38351.png",38351,0.189663349228556,0.229664232587637,1.32849452643278,-0.13366971471895,0.224345930900417
"step","38365.png",38365,0.184603302570009,0.224300345781624,1.40582899415588,-0.0952407796685469,0.221828283523768
"step","38378.png",38378,0.17227575915097,0.208911413478694,1.31886537995019,0.0152789639914264,0.203537369898974
"step","38391.png",38391,0.174543122494765,0.212848762700437,1.31352663910719,-0.120476832161167,0.207771884702356
"step","38405.png",38405,0.178646120795853,0.215635660758582,1.31316976079691,-0.0627440981339784,0.208048487456627
"step","38418.png",38418,0.16734869493536,0.202659653081269,1.24729867215246,-0.0227081254955645,0.19797337023125
"step","38431.png",38431,0.174882619875111,0.212305816494556,1.28210929544196,-0.0124225929376275,0.210380402094738
"step","38445.png",38445,0.187387003016914,0.226138598951818,1.32866369412432,0.0431725984290977,0.218917080469422
"step","38458.png",38458,0.171790541133839,0.208661730574248,1.31512367033925,-0.0299312678091004,0.205233424042969
"step","38471.png",38471,0.178476887824489,0.215907868496706,1.2126622519416,-0.015539403704927,0.216679816387146
"step","38485.png",38485,0.170166161423019,0.206266941053229,1.29100425719743,-0.0762775007039442,0.203274850000918
"step","38498.png",38498,0.199817134572877,0.242127632231713,1.16915192358475,-0.102753337902599,0.24786134949919
"step","38511.png",38511,0.192535052033703,0.232385187676561,1.24220514084538,-0.098552213808493,0.228777695157648
"step","38525.png",38525,0.180703143588768,0.219014156744457,1.20310289851465,-0.0515544507145342,0.216678579762166
"step","38538.png",38538,0.181440733394507,0.219889714543658,1.16651472571321,-0.189826697179388,0.220984783304646
"step","38551.png",38551,0.184797638948915,0.222963814443026,1.22965491194583,-0.0821799842811979,0.218578289445623
"step","38565.png",38565,0.170030218758313,0.206222218401019,1.29337763536799,-0.1194639767167,0.199370886990323
"step","38578.png",38578,0.17187047369452,0.208776927919176,1.2748652535908,-0.0540450137728163,0.20438567399158
"step","38591.png",38591,0.190201762753878,0.230005914220897,1.3439969856833,0.0324221930385105,0.229926761927368
"step","38605.png",38605,0.169548248413462,0.204914832593703,1.23955535375727,-0.0152598083357312,0.204792007671736
"step","38618.png",38618,0.172921280061162,0.209138069585828,1.24178624793274,0.000382862922650468,0.206924831036418
"step","38631.png",38631,0.173906935439181,0.212257634140667,1.28559558885991,-0.114125722095473,0.210679280563087
"step","38645.png",38645,0.173213868659369,0.214527330329903,1.48500054804708,-0.106846159999195,0.209014313266727
"step","38658.png",38658,0.159816023015478,0.200132509122656,1.41081676830223,-0.00684757816287487,0.197396189712953
"step","38671.png",38671,0.174865694068419,0.211396013430906,1.22569523410002,-0.0053340733571095,0.208835216169554
"step","38685.png",38685,0.176938515679609,0.215211205436435,1.22272084062878,-0.0503875780265625,0.217715533193504
"step","38698.png",38698,0.189011987039256,0.229276876999675,1.25336152231539,-0.093522918663648,0.229861493107392
"step","38711.png",38711,0.166842247918187,0.202909214580328,1.26609316444395,-0.0974088055088039,0.201921234087735
"step","38725.png",38725,0.169727127028331,0.206541332222056,1.36368900420025,-0.0786388532204398,0.203696834426241
"step","38738.png",38738,0.195613897768779,0.235598314618345,1.26865419128574,-0.0306834794623265,0.229839459965883
"step","38751.png",38751,0.18049138670071,0.218100158273692,1.26288044140579,-0.0271800353788912,0.22076964336905
"step","38765.png",38765,0.166184199710747,0.201331331985147,1.34054718955696,-0.0657533047944897,0.198103752681759
"step","38778.png",38778,0.157503713409581,0.193130335967314,1.34103175653247,-0.0212609517437633,0.188504866626907
"step","38791.png",38791,0.16560714507659,0.201051424409982,1.32536070041665,-0.091538900103851,0.197393026089542
"step","38805.png",38805,0.192402227314817,0.232502971975437,1.25638946840982,-0.0283513938163686,0.228245075553678
"step","38818.png",38818,0.177559068914702,0.215083874117852,1.33380549444701,0.0302332019767784,0.213077759522705
"step","38831.png",38831,0.174644013534906,0.212936247192103,1.31358085159251,-0.0555836866388787,0.209322653490563
"step","38845.png",38845,0.178431108311362,0.216124814930853,1.28805648849859,0.0292380832813099,0.214004414593938
"step","38858.png",38858,0.169702978968094,0.206089024613045,1.41990202125621,-0.0388721163146971,0.202833935137158
"step","38871.png",38871,0.183726052428629,0.221995740622526,1.38079949971223,0.0421838962207604,0.21561672057564
"step","38885.png",38885,0.171060446371522,0.208262938450743,1.26293874544729,-0.120533571757213,0.201811291437871
"step","38898.png",38898,0.177504956137791,0.215744583701234,1.30045653126679,-0.0459647206173368,0.21407658787568
"step","38911.png",38911,0.179093712240097,0.217752845850159,1.23705175017956,-0.0789721123015604,0.219335735155407
"step","38925.png",38925,0.189052436488045,0.228169888452402,1.36545518718057,0.0378589271902266,0.233450554480358
"step","38938.png",38938,0.177985030505595,0.214514195445039,1.33802446502541,0.0559867264490031,0.21725468597994
"step","38951.png",38951,0.17472747881679,0.212308731890642,1.28121166568522,-0.0916801579042854,0.212978016421074
"step","38965.png",38965,0.185767315246538,0.224427256534588,1.23367322602814,-0.0982322890139991,0.221752402558491
"step","38978.png",38978,0.176780595878346,0.214795425249079,1.27522818600827,-0.0273947851369793,0.211415277730988
"step","38991.png",38991,0.171556745781486,0.207725168798502,1.23306220730447,-0.0153273388203146,0.210605262418712
"step","39005.png",39005,0.177910923753464,0.216724791723736,1.34370569422398,-0.0580771657740786,0.212787210989859
"step","39018.png",39018,0.177965942598363,0.215339305702549,1.39467188363044,-0.107975503054591,0.21153736657488
"step","39031.png",39031,0.184314892219107,0.223569286284202,1.22846340821516,-0.00650389970729448,0.217844926460984
"step","39045.png",39045,0.172933869493661,0.209580662121323,1.29855574114276,-0.0102188146590946,0.204983870929624
"step","39058.png",39058,0.170636888488975,0.206872760719546,1.24835426169649,0.0342021963473176,0.203830648805054
"step","39071.png",39071,0.179342335067829,0.218103784564218,1.16356029800547,-0.0568449808529653,0.215486746231938
"step","39085.png",39085,0.177550665311363,0.215480754994947,1.13078093880504,-0.103508199977256,0.213388084242393
"step","39098.png",39098,0.185214516117199,0.223533978287423,1.26848021037303,0.0102343661470426,0.221616633154086
"step","39111.png",39111,0.169248900280749,0.205195945403999,1.2992163757521,-0.0591667935844108,0.205007471036252
"step","39125.png",39125,0.182504468785372,0.221293849357233,1.2801568747033,-0.0286620383218908,0.218851880299698
"step","39138.png",39138,0.166414506557747,0.201915313827251,1.25632307049934,0.0483197149458497,0.19794719490001
"step","39151.png",39151,0.174375719343688,0.211388900403955,1.25700314181983,-0.171457581305478,0.208538960391148
"step","39165.png",39165,0.167266901180072,0.20313330048215,1.31222967350559,-0.0182040292074335,0.200698430039415
"step","39178.png",39178,0.165814336405202,0.201198429750921,1.35496195874929,0.00125601984715795,0.197282389394861
"step","39192.png",39192,0.178700613450369,0.217251588278773,1.26757127775048,-0.0324676550994074,0.212533694783043
"step","39205.png",39205,0.179616475343483,0.217479494682503,1.33322577543584,0.0114717990897379,0.216554321388814
"step","39218.png",39218,0.160728522274539,0.195542817286418,1.23145929946374,-0.0608066828407438,0.194176699832421
"step","39232.png",39232,0.1796558843135,0.218023571859774,1.42138158082714,-0.115554811196446,0.209599713924658
"step","39245.png",39245,0.168580149071856,0.205544670927192,1.37701919045884,-0.0289958752860135,0.202551201187792
"step","39258.png",39258,0.181455853876891,0.220097592086568,1.17050880715069,-0.0157878315307501,0.217144769953444
"step","39272.png",39272,0.170181418022308,0.206526146610999,1.25072290771999,-0.00418451949347864,0.205487277655191
"step","39285.png",39285,0.175217793217626,0.211762509415201,1.22468097706195,0.0451177623497383,0.209085526552608
"step","39298.png",39298,0.172080476344659,0.20915350046744,1.25708414626456,-0.0559081330692839,0.208267323246754
"step","39312.png",39312,0.18613902244186,0.226001673068585,1.21237790053644,-0.0446156437201282,0.224456039490282
"step","39325.png",39325,0.165134142059962,0.200559913113343,1.14839450368249,0.0251714615208637,0.196402987436998
"step","39338.png",39338,0.169638353518522,0.206370935653355,1.2493443070169,-0.055576118306234,0.207998866136602
"step","39352.png",39352,0.173692382509286,0.209875382846994,1.19652233852497,0.0363302397558169,0.207463112062218
"step","39365.png",39365,0.185059995900443,0.223798069363711,1.3649144503957,-0.0772288816318054,0.226464521162118
"step","39378.png",39378,0.176867669721553,0.214418345579492,1.37946218226649,-0.0444658404551106,0.211188877071459
"step","39392.png",39392,0.181371869921052,0.219332902110117,1.30197926052546,-0.0391802837433878,0.215755188512761
"step","39405.png",39405,0.188958992011751,0.228806657178112,1.14784548735095,0.00927655159007557,0.23031357010015
"step","39418.png",39418,0.183394334655567,0.222577118187049,1.31471375075051,-0.0169683829615908,0.217559320468687
"step","39432.png",39432,0.174549035074332,0.211898561787713,1.31870313876806,-0.0359133336250725,0.207682899474874
"step","39445.png",39445,0.199991034982346,0.241775423446667,1.34650781346433,0.0456582815297072,0.241436909527601
"step","39458.png",39458,0.163550103912677,0.199347848616009,1.28978374927394,-0.0409609579665967,0.196883459856061
"step","39472.png",39472,0.190629605899888,0.229660560847222,1.34247346602577,-0.0560545052921528,0.228021333574358
"step","39485.png",39485,0.173448321220611,0.212046839328874,1.28434400283793,-0.0795696583128551,0.206190600916501
"step","39498.png",39498,0.185828487537142,0.226247202905955,1.27836914932654,-0.16549522116578,0.220458917887472
"step","39512.png",39512,0.177674625134852,0.216839035606187,1.26270877621132,-0.0895790209947947,0.210825520765087
"step","39525.png",39525,0.195137107934139,0.234984433724886,1.1948336443877,0.151496812656718,0.236405310840544
"step","39538.png",39538,0.180269010296411,0.218567088658696,1.26581635592202,-0.0303293355506096,0.21719877618325
"step","39552.png",39552,0.16580499698273,0.201598164895359,1.2707219054047,-0.0191394348175922,0.19709263404361
"step","39565.png",39565,0.172636466187669,0.209634031777372,1.16679894951645,-0.0211841272438512,0.207075187997737
"step","39578.png",39578,0.183327877687547,0.220752794111873,1.3290116890827,0.0171119816138209,0.218385766120843
"step","39592.png",39592,0.176348885157792,0.212896559809846,1.22917874310559,0.0381329704246888,0.210415542573277
"step","39605.png",39605,0.199861596678491,0.241268365075139,1.46885055182362,-0.169143042888984,0.242422125815801
"step","39618.png",39618,0.185935537802939,0.225040841616952,1.12596936277855,0.04049464126556,0.229263945873541
"step","39632.png",39632,0.181688968410899,0.220314400486417,1.26429188585115,-0.110632406179282,0.219227363533373
"step","39645.png",39645,0.191751572299999,0.231584219459633,1.08718343998459,-0.0608759017117695,0.229940367416211
"step","39658.png",39658,0.183656575340568,0.221859305363739,1.32788659130547,-0.0652673336277117,0.217158569620594
"step","39672.png",39672,0.161870958022375,0.197146774435912,1.22292858264498,0.0438442387630095,0.194293486966106
"step","39685.png",39685,0.181264777022906,0.219310825435116,1.32961342864993,-0.057760348752229,0.217079113074999
"step","39698.png",39698,0.185136535058364,0.223179527567908,1.34882757874719,0.0807635481626597,0.217313713778586
"step","39712.png",39712,0.166727476732122,0.202067237190041,1.29220178138887,-0.0314363648649344,0.198688966584968
"step","39725.png",39725,0.16838629896074,0.206417867939591,1.43755237265166,-0.0318025794425765,0.200905341734897
"step","39738.png",39738,0.175870730756113,0.214061618991733,1.27605431301744,0.0666572198268998,0.212675527609388
"step","39752.png",39752,0.172825568170998,0.210328172903198,1.23266402466331,0.0459918676335299,0.210223085378798
"step","39765.png",39765,0.168503144158705,0.204549823372924,1.11326376285097,0.0662115211681113,0.20173958428276
"step","39778.png",39778,0.209745498268937,0.252848545150631,1.05266604126974,-0.104491748621835,0.254207273315762
"step","39792.png",39792,0.167843119306489,0.203859310816598,1.19435240681231,0.0593454925063475,0.199882306807093
"step","39805.png",39805,0.194471683918746,0.234883283340869,1.27233622057418,-0.052851125004674,0.232792171460897
"step","39818.png",39818,0.186903421997254,0.225748429499097,1.3421673839712,-0.121792134644507,0.228550706551198
"step","39832.png",39832,0.1782860612339,0.216787380173782,1.31214004403632,-0.0228214313198176,0.212148252573494
"step","39845.png",39845,0.179187139460587,0.217665065631498,1.41293785827574,0.00690496274155619,0.209598933603218
"step","39858.png",39858,0.173117770812145,0.209935153594221,1.28087031241131,0.0273916974404366,0.206914672725753
"step","39872.png",39872,0.184626529113761,0.224082087413174,1.32531066194449,-0.0375154932733272,0.219483229209522
"step","39885.png",39885,0.170259200757277,0.206805547076248,1.32714750759699,-0.0210633328874368,0.203018325769302
"step","39898.png",39898,0.178239776192153,0.216315957696669,1.19620588939593,0.0190416443812659,0.214022520837699
"step","39912.png",39912,0.208117003386014,0.249227037522863,1.10585991793858,0.00568306356172227,0.246430588732062
"step","39925.png",39925,0.171452122110565,0.208036239196428,1.22889075090149,-0.0390960532849091,0.205026617098213
"step","39938.png",39938,0.183778572444772,0.222982480345081,1.37596682706609,-0.097102585188986,0.215778658043701
"step","39952.png",39952,0.175292241183735,0.21216387935585,1.36875309450154,0.0124819393921766,0.211411615328237
"step","39965.png",39965,0.185421072667188,0.223450473895513,1.3728155100536,-0.0553596374087009,0.212397581408862
"step","39978.png",39978,0.18662815065274,0.224319946357765,1.35534525556575,0.110209802377925,0.227403242109122
"step","39992.png",39992,0.195170454423549,0.235171153957396,1.36773472247707,0.00670560027483616,0.235522799341273
"step","40005.png",40005,0.180950978841309,0.219117657495293,1.22166451617273,0.0530342715542861,0.215461898049195
"step","40018.png",40018,0.180743308751067,0.218760722810123,1.25185461950329,0.0109009889396161,0.218190608162786
"step","40032.png",40032,0.189423974162039,0.228350695358106,1.30329579921549,-0.0449570568984005,0.222389999716595
"step","40045.png",40045,0.176870770753139,0.214814900135628,1.35742930324985,-0.027062752174214,0.20909368587003
"step","40058.png",40058,0.183823327838317,0.221429286855117,1.31303621131273,0.0856336200656765,0.21215082939242
"step","40072.png",40072,0.169809723843667,0.205817129957926,1.245642238304,0.13100406685337,0.198753973418008
"step","40085.png",40085,0.179937931049349,0.218261825271751,1.30949489009772,-0.00633823270399089,0.220070811246129
"step","40098.png",40098,0.185339212157879,0.227753249126686,1.62006383905516,-0.119877662917604,0.220737689632178
"step","40112.png",40112,0.187683510823818,0.225924357253196,1.34440511493264,0.0354834483271874,0.222431437356842
"step","40125.png",40125,0.189659688374324,0.229875311515195,1.36458861106319,-0.112651755755497,0.225474883224189
"step","40138.png",40138,0.191464802797025,0.233894236607898,1.40238029779087,-0.117149091686355,0.230022582246514
"step","40152.png",40152,0.187932531636728,0.230559928365156,1.309226983589,-0.044933607108518,0.225265211268061
"step","40165.png",40165,0.163465825465107,0.198491194792061,1.31685668190945,-0.0313071206976288,0.193749763363626
"step","40178.png",40178,0.180745441157802,0.219043632737721,1.31869352150058,-0.0318376408776013,0.219617010935309
"step","40192.png",40192,0.193906684962641,0.234721660312778,1.31729319522151,-0.0327565852145436,0.228783542332833
"step","40205.png",40205,0.163947075833426,0.199133990883853,1.44169017773199,-0.0463903778456035,0.193103584814979
"step","40218.png",40218,0.166792934871138,0.202506443580124,1.23379019470498,0.0343318672164195,0.198434176674671
"step","40232.png",40232,0.170219901407271,0.206305555499147,1.24085064776131,0.0258138540889875,0.199542213534564
"step","40245.png",40245,0.176558471334652,0.214267768017428,1.2461715797279,-0.0155481241879312,0.210311603031065
"step","40258.png",40258,0.193402644921306,0.234424899929809,1.32779998724247,-0.105403326389249,0.224527032338256
"step","40272.png",40272,0.18464754520408,0.222995971679806,1.26911737226947,-0.0177212356710486,0.221324532755972
"step","40285.png",40285,0.179395886832119,0.218077889210151,1.3653934282929,-0.0152242995338616,0.211405054455992
"step","40298.png",40298,0.175985318344836,0.213766178021191,1.34173377654211,-0.00565827648808542,0.209606056969604
"step","40312.png",40312,0.17075483221584,0.207505878074659,1.29341348914159,0.0117904264400199,0.203668411696108
"step","40325.png",40325,0.212014954240012,0.254797757840479,1.32084496125041,0.111305945510459,0.254276633402262
"step","40338.png",40338,0.184802496904668,0.227131131559261,1.69616753357478,-0.0873496212035915,0.223016025472863
"step","40352.png",40352,0.167804654197584,0.205142538062566,1.24597578137088,-0.000212131862286302,0.201813582369452
"step","40365.png",40365,0.192804324433024,0.232894978141162,1.33113086065375,0.0356811739145347,0.232034130903833
"step","40378.png",40378,0.178720054146642,0.217033269672722,1.31428240218082,-0.00540761193983322,0.20972799860689
"step","40392.png",40392,0.196640908963689,0.238042550957986,1.23815199939498,-0.104493602516167,0.238376093294599
"step","40405.png",40405,0.169186414321014,0.205268745657484,1.33319120710192,-0.0151382608038019,0.200480446188824
"step","40418.png",40418,0.166456477589108,0.203093993014156,1.34707719545162,-0.0992375285251424,0.194601809544575
"step","40432.png",40432,0.167191171024723,0.20329767956078,1.22401603375467,0.131645230003495,0.200704653979786
"step","40445.png",40445,0.179387870065174,0.217792433473654,1.26184530749189,-0.0140267654060132,0.215457841236995
"step","40458.png",40458,0.202908756711875,0.247063878661322,1.2891942841394,-0.0360206594727631,0.242717938694623
"step","40472.png",40472,0.180255196153144,0.219726686258356,1.40264212707664,-0.0172973777823735,0.217705232327213
"step","40485.png",40485,0.161900843080929,0.198153193551231,1.263303605201,0.0532171292583154,0.195170125258389
"step","40498.png",40498,0.17425706193232,0.212713065331694,1.21054074246186,0.0814413447692821,0.204978372303516
"step","40512.png",40512,0.181495563927293,0.219749022775011,1.42499512762131,0.0525623843017912,0.218111106624497
"step","40525.png",40525,0.173347442388419,0.210157761010726,1.19548374282273,0.0268919378259024,0.205140249987956
"step","40538.png",40538,0.178230035632024,0.217080162738118,1.37496764287149,-0.0679730537576353,0.211722577668204
"step","40552.png",40552,0.179869861404108,0.218010749947626,1.32106320729626,0.0359101589381917,0.218622145232769
"step","40565.png",40565,0.199073377702013,0.238494062237176,1.37795105615361,0.0716534613272138,0.233666060137121
"step","40578.png",40578,0.190171895959502,0.230430445371164,1.24452813413232,0.0911174571757695,0.223704099556701
"step","40592.png",40592,0.204200350008568,0.246564209411432,1.29227174971675,-0.0454682550420916,0.24694581636137
"step","40605.png",40605,0.180835327268276,0.218122942794666,1.35352421006805,0.0996940697368353,0.212085121449623
"step","40618.png",40618,0.179858815971885,0.218226928140221,1.23386245070519,-0.026271344369709,0.217731237922814
"step","40632.png",40632,0.179138315740649,0.216014299733957,1.17609453147415,0.0870501565868695,0.213786176717458
"step","40645.png",40645,0.174053233257436,0.212206470503115,1.40395268704126,-0.115575679152182,0.211662161747039
"step","40658.png",40658,0.201471315142717,0.242267396917331,1.30906651771803,0.0137640427895145,0.237884994335906
"step","40672.png",40672,0.195648174482525,0.236818746615062,1.37955893843191,-0.113996679264776,0.233789558956631
"step","40685.png",40685,0.188606851413042,0.226917617250042,1.29703915755672,0.105600094030657,0.225923647857076
"step","40698.png",40698,0.178233193030232,0.214962614053921,1.41320707231946,0.105255666742879,0.210152745926278
"step","40712.png",40712,0.179105069059514,0.217018505280126,1.17525800169699,0.0293887003182174,0.217686383865849
"step","40725.png",40725,0.174665976255323,0.213424259862989,1.25423620072429,0.0211184195699361,0.213414497964964
"step","40738.png",40738,0.169041532193011,0.205597950908553,1.18984227083277,0.116846003230022,0.203251658851973
"step","40752.png",40752,0.178026747221131,0.215152516909854,1.14678392502881,0.0729852576310193,0.208813183488489
"step","40765.png",40765,0.186750270086288,0.226864012445305,1.38982741337322,-0.033376847792097,0.219249921573649
"step","40778.png",40778,0.16076029089455,0.195469589166767,1.38034871115588,0.0585589145972438,0.188583188465246
"step","40792.png",40792,0.16316212432645,0.199452943982579,1.47883566285874,0.0519578266086906,0.19362896025756
"step","40805.png",40805,0.17883308025922,0.216503111179388,1.2743575228097,0.0754664017082425,0.209579101360855
"step","40818.png",40818,0.174698272558942,0.211629596667081,1.2798726129647,0.0693901946219669,0.204401003205733
"step","40832.png",40832,0.202016061251479,0.245526508408859,1.2372240461676,0.0784897851242325,0.244656723779746
"step","40845.png",40845,0.176660051878092,0.213985850160058,1.3017823515571,0.0665051842109206,0.206114347308116
"step","40858.png",40858,0.177395644796114,0.21470783127929,1.26457828866067,0.060410000351782,0.209324338506656
"step","40872.png",40872,0.203696754566577,0.245259337199231,1.33163009293304,-0.0748236697039275,0.237325923365984
"step","40885.png",40885,0.177225912757992,0.215181817981643,1.19082695630834,0.109700672008528,0.210705229341832
"step","40898.png",40898,0.180439935998084,0.217799706350353,1.26378688047311,0.00181388882947739,0.216745017947619
"step","40912.png",40912,0.180910072498929,0.219581311850389,1.24088505194944,-0.0528965495113585,0.215882895025323
"step","40925.png",40925,0.17524564236543,0.212281910369979,1.23000549777439,0.0764751491441107,0.207543029723606
"step","40938.png",40938,0.172988627858551,0.208663286654161,1.29579614852601,0.16067846428572,0.20333623318566
"step","40952.png",40952,0.172540374250688,0.209284590865598,1.49963626152073,0.00911725473381897,0.201872258728138
"step","40965.png",40965,0.162371430312738,0.197566929383778,1.28628726494428,0.035676097990385,0.190794047983459
"step","40978.png",40978,0.185268262977429,0.224513735657645,1.24048280921151,0.140026616483874,0.216400372686924
"step","40992.png",40992,0.187303223565369,0.226702446667014,1.1318612730789,-0.0655049601072837,0.218743598593728
"step","41005.png",41005,0.198333973524771,0.237250139571347,1.33181405644651,0.0320571153701159,0.240677170922732
"step","41018.png",41018,0.169376835257753,0.206602099225303,1.31379862770453,0.0731096542342585,0.19932983457617
"step","41032.png",41032,0.193263195129375,0.233426313734696,1.04036732797543,-0.0389840189300478,0.228824680247014
"step","41045.png",41045,0.182349357987128,0.222600662600375,1.216604651334,0.120534925904414,0.215660789995522
"step","41058.png",41058,0.179664709799272,0.220179716778995,1.40199320854171,-0.0918390924965236,0.214747131468107
"step","41072.png",41072,0.164206704363824,0.199676826988682,1.19497781025678,0.0284190987659799,0.193616817933197
"step","41085.png",41085,0.167625726413626,0.204256121183225,1.25660633382986,-0.0399529048792159,0.200792993610301
"step","41098.png",41098,0.17376620638931,0.210537478058918,1.28695703651843,0.150462370411327,0.206395614776861
"step","41112.png",41112,0.207638923969918,0.248033214214562,1.36420213043492,0.0370367727430213,0.246208220567175
"step","41125.png",41125,0.172418449124388,0.209991635665985,1.37824005007549,-0.0225451956575888,0.201656554781586
"step","41138.png",41138,0.164234289608728,0.200214864562083,1.38087577683342,0.0287015461361121,0.194499152926542
"step","41152.png",41152,0.181227436477104,0.219587865618223,1.37988923345118,0.0297015025185773,0.214089526700267
"step","41165.png",41165,0.165204092767142,0.200413014176743,1.34163876353166,0.0124218467026345,0.194506222399941
"step","41178.png",41178,0.201151814370157,0.243104895188226,1.12980776731475,-0.121038501623397,0.23911537565784
"step","41192.png",41192,0.204898565165016,0.247251759859725,1.54799851880483,-0.396174378417088,0.252404702150782
"step","41205.png",41205,0.177331722159153,0.21479320198231,1.41012973178846,-0.0105645974203524,0.211215306868674
"step","41218.png",41218,0.165419656841087,0.200542803828453,1.21239242911213,0.0676833062298995,0.196339325905894
"step","41232.png",41232,0.175074299102239,0.211145253927264,1.47023081053872,0.0964392654462237,0.204820402407783
"step","41245.png",41245,0.177621132795728,0.218432345277765,1.4108277739979,0.00877639470704031,0.211570959590591
"step","41258.png",41258,0.161107337614818,0.195927742768095,1.52680022278039,0.010527098260752,0.1898277429529
"step","41272.png",41272,0.175513383009479,0.214699503412085,1.41524610229668,-0.0381050482963115,0.20697942969707
"step","41285.png",41285,0.18076242968388,0.218665709470417,1.25018425989965,-0.00848091645282803,0.21463519646678
"step","41298.png",41298,0.183486790004177,0.222335296674925,1.34433661341258,0.0344958663362323,0.216522475170355
"step","41312.png",41312,0.17258592604351,0.209471471989936,1.32146028464879,-0.0893553516961718,0.204668660259729
"step","41325.png",41325,0.16579604774934,0.201329325480718,1.38225131067171,0.0745239074237363,0.195302083428102
"step","41338.png",41338,0.176148934228904,0.213065730066984,1.29188673669453,0.0160642355669928,0.209838297092576
"step","41352.png",41352,0.164409944071512,0.199966605172923,1.28398381778923,0.0637834759476282,0.195410635590309
"step","41365.png",41365,0.174545593661269,0.212173989451071,1.34844383939081,0.0750352594073405,0.208832858950158
"step","41378.png",41378,0.176974779041577,0.213626333781837,1.39345292489329,-0.00414926533526966,0.211998236685465
"step","41392.png",41392,0.184919254569193,0.221939493492726,1.49428469569908,0.0599409814638221,0.219055365441636
"step","41405.png",41405,0.203207349860701,0.24428047016026,1.26742192060098,0.114646384454695,0.246140941386337
"step","41418.png",41418,0.168637097717917,0.20522968154861,1.26445242758468,0.0731649382450575,0.19651564928369
"step","41432.png",41432,0.170195051972477,0.205994055121211,1.31204080742554,0.0870576858394658,0.203696026611953
"step","41445.png",41445,0.174634432419675,0.212150321320497,1.2744463165813,0.0117510093314734,0.206384283275649
"step","41458.png",41458,0.172562747759422,0.209044378267841,1.4472821952962,0.0373057527012627,0.200794476315433
"step","41472.png",41472,0.1898965290143,0.228862199748218,1.3854816727512,0.0908295286007578,0.222331387234302
"step","41485.png",41485,0.165500245228022,0.200980749061069,1.2716636793974,0.105207933279833,0.194873071118771
"step","41498.png",41498,0.18701141593507,0.225514778613359,1.18812420564219,0.107649929290428,0.223143985725595
"step","41512.png",41512,0.186640784927743,0.22412955290524,1.22748098692165,0.0573115730637197,0.2218305705544
"step","41525.png",41525,0.180032876143042,0.217969372355611,1.28177745815383,0.0868807678254482,0.209659130674527
"step","41538.png",41538,0.187846716845255,0.227021049184476,1.37886669845418,0.001262362088427,0.219555019992529
"step","41552.png",41552,0.177675380243861,0.215483425260878,1.24488195859023,0.0482028047388877,0.210194100584601
"step","41565.png",41565,0.160580152949953,0.195099660782901,1.29297928845035,-0.0148988988023546,0.191573424628336
"step","41578.png",41578,0.177211460736163,0.214834841835684,1.37482036909437,-0.00780341667723133,0.206413013988199
"step","41592.png",41592,0.163513724060901,0.198411401024718,1.30161516652415,0.162562983665651,0.198468222352138
"step","41605.png",41605,0.175901211313206,0.216794470762967,1.29495241149589,0.0928445516234238,0.212472559084699
"step","41618.png",41618,0.174230454376069,0.21303709097899,1.52182680935901,-0.07875538726675,0.208866271579736
"step","41632.png",41632,0.179377703672903,0.217413064941333,1.11896694184609,0.0519279354702127,0.216176057040573
"step","41645.png",41645,0.177972338525398,0.215007173309286,1.19804449904522,0.0189463021097529,0.212056292505935
"step","41658.png",41658,0.179799637954313,0.218449786838742,1.18322509518406,-0.00563096770375229,0.213510724164187
"step","41672.png",41672,0.184934906085288,0.223463903244418,1.16644541434882,0.124206871155743,0.220111197116111
"step","41685.png",41685,0.205755145447384,0.24822717746151,1.31307435822585,-0.174125208272879,0.246943989392074
"step","41698.png",41698,0.165560147473917,0.201278603873369,1.16634455220265,0.0765535414446015,0.196144368496027
"step","41712.png",41712,0.181820332374404,0.220036855085283,1.13488107148006,-0.0182462447083153,0.220530533532111
"step","41725.png",41725,0.186529148459239,0.225475631011777,1.22379963258104,0.0335240318892361,0.223554046693123
"step","41738.png",41738,0.171735900122532,0.208558321744273,1.35452711600988,-0.0145622325070701,0.203112660513797
"step","41752.png",41752,0.203338543464732,0.24264780960748,1.28240465875939,0.000874886873813208,0.246039042111014
"step","41765.png",41765,0.17207528672961,0.208691774978118,1.27545390904729,0.0688913334420457,0.208167890089291
"step","41778.png",41778,0.191693949100242,0.230554437450579,1.38975879498101,0.113634808578352,0.225892847328238
"step","41792.png",41792,0.183153432010687,0.220377245729319,1.31149876118656,0.0442079828267389,0.221932566165625
"step","41805.png",41805,0.168714894338808,0.205283738580364,1.2849834607184,0.0373837123366594,0.201556921804178
"step","41818.png",41818,0.171408464264276,0.208608161339992,1.23841686495808,0.0339143776244928,0.204012033063746
"step","41832.png",41832,0.19077267517645,0.230712321045224,1.32282886616871,-0.017924281581072,0.224613149203746
"step","41845.png",41845,0.16293074581478,0.198911346165981,1.25492748835405,0.00133097702557455,0.193275430211868
"step","41858.png",41858,0.17374893554419,0.210256280105395,1.29467774975391,0.0593234694139865,0.201691477331622
"step","41872.png",41872,0.169741403001075,0.205961408305724,1.33592768214506,-0.0258007613673145,0.201281332521618
"step","41885.png",41885,0.162617765680905,0.19786704940501,1.1908953414952,0.0474151575985204,0.193580974386317
"step","41899.png",41899,0.203139114666451,0.243876220353991,1.17890776622008,0.0254853346678211,0.239639445742562
"step","41912.png",41912,0.174282452422114,0.212403701104534,1.15328230116939,0.0306808234963043,0.209147118583444
"step","41925.png",41925,0.175200768522311,0.211768835012464,1.42874587060313,0.0612482941503262,0.206096877442571
"step","41939.png",41939,0.17597008383444,0.212353237689322,1.35149475536031,0.0881889227789802,0.21197765446693
"step","41952.png",41952,0.198934879105738,0.238257843039477,1.40913621127671,0.0586117762597387,0.233454916895266
"step","41965.png",41965,0.16616580555251,0.201490985460333,1.15214012746351,0.0590662725716263,0.196374666780072
"step","41979.png",41979,0.184467073018674,0.22185847306781,1.25091039688871,0.0514953978255217,0.220227310577669
"step","41992.png",41992,0.1682234462044,0.203968766522973,1.40135298542137,-0.0735825574977624,0.198737324896476
"step","42005.png",42005,0.175347000688319,0.213740742815942,1.23632603688292,-0.107881885094145,0.216649592063366
"step","42019.png",42019,0.181482634169804,0.219098909026342,1.23213755344167,0.0863616632087368,0.220078442446237
"step","42032.png",42032,0.201444445777742,0.241042880496055,1.22389561128753,0.10095418149068,0.236808109340282
"step","42045.png",42045,0.18378362548646,0.222011922031777,1.51876891891733,-0.0244315411090952,0.213737437479813
"step","42059.png",42059,0.177187697037841,0.214866417476791,1.31460631857283,0.104699831440444,0.210802878779466
"step","42072.png",42072,0.173083516171964,0.210971798891163,1.26960440510786,-0.018399627213946,0.213693275375145
"step","42085.png",42085,0.178381827868389,0.216434050101796,1.23811417742749,0.0278715606033648,0.214450701861075
"step","42099.png",42099,0.188891012452397,0.229792716435024,1.30504939519989,0.0230342243809865,0.226911359952466
"step","42112.png",42112,0.192899471984459,0.232318015870632,1.21782493915789,0.100394777223223,0.231135866087947
"step","42125.png",42125,0.166098292211797,0.202276257252853,1.36755033527164,-0.0114678815108957,0.195830690842953
"step","42139.png",42139,0.177654935119671,0.216269226897326,1.29154193986564,-0.0487547538113922,0.211307639851726
"step","42152.png",42152,0.169794354864272,0.206615966132018,1.27644177103126,0.00932083929508903,0.201492996262632
"step","42165.png",42165,0.174740540030332,0.211840594044161,1.30063038462682,-0.0128909906674376,0.206899235664084
"step","42179.png",42179,0.172834349910961,0.210183500041937,1.13016881576974,-0.0141043186947556,0.20672115464092
"step","42192.png",42192,0.184216807554068,0.222871442020641,1.17627338412022,0.0488434022770967,0.223507220561406
"step","42205.png",42205,0.171282156839084,0.207882707620437,1.24863894377594,0.0882019278425676,0.20185720259166
"step","42219.png",42219,0.171798759662551,0.208480651886814,1.18443074803451,0.063715028875049,0.203818045660538
"step","42232.png",42232,0.17249470605819,0.208765548502047,1.48799284284719,-0.0310742005080537,0.205445499529103
"step","42245.png",42245,0.179029995374819,0.217564580248299,1.3549390995063,-0.0374543573729708,0.21545265948002
"step","42259.png",42259,0.170960634505003,0.207374755140365,1.26489331325903,-0.00337589155548076,0.202795472146787
"step","42272.png",42272,0.193999793561946,0.234767680447114,1.17023877848338,-0.037694721876106,0.230121181239339
"step","42285.png",42285,0.175672882682857,0.214768312904662,1.42262413134099,-0.032162656327109,0.210264982367332
"step","42299.png",42299,0.193897401643718,0.234765963643323,1.18380481035259,-0.0512602179450432,0.226633758969397
"step","42312.png",42312,0.164162729401472,0.200799680587084,1.35140551126116,0.0430322041596128,0.196280961892886
"step","42325.png",42325,0.187992098814824,0.228743217623757,1.33085386301846,-0.00655730916337305,0.225017399422391
"step","42339.png",42339,0.182486192505594,0.22158248096689,1.26131604187702,0.00535037795702781,0.22150731644913
"step","42352.png",42352,0.182979439108293,0.223629947614784,1.45393988366858,0.0655456495135157,0.218249162886991
"step","42365.png",42365,0.172012894433365,0.209010614798761,1.32093300028692,0.0079643982687336,0.206103001759825
"step","42379.png",42379,0.168303769947889,0.204591033895721,1.36136741038593,-0.0220856956824665,0.20031560180505
"step","42392.png",42392,0.180387016806172,0.219047631883692,1.27573430429446,-0.0833212137930009,0.213609957796414
"step","42405.png",42405,0.176712652617187,0.215299477993319,1.26415485344393,-0.0672361905594041,0.215812141025938
"step","42419.png",42419,0.171087403750812,0.207411258409156,1.31948326702498,0.0739976242945823,0.203565935786952
"step","42432.png",42432,0.175279342630723,0.212725323748805,1.20547702926373,0.0731039140951122,0.209232653726462
"step","42445.png",42445,0.17139808404542,0.208968259671806,1.33658790939201,0.031830120940116,0.204547119421231
"step","42459.png",42459,0.180213487281809,0.218875407911341,1.20556143899938,0.0348129004576804,0.213697488014106
"step","42472.png",42472,0.179028988918158,0.217344799223959,1.2402688540796,-0.0162528567691713,0.212603051607401
"step","42485.png",42485,0.168142382440547,0.20441946328123,1.43629090268303,0.0606688025340014,0.200215225108857
"step","42499.png",42499,0.176183773720911,0.213144071531503,1.38217847662401,-0.00737977715463942,0.208272057868087
"step","42512.png",42512,0.175163272108315,0.212743665694697,1.35372484800697,0.0656390485844952,0.210059112263583
"step","42525.png",42525,0.179074458655546,0.218943115874266,1.35045515893913,-0.0391489817677044,0.212863218341077
"step","42539.png",42539,0.169067895878776,0.205381516660842,1.13761627322989,0.0895527366682417,0.202195193127808
"step","42552.png",42552,0.181756267757394,0.219373713410161,1.15939298235016,0.129313756347174,0.221543307382116
"step","42565.png",42565,0.192540866283225,0.233628905107749,1.18442756057292,-0.0621128383896276,0.226936890437654
"step","42579.png",42579,0.170178946116418,0.208243088222226,1.35174344915525,0.0699106429379618,0.203213033969905
"step","42592.png",42592,0.179956889984806,0.219166948598535,1.24497282298349,-0.0241871112683484,0.215797801848246
"step","42605.png",42605,0.182505065275943,0.222076158267746,1.31841307983716,-0.0694694463707593,0.218282323096161
"step","42619.png",42619,0.18049064546376,0.220684061357858,1.36827637346947,-0.167063978441162,0.215011665925752
"step","42632.png",42632,0.179613059620381,0.218957120857209,1.1246530882104,0.0931165518616147,0.216980680751524
"step","42645.png",42645,0.182893539907787,0.220805935897623,1.16102739099966,0.0325503004776585,0.216739480971984
"step","42659.png",42659,0.180007539225861,0.21797396547448,1.21876859862111,-0.0444211439654239,0.214374706841483
"step","42672.png",42672,0.174604856178299,0.213909909162534,1.43344600497643,0.107395982612612,0.206031440380996
"step","42685.png",42685,0.169750435518258,0.206430308212612,1.14037692577349,0.0375027739973041,0.201842575968627
"step","42699.png",42699,0.176604939146558,0.214147131392263,1.35607995178567,-0.0787497615692445,0.213044327149396
"step","42712.png",42712,0.179285047937084,0.218055538973518,1.18529104239913,-0.0159164281823689,0.211002389815126
"step","42725.png",42725,0.181278015290635,0.21910510579069,1.22312193009866,0.0128416614001751,0.212669785269288
"step","42739.png",42739,0.191045000451605,0.230030824107697,1.42686339794325,0.14609341027177,0.234450076814714
"step","42752.png",42752,0.175263989051391,0.214549129516097,1.55454422772451,0.0849215133338598,0.205351931372734
"step","42765.png",42765,0.200343298083829,0.241045598017967,1.24283043791667,0.119026487860335,0.237286540095616
"step","42779.png",42779,0.16495943030101,0.201872934400317,1.33741334676679,-0.011727192330748,0.197600784026835
"step","42792.png",42792,0.173849523167858,0.210154964179862,1.27537847440558,0.13857310129278,0.206651863162434
"step","42805.png",42805,0.185345972303792,0.224305289440077,1.0852111551739,-0.00282968965328917,0.225068377867254
"step","42819.png",42819,0.171843264959041,0.209384660432204,1.2760278495411,-0.0337232793664542,0.207949267622375
"step","42832.png",42832,0.165320467222013,0.202544415450868,1.36152620115407,-0.0191279703561225,0.198240019785844
"step","42845.png",42845,0.163569337655969,0.199508915616965,1.42453047014809,0.00789900501208646,0.196967414263306
"step","42859.png",42859,0.174249286751536,0.212024530501867,1.17055651169846,0.0765963001219951,0.205980589965564
"step","42872.png",42872,0.179450912906935,0.21884961293232,1.33161530763453,0.00310182863716366,0.209886900418704
"step","42885.png",42885,0.165671267039262,0.202724971611116,1.33071625208121,0.0207282766391253,0.199182505387399
"step","42899.png",42899,0.178157952574034,0.216980541447993,1.26542150403268,-0.0384244923717041,0.211707823709021
"step","42912.png",42912,0.19091249300128,0.230681156926905,1.1269698480893,-0.035468673958666,0.229311615750145
"step","42925.png",42925,0.173415521018178,0.211725058815742,1.22815712652205,-0.010759330899149,0.207448322042897
"step","42939.png",42939,0.184651575172589,0.223013763172981,1.20484343666385,0.126772975548314,0.222225056149639
"step","42952.png",42952,0.190073283224447,0.229502343868088,1.26120473461646,-0.0373858953287291,0.224676585324772
"step","42965.png",42965,0.163052744443597,0.198818298293173,1.21633066741518,-0.0190763230538254,0.199808816655669
"step","42979.png",42979,0.17020744816987,0.207245562087441,1.26906897724485,0.00553321639011156,0.206774172648984
"step","42992.png",42992,0.166726412391232,0.204278542524894,1.24650436391095,-0.00607385298056701,0.19949602479801
"step","43005.png",43005,0.163588901553359,0.19896927946848,1.22470222488831,0.0303827870081783,0.194392761048836
"step","43019.png",43019,0.168914467224413,0.206269222649966,1.24092511350579,-0.0110374570631867,0.202179714012977
"step","43032.png",43032,0.17580530518488,0.213453817714792,1.44695200941527,-0.0390598012256611,0.211937766576465
"step","43045.png",43045,0.162138214293986,0.198042867834045,1.41087809230729,-0.013547281473022,0.194195501441128
"step","43059.png",43059,0.155772401298837,0.19132088937412,1.30115266596695,-0.00154899313106555,0.189194013951733
"step","43072.png",43072,0.180736724947534,0.218699290712623,1.17997146806331,0.0494827863243224,0.217217208539174
"step","43085.png",43085,0.169946420750678,0.205597357687236,1.22120267887178,0.0507148340665086,0.20026922655012
"step","43099.png",43099,0.163884418384143,0.199576199971397,1.19015053116164,0.00471770375177477,0.196283819095455
"step","43112.png",43112,0.179994305806559,0.218608704326138,1.31460251225791,-0.116403945393072,0.213066447509621
"step","43125.png",43125,0.187738713083619,0.226466142266682,1.25429985289569,0.0101136958290549,0.222217143831667
"step","43139.png",43139,0.20185983076051,0.243507304137892,1.34935248815922,-0.0394565183686766,0.245458102673032
"step","43152.png",43152,0.165823282475155,0.202588796709838,1.23038776957031,-0.0109719508738029,0.198615145635814
"step","43165.png",43165,0.164527146959719,0.201120986196976,1.33480210144924,0.0108544612754423,0.196398163731017
"step","43179.png",43179,0.177074084629702,0.216037719888688,1.33984552643767,-0.0315246189009482,0.211208241406774
"step","43192.png",43192,0.174879599750707,0.213654233785874,1.44424614067319,-0.107930242309174,0.210835037266845
"step","43205.png",43205,0.166650894763335,0.20320831086835,1.31269699409095,-0.0226426528911712,0.200941923584018
"step","43219.png",43219,0.171185347474004,0.209467453645529,1.32006539809185,-0.013975707318948,0.202548035749032
"step","43232.png",43232,0.174055671317486,0.210358182057207,1.43167113074323,-0.00913834866529539,0.210041122389036
"step","43245.png",43245,0.171519319578683,0.209253727008304,1.31801979329489,0.0188572881242955,0.202505542394188
"step","43259.png",43259,0.17168084135749,0.208868735533709,1.27791505604278,0.0126057930134589,0.208265308424478
"step","43272.png",43272,0.173595879156045,0.211027067562616,1.33989181672877,0.0483882826844687,0.21034620359879
"step","43285.png",43285,0.177835484148583,0.215826087657606,1.49858545368433,0.114599934789022,0.210986227698505
"step","43299.png",43299,0.190380134622334,0.230025520038412,1.20646234048838,-0.0692143475047959,0.228557996000161
"step","43312.png",43312,0.181848459246263,0.220442584246814,1.33443474337344,-0.0441820501116607,0.213193792135265
"step","43325.png",43325,0.169596433603623,0.207421499579264,1.37840971208648,-0.0246450190305299,0.204501426398705
"step","43339.png",43339,0.170725246158995,0.208676041416584,1.25860802100482,-0.0683418840264546,0.206388479285553
"step","43352.png",43352,0.178687474064273,0.217064530739487,1.36633791355863,-0.0194163429025485,0.215196960525541
"step","43365.png",43365,0.199691030110069,0.241659770477514,1.18844954210786,-0.0883241659808865,0.244254913695211
"step","43379.png",43379,0.196319966199479,0.236288781644083,1.40809739840199,0.137617015062809,0.235147390651266
"step","43392.png",43392,0.177576356089249,0.216986489492125,1.36385047529783,-0.018187825902206,0.213087407287255
"step","43405.png",43405,0.173915036917519,0.210757407318648,1.33334591607609,-0.0905620294401912,0.206546998675998
"step","43419.png",43419,0.183143855152017,0.222103666149189,1.26386943828708,0.132004017041738,0.222474967017919
"step","43432.png",43432,0.173364073219523,0.210957741677344,1.12745729854879,0.0281964401774049,0.208449263411368
"step","43445.png",43445,0.176257671540754,0.213083804426293,1.32965474746711,0.102784368973346,0.209028974045537
"step","43459.png",43459,0.17320977162551,0.209921717075059,1.27193843095369,-0.0255404875159953,0.210926193637202
"step","43472.png",43472,0.178508308492187,0.216337185198335,1.32953072672422,0.0814698753439708,0.208594994619972
"step","43485.png",43485,0.171794907304636,0.208768591175857,1.29501859402526,-0.129351054900906,0.206321156253606
"step","43499.png",43499,0.196080172067839,0.237450587330375,1.31056228919196,-0.0673763672829959,0.233805751711677
"step","43512.png",43512,0.195635706573542,0.234962812180315,1.39584808496673,0.0458036939743298,0.234665868749816
"step","43525.png",43525,0.182786764799632,0.221953072495004,1.17395297159291,0.0432571186530587,0.215068218754619
"step","43539.png",43539,0.186788049974344,0.226443750111012,1.24856435374387,-0.00603292936399655,0.229728186134297
"step","43552.png",43552,0.167569363574911,0.205384543347723,1.4840110922286,-0.0117817430770291,0.199709513598393
"step","43565.png",43565,0.174170561220202,0.212048350858673,1.48780099592021,0.00436524731274804,0.203382784238481
"step","43579.png",43579,0.162625683115115,0.203038276988861,1.37483639250624,-0.000729296635248677,0.197258539781909
"step","43592.png",43592,0.16458742527914,0.201368696030526,1.26848384081523,-0.0191838847625247,0.197413547189081
"step","43605.png",43605,0.180421780893749,0.219160153270108,1.21569662302453,0.0467499821739003,0.210544520934542
"step","43619.png",43619,0.215660599556904,0.257710494748958,1.03659073076274,-0.032079296431948,0.261155610173025
"step","43632.png",43632,0.178614294167608,0.21610095206217,1.50366929536161,-0.0920567883651037,0.20455222475897
"step","43645.png",43645,0.191323508991575,0.233072159784108,1.28774551451146,-0.0297175454656186,0.22870137028426
"step","43659.png",43659,0.171612554032212,0.208432081335654,1.33326752869438,0.13973504731264,0.205151261155946
"step","43672.png",43672,0.179519541884274,0.217447500958402,1.27557662087943,-0.0448963756614893,0.209163351926679
"step","43685.png",43685,0.200346270589847,0.240776066428742,1.34459159076849,-0.0741129261535414,0.235852258883635
"step","43699.png",43699,0.178309497878395,0.216011692785542,1.18241896257498,-0.0101377761807803,0.215214967189136
"step","43712.png",43712,0.174935187492289,0.212192989217558,1.31540674996003,-0.0750166226021457,0.205467425547988
"step","43725.png",43725,0.182185975980115,0.219835163287067,1.13243450228434,0.109829321030122,0.217907001888127
"step","43739.png",43739,0.189236876642092,0.229575808958224,1.41615785097492,-0.129864398635359,0.227753221077594
"step","43752.png",43752,0.174555076250534,0.212160612581854,1.24759608018249,0.0453826295869768,0.210687682707951
"step","43765.png",43765,0.17491590496195,0.212162659193452,1.13633006908022,0.00555459778930939,0.20802348635406
"step","43779.png",43779,0.178104079669564,0.216587651509894,1.28729156022573,0.0541738323046018,0.206439022267238
"step","43792.png",43792,0.17485371261784,0.214344987417459,1.46662537528131,-0.171802452456888,0.208660708645098
"step","43805.png",43805,0.176934534780044,0.214799864332201,1.1835225789612,-0.154778590746285,0.210178867596828
"step","43819.png",43819,0.18953507423227,0.229528868628811,1.31687089236332,-0.0384335980610147,0.225467102002696
"step","43832.png",43832,0.170616168338401,0.208567226223492,1.25978647608887,-0.0279070681310115,0.205822684223769
"step","43845.png",43845,0.173255847701297,0.210485926729053,1.35529222363618,-0.0533781246947783,0.207825750996676
"step","43859.png",43859,0.178415596318955,0.215612422815392,1.36540214663191,0.0813923430375103,0.211952356480341
"step","43872.png",43872,0.223231257049648,0.264534131244856,1.29438401432403,0.0574943129022636,0.269065334694566
"step","43885.png",43885,0.168930363794188,0.206669744973544,1.29417922828542,0.0323102266841877,0.200822224760748
"step","43899.png",43899,0.192799098704823,0.231554188734477,1.34312640900915,0.017078862343846,0.22837404308827
"step","43912.png",43912,0.166235641557746,0.202091069443924,1.31149788421104,0.0907976382885609,0.197387451227196
"step","43925.png",43925,0.179146518552651,0.217426306191018,1.26035384057696,-0.0108947778579886,0.212181559051366
"step","43939.png",43939,0.17937997893263,0.217316639649251,1.19937691767623,-0.0182262456509239,0.213843961829993
"step","43952.png",43952,0.16679813618898,0.20390117075354,1.39362233203294,-0.0893535779138331,0.201103105547354
"step","43965.png",43965,0.184757475279965,0.224763636366818,1.2564089276212,-0.0505670283737324,0.227019967383227
"step","43979.png",43979,0.158906251969236,0.196337966539628,1.29966749830549,-0.0721388582157736,0.191478662482052
"step","43992.png",43992,0.174148809269806,0.211802683350209,1.32912198608204,0.105395007080154,0.203446133487871
"step","44005.png",44005,0.182904037967563,0.221525607774222,1.30773629140108,-0.0692571817781904,0.224191399572746
"step","44019.png",44019,0.162147393861899,0.199203460379795,1.26089326904467,0.100957464421167,0.193524760260948
"step","44032.png",44032,0.169915856662345,0.207597259354237,1.24571214316748,0.116268952168569,0.199189667358012
"step","44045.png",44045,0.18139179244423,0.218853120670491,1.10999571211553,0.118281619972058,0.218069645056802
"step","44059.png",44059,0.166198744484723,0.202268861471928,1.15210451320622,0.0370221990042475,0.198451122908555
"step","44072.png",44072,0.188886928779812,0.229218244512436,1.4620423838949,-0.0374946860587165,0.224571611867696
"step","44085.png",44085,0.175091206991365,0.214171301069335,1.24465669102783,-0.112886443298045,0.20881476522017
"step","44099.png",44099,0.172414594032787,0.212687667867923,1.55011095422417,0.0290984057213375,0.208580019853793
"step","44112.png",44112,0.169531954827788,0.209139314582629,1.35357225954773,-0.0742803121133654,0.20023631420168
"step","44125.png",44125,0.167077255794488,0.206327910273737,1.18628068234901,-0.00543387110890697,0.199926466264956
"step","44139.png",44139,0.185778917341179,0.224517345053301,1.16155278699923,-0.0519333659294197,0.222626650647307
"step","44152.png",44152,0.17615492812085,0.21472545236385,1.19087388451224,-0.110068766024322,0.215067350561268
"step","44165.png",44165,0.17351567102866,0.211415690599022,1.14844308828871,0.00372629599831878,0.209924874343601
"step","44179.png",44179,0.17252465319347,0.210598809121973,1.35092618888065,0.00303464543856763,0.203109735054407
"step","44192.png",44192,0.17820431398695,0.214837333426023,1.17496867493391,0.103190256914543,0.21435702877573
"step","44205.png",44205,0.179845022629389,0.218072626321742,1.29286700549469,-0.0787718509320927,0.222879732377573
"step","44219.png",44219,0.177808798577865,0.213121854555395,1.39413130678874,0.0968031640056324,0.208992413730183
"step","44232.png",44232,0.162689715020661,0.198111546526304,1.41776896403632,0.0422437477049731,0.194373925053419
"step","44245.png",44245,0.176463572768492,0.214810380732372,1.31114069973321,-0.022807159548475,0.21113687729487
"step","44259.png",44259,0.176247918832959,0.214688188107964,1.30967024720803,-0.171639998641527,0.208653857975447
"step","44272.png",44272,0.17047622276599,0.208969596221257,1.27640803371061,-0.0111823649185447,0.201437851770229
"step","44285.png",44285,0.173463958139607,0.211402936123857,1.18811245833485,0.0643755843597132,0.203905201937718
"step","44299.png",44299,0.184238259082977,0.224347646966528,1.42599730852541,-0.0172311518755119,0.214261576182297
"step","44312.png",44312,0.178369528612357,0.217489652392611,1.33483660659147,-0.0134824255820205,0.212000979834814
"step","44325.png",44325,0.182690978453881,0.220622663453379,1.21024645799431,0.168402480650688,0.22664182455126
"step","44339.png",44339,0.199663953391713,0.240610130846036,1.09343300312658,0.0303256568715025,0.243502423003337
"step","44352.png",44352,0.17023421151198,0.210241290089186,1.35235172832539,-0.134445303061242,0.205620715102239
"step","44365.png",44365,0.20120338686755,0.242398177885092,1.23998278714883,-0.0376113085299979,0.242903405491148
"step","44379.png",44379,0.166802817937622,0.205990072778515,1.38120050242454,-0.0893596984688044,0.1987104937469
"step","44392.png",44392,0.16654759031824,0.205332978787485,1.23274702538578,-0.105139157510286,0.198514863354174
"step","44405.png",44405,0.163185676865202,0.202020614688046,1.29595859610557,-0.163396763986622,0.196284745332343
"step","44419.png",44419,0.161895231280479,0.199264566435871,1.38045884283895,-0.156890279505598,0.193398368714543
"step","44432.png",44432,0.178565987929823,0.217123617940883,1.43062483221634,-0.130917707684923,0.210380380002644
"step","44445.png",44445,0.17034103480008,0.207224375611106,1.42612785526076,0.04846235965088,0.202015556799857
"step","44459.png",44459,0.210102604865425,0.252534466462046,1.15295333368604,-0.0917052036189809,0.249687511343503
"step","44472.png",44472,0.171721637188275,0.209626633981141,1.27015619297544,0.0317084337123919,0.205732060466786
"step","44485.png",44485,0.184045049886125,0.223184644074193,1.24477533401779,0.0157216900979209,0.213719586541823
"step","44499.png",44499,0.191084308847312,0.235657981804703,1.43932090817717,-0.0811645044908922,0.23020917905373
"step","44512.png",44512,0.175798203417888,0.212468816797477,1.25386048483976,0.0996797597665729,0.209002040754492
"step","44525.png",44525,0.201943799791829,0.243392363001034,1.1769067715238,0.0894004275181826,0.242713701601172
"step","44539.png",44539,0.184579187370057,0.223980597927057,1.19795300295749,-0.0413161601409235,0.222835145841182
"step","44552.png",44552,0.19408888026376,0.2342263701587,1.07701857853734,-0.00699617402001912,0.231524003132093
"step","44565.png",44565,0.188318779473577,0.228231506402038,1.30126828611457,-0.194750705152678,0.220621852463577
"step","44579.png",44579,0.172785998502898,0.21165108622256,1.37897390457485,0.0742468321045182,0.204973244609879
"step","44592.png",44592,0.18449043539296,0.222111617277183,1.38769653051017,-0.0173111557376477,0.220092464926733
"step","44606.png",44606,0.172365581015907,0.2092627767082,1.3375374939043,0.00615703106692223,0.205346622453771
"step","44619.png",44619,0.172754076292056,0.21406176784059,1.39287386284995,0.0185713221157601,0.207559663938146
"step","44632.png",44632,0.187188726059196,0.226078384108412,1.33134674041355,0.00568619536886789,0.227643756143321
"step","44646.png",44646,0.187896654393614,0.22764493602582,1.19263004120547,0.0964323178065748,0.223525947585122
"step","44659.png",44659,0.174911775825811,0.212596144947733,1.15084462737214,0.00594217189263491,0.209764442758176
"step","44672.png",44672,0.171639364657835,0.208714740644812,1.41609606426975,-0.0428530919246589,0.200139028552423
"step","44686.png",44686,0.196153744805223,0.236246639568783,1.55655902951876,-0.232270066628898,0.229274163717902
"step","44699.png",44699,0.174422097930612,0.211912332537858,1.08866244473512,0.0880348352321593,0.207957974692915
"step","44712.png",44712,0.198686751900878,0.238496191102781,1.3517934408997,-0.144583791489879,0.23181135063476
"step","44726.png",44726,0.168069493369809,0.206244441879637,1.37097888711972,-0.0512045746054961,0.199636807535044
"step","44739.png",44739,0.182713268553513,0.222127439642615,1.35403766375737,-0.135165584326373,0.211763786539922
"step","44752.png",44752,0.186823199550815,0.2279193138154,1.31427326606023,0.0829024600200478,0.219325428768534
"step","44766.png",44766,0.174428747481275,0.211890164863336,1.53286845655542,-0.0103227627413492,0.206282320122076
"step","44779.png",44779,0.184502522852443,0.223003316431481,1.17949407643478,0.0641547150948557,0.224386537407561
"step","44792.png",44792,0.155900426202279,0.19193856393737,1.54356316195563,-0.0402928834436021,0.187681599043511
"step","44806.png",44806,0.187580401158519,0.228397040699755,1.53479622274494,0.105777682165903,0.228192115631416
"step","44819.png",44819,0.191243681248102,0.230401412638829,1.39649432317594,0.16522495270924,0.220021233550689
"step","44832.png",44832,0.176837168017015,0.214170316397839,1.13284650125397,0.123576843137673,0.209278190912538
"step","44846.png",44846,0.190289412651067,0.229827498927437,1.40066640332754,-0.167447006684041,0.224565352863137
"step","44859.png",44859,0.184092548651012,0.223774960431977,1.34303538416015,-0.010557762000237,0.214898893575478
"step","44872.png",44872,0.182486970024593,0.223769476097659,1.43403245142392,0.0519788800358169,0.214499429995873
"step","44886.png",44886,0.167224227598479,0.205544140841803,1.30962044085329,-0.140652248346944,0.199847886682749
"step","44899.png",44899,0.175892655676845,0.215048360996489,1.37951079196891,0.1739456633319,0.20604093622677
"step","44912.png",44912,0.179484973699849,0.217248565964657,1.22953150608261,0.134992696294758,0.21080110929615
"step","44926.png",44926,0.179805978272437,0.219130856783787,1.39884974751841,0.0140204384581014,0.210807268627037
"step","44939.png",44939,0.173297624341939,0.212555014275154,1.38504842532298,-0.0341697350464968,0.206102859893404
"step","44952.png",44952,0.169113865287724,0.207339227877448,1.24994648334214,-0.0968425750824761,0.203267942837173
"step","44966.png",44966,0.1788308809943,0.218221182030675,1.29847854340849,-0.0562923710863404,0.21230899029735
"step","44979.png",44979,0.181575048695745,0.220546926094119,1.22307842892867,-0.0934238660057007,0.220825934591899
"step","44992.png",44992,0.185254560140559,0.224866242337966,1.23393678656049,-0.105136938892226,0.225036520611117
"step","45006.png",45006,0.163839164946093,0.198990263065395,1.43984327108516,0.154494045949995,0.193732946522179
"step","45019.png",45019,0.185151693294186,0.225074989716243,1.41937028247756,0.0367793303797741,0.218274380493935
"step","45032.png",45032,0.18786523318516,0.228798610735453,1.39084234803239,0.0981758557178893,0.222884116345935
"step","45046.png",45046,0.190331043717091,0.230376764665582,1.30837277854399,-0.0420002007484502,0.237405843054835
"step","45059.png",45059,0.183522389896566,0.223964502642209,1.20416771256514,-0.0111421252838907,0.226842081376802
"step","45072.png",45072,0.172547492286032,0.21271780594513,1.53874160915428,-0.0266377905996309,0.211344743012221
"step","45086.png",45086,0.16896881147929,0.209731251186107,1.53089937652661,-0.0154768039013865,0.207263474708727
"step","45099.png",45099,0.168592418651784,0.212960191903484,1.48853347752303,-0.0627916865606912,0.207333862136137
"step","45112.png",45112,0.174003471113954,0.217594223503477,1.40277997039145,-0.00420958629193618,0.210645801178048
"step","45126.png",45126,0.180222724688583,0.224690556133214,1.48280234777215,-0.0845099739922735,0.218404203128978
"step","45139.png",45139,0.178857029605031,0.220550696339823,1.51692281244653,-0.131287713714225,0.213879949731876
"step","45152.png",45152,0.187942699981542,0.224977863835579,1.26533803847812,0.0704731487065227,0.219089320876473
"step","45166.png",45166,0.181712165135809,0.21847678690559,1.23646478366955,0.0581575385754524,0.212627137368612
"step","45179.png",45179,0.174351359126554,0.210037033455309,1.40557852279155,-0.0576257375942505,0.20542441832328
"step","45192.png",45192,0.174565329803499,0.210012759429895,1.2695151776858,-0.0157159617577355,0.206760402252726
"step","45206.png",45206,0.163434395786233,0.197939022197701,1.30965572978848,-0.0576416034856722,0.195490013409613
"step","45219.png",45219,0.162405600978161,0.19721987621161,1.30182989442491,-0.0309925418804786,0.195420673679733
"step","45232.png",45232,0.16422317917228,0.199258276479568,1.26867207823839,-0.0696781478826485,0.197233939061452
"step","45246.png",45246,0.161437588741845,0.195345368296562,1.24026504223926,-0.00702706202830278,0.192542170001972
"step","45259.png",45259,0.169645230359588,0.205377155749608,1.32475361075893,-0.052153390453728,0.203010322568542
"step","45272.png",45272,0.161634299585487,0.196910939786204,1.33258290143071,-0.00798991901205398,0.190605308262441
"step","45286.png",45286,0.170760266133624,0.208577780504742,1.36879288727758,0.20609206353512,0.203995074359556
"step","45299.png",45299,0.183170013375427,0.222846529426613,1.43046526076517,0.256271778705777,0.219851418474295
"step","45312.png",45312,0.183573987756327,0.226632560644209,1.43895832583423,0.181603543174146,0.221609933986415
"step","45326.png",45326,0.186293622378685,0.226728773664508,1.30453513550313,-0.0946740270445777,0.222144373613499
"step","45339.png",45339,0.171877898821085,0.221080453312525,1.49601066698513,0.118110036620882,0.215627236854866
"step","45352.png",45352,0.153392647030304,0.197735610389215,1.36431261139249,0.0718664911034488,0.197332749906438
"step","45366.png",45366,0.142953204873493,0.181182078338054,1.28256129208998,-0.0618641480996262,0.186799068483782
"step","45379.png",45379,0.154763295640501,0.190784739598981,1.31913657710505,-0.0507373759096495,0.198496176752218
"step","45392.png",45392,0.158132190916674,0.195989418638381,1.47390023595298,0.12106123931611,0.201823632954002
"step","45406.png",45406,0.158107226992795,0.198725487471966,1.7204329453624,0.280207157260759,0.201418543681657
"step","45419.png",45419,0.158852435796361,0.206774624779656,1.8389186502303,0.400801567812535,0.202423071507316
"step","45432.png",45432,0.186253169845406,0.239487797649862,1.75597354186794,0.401911788602246,0.230191189026363
"step","45446.png",45446,0.212360637437707,0.254078798395735,1.20516891703473,0.0665561537696994,0.243176062356477
"step","45459.png",45459,0.217297804918675,0.258723974772857,1.10403858164783,-0.0281936003736349,0.247369884587375
"step","45472.png",45472,0.216897953160257,0.258364206814082,1.13877629834418,-0.0708983935055663,0.246810875783949
"step","45486.png",45486,0.218204471109831,0.259543507396369,1.16403357319256,-0.0934569762202603,0.247357593180068
"step","45499.png",45499,0.219220096807311,0.260533366009312,1.11600793321657,-0.0540611760894092,0.249188581282746
"step","45512.png",45512,0.238062494726556,0.283721354742786,1.53573477191945,0.143967948040384,0.294928256736598
"step","45526.png",45526,0.234971612438665,0.274701690467444,1.57892010385321,0.119937391224556,0.270719372150404
"step","45539.png",45539,0.19025133419322,0.228780909903492,1.17460366331037,0.156096868237875,0.224484706492683
"step","45552.png",45552,0.179150417379281,0.216276762511445,1.26028512253776,0.163597216779726,0.21137332647778
"step","45566.png",45566,0.195172833584458,0.236068476426698,1.28800959571287,-0.141733767832581,0.23625879329624
"step","45579.png",45579,0.182169877010229,0.221502357059323,1.32444390455191,-0.103856463904821,0.216868196342034
"step","45592.png",45592,0.200154074846767,0.240585103312362,1.39736322807107,0.0642089653649621,0.232765000318873
"step","45606.png",45606,0.190611359673629,0.228862909744892,1.45383876317891,0.158207815402108,0.228585110206973
"step","45619.png",45619,0.197626045326645,0.238941405416811,1.32250662575945,0.0738047163404036,0.233573521918328
"step","45632.png",45632,0.188733345428389,0.227437901190488,1.18151252269466,0.132357240361194,0.221836452628416
"step","45646.png",45646,0.179699789463916,0.217554477997522,1.28995210220265,0.0990812806539741,0.211785588135612
"step","45659.png",45659,0.192407964429817,0.231628064250287,1.29345937813224,-0.118254506149367,0.222524000322718
"step","45672.png",45672,0.173827209510328,0.21083168929652,1.42804016123976,0.0185756521687779,0.20731560057049
"step","45686.png",45686,0.178271627398262,0.21474283027973,1.35962003996893,0.095448100343015,0.210103649441278
"step","45699.png",45699,0.19639623148957,0.235652869099314,1.20974665707099,0.11481284017718,0.233198912551226
"step","45712.png",45712,0.190569783949434,0.228573201793238,1.30957959398973,0.171303113150673,0.225471582150549
"step","45726.png",45726,0.18526402431078,0.223555708995099,1.28686339578997,0.138876762297809,0.219410500945923
"step","45739.png",45739,0.176547472383132,0.213222133277229,1.27339901670194,0.114144683946907,0.210922026233829
"step","45752.png",45752,0.195765622581028,0.235647900340215,1.42479210328656,0.192996882284916,0.22548651407461
"step","45766.png",45766,0.193859530711995,0.233613149755235,1.29152942113999,0.0846939930722841,0.232202463870378
"step","45779.png",45779,0.206476533199033,0.247266463243098,1.20999065124039,-0.0528041232839059,0.246767610983071
"step","45792.png",45792,0.189769496881289,0.228588311592755,1.46360494636961,-0.0535662916464329,0.219612413581778
"step","45806.png",45806,0.206879818561846,0.24697574651605,1.4840520917322,0.118537800481202,0.236473110279501
"step","45819.png",45819,0.182223453412833,0.220251009728777,1.14218824123253,0.0763369900576651,0.217241082342624
"step","45832.png",45832,0.192946646960064,0.23295608728425,1.31048840939732,0.035540745889037,0.234965459590709
"step","45846.png",45846,0.184992706220583,0.222887864587918,1.30041827432264,0.12116727630555,0.22478647241667
"step","45859.png",45859,0.189275344033294,0.230539384487415,1.34200548671353,0.0753253082528816,0.226623894790571
"step","45872.png",45872,0.186527042116015,0.224123300934417,1.20893881842402,0.0569304817690653,0.220234659026086
"step","45886.png",45886,0.19175819779614,0.232222587997909,1.27176583332099,-0.00948961036394033,0.239458627404735
"step","45899.png",45899,0.189981272129163,0.228738337941623,1.30220324567957,0.0633508874431478,0.221373762583027
"step","45912.png",45912,0.188767732127808,0.228285275371866,1.340301089063,0.0577226269529162,0.226232801896382
"step","45926.png",45926,0.190329729052431,0.228574096067332,1.31891683545311,-0.0827757001135183,0.225554722837027
"step","45939.png",45939,0.193853837522896,0.232210765860887,1.50680117538748,0.082663934998639,0.222665184368903
"step","45952.png",45952,0.184265481327236,0.221363244297146,1.4050817569071,0.149006087304227,0.214045332073899
"step","45966.png",45966,0.198960911739001,0.238594868454918,1.37923565245859,0.0240641177018892,0.230557905733603
"step","45979.png",45979,0.186593966030869,0.224314323641726,1.15332067034064,0.0231955221490252,0.224652258409224
"step","45992.png",45992,0.196021490225287,0.235571767117812,1.12662340091001,0.0161714757830378,0.236831652372866
"step","46006.png",46006,0.184872556932832,0.22283205623121,1.33109467661374,0.128004819604409,0.21887157139333
"step","46019.png",46019,0.190724182468536,0.229543140498337,1.14996367617076,-0.0108695983328001,0.229703660754586
"step","46032.png",46032,0.193875580777937,0.233099847248101,1.33222041133007,0.137534639955356,0.225371199067963
"step","46046.png",46046,0.193776317729445,0.232275510628413,1.26430240346251,0.0907439137292209,0.229161605126455
"step","46059.png",46059,0.184017087694312,0.221438263943991,1.40466197652121,0.185016077383597,0.2178539625036
"step","46072.png",46072,0.187111298705707,0.224600683373977,1.39872702565675,0.0677919156235359,0.217420882601176
"step","46086.png",46086,0.182493169361312,0.220759429280052,1.50702207335774,-0.0555994503605372,0.21491483833955
"step","46099.png",46099,0.19052643498467,0.228680291681188,1.28935548948484,0.100029330466981,0.221561212005211
"step","46112.png",46112,0.190923325892287,0.228957245043955,1.29705477288739,0.104030216527232,0.225585091829807
"step","46126.png",46126,0.185424003648887,0.222807754864788,1.2831453074211,0.0356082424602411,0.217548413581326
"step","46139.png",46139,0.187079439647577,0.225132512242503,1.4581740359519,-0.0816062329991412,0.218115201690838
"step","46152.png",46152,0.206341856038977,0.246653139199373,1.56649323202701,-0.0850720711843859,0.235641035629573
"step","46166.png",46166,0.190299390590425,0.228245087858208,1.26975976509432,0.0201321155193646,0.223537459498945
"step","46179.png",46179,0.197026379898844,0.23544516805714,1.51696395036515,0.217422482832001,0.232902739812328
"step","46192.png",46192,0.185343128500142,0.222437041121893,1.34921585184706,0.141419665038056,0.218412521229631
"step","46206.png",46206,0.190276066545162,0.228087101091239,1.30325927246825,0.0482678972363303,0.227233783901084
"step","46219.png",46219,0.189090641111357,0.227084389021954,1.3731510433661,-0.0649659844674102,0.223136949091508
"step","46232.png",46232,0.187670527958932,0.225754175923643,1.36873501654519,-0.0662134721052441,0.222527156493721
"step","46246.png",46246,0.189911274995369,0.228859418046776,1.34628163480255,-0.107004427656794,0.223471331026211
"step","46259.png",46259,0.195409638340318,0.234348974060553,1.3283492076777,0.161062243512288,0.226848916949164
"step","46272.png",46272,0.201613054134901,0.241505779338849,1.45561948055677,0.169748186773949,0.232165647324514
"step","46286.png",46286,0.204437531257288,0.244916370709301,1.22641841311964,0.0678479339194315,0.235897229307772
"step","46299.png",46299,0.197358181038042,0.237141108608552,1.26430345503998,0.153628847468314,0.22716055450596
"step","46312.png",46312,0.199757535704029,0.238582659099472,1.15553406490574,0.0153821809819281,0.235336772144915
"step","46326.png",46326,0.180942842396022,0.218670290696559,1.31091476384891,-0.0694130972653928,0.218475824933183
"step","46339.png",46339,0.188883390433188,0.228138291219466,1.20761478326704,-0.0297536579228741,0.225811715632864
"step","46352.png",46352,0.199428458555207,0.238886770455159,1.19740787213947,0.176970348688741,0.232482650329307
"step","46366.png",46366,0.196300291623958,0.235117138430011,1.29199502238293,0.0739162291648868,0.229886773655159
"step","46379.png",46379,0.199482299350647,0.239088372232696,1.30673650167621,0.142320776180913,0.230750118403983
"step","46392.png",46392,0.184136044356023,0.221362127125387,1.33422301212223,0.123113532977864,0.215323317721824
"step","46406.png",46406,0.198655039923559,0.239379283768312,1.31869647747343,-0.0364526131732905,0.233351128580542
"step","46419.png",46419,0.189112950024601,0.226676150177831,1.20494603565519,0.0765328610947234,0.223145310027043
"step","46432.png",46432,0.188567955194978,0.227249080084012,1.21628650458459,0.0144985472590815,0.222498070537354
"step","46446.png",46446,0.193732199233876,0.234215776068343,1.32109337462197,-0.108509039891486,0.234947046558324
"step","46459.png",46459,0.188075503731073,0.227214366541253,1.24421603496291,-0.0135348821707619,0.226710725071173
"step","46472.png",46472,0.190089130607347,0.227861568605598,1.07519143020921,0.0663279753265379,0.22446505969458
"step","46486.png",46486,0.205347924734889,0.245609967492283,1.35340309386898,0.246324832625024,0.233940245335009
"step","46499.png",46499,0.185795953127282,0.222814413581357,1.30450383009211,0.0188613912040829,0.2169100385689
"step","46512.png",46512,0.196279775013818,0.23787738793025,1.45244253726595,-0.0176999575104619,0.24264028033586
"step","46526.png",46526,0.176338945940566,0.214186173980966,1.43989199977238,-0.105740253923428,0.212984636014403
"step","46539.png",46539,0.198570800259673,0.236596964937612,1.2837669860208,0.0949462833407682,0.226875681970736
"step","46552.png",46552,0.187317987920704,0.22494550267847,1.13504407771883,0.0465754890857197,0.219771135147933
"step","46566.png",46566,0.206175532373724,0.246726675982605,1.17453544794493,0.0369761426010111,0.243010447518018
"step","46579.png",46579,0.185659944804903,0.223452276999527,1.16859477583632,0.0485558601354076,0.218203595664723
"step","46592.png",46592,0.184748220541788,0.222623762749858,1.38173381199424,-0.08077348590675,0.225000064797469
"step","46606.png",46606,0.194911043586637,0.233607905195158,1.11837654728989,0.0390046484191004,0.232256604441141
"step","46619.png",46619,0.198583771766331,0.239185456363683,1.41477848265122,-0.134356403231162,0.24065170208973
"step","46632.png",46632,0.188965370253752,0.226015765298809,1.34419158601088,0.117821546014954,0.220474167167879
"step","46646.png",46646,0.178393000511147,0.217132099832966,1.42785372457362,-0.0217474356748743,0.21137049563254
"step","46659.png",46659,0.18523431473199,0.222875594897638,1.2080825288874,0.0131539246415097,0.218831204609308
"step","46672.png",46672,0.192481946520352,0.231046753202378,1.32489934934524,0.0110446280788558,0.231909293480702
"step","46686.png",46686,0.181609492158317,0.217998783091228,1.26913108457632,0.099271841700256,0.211462551769523
"step","46699.png",46699,0.185989541478757,0.222833496979468,1.25046009670423,0.0564936515460782,0.216446828127362
"step","46712.png",46712,0.186096192562896,0.223528698218481,1.16824701103234,-0.133756664505907,0.220131397908541
"step","46726.png",46726,0.198844535046404,0.237002134283464,1.30908736101848,0.100418859488397,0.232011685938889
"step","46739.png",46739,0.180570539004508,0.219128336689441,1.45664499910456,-0.0401996365303758,0.223009023545702
"step","46752.png",46752,0.177407716629158,0.213314753261734,1.38794355390182,0.0863541667770656,0.208410765127553
"step","46766.png",46766,0.173882347132467,0.210311903775215,1.37169679536749,-0.0915475731689087,0.203291622439774
"step","46779.png",46779,0.177562415191784,0.213917811529819,1.37446070650563,0.124994586151384,0.208331866406743
"step","46792.png",46792,0.18320059269107,0.220395284666414,1.23677788149319,0.125507312757574,0.215216542467869
"step","46806.png",46806,0.177894379429421,0.214623554775247,1.24282124628181,0.0221265388439466,0.209498898859431
"step","46819.png",46819,0.187113609949536,0.224903174950852,1.19939163836482,-0.0703138965846967,0.224193730721467
"step","46832.png",46832,0.192129575999985,0.229185535810481,1.40716718035458,0.0967819108491373,0.220312912863114
"step","46846.png",46846,0.185032715117248,0.22361128027216,1.48807093258405,-0.0825169557416989,0.21438639247417
"step","46859.png",46859,0.185487759113276,0.221951339674776,1.21695406916406,0.10810564813747,0.214572470812949
"step","46872.png",46872,0.215331688597428,0.255479167665357,1.2800000646276,-0.0225668786119815,0.251046949004125
"step","46886.png",46886,0.17631882151588,0.212199615388148,1.38510881940336,0.0535366950863254,0.206344146282845
"step","46899.png",46899,0.177696176258285,0.214836157867348,1.21830300529507,-0.0767103940728646,0.215985516425021
"step","46912.png",46912,0.182677193783028,0.219710207378423,1.26659908145438,0.132524776625086,0.216559030314928
"step","46926.png",46926,0.187584216662867,0.224823600079677,1.1599238374394,0.130560252167372,0.219286746796436
"step","46939.png",46939,0.185361560273786,0.224069197691271,1.32096371858164,-0.110936139021599,0.229908388641218
"step","46952.png",46952,0.178877204053789,0.21734931152615,1.43003310526062,-0.016118875169247,0.217574771693895
"step","46966.png",46966,0.181586841398577,0.219041892008398,1.36636186058961,-0.0451341976270312,0.209155713912082
"step","46979.png",46979,0.181138874271867,0.218465172433546,1.27671692185033,-0.0752004988784089,0.21273839001931
"step","46992.png",46992,0.177741167011594,0.214614319968556,1.19848130427982,-0.00126583375006803,0.212718674833753
"step","47006.png",47006,0.186868427617853,0.22453894786255,1.18749166102615,-0.120788651221029,0.227388264926472
"step","47019.png",47019,0.174382266537315,0.20972213655314,1.31191526999501,0.0523971137839553,0.204865152312441
"step","47032.png",47032,0.186563382183122,0.225979665484055,1.34723695770813,-0.108183432986409,0.225746935322516
"step","47046.png",47046,0.186351940119628,0.225602440281267,1.25944164890959,0.0282013919034459,0.221920114384443
"step","47059.png",47059,0.180598053560207,0.219219013074419,1.27203709227622,-0.0213620850908294,0.213371961335725
"step","47072.png",47072,0.171740114281606,0.207691668747492,1.37531246973517,0.147318186940167,0.202231929368986
"step","47086.png",47086,0.176369331910773,0.212767402339126,1.37995538290022,-0.00531594819926959,0.205295518076024
"step","47099.png",47099,0.172272277837658,0.207939111468529,1.29595445598724,0.0678826600481677,0.203499569961766
"step","47112.png",47112,0.199779807232735,0.239731231893325,1.26254079192482,0.0881594015326647,0.231256399957552
"step","47126.png",47126,0.178919073099234,0.21793679216643,1.37744890999798,-0.000901953880260431,0.212396515287586
"step","47139.png",47139,0.177873695264867,0.214563709835113,1.0970487391842,0.0679869058078023,0.207647728113244
"step","47152.png",47152,0.173819443942727,0.208944621314371,1.08149247225453,0.0488596914692666,0.205437695063901
"step","47166.png",47166,0.191916295640617,0.23108831212552,1.17655690973669,-0.0251145725108956,0.226033516901635
"step","47179.png",47179,0.181376999729765,0.217713407853958,1.20874484178028,0.0759442564370044,0.211578452405302
"step","47192.png",47192,0.190172278996423,0.227958529158627,1.12310182446222,-0.00694236421596245,0.22443843152238
"step","47206.png",47206,0.178531694810924,0.214567863139478,1.23266404873819,0.100891306796124,0.209072156374059
"step","47219.png",47219,0.16960245351968,0.206213730380111,1.33543631350453,-0.000831035621183862,0.204601008436254
"step","47232.png",47232,0.17981430746531,0.216557945671732,1.27305970940119,0.18090025301892,0.20819920790172
"step","47246.png",47246,0.176242616935322,0.213105246347205,1.21903191843179,0.0677914092960477,0.206022345394822
"step","47259.png",47259,0.176804828890894,0.212793377128686,1.15835443057972,0.0653427850922675,0.207337999199227
"step","47272.png",47272,0.174771151255767,0.210169054963292,1.31048510354258,0.149459698174964,0.208187609213176
"step","47286.png",47286,0.184922817306967,0.221152023545839,1.30860381744888,0.0960680950833114,0.215184112884073
"step","47299.png",47299,0.17221547052173,0.208186966635993,1.38216698216791,-0.109306291477665,0.201187438957745
"step","47313.png",47313,0.180978740637082,0.218089060986054,1.27298903969515,-0.0451312242629336,0.213348482695673
"step","47326.png",47326,0.17402873386333,0.209955333250693,1.18003650019922,0.0573028772475761,0.206632526477791
"step","47339.png",47339,0.174507724178403,0.211122270086035,1.26901384545614,0.0278773966030916,0.206679430160115
"step","47353.png",47353,0.175736584950021,0.211479905662853,1.17995077455031,0.0655687875370282,0.209001488807003
"step","47366.png",47366,0.180896920834143,0.218333625537247,1.27869279591894,-0.000667035504779756,0.213902762723838
"step","47379.png",47379,0.169573695352954,0.204784607166235,1.32135968516497,0.0342187201870214,0.201579273719732
"step","47393.png",47393,0.173622757327697,0.209821876393763,1.31143090526749,-0.0228601387975982,0.206514052626896
"step","47406.png",47406,0.172233806947039,0.207541960004066,1.28721639169752,0.0633299778718671,0.204318547431877
"step","47419.png",47419,0.17989342993033,0.217049064439453,1.41266584140431,-0.0631816979957782,0.21727446587115
"step","47433.png",47433,0.182701069962243,0.220404270774603,1.21386622697134,0.0887915865201054,0.211401413028241
"step","47446.png",47446,0.164391070552433,0.198952757574073,1.30987666685426,-0.0854076043699417,0.193924819702322
"step","47459.png",47459,0.168221229902857,0.203989123396589,1.33534272228,-0.0260298463759122,0.201034697472304
"step","47473.png",47473,0.168135411700712,0.203353512544536,1.34103762530025,0.0254548791632484,0.200131140079872
"step","47486.png",47486,0.189764210596457,0.22722176784323,1.4895158548365,-0.164681159560342,0.21681324055686
"step","47499.png",47499,0.176052590865588,0.212725861262215,1.18204602558975,0.0284579913748103,0.214398906078698
"step","47513.png",47513,0.195041053305267,0.232302445058755,1.48177742059572,-0.181137790888427,0.22773264647419
"step","47526.png",47526,0.174249903953666,0.210728885300994,1.28015550478384,0.00633360258957433,0.205431179732514
"step","47539.png",47539,0.178309336497446,0.215433562493614,1.36114320400548,-0.00258837344040944,0.208529623966141
"step","47553.png",47553,0.174045720125273,0.209717402766685,1.2919674280013,0.00524104280052837,0.207044100442725
"step","47566.png",47566,0.182856363280335,0.219214538855522,1.43464362823125,0.0328514751352072,0.212827742724408
"step","47579.png",47579,0.179486657242434,0.215259576954301,1.2323475357173,0.0898310100335385,0.209851564735775
"step","47593.png",47593,0.173892659183759,0.21008264455781,1.37606777001664,-0.116739536948198,0.206338330548756
"step","47606.png",47606,0.18327343893989,0.217996081792616,1.31560874178073,0.126744093037013,0.215313235886047
"step","47619.png",47619,0.170782075754666,0.206698925181704,1.40753276330424,0.041524113021068,0.197953429070064
"step","47633.png",47633,0.1664329218898,0.202511126356257,1.31454912277266,-0.0612393337245689,0.197126631633998
"step","47646.png",47646,0.170293845543586,0.205408611417205,1.23140114161261,0.0019054435502584,0.204677254506563
"step","47659.png",47659,0.172517736361939,0.208284462833721,1.3186983716121,-0.0485337593121707,0.203800313166103
"step","47673.png",47673,0.186666181539816,0.224687238827469,1.35376463001318,0.065742732117341,0.214747861258107
"step","47686.png",47686,0.175428687263247,0.211176061534893,1.22066422297014,-0.0422639020814293,0.205634089914739
"step","47699.png",47699,0.183089192383623,0.221231232830197,1.56729405384829,-0.149047032403578,0.211879150978782
"step","47713.png",47713,0.169099958366925,0.203899770392186,1.38308854237033,-0.053541302215417,0.197602055092932
"step","47726.png",47726,0.167184603219831,0.202468718388916,1.28210473887285,0.0630243023104463,0.200015831740917
"step","47739.png",47739,0.179914862754294,0.217870588549013,1.33590987182841,-0.0378549726302779,0.221839445796174
"step","47753.png",47753,0.175910658537378,0.211606048451918,1.1847319787007,-0.00482270158471876,0.208776941531695
"step","47766.png",47766,0.175745947140253,0.212191027822245,1.28558795980864,-0.044331878563527,0.209485263486664
"step","47779.png",47779,0.169037763348985,0.20424469333664,1.27911267173496,0.0193825735425685,0.200323975564947
"step","47793.png",47793,0.189876824092857,0.227769383044696,1.18450362367168,0.0661615607109473,0.235153493106935
"step","47806.png",47806,0.194225160675212,0.234099124086502,1.39171761030256,-0.0529486669989548,0.225898201108513
"step","47819.png",47819,0.18437670079031,0.220044105185285,1.28661599668189,-0.143369330084954,0.213331711499428
"step","47833.png",47833,0.174299518079126,0.209170277902422,1.23819224164892,0.114077775444282,0.204921746147822
"step","47846.png",47846,0.169790372120383,0.205157012615075,1.28081186225879,0.0253639019493854,0.198174587975224
"step","47859.png",47859,0.165131770047182,0.201321034049092,1.53206264734447,0.0449790471632961,0.196102392277971
"step","47873.png",47873,0.163915477793199,0.198292774462432,1.24466452174082,0.0976051874661892,0.194477229412438
"step","47886.png",47886,0.182770355448018,0.220368060623221,1.29998847339589,-0.0327795024105489,0.216397058809842
"step","47899.png",47899,0.177684963787528,0.213388967682036,1.13472377864469,0.0122203081294573,0.206239989195133
"step","47913.png",47913,0.166253857824562,0.200886537934179,1.25031704449842,-0.0102049031897302,0.195689425731206
"step","47926.png",47926,0.173359011411939,0.208076037179357,1.29400245929798,0.0547474750236695,0.201208847607826
"step","47939.png",47939,0.170419600838093,0.205713772031168,1.22712242839249,-0.114881799257844,0.204066220125683
"step","47953.png",47953,0.174299667312913,0.20934709223182,1.3713020142991,-0.170721010693688,0.205757189687344
"step","47966.png",47966,0.169051183555025,0.203323605635802,1.31107357959646,0.0644642893694769,0.199433131157951
"step","47979.png",47979,0.165440292795243,0.200146284091022,1.38753686033952,0.050842261641626,0.196176741371308
"step","47993.png",47993,0.173174523423292,0.209231393816607,1.09711341387604,-0.0210390521808897,0.210114427685402
"step","48006.png",48006,0.175316865560935,0.211110716171775,1.12734695820005,0.0654848613940192,0.205661017774275
"step","48019.png",48019,0.178693906463917,0.214761251090322,1.16452585527786,0.0830314273351397,0.209888742883369
"step","48033.png",48033,0.168646000044039,0.20375699121637,1.23983852877217,0.0909247929921221,0.201014890660387
"step","48046.png",48046,0.168040106431283,0.202705168187793,1.26718557123615,-0.0753693949194696,0.198883082303234
"step","48059.png",48059,0.171283858433667,0.205722560243355,1.41998344609012,-0.0882560166821246,0.197978601869646
"step","48073.png",48073,0.177388504935967,0.213735775668141,1.2642054333404,0.118603128231987,0.214478131940361
"step","48086.png",48086,0.168178737913471,0.203526729218109,1.2401011844426,-0.0204246133406187,0.199515933694093
"step","48099.png",48099,0.166492269940754,0.201174291796347,1.38358327009821,0.049715382358972,0.194849918117608
"step","48113.png",48113,0.183426515736442,0.219721711372877,1.10637155086745,0.00278301711071272,0.216314447876429
"step","48126.png",48126,0.178283706540855,0.214460726743633,1.30186670864282,0.00654219178319521,0.206105398021902
"step","48139.png",48139,0.167228797272757,0.201902822290391,1.32714802266138,0.0543187145333825,0.197300727272524
"step","48153.png",48153,0.167321977474249,0.201621059843833,1.44151848711725,-0.0394486423879435,0.19501385273135
"step","48166.png",48166,0.173349543152663,0.207986143353833,1.33246588579589,0.0149554084885622,0.204788548647212
"step","48179.png",48179,0.167895930856154,0.202980618185323,1.32828610868949,-0.0164913854303268,0.201118753216075
"step","48193.png",48193,0.172018588147441,0.208171317458573,1.13229565751397,-0.00378883098187946,0.209764931764027
"step","48206.png",48206,0.18367039028789,0.219746606632524,1.06987276086548,0.017922616061057,0.215004837798304
"step","48219.png",48219,0.170008321316746,0.204871261070978,1.35128702329378,0.0443781122463274,0.197161898513803
"step","48233.png",48233,0.1730613889013,0.20924464244392,1.3304666767513,-0.0637549661898122,0.201038392432961
"step","48246.png",48246,0.17306986921941,0.207878559840108,1.43281546322729,-0.0806080683575847,0.205611065361324
"step","48259.png",48259,0.169495701379539,0.204220503831845,1.32670810316523,0.00800156587538658,0.201536444934229
"step","48273.png",48273,0.169445383224134,0.204218289190026,1.17982686387705,-0.11870809097647,0.198448638059451
"step","48286.png",48286,0.165478486962597,0.201675534992198,1.3459157261549,-0.130659288464005,0.202987544088717
"step","48299.png",48299,0.17836230816281,0.21384225227073,1.27558865766015,0.0855871241202693,0.203829791347221
"step","48313.png",48313,0.160209994084684,0.194352864877564,1.24769967888376,-0.0134260308478096,0.190665593449269
"step","48326.png",48326,0.181683827046858,0.216105086664013,1.27609345418741,0.0753341109105062,0.207826626407297
"step","48339.png",48339,0.169188995007499,0.204470947199304,1.33193447546651,-0.11973307830712,0.19851172694405
"step","48353.png",48353,0.175112931796516,0.209839701281903,1.13232513847188,0.0491326753574755,0.201662841906307
"step","48366.png",48366,0.176050740940463,0.211808241539931,1.23663190223338,-0.0762936377304095,0.203602138778719
"step","48379.png",48379,0.167813536951457,0.202541166136283,1.12236542024442,0.0117619429115333,0.195249517362863
"step","48393.png",48393,0.166817244750669,0.20131374188126,1.17932204990074,0.0480216806774033,0.196768806160091
"step","48406.png",48406,0.161472979866999,0.195730840963632,1.08382273273849,0.010384980653077,0.192207573849066
"step","48419.png",48419,0.171004207168539,0.205870805332232,1.19359159794539,0.0105248061507949,0.200788740465797
"step","48433.png",48433,0.170016051032766,0.205085053301911,1.00789866593412,-0.013376650584929,0.203625940059221
"step","48446.png",48446,0.168383025286734,0.202772979696045,1.18186781431219,0.00378266698494417,0.197384307042296
"step","48459.png",48459,0.170483600703485,0.205319283932983,1.09236994168857,0.0154999488093263,0.198642590381033
"step","48473.png",48473,0.173038971906405,0.208495504047847,1.13967298462718,0.0787085372813392,0.201555453758724
"step","48486.png",48486,0.153195052743363,0.188207416791918,1.32231432709736,-0.033928265724805,0.187005726370465
"step","48499.png",48499,0.167996186367945,0.203107110374778,1.309859696939,0.0395033867143742,0.200924929077658
"step","48513.png",48513,0.184769760542828,0.220637524255982,1.08614510880644,0.0155430874849863,0.220031549042538
"step","48526.png",48526,0.179339692333499,0.215839080567205,1.15243269446129,0.0158918497727915,0.216514682556248
"step","48539.png",48539,0.181963190723281,0.218690853236582,1.33028323122359,-0.125869250504887,0.209202725295372
"step","48553.png",48553,0.173633765562795,0.209417281279878,1.35935640559946,-0.071357794014074,0.199552723980492
"step","48566.png",48566,0.179149675681758,0.215853228954496,1.18380728458133,0.00812088671448485,0.211745623799268
"step","48579.png",48579,0.168347163939272,0.202650505876771,1.39656430728918,-0.0251877163843685,0.197396816736585
"step","48593.png",48593,0.172408031873373,0.207494771996474,1.20141417656317,-0.0519309683209675,0.200874357416291
"step","48606.png",48606,0.175121421317898,0.210473049211349,1.17934058095973,-0.0256420234275204,0.204133554993018
"step","48619.png",48619,0.173445277824242,0.209318822800104,1.32759981709647,-0.0343600497921819,0.202910997764929
"step","48633.png",48633,0.174349809902113,0.209842166391122,1.14479248963558,0.0194231486411093,0.207929293025373
"step","48646.png",48646,0.183513406529305,0.220161419721881,1.34783047824331,0.0667064275059381,0.212029978281182
"step","48659.png",48659,0.180852440679509,0.214133080819247,1.2052831192333,-0.145514511848446,0.215458123773823
"step","48673.png",48673,0.169386105516466,0.204478253350319,1.30456737441184,-0.0249614261899236,0.198385686084548
"step","48686.png",48686,0.177543035946239,0.212041696325138,1.17394139855482,0.0399999355438952,0.204137754767597
"step","48699.png",48699,0.181022502024047,0.2163344044248,1.08821211080799,-0.00383050674875146,0.212237481630396
"step","48713.png",48713,0.182482501046734,0.219545007644576,1.32819730489857,-0.116762035709768,0.20817541557722
"step","48726.png",48726,0.174778501965255,0.210339528425542,1.13986096067422,0.0160470590279043,0.204008128252666
"step","48739.png",48739,0.170049389222727,0.206019555252963,1.16585345587903,0.0113127610011167,0.206061925396548
"step","48753.png",48753,0.157822071615371,0.191779546527333,1.32816263245509,-0.0497466570821467,0.186754690007606
"step","48766.png",48766,0.162513280961914,0.197243978249248,1.45639497709587,-0.020967799071317,0.192550549714632
"step","48779.png",48779,0.17635090910941,0.212252078681672,1.24049740785219,-0.0171669182822675,0.208741696717357
"step","48793.png",48793,0.174728413292771,0.210623857840985,1.06282793755023,0.0423733940003343,0.212075487063145
"step","48806.png",48806,0.167624527134321,0.202539357551625,1.20262670007748,-0.0169459837844808,0.197991072664143
"step","48819.png",48819,0.178383727203298,0.213765293231703,1.23942696154772,-0.0135159309105305,0.209968176297547
"step","48833.png",48833,0.168420537005069,0.203418227097932,1.27834566785776,0.0558334908956141,0.201186943054591
"step","48846.png",48846,0.171655206551433,0.206370810590492,1.28010477207679,0.0161315769392454,0.199619176424009
"step","48859.png",48859,0.182431216792705,0.217950399543532,1.35943470660024,-0.0902274663248636,0.212773388659252
"step","48873.png",48873,0.179708816912494,0.214965475480182,1.30963788392559,0.0524337581536702,0.20702892848535
"step","48886.png",48886,0.167845241398931,0.203048643841316,1.22706866857272,-0.0323405229420247,0.196607793490819
"step","48899.png",48899,0.170810032553549,0.205712779992505,1.24171048207699,0.0200767076834475,0.198649103406883
"step","48913.png",48913,0.174099333572803,0.20933668418144,1.15028168794692,-0.0311759510264893,0.205240582772127
"step","48926.png",48926,0.168452583424213,0.203587587332865,1.10697974019921,0.0286697388852947,0.197447724494785
"step","48939.png",48939,0.172697013456696,0.206989249567864,1.19492945182729,0.028685011824946,0.200166074083362
"step","48953.png",48953,0.184116077273564,0.220841078255349,1.24881646287662,0.104986395103495,0.21589864213465
"step","48966.png",48966,0.183359537377433,0.218864462709036,1.23546822933949,0.0568909071639721,0.207361005080158
"step","48979.png",48979,0.180422227137655,0.215694005796214,1.26063126853499,-0.077301701316392,0.20760059177333
"step","48993.png",48993,0.165874888014347,0.20047530730153,1.1932272986351,-0.00172962980502783,0.193863267845498
"step","49006.png",49006,0.168820994104244,0.203494709320189,1.23082945552706,-0.0316884101047642,0.197438925623881
"step","49019.png",49019,0.179600907400123,0.214358180076923,1.18797950231677,0.0432674432121412,0.206375678437585
"step","49033.png",49033,0.167557445390332,0.202350392593968,1.25710623337237,-0.0292170984852656,0.192740939528901
"step","49046.png",49046,0.159560192887615,0.193742916670552,1.21681965042665,0.0722132830600727,0.193578159902834
"step","49059.png",49059,0.172904370267305,0.208157502381209,1.22870666124114,-0.0529751793629347,0.200679519844891
"step","49073.png",49073,0.183085693228806,0.219605665541219,1.37624947286017,-0.135573063195815,0.207851782225959
"step","49086.png",49086,0.172493823144524,0.20795678345192,1.1818791057408,-0.022178599312853,0.203211421166317
"step","49099.png",49099,0.180591139997702,0.215760853045677,1.1030783269084,0.051986906038299,0.207642985678097
"step","49113.png",49113,0.169717777401045,0.204714995701221,1.16397288892447,-0.0192746137143315,0.19799421235827
"step","49126.png",49126,0.172476425854045,0.207718189366261,1.12253125835574,-0.0385245403050627,0.202764526539437
"step","49139.png",49139,0.175715132160155,0.210391746659229,1.17307486553156,-0.061385483753971,0.204311923935868
"step","49153.png",49153,0.180487752266742,0.215612130069236,1.22760558714077,0.0105752349928661,0.206364084452082
"step","49166.png",49166,0.167574076197162,0.202529398259992,1.17709225732307,-0.0372532024069873,0.195048549557104
"step","49179.png",49179,0.167935899332946,0.202677184834775,1.24603787151505,-0.00280869090932312,0.197442055183313
"step","49193.png",49193,0.177924050143786,0.213371380318616,1.25534862569106,0.0460609836244578,0.205088198062407
"step","49206.png",49206,0.177774959140232,0.212750848795528,1.30934513377553,0.0361607897462382,0.20376315368273
"step","49219.png",49219,0.160489615142671,0.195110265840575,1.38018320516919,0.00721214892961083,0.189840905374592
"step","49233.png",49233,0.175168171061919,0.210361144390864,1.24007973918341,-0.0688444523258433,0.202162253659003
"step","49246.png",49246,0.178521394326029,0.214865774030002,1.26760408766963,0.0202954883821391,0.206484917224289
"step","49259.png",49259,0.183807621036377,0.219828993812337,1.47154182637707,-0.108508984515087,0.207077967244825
"step","49273.png",49273,0.169769706226301,0.204612738942252,1.25639894243818,-0.0269328217010705,0.19598784292409
"step","49286.png",49286,0.173449761409205,0.209036345521662,1.26509784048876,-0.0495049408339677,0.201575988889721
"step","49299.png",49299,0.169420926271577,0.203888902908758,1.23680150702299,-0.0467342466139082,0.199482514877462
"step","49313.png",49313,0.182413297991337,0.218373815523741,1.01605158292384,-0.0116357920112844,0.215804910648284
"step","49326.png",49326,0.177462358035939,0.212422246101313,1.36678588768896,-0.0718656504498378,0.204624082672172
"step","49339.png",49339,0.161667920535407,0.19701382257254,1.33390136348108,-0.0125164744402314,0.192449940568972
"step","49353.png",49353,0.168378195446135,0.2036766587126,1.13689160079713,-0.000503013660173024,0.198868798896491
"step","49366.png",49366,0.162996273212496,0.19736963041936,1.34610329850275,0.0167311611628449,0.191119826969941
"step","49379.png",49379,0.169835687483414,0.20478658006143,1.15355096762264,0.015698596700954,0.199341696813252
"step","49393.png",49393,0.173088397292732,0.20831848377894,1.23181743915543,-0.0156408081003377,0.203505927211034
"step","49406.png",49406,0.177675003335831,0.212265557538308,1.13993713356656,-0.0163294565258488,0.20854827816884
"step","49419.png",49419,0.170776052794559,0.205720335954606,1.22623100603627,-0.0315993841965316,0.19914462634597
"step","49433.png",49433,0.167297058611819,0.201587062792043,1.23968173030454,-0.0209804144398455,0.194821624822397
"step","49446.png",49446,0.16599519700297,0.200515373409657,1.27154280440426,0.00418058776229588,0.195780392627794
"step","49459.png",49459,0.173920021748578,0.209081603760557,1.20019654404271,-0.00792410660837253,0.203349270235847
"step","49473.png",49473,0.166139515779973,0.200844306163237,1.2809370693337,-0.0310704625848544,0.192969003350623
"step","49486.png",49486,0.166758706287885,0.200777093242412,1.2354257728125,-0.0343032309644779,0.193276169010638
"step","49499.png",49499,0.169689388372921,0.204084805967323,1.224724264946,-0.0299967368338888,0.196924817936342
"step","49513.png",49513,0.169899432105791,0.204799096537738,1.19932727805752,-0.0409050721493895,0.198093768229302
"step","49526.png",49526,0.185084294232904,0.220280452573305,1.39353297287749,-0.102726209144933,0.211475642078098
"step","49539.png",49539,0.175371820105464,0.209710708162555,1.16825948643849,-0.0219310972002152,0.204505234933972
"step","49553.png",49553,0.17127439169544,0.206690174179178,1.41582424471442,-0.0744622739054056,0.198564992743793
"step","49566.png",49566,0.167431875722632,0.201750393393802,1.32614149720586,-0.0228812349648805,0.194119077628389
"step","49579.png",49579,0.167841698443082,0.202165772395955,1.23658976685019,-0.0102750655988678,0.197425702025044
"step","49593.png",49593,0.163929087955556,0.19900850462877,1.2839067550933,0.0444284371251053,0.191548823296996
"step","49606.png",49606,0.171903910916548,0.206850036316846,1.3269570511343,-0.0242619366058843,0.197389236288271
"step","49619.png",49619,0.179196251435705,0.214250186990501,1.27307220688557,0.00405027245163689,0.20586633747606
"step","49633.png",49633,0.171768772429926,0.206599105838498,1.30158048857805,-0.0398645320918313,0.200428352616166
"step","49646.png",49646,0.172309220588516,0.207070328171433,1.23939500693317,-0.0272559674110449,0.201961796601214
"step","49659.png",49659,0.177888904147583,0.212922315959317,1.15783938485715,-0.0193220855116649,0.207122112163511
"step","49673.png",49673,0.168805812359232,0.203085753694673,1.24969988514845,-0.0411688779914344,0.195948350190368
"step","49686.png",49686,0.173827787214642,0.208154820931663,1.26591430265743,0.0106268930455296,0.200076686973225
"step","49699.png",49699,0.172935576449489,0.207852105378224,1.28789390253747,-0.0614958373698157,0.202374521319928
"step","49713.png",49713,0.17986130422553,0.214946433073801,1.14214411838659,0.0323283244426404,0.210706450144477
"step","49726.png",49726,0.173905865595937,0.209256071555438,1.20257745157405,0.00299650617342148,0.202201739538067
"step","49739.png",49739,0.170812249365668,0.206160949821371,1.36838728791291,-0.0351442950738899,0.19675813432585
"step","49753.png",49753,0.180257803276655,0.215220552543989,1.25838546603172,0.0455961234598088,0.206260244342508
"step","49766.png",49766,0.173285959287228,0.208843993793135,1.18306413254113,0.0217008274176308,0.207076011677824
"step","49779.png",49779,0.17507116701677,0.210056566575681,1.19516171673344,-0.0845423343946025,0.202730305188764
"step","49793.png",49793,0.168566105599878,0.203546393019866,1.23924259848132,-0.0130755210548652,0.199802611345618
"step","49806.png",49806,0.162222502178221,0.197103794779167,1.27355828833956,0.00567915108550254,0.192767317006139
"step","49819.png",49819,0.170472160765612,0.204949281100805,1.19590885171754,-0.0381319007516975,0.198633345156408
"step","49833.png",49833,0.165764347827908,0.200313847956486,1.26726160039199,0.00246625390677332,0.196750735499811
"step","49846.png",49846,0.166055940670553,0.200577184434834,1.27965151478948,-0.00841602213227027,0.194996212644118
"step","49859.png",49859,0.171869655858034,0.206587534362078,1.2259869973175,0.0325433658923482,0.198998442591803
"step","49873.png",49873,0.170896430558084,0.205596371733591,1.16529637321479,0.0025921415127152,0.201202153934902
"step","49886.png",49886,0.166715369021175,0.202595125848145,1.12415668879644,0.0704620133531765,0.201509397881749
"step","49899.png",49899,0.147705831405135,0.182871779969958,1.15772827861724,0.0690748142606293,0.185152859023551
"step","49913.png",49913,0.177460519534096,0.212253495581858,1.25366574627594,-0.0605167576184983,0.204249792127758
"step","49926.png",49926,0.171092603984004,0.206027844182455,1.21857213262425,0.0233620430968367,0.201859391307787
"step","49939.png",49939,0.17732057826337,0.212720951052348,1.26911907327342,-0.0890562983639579,0.203388796001183
"step","49953.png",49953,0.179082392076928,0.213606717070866,1.12900561019545,0.0306392657214626,0.205080125955893
"step","49966.png",49966,0.165356564036009,0.201901961271819,1.3198656122039,0.0663988928046822,0.202339245251575
"step","49979.png",49979,0.184104019578506,0.218933248646589,1.01168759820428,0.0700721580026212,0.209561596758111
"step","49993.png",49993,0.168879725997041,0.203432350673389,1.22953323227734,-0.039944298442925,0.196388004723252
"step","50006.png",50006,0.179376785758723,0.215221310650931,1.20800598464238,0.0230433752521728,0.208250214433729
"step","50020.png",50020,0.168482520878069,0.203130625998133,1.21760484596519,-0.0185890407083294,0.196965612034073
"step","50033.png",50033,0.170145069887979,0.20513948141528,1.23010493447441,-0.00631096453761576,0.201288689013008
"step","50046.png",50046,0.177763267091764,0.213036066189938,1.15761380587456,0.015476833431569,0.20548608974197
"step","50060.png",50060,0.169238620833466,0.2034413834117,1.26001376893234,-0.0433101014402244,0.199815960299875
"step","50073.png",50073,0.170131401392714,0.205143331809257,1.20581631221511,0.065783285202537,0.203669253613614
"step","50086.png",50086,0.178920618098583,0.214971742740994,1.26371638233222,-0.0849825387695333,0.209871935374785
"step","50100.png",50100,0.174579525349858,0.209820733485005,1.29630433280197,-0.0660868086627764,0.202098882528965
"step","50113.png",50113,0.182871636927393,0.219695362489274,1.42647118368402,-0.080245663674897,0.213557689914964
"step","50126.png",50126,0.170778045845954,0.205646989198257,1.28565885097935,-0.0522020179272748,0.198893732476301
"step","50140.png",50140,0.175691309515808,0.210775841951184,1.17479858394066,0.0302032225635902,0.202926268627493
"step","50153.png",50153,0.170738617134902,0.205836473978052,1.23828655870739,-0.0317806471044099,0.199555054466802
"step","50166.png",50166,0.178898755521313,0.214123871851258,1.18524097412389,0.0285150030205438,0.210860309078618
"step","50180.png",50180,0.168906307482008,0.205379141649596,1.37698968846675,-0.0371266387272718,0.201414253222182
"step","50193.png",50193,0.180407589216021,0.215606312731845,1.22381627569956,-0.0935902114641424,0.207268080366749
"step","50206.png",50206,0.173895093542278,0.208995566191292,1.22878278763855,-0.0405743022833356,0.201565046583033
"step","50220.png",50220,0.175958819538033,0.210324599170335,1.18818323259577,-0.0296482008217872,0.205247124819711
"step","50233.png",50233,0.172089421093453,0.207217987423063,1.25591431156412,-0.00479677289490599,0.202040156912377
"step","50246.png",50246,0.180122236959989,0.215780215513748,1.25371024568666,0.0379290008102858,0.207950519683176
"step","50260.png",50260,0.165755064838409,0.200602844775776,1.13664612985333,0.0626592472215613,0.198101404867807
"step","50273.png",50273,0.179570902447384,0.213887125867023,1.1339645076461,0.0470776342074242,0.204490467776271
"step","50286.png",50286,0.170043687355925,0.204875223692759,1.27285300670475,-0.0153336774174256,0.200944807406956
"step","50300.png",50300,0.17918522592502,0.213992226407391,1.22307259324604,-0.0523353687904791,0.205978870571649
"step","50313.png",50313,0.172706840210148,0.207674344121481,1.29273475781139,0.00625674569571377,0.199794206672607
"step","50326.png",50326,0.171706998283159,0.206098158964963,1.22082324418763,0.036368937181577,0.200331251781794
"step","50340.png",50340,0.179218666121223,0.213896806806397,1.14765825760367,0.0278902817182595,0.20923778654394
"step","50353.png",50353,0.171751840504683,0.207097143002703,1.24646970194849,0.0508876336234568,0.203564671660326
"step","50366.png",50366,0.176158216468264,0.211704564455652,1.18574356710895,-0.0240347362194628,0.206778980859033
"step","50380.png",50380,0.167948158369119,0.202873050666998,1.22657302361828,0.0766254618508302,0.200936093047659
"step","50393.png",50393,0.17750695341429,0.21277143072922,1.14890247979158,-0.0404155261827856,0.206002961766407
"step","50406.png",50406,0.182035315956284,0.216747334012989,1.24498754300588,-0.0553663151220551,0.207804272090051
"step","50420.png",50420,0.173695276951611,0.209135784976535,1.1286353608304,-0.0390122652671589,0.204507840232254
"step","50433.png",50433,0.161420949758425,0.196815814208103,1.44188460539416,-0.00813221553880079,0.18982256583227
"step","50446.png",50446,0.169257832548217,0.203895653881563,1.30462319679397,-0.0189292667677567,0.198230936964946
"step","50460.png",50460,0.178073930636912,0.213087633869181,1.21454726253454,0.00116574505007366,0.206345656572958
"step","50473.png",50473,0.183388639196818,0.218285928466382,1.17296546658659,0.0472026703604682,0.209958602958237
"step","50486.png",50486,0.178345358590544,0.214341515364538,1.18577892197798,-0.0662798357131648,0.209442213859312
"step","50500.png",50500,0.183109644991228,0.218938615881743,1.10948760014286,0.0318178665202414,0.212608192121852
"step","50513.png",50513,0.162549419440726,0.197172747066212,1.30643322490575,-0.0690519374457934,0.192424057288278
"step","50526.png",50526,0.174216475095392,0.20925983673941,1.22976800549406,-0.0225785551315714,0.204334307485941
"step","50540.png",50540,0.182539471228508,0.218850624654973,1.2359827283874,0.00159855937503883,0.216705079884761
"step","50553.png",50553,0.182753697014199,0.217515897150799,1.1962115234801,-0.0161656496862258,0.211862548592165
"step","50566.png",50566,0.182474372597354,0.218859463548797,1.23588188641748,-0.0451382402773761,0.215329685351763
"step","50580.png",50580,0.17780827873455,0.213579655362354,1.31383369061451,-0.0592706289095398,0.207365721885139
"step","50593.png",50593,0.179998574302585,0.215615872764822,1.20747420498045,-0.0779660830946615,0.212535161479005
"step","50606.png",50606,0.175782388991128,0.210640966010183,1.23462902153401,-0.0572287471835052,0.206498344980512
"step","50620.png",50620,0.177097982065048,0.212729697857908,1.30804920770629,-0.0911479632051693,0.206171362408047
"step","50633.png",50633,0.157080118114616,0.192406760412743,1.31690747095575,0.0329031092665147,0.191174684726968
"step","50646.png",50646,0.17851376989588,0.213199014447744,1.23940385366636,-0.0594508544303484,0.207216695798646
"step","50660.png",50660,0.181353878557343,0.216303972485015,1.264498809186,-0.0998813227843911,0.209881222670504
"step","50673.png",50673,0.171245615713711,0.207186766041182,1.33602238188531,0.0578725759585179,0.204874036474499
"step","50686.png",50686,0.178305374693852,0.213231990822046,1.4581857195154,-0.0224578808273772,0.208250675881675
"step","50700.png",50700,0.184854156912878,0.219554872845293,1.19276049403712,0.0166166965937604,0.211710344566445
"step","50713.png",50713,0.179557841498636,0.215111642253021,1.16715312774886,-0.0383850455897592,0.211398036179939
"step","50726.png",50726,0.177837229156572,0.212628690706092,1.27464318268289,-0.0425316652830895,0.204826702757469
"step","50740.png",50740,0.169083197255999,0.204152407180583,1.07798841895172,0.00154057475183003,0.203270480886005
"step","50753.png",50753,0.175999589296439,0.210962450749047,1.08103284886139,0.0331217105277392,0.203620497922981
"step","50766.png",50766,0.178616146331563,0.213672942042428,1.20121412962121,0.0290943661020636,0.204850430283792
"step","50780.png",50780,0.178457158012031,0.213708079823313,1.29637183335368,-0.108386379976306,0.208932551860751
"step","50793.png",50793,0.177945056589525,0.213006391243124,1.19390352002797,-0.0131161328588779,0.211151834521744
"step","50806.png",50806,0.176444514554107,0.212957415286817,1.29490324148337,-0.0421074487720857,0.211132354479502
"step","50820.png",50820,0.182656798510354,0.217161558343583,1.38780008276204,-0.143243042814209,0.212065240803033
"step","50833.png",50833,0.169525139973832,0.205019500610065,1.1997467168072,-0.0224674207601983,0.201790699512108
"step","50846.png",50846,0.163068523067935,0.198430120302788,1.34149864105993,0.053726442739905,0.196762129855438
"step","50860.png",50860,0.180495156534653,0.215997680455166,1.30069104548198,-0.0878437664274059,0.209271097854039
"step","50873.png",50873,0.184057646417388,0.219674718659945,1.21014023748037,-0.0562603610270804,0.212472512275046
"step","50886.png",50886,0.18334873478564,0.219157767139122,1.21592817007424,-0.109862251004769,0.215259213267919
"step","50900.png",50900,0.179939135059183,0.216061850772206,1.21978909484391,-0.01053927950963,0.210884104266452
"step","50913.png",50913,0.17585838753137,0.211427407976654,1.09121091733867,0.0277511352083334,0.210040311877346
"step","50926.png",50926,0.162862136840931,0.197448739302567,1.19382946885218,0.0434604909202554,0.196841201046454
"step","50940.png",50940,0.179229825774709,0.213775851603307,1.13510611340122,0.040734649515542,0.204547089337474
"step","50953.png",50953,0.165461263374933,0.200077427008831,1.11697343884591,-0.00766520125514461,0.196803504511254
"step","50966.png",50966,0.17472669671649,0.209989160950838,1.18753720413098,-0.0293177841025843,0.203830228136343
"step","50980.png",50980,0.17547590476397,0.21038212797074,1.23004147447902,-0.0437641286590651,0.203073252781702
"step","50993.png",50993,0.178619034318675,0.213960981005367,1.27014703139289,-0.124850872962074,0.206697926420475
"step","51006.png",51006,0.180598684703205,0.216331361210781,1.2779555051585,-0.0379633062825849,0.20861855297854
"step","51020.png",51020,0.169638255022652,0.206001993186997,1.29639624857811,0.0649685585571841,0.202273378863419
"step","51033.png",51033,0.188045639498564,0.223808160640629,1.3050495590097,-0.123593513576215,0.217859237520317
"step","51046.png",51046,0.178072915321929,0.21338197016161,1.19955594696243,-0.0565152409554432,0.20570390515192
"step","51060.png",51060,0.181527296853072,0.216505544847378,1.23266054733157,0.0350647725593721,0.208415394618287
"step","51073.png",51073,0.178828291000306,0.215008976081839,1.33309341245746,-0.0364974625274076,0.209155565033013
"step","51086.png",51086,0.165686101047109,0.201551352910518,1.2018564920844,0.000102533411100614,0.196577375267456
"step","51100.png",51100,0.179254150018718,0.214868538242428,1.20465756053796,-0.000248567681964573,0.211016602801053
"step","51113.png",51113,0.177635411191296,0.213093998569312,1.2340519320905,0.0214529440089804,0.209521796118545
"step","51126.png",51126,0.167794254296476,0.204017349666534,1.27764850110964,-0.00474743565831823,0.200075936106789
"step","51140.png",51140,0.174336165255591,0.209521968852377,1.2875767855622,-0.00494256337459795,0.205059368690964
"step","51153.png",51153,0.175905998919542,0.21119912005394,1.23275748318693,-0.0355220331994072,0.206948611253914
"step","51166.png",51166,0.167104067891237,0.202097338156388,1.21454651561439,-0.0142738683373312,0.198171807703795
"step","51180.png",51180,0.173176351090404,0.208622830823574,1.26395616873325,-0.121650041902507,0.203029596130916
"step","51193.png",51193,0.177292343161608,0.213124424355231,1.22726769081317,-0.0572794298403531,0.20914045651331
"step","51206.png",51206,0.183096036442054,0.219072750583215,1.15531665130144,0.0295267317120758,0.212401339766969
"step","51220.png",51220,0.179593383671003,0.215101838362086,1.27177465038862,0.0112255754099084,0.206769167323023
"step","51233.png",51233,0.179929786530067,0.214782390688541,1.18532477531532,0.0158854168689029,0.207672794074929
"step","51246.png",51246,0.17418486066762,0.209486938163211,1.2682181926441,0.0109602262625323,0.204206715014839
"step","51260.png",51260,0.170738922173544,0.206905950700834,1.32823210512075,-0.0423230819646406,0.205386959237513
"step","51273.png",51273,0.18028696526591,0.215299375249475,1.22829540139551,-0.00468776893092948,0.211363033959193
"step","51286.png",51286,0.176829913395941,0.212199814640606,1.20737693511293,0.00242472280371483,0.209073352669686
"step","51300.png",51300,0.173550651528769,0.208345913783675,1.17349685937459,-0.0858902589496672,0.202991939431005
"step","51313.png",51313,0.175461470315345,0.210900409767255,1.23319522974898,-0.0779468895521509,0.206280514525822
"step","51326.png",51326,0.18528486536202,0.221921468600131,1.20780757863682,-0.0297425277820838,0.216114174288391
"step","51340.png",51340,0.17100101939841,0.2067096676705,1.24905194675505,-0.0465754367300786,0.201081235241597
"step","51353.png",51353,0.175891528625031,0.210938527591546,1.22414466644977,-0.0573444116576806,0.205860950350322
"step","51366.png",51366,0.175496430250262,0.209899389493786,1.47799093031612,-0.0419447977980134,0.203363428181393
"step","51380.png",51380,0.175075581373527,0.210608723034733,1.26065668418247,-0.139822220878251,0.203495096903964
"step","51393.png",51393,0.173650389547251,0.208970439663387,1.20924731798719,0.0452265791258812,0.204418699973515
"step","51406.png",51406,0.177616632133702,0.212100214060775,1.39448807890502,-0.0164145593365236,0.205914432987235
"step","51420.png",51420,0.168788867112652,0.203659882371434,1.35717322684386,-0.0356316747287248,0.19760124029836
"step","51433.png",51433,0.172242743044554,0.206830212666824,1.33759668014331,0.0152993168544705,0.199316464291072
"step","51446.png",51446,0.17370379977426,0.2087912243521,1.26064622522164,-0.111350857909728,0.200539540820809
"step","51460.png",51460,0.178140172303519,0.213307990502128,1.17005684833238,-0.0430180559754814,0.210692262496852
"step","51473.png",51473,0.177429490091663,0.212909244432757,1.1143365603731,0.0229619661708589,0.212443791221793
"step","51486.png",51486,0.182702771622115,0.219425811950286,1.34628306387838,-0.152239711692106,0.211575269299047
"step","51500.png",51500,0.187120863831453,0.222972492619998,1.33086528607301,-0.113367744260215,0.216033796340869
"step","51513.png",51513,0.16652402039772,0.202299516834131,1.17632332813842,-0.0176315477207999,0.20287036320658
"step","51526.png",51526,0.183901673925413,0.219129279927825,1.34324531808635,-0.153105699565314,0.211483177729898
"step","51540.png",51540,0.180417007833528,0.216661186439101,1.24687202225022,-0.0889427521549645,0.208613201094356
"step","51553.png",51553,0.173882197415637,0.209299074903093,1.21736476697933,0.00766341164803436,0.202781692119039
"step","51566.png",51566,0.178122595317723,0.214234928787256,1.21583794193066,-0.0968017829013486,0.20976173920507
"step","51580.png",51580,0.180427627463819,0.216383882739164,1.11924923735407,-0.0433559412293821,0.214287635908919
"step","51593.png",51593,0.182894130169846,0.219158317527938,1.15135471254166,-0.0609450304873885,0.212234962790831
"step","51606.png",51606,0.188965619015653,0.224556087973778,1.30751569547627,-0.0709020355355926,0.217270513652355
"step","51620.png",51620,0.177399643224219,0.213091567331422,1.26908211538306,-0.0403685186249227,0.207482955413568
"step","51633.png",51633,0.182863059052199,0.218876906497693,1.32103416603461,-0.106309266135996,0.210523220755133
"step","51646.png",51646,0.183958726249325,0.21938258890442,1.42039140290551,-0.0911948576414214,0.213942326147192
"step","51660.png",51660,0.181800442930968,0.217105482983368,1.57017369114479,-0.118185161852847,0.210786159301774
"step","51673.png",51673,0.1804729837423,0.215460621856266,1.30854724006267,-0.074144451851342,0.207417711642599
"step","51686.png",51686,0.175892843844193,0.211578499903951,1.14390930376003,0.0858477227395473,0.204160750873787
"step","51700.png",51700,0.173927419569429,0.209242104586116,1.15834311894412,-0.00783149331066146,0.207006557309922
"step","51713.png",51713,0.177901818095406,0.21356245027745,1.22970975435362,-0.0470410663487801,0.204810124015786
"step","51726.png",51726,0.168604263913401,0.203811817183883,1.4456588255455,-0.105931741250536,0.19553241860098
"step","51740.png",51740,0.178138919760309,0.213768966161066,1.2985353741773,-0.103341505222909,0.206462783553107
"step","51753.png",51753,0.177631433324419,0.213379200613692,1.33745158529156,-0.179358457828289,0.206201666501007
"step","51766.png",51766,0.17638327594761,0.21226661507652,1.28356666274954,-0.120932917636278,0.203893283465884
"step","51780.png",51780,0.193180419787261,0.231468037412013,1.21920850115085,-0.199799317500423,0.229060349840842
"step","51793.png",51793,0.182791242125904,0.219756502253144,1.21691447096023,-0.0440999074399462,0.214902382772534
"step","51806.png",51806,0.179442275046636,0.21608439173247,1.30952112614506,-0.0952288628872101,0.210562759189393
"step","51820.png",51820,0.173516979474376,0.208366719333777,1.26815383380006,-0.0142245047134383,0.204368680642484
"step","51833.png",51833,0.191917346257434,0.228501194994451,1.32706075850034,-0.150689104516356,0.216829104582379
"step","51846.png",51846,0.179139586926395,0.214956274816984,1.21377536920542,-0.0805439472589906,0.213163475444654
"step","51860.png",51860,0.19277675079321,0.22891558534184,1.31315575475631,0.0691591074291441,0.221777099450308
"step","51873.png",51873,0.175759187836622,0.212463996399287,1.28588587839812,-0.111788460965304,0.204811603769383
"step","51886.png",51886,0.16224567706808,0.197691504096737,1.28664201001756,-0.0477647979295882,0.193759456525352
"step","51900.png",51900,0.18581568218786,0.221503046590316,1.32787619805814,-0.131349731373085,0.210945234543792
"step","51913.png",51913,0.185705105093661,0.222483914395491,1.343400375734,-0.121265886020793,0.2135771122388
"step","51926.png",51926,0.179140283781835,0.215613510433598,1.19716119226518,0.0661669786271628,0.215644885310473
"step","51940.png",51940,0.17809678782559,0.213976287966985,1.36274981593735,-0.119523731499424,0.20485852658279
"step","51953.png",51953,0.175547895763313,0.210863439400484,1.30045242292868,-0.104486003418918,0.20710759556253
"step","51966.png",51966,0.177324265394141,0.213237885708898,1.21353754005782,-0.0582170872174159,0.208734869105487
"step","51980.png",51980,0.175070716642076,0.210814715869679,1.20980573363322,-0.0709524380223176,0.207202651168732
"step","51993.png",51993,0.182425288370581,0.218259640187273,1.31820288839999,-0.123928687210731,0.210559791099732
"step","52006.png",52006,0.182554136928553,0.218193829097394,1.34669298254545,-0.117171594873929,0.208469542823339
"step","52020.png",52020,0.170100592966608,0.205948887579976,1.30642693884317,-0.0264587082491689,0.204574104260399
"step","52033.png",52033,0.16526434574575,0.200608340808323,1.35754621706234,0.00199540378740448,0.196381467921368
"step","52046.png",52046,0.180262313531599,0.21605219812997,1.2891920622431,-0.0967302390378017,0.208729469729273
"step","52060.png",52060,0.176543728023533,0.213102717889838,1.22661154007067,0.00912331855550166,0.20894115256828
"step","52073.png",52073,0.194842863228799,0.232015540760708,1.3491309149977,-0.222618380978723,0.228283967812679
"step","52086.png",52086,0.180588056242998,0.216299149616214,1.24830093583607,-0.070480433184829,0.211356667552694
"step","52100.png",52100,0.174910639245867,0.210548536231339,1.45121598636101,0.0342691346730293,0.20631853397034
"step","52113.png",52113,0.187438235766477,0.223666550921555,1.2802839075349,-0.0916032255025733,0.218195146471543
"step","52126.png",52126,0.173635857397572,0.208301909048683,1.44819679201489,0.0926225510934849,0.20955987025342
"step","52140.png",52140,0.188065198423297,0.224146526777699,1.23648882913546,-0.0377123050911017,0.220583873590799
"step","52153.png",52153,0.168101676811023,0.203397224982617,1.02724992670717,-0.0263446176752774,0.200354427991804
"step","52166.png",52166,0.174572392475303,0.210586066394357,1.32554860487078,-0.106381152195988,0.207883540287018
"step","52180.png",52180,0.181253518953469,0.21750511920903,1.22253312007551,-0.00205902806831298,0.211012267651728
"step","52193.png",52193,0.190195438272958,0.226106681843632,1.37980205364583,-0.0843748321328944,0.215608431609912
"step","52206.png",52206,0.184723781678878,0.221265469696343,1.13540251461925,0.0455981943683716,0.218958125017044
"step","52220.png",52220,0.184197023002291,0.220835179125256,1.26881774934837,-0.0175279669985368,0.214294612865215
"step","52233.png",52233,0.173401487909301,0.208928751428225,1.34376136133931,-0.0922123724186661,0.204710215236679
"step","52246.png",52246,0.16884516996653,0.203735014517535,1.4630156517405,-0.0249177080259189,0.200803842549801
"step","52260.png",52260,0.180989233673287,0.217283373158013,1.3128383145642,-0.116942720014033,0.21455045774486
"step","52273.png",52273,0.178463557976679,0.214701322648279,1.22468522119962,-0.0895724390571842,0.210478741077347
"step","52286.png",52286,0.176333000496239,0.212164061387522,1.35859688928939,-0.0681094301113714,0.203856028381802
"step","52300.png",52300,0.17964411899315,0.215589251195165,1.2607081873903,-0.0946505727754573,0.20824756046989
"step","52313.png",52313,0.179490413645193,0.215966969831357,1.52143008390689,-0.0586445353505863,0.209642988897356
"step","52326.png",52326,0.178409755754445,0.214145448602729,1.24849723141455,-0.00876679724216556,0.210268118188886
"step","52340.png",52340,0.182597676997201,0.21897909208836,1.15872723785213,-0.0259281329397731,0.21418195323347
"step","52353.png",52353,0.174689532500283,0.210090972075537,1.29815622344703,0.00604491864313608,0.206313402965558
"step","52366.png",52366,0.17882624589338,0.214630347094313,1.20660405506618,-0.0369968044705419,0.21098754420815
"step","52380.png",52380,0.174334084398475,0.210572382533908,1.29137897425476,-0.0199515736463876,0.205574824389867
"step","52393.png",52393,0.18793090987528,0.224559064887001,1.25918264824871,0.0215959520627117,0.219198054657655
"step","52406.png",52406,0.191714401430872,0.228202019699957,1.25412226755138,0.0791782782187532,0.220656597710233
"step","52420.png",52420,0.176173182531522,0.212114835784158,1.29758276164898,-0.0765988640503327,0.205808045543458
"step","52433.png",52433,0.179574494554917,0.217582857319031,1.25929811321047,-0.039756387058155,0.212634822752708
"step","52446.png",52446,0.185961768348029,0.224029833889859,1.25532524253637,-0.0455668007710986,0.223124936759919
"step","52460.png",52460,0.178427781297861,0.214471364304678,1.29127207141817,-0.089807892199645,0.209529041103375
"step","52473.png",52473,0.195487408544115,0.232808379447516,1.29448883156609,0.0402131048366945,0.223143303657655
"step","52486.png",52486,0.174221453559986,0.209557463113076,1.30177814092275,0.0149807980370157,0.205178809448714
"step","52500.png",52500,0.189874936867292,0.22773052403781,1.36634709793279,-0.0471565604950612,0.222116686921637
"step","52513.png",52513,0.175522940610969,0.212139041189777,1.11837701634463,-0.000208974546679175,0.213591881551533
"step","52526.png",52526,0.180151347805557,0.21692673984643,1.16633910397545,-0.12747689829983,0.218447347378189
"step","52540.png",52540,0.185404312031845,0.221402232380343,1.30740596188215,-0.0815524012409087,0.216167089479745
"step","52553.png",52553,0.171493744722149,0.206978009638576,1.34047434577502,0.0123539093405536,0.198433672938076
"step","52566.png",52566,0.176847428111886,0.212801124566251,1.29391839190241,-0.0707323628423602,0.207868286650488
"step","52580.png",52580,0.178273646999868,0.214878173419179,1.39904815161092,-0.0609393178914006,0.207477530562039
"step","52593.png",52593,0.177317236132244,0.213780730010989,1.34022489021269,-0.0544559069612726,0.20790218720933
"step","52606.png",52606,0.169667956299909,0.204785857612595,1.28165451275718,0.121337625284407,0.205758002965235
"step","52620.png",52620,0.174253049918095,0.20953161928937,1.19013313279263,-0.018762829249495,0.209037359514087
"step","52633.png",52633,0.176077311176378,0.211588271374732,1.27476722504102,0.060458120436441,0.209864671838529
"step","52646.png",52646,0.177024981293283,0.213696380076095,1.21568123302891,-0.0335904974350542,0.207639617469457
"step","52660.png",52660,0.175535705202588,0.211900782223617,1.34595875497073,-0.0697649183975438,0.205462624181786
"step","52673.png",52673,0.181167038262836,0.217162046476754,1.22890436045132,-0.0258564571638386,0.213747671247452
"step","52686.png",52686,0.180360259880969,0.217342599894374,1.37614742197156,-0.0505682795876258,0.216800751749749
"step","52700.png",52700,0.174577381920282,0.21107119403718,1.24547731265573,-0.0361486766022453,0.209369444275788
"step","52713.png",52713,0.176702737147296,0.213125426556612,1.33520221245895,-0.123833058346695,0.205600222605558
"step","52727.png",52727,0.185914536286357,0.223011507896146,1.35717090259116,-0.0673178539880992,0.216759479098711
"step","52740.png",52740,0.174135094593458,0.210383430709164,1.38725429648921,-0.0704139041703744,0.204671018073279
"step","52753.png",52753,0.173901099950571,0.209865546899572,1.36381310261266,-0.0285095596627533,0.208488992210637
"step","52767.png",52767,0.178096829501837,0.213982041778533,1.17652608188115,0.0232211059115027,0.209910300151544
"step","52780.png",52780,0.173960493149782,0.209614944280759,1.32749188157585,-0.238393058353512,0.208470665755965
"step","52793.png",52793,0.173517228852162,0.210169243076201,1.26852321964345,-0.0538482711731392,0.20495040137796
"step","52807.png",52807,0.189444001209325,0.226256246150854,1.18500180707677,0.0511057502917943,0.219932663668869
"step","52820.png",52820,0.17863295202981,0.214951194292697,1.29160646140847,-0.0291483449397851,0.208403777953466
"step","52833.png",52833,0.175686830100521,0.212506582340188,1.423313152567,-0.0282914398787002,0.2077269334322
"step","52847.png",52847,0.174953144011631,0.210294511540984,1.31008365934733,0.0413524935151741,0.204502120970485
"step","52860.png",52860,0.185706200756671,0.2230492167572,1.11173457166376,0.0413074767058399,0.219787529633928
"step","52873.png",52873,0.175798970685612,0.212595789286774,1.16611405411704,0.0634508687295828,0.209421033896028
"step","52887.png",52887,0.192012255465298,0.229638134146663,1.40331117531228,-0.0565942552110316,0.225206450131493
"step","52900.png",52900,0.188052214983627,0.224828525423805,1.31437782466416,-0.00201915868740077,0.216969625789532
"step","52913.png",52913,0.176757045043297,0.212771607960657,1.19224778269617,0.061501686442214,0.207287976329701
"step","52927.png",52927,0.184539662595682,0.220720535982317,1.19601358865562,0.010690464341032,0.215014958069124
"step","52940.png",52940,0.171333643065123,0.207266717279685,1.37689599950404,-0.037962084094361,0.202413049448959
"step","52953.png",52953,0.175792588346564,0.211530285373936,1.40720937734471,0.00426933361607454,0.203208611995015
"step","52967.png",52967,0.170126117370987,0.204976021603334,1.32749452998705,0.0431639251791724,0.201022438534875
"step","52980.png",52980,0.173251502781972,0.209298181688085,1.25136093376146,-0.0284061203812988,0.208918157697782
"step","52993.png",52993,0.179344078013517,0.215034462269389,1.31587059466768,0.00986926122359955,0.210476144004934
"step","53007.png",53007,0.175781476537748,0.212320581850744,1.27504372743839,-0.0760982625759698,0.208883545635436
"step","53020.png",53020,0.178990295742978,0.216743918116113,1.09572276775096,-0.0822144591563551,0.216936160938577
"step","53033.png",53033,0.174970199508381,0.212153523254869,1.30259443301859,0.034438555897957,0.207750612485053
"step","53047.png",53047,0.18151295828355,0.218699295683565,1.18946017434717,0.0921997070601513,0.212417711081298
"step","53060.png",53060,0.182312927760161,0.219533306426201,1.2523121066555,-0.0169663710200305,0.220264841876814
"step","53073.png",53073,0.179676106949614,0.214541405629728,1.44924524159418,0.106622821103924,0.210252303639793
"step","53087.png",53087,0.17741868241223,0.213578521762327,1.36409274951253,-0.000273695627291681,0.208621308695452
"step","53100.png",53100,0.184344422473135,0.220811271945925,1.2141785304472,0.0323271084560529,0.216460151279379
"step","53113.png",53113,0.18558418178093,0.2227104957634,1.28441933049951,-0.0238162671849538,0.216137053120518
"step","53127.png",53127,0.182226092502298,0.218766110001686,1.16994633079202,0.129984062309333,0.22080951843489
"step","53140.png",53140,0.176761057293347,0.213993335101514,1.29727377930988,-0.0621092863775024,0.209297027512407
"step","53153.png",53153,0.183918854806565,0.221585559506214,1.18504680482983,-0.0392719618925537,0.223938059982363
"step","53167.png",53167,0.178922454743833,0.215743676953384,1.20646603892863,-0.140265260242502,0.218029668684647
"step","53180.png",53180,0.175874629955856,0.214568676716041,1.54984625718972,-0.0796463690434945,0.213309557090162
"step","53193.png",53193,0.181871952796098,0.218726064563752,1.30705013426924,-0.0912235290723268,0.215691227006625
"step","53207.png",53207,0.185157973544694,0.223216705743244,1.38997689864352,0.0548538321916579,0.219649848328792
"step","53220.png",53220,0.183268441316808,0.220421963566123,1.30354982455235,-0.120469738232229,0.214011531124517
"step","53233.png",53233,0.187486124442663,0.223738183625927,1.22223482404587,0.0764970281248046,0.219377293842309
"step","53247.png",53247,0.186216571558022,0.223371654521501,1.2661494559143,-0.0312033756597251,0.220440706165661
"step","53260.png",53260,0.180041750934969,0.217206395436782,1.15471842826758,-0.151995319524518,0.211912542502987
"step","53273.png",53273,0.183331962061543,0.220448166507521,1.21411672190836,-0.0630147610843596,0.220978724265053
"step","53287.png",53287,0.195225041913697,0.234190413965033,1.3108071709935,-0.16251801064746,0.229966074905878
"step","53300.png",53300,0.190050901711249,0.227295768271097,1.21357082791855,0.0478615405455585,0.224063435632975
"step","53313.png",53313,0.185213674820414,0.222847560515824,1.24396632178835,0.0371681737904566,0.218491654682679
"step","53327.png",53327,0.17992186369542,0.216980482667957,1.37763249272093,-0.11427243929513,0.211267635282676
"step","53340.png",53340,0.185149811134722,0.222288146398185,1.16463829538544,0.0640163339247323,0.216880745597109
"step","53353.png",53353,0.178747978535114,0.216004892478201,1.19453075278651,-0.0994552840047426,0.211046518389819
"step","53367.png",53367,0.175783773577989,0.212893778408173,1.25671842907467,-0.00731834819225341,0.207266465207944
"step","53380.png",53380,0.183187795156465,0.22037434516436,1.42775398940223,-0.0554183504644361,0.212765409025684
"step","53393.png",53393,0.188593937300911,0.227066846995989,1.19096892021638,-0.16365080785138,0.223961937201726
"step","53407.png",53407,0.191344948421733,0.230617166720065,1.22586096683833,-0.0686575597696924,0.231958076753772
"step","53420.png",53420,0.181003017665336,0.218434422688521,1.43330454571824,-0.0253267799296941,0.213823901232321
"step","53433.png",53433,0.196936617086681,0.235414561182395,1.41183983265522,0.0694490974781123,0.239658698601355
"step","53447.png",53447,0.183051998492133,0.220888125272849,1.32961330049946,0.0714243920019365,0.215307530268161
"step","53460.png",53460,0.187594329117073,0.22485655262028,1.35097187819435,0.0147129821094396,0.214464087943418
"step","53473.png",53473,0.181635440307176,0.218888528956066,1.36296420141429,-0.0759337358276413,0.2140050329551
"step","53487.png",53487,0.192211020728127,0.231215249323366,1.1480616336652,-0.0401189024407481,0.22900825632879
"step","53500.png",53500,0.175606455981619,0.212124694472292,1.31458184821034,0.0418421579263039,0.207160486247984
"step","53513.png",53513,0.184382663287782,0.220786303792207,1.34887973419181,0.0709888587972402,0.21608068414093
"step","53527.png",53527,0.174655163158733,0.209562591202659,1.60684382444856,0.223922238538025,0.204877532349738
"step","53540.png",53540,0.186631122467287,0.225033597771557,1.32933008782011,0.141944866430114,0.2288265837255
"step","53553.png",53553,0.174726057289132,0.211477615745921,1.31459883652813,-0.0343470713404808,0.206031826151342
"step","53567.png",53567,0.185758466298681,0.223096269962146,1.28786493056033,0.084800036380556,0.217436028383391
"step","53580.png",53580,0.186430119202877,0.223404206263068,1.16729202580235,0.0555285434149746,0.218255615188832
"step","53593.png",53593,0.190754317293356,0.228095156547123,1.31778871319294,-0.0706053499848391,0.222891995863206
"step","53607.png",53607,0.196891471093197,0.235144591944206,1.29286242640567,-0.107806706906447,0.230340802057875
"step","53620.png",53620,0.194601310668725,0.231892849450055,1.31260639699901,0.098228014245494,0.228542802707476
"step","53633.png",53633,0.180898505299412,0.217585986225452,1.33961666244984,-0.0327228987191893,0.213891341395524
"step","53647.png",53647,0.180413945069826,0.21744497156364,1.24345683348942,-0.0369185454032288,0.213590081719495
"step","53660.png",53660,0.180754800908175,0.217018089209579,1.23510840294432,0.0556064929493804,0.212854799464439
"step","53673.png",53673,0.1959594468435,0.23514635654326,1.37567120166806,-0.0910903790583599,0.227168185060559
"step","53687.png",53687,0.19619073303124,0.235247373577319,1.36397521590518,-0.0736447950239162,0.227928839604928
"step","53700.png",53700,0.194375913071279,0.233480860028904,1.21188747033245,-0.0898371999262292,0.229439227878614
"step","53713.png",53713,0.188653062591999,0.226472717101437,1.3253483435859,0.104905794453073,0.218866214157516
"step","53727.png",53727,0.180188744107721,0.21826273087917,1.39840311752118,0.0307171538620732,0.210827619419114
"step","53740.png",53740,0.191546415439068,0.232252981706945,1.54503293322427,-0.0894244700063353,0.230998350299552
"step","53753.png",53753,0.198086713305897,0.23706539852993,1.33627608860904,0.0934187923336904,0.242015833861756
"step","53767.png",53767,0.191217203995033,0.229022375428892,1.24339437640139,-0.0666858061866984,0.225143207653164
"step","53780.png",53780,0.188077732025608,0.225819945888373,1.26204705030996,-0.087678501351518,0.223501058652356
"step","53793.png",53793,0.196168825370174,0.235988680316491,1.26805877323994,0.0158805606856041,0.230149431706787
"step","53807.png",53807,0.182446167610809,0.220109270039038,1.26067326836204,0.130337254402642,0.215820878200499
"step","53820.png",53820,0.206343946517547,0.246771182703479,1.30051398244622,-0.0733535873787506,0.238342430296288
"step","53833.png",53833,0.189302856011977,0.226317450645312,1.20586430498753,0.0819437095532486,0.223239324474864
"step","53847.png",53847,0.191266464373112,0.229343930115735,1.57162466481657,0.0132834203669348,0.224324697989351
"step","53860.png",53860,0.197781145266149,0.237542097953763,1.43576548819462,-0.0667342961737295,0.234589828194636
"step","53873.png",53873,0.193604117226531,0.232575396432267,1.33819341553532,-0.0339024734231289,0.226530074973625
"step","53887.png",53887,0.201836030573624,0.2414981752469,1.14655144165381,-0.0158135721628493,0.237329323478323
"step","53900.png",53900,0.186009007435007,0.223773260614493,1.13545170407728,0.0542422729713958,0.220604424300799
"step","53913.png",53913,0.192231358356273,0.231310816676589,1.18144142413232,-0.134930104732556,0.225866320683817
"step","53927.png",53927,0.189867050105707,0.227290803702694,1.47287314057942,0.0966977495931145,0.220076620794738
"step","53940.png",53940,0.177311478863383,0.214893303301385,1.25559055998445,-0.0742140739172741,0.215189318145046
"step","53953.png",53953,0.191911307461847,0.230399655270102,1.2557301359673,-0.121750134904435,0.225353489412611
"step","53967.png",53967,0.191262241859399,0.230852709413844,1.28238532401966,0.0778306441913001,0.225885912569533
"step","53980.png",53980,0.201694714478461,0.240405818094087,1.24304924720435,0.105858513149928,0.233960019477502
"step","53993.png",53993,0.195736082738873,0.233856750037445,1.35586092929107,-0.073111599744995,0.228555921848035
"step","54007.png",54007,0.190947288015518,0.229307501457415,1.15300284400232,0.0674649336789412,0.225626978615756
"step","54020.png",54020,0.19450986704521,0.232733652207201,1.29082310658079,0.0113074970068575,0.231158765453571
"step","54033.png",54033,0.202251573077983,0.241080340613649,1.24296252432634,0.052454277853728,0.236151933171434
"step","54047.png",54047,0.193606687756492,0.232018772445146,1.35662488100806,-0.0719458811068887,0.22730785522826
"step","54060.png",54060,0.192833662157799,0.231178681949861,1.38778335750184,-0.0678402200384051,0.226827233989885
"step","54073.png",54073,0.193092062037752,0.230793530327379,1.23566943538294,0.0167023040001838,0.225781710948439
"step","54087.png",54087,0.193139384392593,0.230968186489235,1.28997078530247,-0.053171771486897,0.227799788424677
"step","54100.png",54100,0.196483735057933,0.236233320486341,1.17794217778656,-0.0516837581419582,0.238849467536326
"step","54113.png",54113,0.197016156810923,0.235720678354788,1.13719272700066,0.0980330352260987,0.232154022621336
"step","54127.png",54127,0.188611693856892,0.226882053756698,1.35010145871303,0.0925215855010779,0.222586088469668
"step","54140.png",54140,0.205185738707626,0.243795549236744,1.10028548783435,0.0445274169382839,0.239077771090063
"step","54153.png",54153,0.193807350225265,0.231226632043389,1.49341293203637,0.0154454678125272,0.228097245439553
"step","54167.png",54167,0.193674376179399,0.232032971188261,1.43334989382114,-0.0743490639023319,0.227539061534516
"step","54180.png",54180,0.185257311623022,0.224203210385165,1.47712953064051,-0.0121165731618465,0.218001856536353
"step","54193.png",54193,0.193830103355581,0.232972748746912,1.42087790957321,-0.0618167464402537,0.224191483104785
"step","54207.png",54207,0.200648229781938,0.239421701405323,1.43291439798903,0.0503036825933749,0.234539808946522
"step","54220.png",54220,0.198372020665461,0.236159828794869,1.26205115458032,0.0675675303291937,0.231483501849297
"step","54233.png",54233,0.206053071520693,0.245468881450362,1.11961396906876,0.0165653513876944,0.240466242729663
"step","54247.png",54247,0.19261035215519,0.230813205595646,1.12139245019484,0.0353065928594482,0.227736889808146
"step","54260.png",54260,0.199321859734857,0.238200285314242,1.22835419214492,-0.00486084240360377,0.234573135071919
"step","54273.png",54273,0.195541909620452,0.234742028902791,1.22144764998035,-0.0100157165657822,0.230642438110363
"step","54287.png",54287,0.201947914012471,0.242115368935288,1.57419619124262,-0.102724418836074,0.245326886629974
"step","54300.png",54300,0.193119365436352,0.230670273007406,1.38214048811156,-0.0437885076310703,0.224863007240014
"step","54313.png",54313,0.198314834066979,0.236866463128672,1.34711531313713,0.000973793600815537,0.237941963175994
"step","54327.png",54327,0.21302895533432,0.254137559175595,1.15274795379916,0.0297006951868671,0.254610143706863
"step","54340.png",54340,0.203364654978783,0.242447580873642,1.32761455009286,0.00445766016068211,0.236679324385091
"step","54353.png",54353,0.206100101194158,0.247045894031995,1.27083376062448,-0.0628809385724597,0.239625382080925
"step","54367.png",54367,0.203163103840225,0.241737854112632,1.24867981156651,0.109772272619754,0.23693755724354
"step","54380.png",54380,0.196103500267647,0.235384883946629,1.26774883463999,-0.0240021592703747,0.23189989318153
"step","54393.png",54393,0.20762634062155,0.246739992352102,1.2067060278006,0.0633719686587596,0.242538445116186
"step","54407.png",54407,0.198964730100407,0.238903225068633,1.1818284786139,-0.0442931033941829,0.236610533328022
"step","54420.png",54420,0.193243263919301,0.231390510752224,1.32375861642707,-0.0355112837174772,0.228988593211663
"step","54433.png",54433,0.195380880179811,0.233938110160169,1.17673203610747,0.0727257844513761,0.230418570400025
"step","54447.png",54447,0.203104587415584,0.243419845595763,1.14881105599924,0.0297350024226474,0.239309069367489
"step","54460.png",54460,0.212287490743713,0.253446776197942,1.53872914205977,-0.052753231855804,0.251176733106715
"step","54473.png",54473,0.199514042297532,0.238652114675585,1.45329757067143,0.0101744376943251,0.234402401700626
"step","54487.png",54487,0.192417292146867,0.229673607687125,1.20513754157329,0.0798893116819815,0.228109794701283
"step","54500.png",54500,0.200679360432515,0.240881446324171,1.24926383899667,0.0707741583548268,0.236186785857177
"step","54513.png",54513,0.200322325732208,0.239871935677622,1.25150875756145,-0.0203860341369956,0.239083362353483
"step","54527.png",54527,0.196824976627979,0.235036298166424,1.14154150435446,0.0103270407825438,0.232212240850245
"step","54540.png",54540,0.207648147143722,0.248677316830904,1.26286378279486,-0.17189659425338,0.25192261738598
"step","54553.png",54553,0.190812095657638,0.229646987611349,1.10202288119292,0.0328045861570385,0.227445000830871
"step","54567.png",54567,0.200018955266896,0.238914649412056,1.11955746570525,0.00614174964073261,0.234582003766356
"step","54580.png",54580,0.203363458757532,0.242846680090093,1.30356917609528,0.0447980240097916,0.239785039058244
"step","54593.png",54593,0.211577604933173,0.25256460238134,1.23945143772577,-0.034293994366401,0.250776280279281
"step","54607.png",54607,0.199597129330416,0.238984518551536,1.39765628951409,-0.0511167864173485,0.231487382758155
"step","54620.png",54620,0.199077127264684,0.238436776577573,1.30218343267827,-0.0594582360889763,0.231375252527548
"step","54633.png",54633,0.208951176360259,0.249012272112723,1.26029051715653,0.113793037514002,0.24395577991771
"step","54647.png",54647,0.203512525181068,0.24461871616291,1.35898851773531,-0.0647548787829728,0.242724508688932
"step","54660.png",54660,0.210095252064473,0.24936433161816,1.49892300520916,-0.049733710165601,0.248628750097982
"step","54673.png",54673,0.203422763985691,0.242836554590082,1.25349185411034,-0.035319905961648,0.238308277745152
"step","54687.png",54687,0.198443621015961,0.239615719918512,1.36677622734462,-0.0906135819590095,0.234396047944088
"step","54700.png",54700,0.199508722669562,0.238132204202603,1.18692259006132,0.0244294447102431,0.237177384288774
"step","54713.png",54713,0.194472642005685,0.233152397903755,1.15347339790706,0.0805296315845644,0.232292626287199
"step","54727.png",54727,0.208438330749871,0.247752440415735,1.27568299257732,0.141631045407854,0.243087017340367
"step","54740.png",54740,0.202208224568664,0.242013980512713,1.42002549229168,-0.113256295531455,0.246513299950146
"step","54753.png",54753,0.199590582215743,0.23896399882104,1.36193206232316,0.0965575758301353,0.233584378952295
"step","54767.png",54767,0.190892946232377,0.228319251319494,1.38031534054518,0.00433173994554795,0.225997924319799
"step","54780.png",54780,0.187027056064029,0.22525406994321,1.11633454785168,-0.06729129192167,0.226671012924919
"step","54793.png",54793,0.207066689334292,0.247440752238392,1.22573994873559,0.002336391170778,0.241815277673131
"step","54807.png",54807,0.205829338546307,0.246835848981754,1.24939273504567,-0.0815626652710813,0.243269403891655
"step","54820.png",54820,0.192362050296281,0.231935456302221,1.23948870547068,-0.0228789268313592,0.229130127570734
"step","54833.png",54833,0.201138567060176,0.239782968077484,1.25835580220968,0.0359036199227666,0.242236855161222
"step","54847.png",54847,0.198480180385668,0.237083501096293,1.26069515445309,-0.088072579339334,0.232612209293485
"step","54860.png",54860,0.194123541946986,0.233104393690089,1.43030739232927,0.14386841111857,0.230222127702443
"step","54873.png",54873,0.19136301940072,0.229882458869859,1.41984335683683,-0.0251929046022166,0.228925629763097
"step","54887.png",54887,0.192593777730722,0.231548043301952,1.29153739176798,0.0288239457579746,0.227462613460123
"step","54900.png",54900,0.201809438237181,0.240672770756609,1.43482753034644,0.159030403834115,0.236526847637095
"step","54913.png",54913,0.193348291859887,0.232488804350041,1.37808173704281,0.0153523359540783,0.233829242546243
"step","54927.png",54927,0.188756032536014,0.225879956937095,1.37683206992856,0.106835834746764,0.219748298630285
"step","54940.png",54940,0.187787631694943,0.226226409649785,1.44100182799815,0.0429728467784328,0.227333490798827
"step","54953.png",54953,0.190003368460752,0.227926388399663,1.35023743158401,-0.0332736987907018,0.224132422223829
"step","54967.png",54967,0.209050637994073,0.24961298855184,1.27458529345741,-0.0275724653765125,0.243045616289459
"step","54980.png",54980,0.190800291607327,0.22965184618575,1.45766555815996,-0.0469784233715111,0.225245047175304
"step","54993.png",54993,0.207157228785121,0.249497007744872,1.41479856223053,0.0651484834980588,0.247911394690046
"step","55007.png",55007,0.191501565551264,0.22995848696657,1.36028838049939,-0.101391263101053,0.222283575667775
"step","55020.png",55020,0.197708052170098,0.236850291691947,1.38258505093394,-0.0536849045870151,0.233479775321083
"step","55033.png",55033,0.196932840117745,0.235883959590681,1.28573808210462,-0.0106677850535849,0.232132011168252
"step","55047.png",55047,0.192910742160902,0.231833518805004,1.45956398413035,-0.0589520111149223,0.223649319411552
"step","55060.png",55060,0.1913994988564,0.229779460357024,1.31552759525231,-0.0670726555946668,0.223828753506504
"step","55073.png",55073,0.190972413359165,0.22953522905136,1.34931779669254,-0.0169862719842968,0.22545946005506
"step","55087.png",55087,0.186358590121543,0.224862851989867,1.19867872179711,0.0856538771165518,0.220226672194721
"step","55100.png",55100,0.180178119004793,0.21655999143932,1.37358560651327,-0.0273367208132489,0.213630439699134
"step","55113.png",55113,0.185502566297742,0.223493056716717,1.36496541411899,-0.0164757561553024,0.221812578508169
"step","55127.png",55127,0.196308899004142,0.235036631857445,1.47821163742731,0.0740578336804618,0.230956655343459
"step","55140.png",55140,0.207928108685411,0.248100057886151,1.27960082074493,0.0192619249214101,0.253560403469726
"step","55153.png",55153,0.185920838718345,0.222981078676254,1.27712808753313,0.134337283884189,0.217664574562376
"step","55167.png",55167,0.186752105147336,0.224564539088414,1.42025898497623,-0.0481138761414713,0.221370283936896
"step","55180.png",55180,0.194656285500601,0.233882863903516,1.56985246797225,0.0286887626757265,0.228882267225613
"step","55193.png",55193,0.19725519572026,0.238831717231628,1.1771720368222,-0.021335934871019,0.235702489106348
"step","55207.png",55207,0.19270191756006,0.231536209129072,1.36647417449514,-0.0550579621450302,0.226489378778452
"step","55220.png",55220,0.191821706628023,0.230431628208278,1.16063725258015,-0.0469965128573556,0.227460635365592
"step","55233.png",55233,0.19692742103267,0.235057887638888,1.27382628143503,0.143447443758907,0.22750414941293
"step","55247.png",55247,0.190897855873878,0.228136161809148,1.37102613999186,-0.0606873847697522,0.224009229958345
"step","55260.png",55260,0.183055533260913,0.219531611494871,1.27710157405575,0.0660397829940159,0.215579991641116
"step","55273.png",55273,0.188918486465514,0.226854339925596,1.28336984918296,0.0774201298119538,0.222566969486463
"step","55287.png",55287,0.193481521085695,0.231547565779698,1.3569138166622,0.130087267429293,0.228876420763852
"step","55300.png",55300,0.189205020514707,0.228566741428525,1.21706246388916,-0.071434992266607,0.224225647341454
"step","55313.png",55313,0.191962567811561,0.231365452383834,1.21551770558116,-0.0549746402909484,0.227103887844686
"step","55327.png",55327,0.196717586241365,0.235721801578436,1.1663976575718,0.115712127589698,0.228852925747031
"step","55340.png",55340,0.209830043088801,0.24970766992758,1.29907613442129,0.0715893021786865,0.25475568195105
"step","55353.png",55353,0.181254708686223,0.218724268856247,1.3155598565596,-0.0307297639920712,0.213860585794242
"step","55367.png",55367,0.18664194177045,0.224093302540712,1.34390943931596,-0.0730559258991046,0.222028241011424
"step","55380.png",55380,0.18731403996659,0.224750159755254,1.32098985470156,0.105306737048966,0.222607370613912
"step","55393.png",55393,0.185799139316012,0.2240008168513,1.33929299683887,-0.0698138284357026,0.220679817952974
"step","55407.png",55407,0.192502792268373,0.230827025184522,1.418441445977,0.0492001723914228,0.228364100765551
"step","55420.png",55420,0.185961092413179,0.224247917510007,1.38943728533974,-0.0311054249606614,0.218240369219877
"step","55434.png",55434,0.211817444131235,0.252414429763113,1.39007111464073,0.0929914887595334,0.253583438789468
"step","55447.png",55447,0.187799290229545,0.22614687449577,1.41977246292558,-0.0191204168536399,0.225148232496699
"step","55460.png",55460,0.196264589736348,0.236270608006106,1.17771340804064,0.0048107868820039,0.235765078837524
"step","55474.png",55474,0.179471678449331,0.216328229149032,1.30173744880811,-0.00231819385521875,0.215557422758136
"step","55487.png",55487,0.190243222815319,0.229672971534922,1.26817834162489,-0.105004480282686,0.224090546786889
"step","55500.png",55500,0.208887687308675,0.250242809606815,1.33330229669162,0.0490495368490272,0.248838356500454
"step","55514.png",55514,0.17977917843006,0.216617609096276,1.27929126158489,-0.0356138970699889,0.213546220203429
"step","55527.png",55527,0.18732371347165,0.226012469349092,1.18968778125825,-0.0345399225535974,0.220558843606748
"step","55540.png",55540,0.186157411794736,0.223934873245054,1.32806888859822,0.0566493039476671,0.218351800742543
"step","55554.png",55554,0.175200545017292,0.211089985343701,1.34833762789295,-0.0237488449233954,0.209262550140747
"step","55567.png",55567,0.179469634521177,0.216531533192206,1.23729735097469,0.0403811109325256,0.215946908083674
"step","55580.png",55580,0.182192583712071,0.218805696650683,1.21626300600611,0.0449035131206917,0.217373410349876
"step","55594.png",55594,0.192273820715052,0.231249311613943,1.11134714005594,-0.00376196158572514,0.232698146807876
"step","55607.png",55607,0.181171980951308,0.218284721930373,1.3376764687453,0.0450232780025875,0.217314786390549
"step","55620.png",55620,0.177548844035422,0.214824617233189,1.24232467804768,-0.0310732178896657,0.211899828133222
"step","55634.png",55634,0.18803713652916,0.225453316889488,1.45440289229593,0.16920673715595,0.227524773756204
"step","55647.png",55647,0.181284013915554,0.217514196583747,1.36504462973282,0.136198134914546,0.217912047357494
"step","55660.png",55660,0.180768219492821,0.218520093867986,1.18886032883089,0.0701716482055699,0.215831787644075
"step","55674.png",55674,0.179538498974035,0.216374557004075,1.27743134218927,-0.0263193948684993,0.213109671450106
"step","55687.png",55687,0.184376632902115,0.222941395709213,1.18754955612116,-0.0396325943214362,0.221889032473384
"step","55700.png",55700,0.182647413165126,0.219783183834528,1.3192333046241,-0.0609404140988705,0.217629179168631
"step","55714.png",55714,0.180188762493665,0.217465521274014,1.31404643864823,0.14617346620277,0.212643266405242
"step","55727.png",55727,0.180807055424579,0.218463519640252,1.33580885899704,-0.0081990663140917,0.212321277800209
"step","55740.png",55740,0.187606118433567,0.227068470212357,1.18779372353798,0.0295326817753135,0.22306880388013
"step","55754.png",55754,0.178862708428251,0.217108662639456,1.29866013089459,-0.096251552657369,0.215539163213297
"step","55767.png",55767,0.179939824897123,0.217092409639044,1.35031520132441,-0.00476215873404945,0.212067934660644
"step","55780.png",55780,0.174083487956266,0.21089209122288,1.37082075998439,-0.031332043457084,0.206907487876853
"step","55794.png",55794,0.176749120305949,0.214829499233091,1.31234903374443,-0.0754789921069659,0.211524604156383
"step","55807.png",55807,0.182962459857173,0.220817005278132,1.34068442268133,-0.0619405404733024,0.213063227518297
"step","55820.png",55820,0.177480664891577,0.216062318711153,1.15231483188404,-0.102871897082994,0.210164379799899
"step","55834.png",55834,0.188475594402135,0.228200606085976,1.1696806142651,0.0762600502427958,0.22575559797562
"step","55847.png",55847,0.185177873175167,0.224040985573011,1.26973908712127,-0.0361470460966194,0.220785810155515
"step","55860.png",55860,0.192438984439877,0.231404715312606,1.29859214654096,-0.0172376798536677,0.230519236762151
"step","55874.png",55874,0.176576242905427,0.214096970061889,1.19453908956476,-0.133600270868794,0.208600374733246
"step","55887.png",55887,0.178858400850733,0.215549300938006,1.27087255043618,-0.0680663918394184,0.210494456575264
"step","55900.png",55900,0.180147441134898,0.217904126955308,1.20165435020607,-0.0439554170189823,0.217477571594725
"step","55914.png",55914,0.199658807738159,0.239783488192871,1.1642387196529,0.00403227906585493,0.23417255448566
"step","55927.png",55927,0.180554196698396,0.218294825670562,1.20540432275758,-0.0357947470438872,0.220008726858288
"step","55940.png",55940,0.188442975010818,0.227441237464564,1.39473322324121,0.0293932414712547,0.224859464951028
"step","55954.png",55954,0.175334739632976,0.212142548536664,1.24003572972552,-0.049348956559992,0.209434924767615
"step","55967.png",55967,0.173644094147014,0.20875897545301,1.33400760846694,0.0618665163766746,0.20219738261988
"step","55980.png",55980,0.16948627268704,0.205426308936764,1.33832016067,-0.0135117386715378,0.200157309131896
"step","55994.png",55994,0.175159073943466,0.212303668396863,1.2634245363155,0.00607640938501253,0.211152910939144
"step","56007.png",56007,0.187347506196698,0.226574221425861,1.11842339499926,0.065465078481068,0.220792127229594
"step","56020.png",56020,0.183521917382718,0.221330874738956,1.26992020617009,-0.0882058410625621,0.215998222202428
"step","56034.png",56034,0.197975288334067,0.237525345308655,1.23937029012158,-0.0366211542726609,0.230123460491841
"step","56047.png",56047,0.184121230690244,0.221823593144744,1.26118382995285,-0.125042083165704,0.21746588951293
"step","56060.png",56060,0.174570719166694,0.211564323831261,1.29656153954581,-0.0837441239242851,0.206859280554228
"step","56074.png",56074,0.177788400073129,0.21424177746085,1.28211413005227,0.00898076378326804,0.211437167388606
"step","56087.png",56087,0.19403927628576,0.235163985613223,1.1732816163208,-0.0825251770794723,0.234055346562776
"step","56100.png",56100,0.167116312746348,0.202553314809059,1.32265771644291,0.00222088801330197,0.199875961312665
"step","56114.png",56114,0.175707163475044,0.212727758817691,1.32936073288687,-0.0537861192101945,0.20599982450948
"step","56127.png",56127,0.165860846117031,0.201340716854018,1.31761266906133,-0.0165649086705348,0.199008594501764
"step","56140.png",56140,0.174604518057496,0.210608648502494,1.30017002551159,-0.0464781122890567,0.206648378495343
"step","56154.png",56154,0.202783623905307,0.241919249156212,1.33049237610019,0.028074988438928,0.239504241314023
"step","56167.png",56167,0.181825262966901,0.218965444939899,1.2602814284262,0.0465453699660898,0.21040592442065
"step","56180.png",56180,0.183289104702747,0.221265927860829,1.31327750955567,-0.0560073137424173,0.219468146340136
"step","56194.png",56194,0.194941045166341,0.233703075488913,1.24908511094231,-0.0290208652413522,0.230707805560134
"step","56207.png",56207,0.191888908658604,0.232372876580872,1.49888144128742,-0.0554843777375848,0.223727351926983
"step","56220.png",56220,0.190687886270561,0.231521204126133,1.2511568325716,-0.170384801599376,0.227822301401466
"step","56234.png",56234,0.17451574483215,0.211035246392051,1.28310633873828,-0.0274864924505968,0.206513583515985
"step","56247.png",56247,0.192064428100616,0.229893130976041,1.38003030103288,-0.0362777220713873,0.230272666652312
"step","56260.png",56260,0.182081191396948,0.219168180491017,1.28793406987753,0.0720837659175433,0.212786435871725
"step","56274.png",56274,0.172038305004288,0.208952871717513,1.22363229097609,0.0418987251408952,0.202883420571171
"step","56287.png",56287,0.163234809688424,0.199125798848171,1.43787933815418,-0.123097366071165,0.195300209132964
"step","56300.png",56300,0.17821149963998,0.215551195840901,1.32016887658363,-0.0207594237261729,0.212112802970004
"step","56314.png",56314,0.199767597190732,0.240810140400623,1.08839388866846,-0.101901202395748,0.241593347716322
"step","56327.png",56327,0.174771035644867,0.212427203234306,1.40269205731082,-0.113902181122146,0.208081063958902
"step","56340.png",56340,0.181893535158943,0.21857787849186,1.25364246027615,-0.0725363336975891,0.219175784335561
"step","56354.png",56354,0.186573500485776,0.224593020971847,1.22890140933249,0.0026225180597779,0.21966427180302
"step","56367.png",56367,0.176497846603289,0.213397237192715,1.24816320012544,-0.0327588675721994,0.213925649078557
"step","56380.png",56380,0.179257430738833,0.217777463332522,1.39416226413901,-0.0220857060387588,0.209856978973625
"step","56394.png",56394,0.174349938945806,0.211396546130246,1.26458456765902,0.0120072245959584,0.205972002415002
"step","56407.png",56407,0.171576494136001,0.207860129678354,1.35409122983879,-0.0162060434663268,0.200478606616057
"step","56420.png",56420,0.169265907168855,0.205081348627514,1.31768393812177,-0.0408447728989443,0.199563738716653
"step","56434.png",56434,0.18699759005649,0.226211959863669,1.08885405405257,-0.0780414414993721,0.223406324729761
"step","56447.png",56447,0.180559850884963,0.219869144456656,1.34630400519095,-0.111337474391706,0.217834628776077
"step","56460.png",56460,0.171485914067496,0.207164204760959,1.32860699258717,-0.0233292084135334,0.203206100605869
"step","56474.png",56474,0.179039453121903,0.216944462225528,1.27500592218239,0.00283095250904941,0.211618749708413
"step","56487.png",56487,0.169187219988194,0.205915171601407,1.2623772437069,-0.0633734110089379,0.203359538933738
"step","56500.png",56500,0.199440678996489,0.242012784839248,1.40652799734061,-0.196886423909483,0.247443794433735
"step","56514.png",56514,0.191090295808453,0.231126467432998,1.28220694033883,-0.0584615829748037,0.230950108666274
"step","56527.png",56527,0.184155810657165,0.222388743448822,1.10703919344808,0.0208464548719849,0.221830233661292
"step","56540.png",56540,0.194014116321624,0.232203811073579,1.19217874559464,0.0117703111614784,0.239442235351077
"step","56554.png",56554,0.184967401348546,0.223605422961872,1.31705492389714,-0.0307200648343941,0.213998964277005
"step","56567.png",56567,0.160676202629792,0.195450413461125,1.32364052394175,-0.0229805979877981,0.194175382013531
"step","56580.png",56580,0.171763851417925,0.207994035134461,1.31238144032715,-0.0465144586385127,0.203489400108129
"step","56594.png",56594,0.185678079135565,0.226553533452195,1.39342275149928,-0.0275668625934256,0.21542019050309
"step","56607.png",56607,0.173651896770716,0.210969963936736,1.27941634719444,-0.0647690422364004,0.205101497158022
"step","56620.png",56620,0.185597410128519,0.225507612086995,1.34062717139313,-0.12801375646529,0.22040149818285
"step","56634.png",56634,0.174380203003442,0.211947347525153,1.26501645161571,-0.0127941315960759,0.209087832928261
"step","56647.png",56647,0.171359689597182,0.208853920904186,1.34235070309989,0.0740085106968231,0.205382254206463
"step","56660.png",56660,0.159074825812797,0.197667187419117,1.36361635814691,-0.0338438742362158,0.194480298041822
"step","56674.png",56674,0.17674348710915,0.213546652082442,1.13251547184509,0.0421721345875891,0.217220069809397
"step","56687.png",56687,0.185749142227038,0.224384315969934,1.30972925379151,-0.0392902970934718,0.22011400074146
"step","56700.png",56700,0.180265576594073,0.217726222750742,1.23418381210739,-0.0153127329837172,0.219165778152076
"step","56714.png",56714,0.168240121277096,0.203584297523533,1.29763372505646,-0.0332781046184756,0.201975470302761
"step","56727.png",56727,0.164388214818651,0.200066659010023,1.32610964852134,-0.101588038912685,0.198290787199442
"step","56740.png",56740,0.18567162965256,0.225122575740936,1.33653834325181,-0.0598821013212633,0.225546702311537
"step","56754.png",56754,0.174980348547553,0.211845050156155,1.44027268570223,-0.0364972668766511,0.205694621447994
"step","56767.png",56767,0.167350353489175,0.202745477377462,1.3672199709024,-0.0773388610240737,0.19986549151454
"step","56780.png",56780,0.160986773817303,0.198726110876496,1.38572861682122,-0.121237997845919,0.192827397366512
"step","56794.png",56794,0.157834228651467,0.191970321131183,1.20856789498211,0.00678252225863668,0.190751917086945
"step","56807.png",56807,0.200919270684477,0.241850162674212,1.2816161170751,-0.0152465683656243,0.23707590815641
"step","56820.png",56820,0.184730113797195,0.222973635516241,1.31993338171486,-0.0485738093243646,0.218808804247758
"step","56834.png",56834,0.178655782555827,0.217434938925765,1.31165844644912,-0.0438968106443772,0.21246146284888
"step","56847.png",56847,0.168476106205185,0.205586986495441,1.2851627239813,-0.0565524634295025,0.203850433729195
"step","56860.png",56860,0.181821838306386,0.219054504987973,1.36499773738744,0.0645568547080428,0.21279340064354
"step","56874.png",56874,0.182182310065896,0.219931279254093,1.29772066312728,-0.0354566369958803,0.218475927542705
"step","56887.png",56887,0.16958152320607,0.206261666015496,1.35803405515986,-0.0755286338949581,0.203882794464072
"step","56900.png",56900,0.175338252058974,0.212712474332621,1.32309204758132,-0.126831329874983,0.212625479634969
"step","56914.png",56914,0.183475883157702,0.221236728526898,1.29557751153127,0.0324753327869754,0.217468825591987
"step","56927.png",56927,0.187895790543157,0.227726687023034,1.45658129670001,0.053620667787412,0.231720403188582
"step","56940.png",56940,0.178525157273231,0.216276496611559,1.40566246903234,-0.0339697612278047,0.216392482350972
"step","56954.png",56954,0.174453222448464,0.210857288920985,1.23215411794619,0.0390729193650857,0.213214103880459
"step","56967.png",56967,0.173489009232437,0.211246693923878,1.22985335241959,-0.0662109706979351,0.213681783933272
"step","56980.png",56980,0.177917921081875,0.215071819868204,1.34191606953045,-0.101124468155057,0.211695849514404
"step","56994.png",56994,0.176394232387855,0.214646242826419,1.38101891572006,-0.101937115276408,0.211673701441268
"step","57007.png",57007,0.174288932668024,0.211761242602068,1.32707480548651,-0.0663996502307247,0.211249064581722
"step","57020.png",57020,0.169122648470833,0.205663367972022,1.21821248155326,-0.00637284622037387,0.202298670765144
"step","57034.png",57034,0.184462679599194,0.224113604682854,1.28506950228023,-0.0102453315767224,0.219865613939851
"step","57047.png",57047,0.172292163184322,0.209041776386183,1.27302633429645,-0.0536892293298291,0.204568365896641
"step","57060.png",57060,0.171707778763855,0.208973259805545,1.29441305462842,-0.0834418435994434,0.205975469703168
"step","57074.png",57074,0.178968373326211,0.217205110608633,1.33075388147838,-0.0578954725535558,0.215531612277211
"step","57087.png",57087,0.188972224377229,0.228674545229697,1.11495047917713,-0.0540958567611109,0.230343216771837
"step","57100.png",57100,0.176571559403408,0.213424192723947,1.26676869150247,-0.0440009866360099,0.211708483469461
"step","57114.png",57114,0.169029341002962,0.204657942755352,1.27570153598072,-0.0449601859206886,0.202474976346309
"step","57127.png",57127,0.183141128992431,0.221674553866379,1.35661420044895,-0.050215059457922,0.221246409829574
"step","57140.png",57140,0.170453558366566,0.207373764881031,1.24464373041716,-0.135015447984711,0.200466848171665
"step","57154.png",57154,0.170161463113541,0.207417435634046,1.3446201992305,-0.0646983476812738,0.203757746696238
"step","57167.png",57167,0.167513669034765,0.203288282581524,1.31386819369505,-0.00989856782821763,0.199641718196683
"step","57180.png",57180,0.164821281230512,0.200413579820347,1.38023353258953,-0.0647852744460117,0.195294627684141
"step","57194.png",57194,0.177620505685536,0.216542255419544,1.29758685074016,-0.0875004991983857,0.21360547451112
"step","57207.png",57207,0.18135760345627,0.218648054218792,1.27952810365576,-0.0105164848133621,0.217641586575106
"step","57220.png",57220,0.164787625889871,0.199715516690677,1.24833231082135,-0.0549261436207792,0.197173031239665
"step","57234.png",57234,0.170774790123767,0.207036232053851,1.36726644208967,-0.0700512912107462,0.204254431231464
"step","57247.png",57247,0.175083303159626,0.212081195284779,1.38449343262653,-0.020855798455418,0.208887166696529
"step","57260.png",57260,0.187060352250933,0.225674711833137,1.13122939099251,0.083207664844913,0.22526002854643
"step","57274.png",57274,0.176719408141615,0.214047247763361,1.30417796078987,-0.0515512016378108,0.214728384863156
"step","57287.png",57287,0.169081887828361,0.206288669891359,1.29131463463185,-0.0495266917203901,0.203582436530267
"step","57300.png",57300,0.173550548818233,0.209844145674881,1.26869794681115,0.0395980069256202,0.208940676912588
"step","57314.png",57314,0.190571529154041,0.228220299696558,1.31393519486357,0.0614055831701963,0.231885759385065
"step","57327.png",57327,0.161614120395489,0.196901594770235,1.33069961348796,-0.0570949347458302,0.194656159796009
"step","57340.png",57340,0.169800707392368,0.20591273691273,1.22957300481037,0.0621156517352383,0.20630796606438
"step","57354.png",57354,0.167976404656584,0.203783607095205,1.24460558851389,-0.0144004176434534,0.203930856913415
"step","57367.png",57367,0.181740569833114,0.21889152416011,1.32184022133204,0.0253591330494956,0.221404573302439
"step","57380.png",57380,0.170765830042606,0.207686720507625,1.27593109856053,-0.0726149504924446,0.204764683505861
"step","57394.png",57394,0.193275422608338,0.233604986429984,1.24204879729166,-0.0282720938912832,0.228149246740321
"step","57407.png",57407,0.191957564739493,0.231367082083225,1.37912394710981,-0.0935860139769777,0.233486988041109
"step","57420.png",57420,0.181880383928841,0.219683141175252,1.09811853690285,0.0505943823848896,0.216949760464882
"step","57434.png",57434,0.189972775153457,0.230713130400593,1.29702708958482,-0.101490142300178,0.226342543584934
"step","57447.png",57447,0.189628753950601,0.228903750407725,1.25934912663746,0.00928788984366255,0.231198467127772
"step","57460.png",57460,0.167197655303533,0.202621266328309,1.25448243516041,-0.0181513219261047,0.200684754402877
"step","57474.png",57474,0.191428370733292,0.231290356345413,1.38049481209847,-0.0497081341888002,0.224775111918498
"step","57487.png",57487,0.173370384654064,0.211103533001177,1.2592611740192,-0.0836091526206728,0.204312575331342
"step","57500.png",57500,0.181007030993819,0.219964533948962,1.13376542008705,-0.0145795481314453,0.21743867073129
"step","57514.png",57514,0.18303472836446,0.221919245185637,1.26453299373592,-0.0293542686602532,0.217316184828133
"step","57527.png",57527,0.196642325602727,0.23693365580278,1.10005881802805,0.0555020495140065,0.237955806432911
"step","57540.png",57540,0.182972257227748,0.222734124754262,1.24555809537017,-0.058153729568957,0.219580958712365
"step","57554.png",57554,0.171615391974722,0.208433612905049,1.24157095442754,-0.0701372698411764,0.203919218773596
"step","57567.png",57567,0.169291661468125,0.205793815905904,1.24510949038521,-0.0354251138741621,0.203531917864569
"step","57580.png",57580,0.192488910285344,0.234358227856808,1.234771770775,-0.0542634341566487,0.229206268991854
"step","57594.png",57594,0.182015941787431,0.220604003309957,1.17974033504271,-0.018455490195965,0.218231692898806
"step","57607.png",57607,0.216182480051355,0.257601472186058,1.28983502275768,0.0437595479261465,0.263274050319566
"step","57620.png",57620,0.185467117374865,0.224281830849592,1.30058249600347,-0.0393912815711617,0.228550823230339
"step","57634.png",57634,0.17920826018135,0.217345997686965,1.24485647193383,-0.011689204104174,0.218106433507844
"step","57647.png",57647,0.192213635427784,0.232236371215065,1.18296145258065,-0.00445987448186133,0.234536163718231
"step","57660.png",57660,0.183683726315741,0.222819618653815,1.14436462471041,0.094518061170843,0.214945488892936
"step","57674.png",57674,0.164282946583114,0.200317708068742,1.29549321335114,-0.0635755990705884,0.197407901172569
"step","57687.png",57687,0.172429622144617,0.209070744194796,1.32939475653048,-0.0364335357208529,0.206837068051635
"step","57700.png",57700,0.194166377585182,0.233474480404845,1.45963391866946,-0.094509516291491,0.222428469766456
"step","57714.png",57714,0.168926477035274,0.204502107646533,1.38977883255127,-0.0576830317264053,0.199629942940252
"step","57727.png",57727,0.169327253888085,0.206709667029293,1.28098487297892,0.0665851273421657,0.201613998779203
"step","57740.png",57740,0.183199524159109,0.221489009913834,1.1985894106524,0.0567899055706954,0.217018007022792
"step","57754.png",57754,0.175150070978871,0.212480921252925,1.2324756465129,0.0542720812031715,0.208789750466179
"step","57767.png",57767,0.169528642892197,0.205523870443593,1.17757410313507,0.0211104729478412,0.203198101083469
"step","57780.png",57780,0.210430848078636,0.253821755759384,1.28258482195814,-0.17436789975825,0.25820806269402
"step","57794.png",57794,0.169702470887992,0.205836158321087,1.23188385019861,0.00983545968494326,0.202190713740817
"step","57807.png",57807,0.195676633325273,0.236071057733218,1.2934101730723,-0.0536637978315836,0.23578673659458
"step","57820.png",57820,0.184322446748745,0.222082487817348,1.37629183746497,0.0384605304641949,0.221226341869103
"step","57834.png",57834,0.173613187423172,0.210459493854242,1.32787222650786,0.00471204996687416,0.210685172580857
"step","57847.png",57847,0.180268916230447,0.218013578444108,1.30219173950337,0.0514133120681651,0.210754790286438
"step","57860.png",57860,0.175878538958829,0.21443593975246,1.29894751955308,-0.0312870061135314,0.210413271007134
"step","57874.png",57874,0.179821212557631,0.217812389694219,1.30024346351127,-0.0566137845411006,0.209080384516976
"step","57887.png",57887,0.170191927225261,0.206978172588411,1.23182283780276,0.0608322249032811,0.202893610645081
"step","57900.png",57900,0.179455345998718,0.21722638870319,1.24320731663499,-0.0553819448277586,0.217651132604024
"step","57914.png",57914,0.197658597395018,0.238849925172692,1.12787497751879,-0.0406104624434513,0.242191878795995
"step","57927.png",57927,0.17470293964554,0.21201850846191,1.33432202747975,-0.035549507188939,0.205604154999046
"step","57940.png",57940,0.174758152596178,0.212743445534078,1.31333240564184,-0.0643146110540989,0.208537740676098
"step","57954.png",57954,0.178580526145226,0.216900327087079,1.44496051363174,-0.0316556183731383,0.208436804336053
"step","57967.png",57967,0.173449122249982,0.210348537499413,1.23685654262721,0.0287858572930179,0.200176591701594
"step","57980.png",57980,0.185804281962342,0.225770905959212,1.56068572280655,-0.107584977728127,0.223162206567682
"step","57994.png",57994,0.199256389445323,0.240639421162458,1.36554383408358,0.0165481612839212,0.239181289009839
"step","58007.png",58007,0.175512841923499,0.213296671833439,1.2926061087874,0.00395590243360364,0.209871189768078
"step","58020.png",58020,0.18842222464499,0.228260479678539,1.28353955584172,-0.0730059767910768,0.223391903913907
"step","58034.png",58034,0.192315561278877,0.232457563328038,1.27961403098626,-0.0111227898712499,0.228232924084845
"step","58047.png",58047,0.181388444196985,0.218743062716924,1.32109025122454,0.023475181916739,0.213121913214544
"step","58060.png",58060,0.177630488580253,0.216315427329674,1.42250692031419,-0.0788766299771504,0.209849477684767
"step","58074.png",58074,0.164352067842614,0.199785326690581,1.21709557182528,-0.0553134696667417,0.193458808302586
"step","58087.png",58087,0.179529623342655,0.21802759195405,1.53850408089574,-0.0386135356727265,0.217046922131893
"step","58100.png",58100,0.188464982577195,0.228459921269136,1.36426654052899,0.0295661269120033,0.220708282659795
"step","58114.png",58114,0.182248673875749,0.220004728539413,1.3360202329607,-0.0145116706675825,0.216897983716668
"step","58127.png",58127,0.185592723906616,0.22414652505481,1.2902016479847,0.0447337626110445,0.223612587758978
"step","58141.png",58141,0.195980665651909,0.235221318361019,1.25997814589567,0.0217950370820355,0.232660160362359
"step","58154.png",58154,0.187045547309543,0.22612089193053,1.3762397007801,0.0236894842207085,0.221736873476096
"step","58167.png",58167,0.163644111005281,0.19920960085265,1.25013314543598,0.0842539692223884,0.1962389097565
"step","58181.png",58181,0.175195900492901,0.212022413266068,1.26640745931618,0.15279243291739,0.207114348895784
"step","58194.png",58194,0.185895933366832,0.225310810199842,1.2812619529971,0.0601465362175595,0.21524965076764
"step","58207.png",58207,0.165448861991434,0.200768680310967,1.45546091014163,0.0231196190164268,0.199237966640388
"step","58221.png",58221,0.173030919533594,0.210499857334405,1.26133537463746,0.0680386294815191,0.207651801912808
"step","58234.png",58234,0.167490953365037,0.203690004095453,1.31437969975542,-0.0788161657452247,0.197513169341557
"step","58247.png",58247,0.175304511650057,0.212806165385424,1.23417957712972,0.00778613268156617,0.208087224162208
"step","58261.png",58261,0.184201183220355,0.223856310110969,1.15654959559361,-0.0782421435648271,0.21929940594994
"step","58274.png",58274,0.18156376086051,0.218618658462034,1.24121889342904,0.204286385011146,0.214745584183204
"step","58287.png",58287,0.179961120709294,0.21890115474138,1.36025982886962,-0.10063134117289,0.214102113104003
"step","58301.png",58301,0.180392702210271,0.218120334414776,1.36499550695385,0.0491794455309182,0.210739664695815
"step","58314.png",58314,0.17751057153052,0.214508730922271,1.32417595401153,0.041934227904738,0.209366048005491
"step","58327.png",58327,0.212265684351001,0.254667192104174,1.45517702765405,-0.0381511267193292,0.252843028735759
"step","58341.png",58341,0.18134414933033,0.223099099866701,1.4266303359272,0.0139194014790844,0.219104657603933
"step","58354.png",58354,0.173738901595315,0.210918388398184,1.25819538952016,0.0433059990933595,0.206235046194976
"step","58367.png",58367,0.191231342147381,0.231225373186475,1.24245907310942,0.124234361346027,0.227613960304585
"step","58381.png",58381,0.178997696658848,0.218084418337971,1.36977276192236,-0.0905462226877712,0.207415869513963
"step","58394.png",58394,0.189185589036724,0.229801787148083,1.21015323013465,0.00246625407915313,0.232262682114842
"step","58407.png",58407,0.173135863321313,0.211050039567482,1.43250781048881,0.0280023145019134,0.208869782991699
"step","58421.png",58421,0.171333007849836,0.208131641326726,1.27819060521693,0.0186060905713376,0.202292304914459
"step","58434.png",58434,0.174911840416235,0.212387215641728,1.19954045588308,0.0892717019371101,0.20868625904185
"step","58447.png",58447,0.175399118922969,0.212090685972156,1.24221471775919,0.0555230970000989,0.208026206130085
"step","58461.png",58461,0.214404976809067,0.256730365897466,1.31136715561634,-0.0873543937149956,0.253044774773389
"step","58474.png",58474,0.18246812628964,0.22087993110983,1.2706812021738,0.00791059139850017,0.219290884434102
"step","58487.png",58487,0.161512121257206,0.196741948098542,1.25532954544262,0.024818264777894,0.195056776564349
"step","58501.png",58501,0.170625701641047,0.208320976815812,1.29420515090124,-0.0631743376616969,0.205514355513156
"step","58514.png",58514,0.177757315139777,0.215410290513433,1.46000525773196,0.0519909107714188,0.21324266640448
"step","58527.png",58527,0.167158336496037,0.202767567619965,1.26837289745418,0.00295643574515161,0.198959742762839
"step","58541.png",58541,0.182417629757214,0.221284142074232,1.26601436194613,-0.107107697682207,0.216515486189103
"step","58554.png",58554,0.179111013245846,0.216336389065902,1.33180369509021,0.11079559959085,0.214196655822949
"step","58567.png",58567,0.189744193116566,0.228414420576077,1.30573369395846,0.078826902617745,0.221480523009924
"step","58581.png",58581,0.185867738520812,0.224749090884893,1.21583489154203,-0.0423272930564415,0.217193452056789
"step","58594.png",58594,0.213139907684126,0.25360521407955,1.30536134395473,0.0277679432356758,0.250765381217595
"step","58607.png",58607,0.175728384619869,0.212248206271717,1.33369834226163,0.0620744496978075,0.207568260210677
"step","58621.png",58621,0.183971615915745,0.222844996844073,1.14344107718171,0.0547123236386892,0.224158550180427
"step","58634.png",58634,0.184223831732757,0.223151857883453,1.17075497707629,0.0123134547028469,0.218640608534303
"step","58647.png",58647,0.189194657912781,0.228122552329221,1.30970231902059,0.132084772090525,0.228600765088341
"step","58661.png",58661,0.213362066622461,0.255136421037404,1.18856612106993,0.0433680209449547,0.248573845587798
"step","58674.png",58674,0.194671163590075,0.234443249394352,1.25260086345269,-0.0172751211078887,0.230820007068157
"step","58687.png",58687,0.195044530109191,0.235726572103796,1.17525844654511,0.159536901823741,0.235661291922779
"step","58701.png",58701,0.183199778490388,0.221689931026417,1.31266926468739,0.0705370617580843,0.215340617458863
"step","58714.png",58714,0.17803737838943,0.215649828524299,1.29741079735885,-0.0328570001123025,0.217731114200495
"step","58727.png",58727,0.172527322237103,0.210404692779367,1.32655195430933,-0.0365134138208875,0.213090568900259
"step","58741.png",58741,0.169385338158336,0.205864519796716,1.3285865895732,0.00866304398977974,0.202539401136141
"step","58754.png",58754,0.176081047081914,0.214428634353629,1.32740923654132,-0.106919955109426,0.208726846925565
"step","58767.png",58767,0.182551504389964,0.221818714934998,1.45901405704976,-0.0263559905907101,0.216993264138283
"step","58781.png",58781,0.167397639960969,0.203496419881972,1.39970393555365,-0.0253783813032912,0.196518566784318
"step","58794.png",58794,0.162296639094803,0.196971647084476,1.33331618430762,0.125285872205193,0.190820051940086
"step","58807.png",58807,0.180179256727535,0.218555488157458,1.19726057439474,0.0661330156188925,0.210842357021546
"step","58821.png",58821,0.180722958826188,0.217826716789517,1.23575835986821,0.0334141574658461,0.212167252833489
"step","58834.png",58834,0.205206983893321,0.246558165229157,1.23201058310304,0.0341434845825467,0.241563787493243
"step","58847.png",58847,0.167100755162804,0.203629501229228,1.28737910472116,-0.00503650033879388,0.197559454649027
"step","58861.png",58861,0.171633331614415,0.208753275376566,1.30738766156588,0.14407413159085,0.205811101612536
"step","58874.png",58874,0.197481748404626,0.238542487204415,1.26487422243238,-0.130575994232542,0.233947438019177
"step","58887.png",58887,0.178789299016433,0.217808345711374,1.18859428590508,0.00273292982488546,0.211577294581873
"step","58901.png",58901,0.170444838360179,0.206812078628584,1.33589096712324,0.0414666318789169,0.203275565277678
"step","58914.png",58914,0.184952749680819,0.223575468209257,1.13082203048349,0.0440472673546603,0.222869619544936
"step","58927.png",58927,0.175510792168899,0.213114862819824,1.21600568495301,0.0554863058521529,0.206266943040384
"step","58941.png",58941,0.180733041094826,0.218978225245581,1.21520201165701,0.0642442233004064,0.212196456243277
"step","58954.png",58954,0.170849511091834,0.208016103875631,1.41440487709225,0.0716056833299765,0.200187277267148
"step","58967.png",58967,0.166421588151872,0.203210181841345,1.31188151738685,-0.0951214724889933,0.196091430714351
"step","58981.png",58981,0.181336383551913,0.220010426081027,1.28969262488988,-0.0753385280885184,0.213710770163439
"step","58994.png",58994,0.188128317787291,0.227851745623483,1.32842175732194,-0.209662166279394,0.222626418319196
"step","59007.png",59007,0.189533095926573,0.227448375042767,1.37816374823978,0.119782246416968,0.225028453531155
"step","59021.png",59021,0.170348868642528,0.20809185611804,1.26885195174548,0.0313702910647681,0.201418200093656
"step","59034.png",59034,0.203704603250232,0.244462751619379,1.12169001426574,0.0160309233686405,0.245192270336262
"step","59047.png",59047,0.183408310646202,0.223545859072782,1.33777076078611,-0.237159856970836,0.220343433028403
"step","59061.png",59061,0.18980877858016,0.229207773986232,1.30292924899318,0.0896604944876898,0.234816626530727
"step","59074.png",59074,0.160036034828995,0.195136222116987,1.24621906181219,-0.0156540829966988,0.190856132801303
"step","59087.png",59087,0.172324873582249,0.209755243244386,1.25914649004157,0.00868574139324288,0.207051387807797
"step","59101.png",59101,0.184407730001848,0.223221803608958,1.19477281231213,-0.181755922410937,0.217207550876695
"step","59114.png",59114,0.198778166594405,0.237845617118034,1.4111910893588,0.00613371205622404,0.233353039591927
"step","59127.png",59127,0.179115795727218,0.218480553161219,1.24053603540645,0.0410387945849832,0.210907518658477
"step","59141.png",59141,0.163418275694848,0.198741406847454,1.24799619851905,0.00572608838956831,0.194581879605158
"step","59154.png",59154,0.177648902323099,0.214652152521094,1.36141368793283,0.0646767727544236,0.207266573186124
"step","59167.png",59167,0.172470038342746,0.209332041443595,1.45219937879652,-0.0413244635060691,0.20205199600886
"step","59181.png",59181,0.194600757648077,0.237660630852011,1.47523530158358,-0.221055030266069,0.239037999307367
"step","59194.png",59194,0.21606070080048,0.257959308898828,1.35239654529875,0.0545989898066315,0.262646226631777
"step","59207.png",59207,0.182210130779498,0.222211109874468,1.47525349521541,-0.0832721370581047,0.215948567357362
"step","59221.png",59221,0.178922523695154,0.216790512552912,1.14905640882733,0.0771478241449015,0.213015492140846
"step","59234.png",59234,0.172528360662151,0.209535971079315,1.52962367376676,-0.0525280631680645,0.203930478413848
"step","59247.png",59247,0.170586699904283,0.210385719555949,1.42342368325278,0.0425447548543987,0.203324097781384
"step","59261.png",59261,0.17193886730477,0.210350643932609,1.52213850511627,-0.0268378040249879,0.200931573404504
"step","59274.png",59274,0.181554684936321,0.222075985179807,1.42109012620891,-0.104411691891592,0.214029019375461
"step","59287.png",59287,0.177894471213333,0.216347038104807,1.25421392500069,-0.0515654073204957,0.209060659875239
"step","59301.png",59301,0.188454371658125,0.228909310923945,1.43346469705837,0.00800640656459883,0.221726582464179
"step","59314.png",59314,0.171585739039477,0.206935420902226,1.42973877855537,0.0637893214336837,0.206597671170605
"step","59327.png",59327,0.1662440178187,0.201842206597801,1.28545702645699,0.0721813391030636,0.193314487770411
"step","59341.png",59341,0.17539015987082,0.211912123146819,1.25138571740891,0.12237317978309,0.210674340316911
"step","59354.png",59354,0.166865410077268,0.203356581892043,1.25621434419064,0.0821124967418884,0.200474506305163
"step","59367.png",59367,0.181681524892994,0.221505197476823,1.30258540240219,0.12832520039147,0.217137149663031
"step","59381.png",59381,0.193495151322508,0.234213933625407,1.26939825842261,0.0566159388352059,0.230892882232685
"step","59394.png",59394,0.177395034839658,0.214406054798417,1.4466276256228,0.0600171166354287,0.21241512677045
"step","59407.png",59407,0.19638989681646,0.237204377123299,1.23096596857122,0.00119225937235828,0.231680935316028
"step","59421.png",59421,0.162613906451345,0.19809919611914,1.37634708815316,-0.00213514170509141,0.195092561411164
"step","59434.png",59434,0.173629209373528,0.211110933181042,1.45091382866563,-0.00809945003484752,0.206868878145228
"step","59447.png",59447,0.175750226752259,0.212106739410418,1.21561260069952,0.050561117011466,0.206906048078421
"step","59461.png",59461,0.163266215823876,0.200251528344998,1.49443821621147,-0.0177047031510077,0.193498002319339
"step","59474.png",59474,0.180238843888545,0.218514785363953,1.48046883149467,0.0223027360664854,0.206895670029496
"step","59487.png",59487,0.166456067302107,0.202252650907655,1.3737641970385,0.0460652163495022,0.196504282661711
"step","59501.png",59501,0.196637771854825,0.236209044505938,1.26031208526292,0.00130954974064965,0.229309830048818
"step","59514.png",59514,0.185079488097397,0.223429253253621,1.35586049568744,-0.0509285017747456,0.216647396636524
"step","59527.png",59527,0.171533970868967,0.208301099959859,1.23313978361953,0.110197588112003,0.199660958428147
"step","59541.png",59541,0.182705202645481,0.219651596376984,1.512913611036,-0.0202705848032589,0.213376286572531
"step","59554.png",59554,0.170844546963758,0.208096246272835,1.5520006797497,-0.0722738115286899,0.203146890238591
"step","59567.png",59567,0.164448395849647,0.198979128385568,1.36105727550866,0.0288237337779452,0.194865978223313
"step","59581.png",59581,0.174127774536502,0.210964575046949,1.45823086869764,-0.00749720711161947,0.20781281804433
"step","59594.png",59594,0.1719324308309,0.209363744075735,1.44824754592391,-0.0142073319850832,0.20429787326696
"step","59607.png",59607,0.182615048630757,0.222871846254777,1.3200797276805,0.0267063533092953,0.217793684945859
"step","59621.png",59621,0.173059881766873,0.209948605764292,1.40443502312761,0.112778627112803,0.203576085803713
"step","59634.png",59634,0.178189681075675,0.215934039559755,1.09583816533112,0.0250034005507284,0.211691795180876
"step","59647.png",59647,0.180363673327487,0.218688137774903,1.14262035881808,-0.0778789717118271,0.216303727441026
"step","59661.png",59661,0.177258162273938,0.214654370622322,1.22153086248459,-0.0552089812031745,0.218065141210755
"step","59674.png",59674,0.194582596376473,0.236188881507834,1.13166049472922,0.0775499932254208,0.233290717267907
"step","59687.png",59687,0.197124294752434,0.240922422008948,1.46735158954862,-0.177798219426084,0.243869543485184
"step","59701.png",59701,0.160292631852035,0.195181923174709,1.21012090081735,0.00110297071632987,0.193780227497287
"step","59714.png",59714,0.18228171340076,0.220587302854944,1.19288733248571,-0.0622852167241368,0.221825430658519
"step","59727.png",59727,0.180186985448704,0.217427827371165,1.28848036344314,0.00465289215355427,0.216239085231716
"step","59741.png",59741,0.176824163546885,0.21399693305344,1.18767756756794,0.051271824101935,0.209165949746483
"step","59754.png",59754,0.199473579145462,0.237794857645811,1.42764620027998,0.0102159479205402,0.237024632497095
"step","59767.png",59767,0.17132697713086,0.206546070703717,1.3474998425241,0.0957232211860776,0.20419800074534
"step","59781.png",59781,0.178726061460565,0.215468623685753,1.38001204859936,0.0772373507873091,0.207260986714942
"step","59794.png",59794,0.184631542767544,0.222309717488438,1.30690219557418,0.130844037045946,0.218274738862793
"step","59807.png",59807,0.183431859120779,0.220037545152578,1.28268697002476,0.0991932298009968,0.215511966467498
"step","59821.png",59821,0.201510274776245,0.243272783568643,1.20581047384233,-0.0490529363232256,0.235577557645755
"step","59834.png",59834,0.185349175062855,0.223890831241946,1.30865058599814,-0.0161983556483241,0.21601834899997
"step","59847.png",59847,0.168649641504596,0.204319383531322,1.13557532300876,0.0638497274127693,0.198691314646091
"step","59861.png",59861,0.168001794956803,0.204775007553933,1.26840556683857,0.0368653000733039,0.199789492104773
"step","59874.png",59874,0.163705344558898,0.199015163450678,1.169805474792,0.0877033880408206,0.195546630711181
"step","59887.png",59887,0.163496304513002,0.199327973652911,1.20378590226674,-0.00748397862290814,0.195784560529056
"step","59901.png",59901,0.195945178396703,0.23662910197506,1.33467393603968,-0.0782480099153176,0.233172664247958
"step","59914.png",59914,0.176206140410402,0.213880635027938,1.22588003599934,-0.0374760282088729,0.209892693941461
"step","59927.png",59927,0.16371586687929,0.19909375023528,1.33904565214655,0.0570263445620441,0.194749119738735
"step","59941.png",59941,0.173644677223971,0.21001487237652,1.31671428523146,0.0422843662205864,0.206638557528277
"step","59954.png",59954,0.197702732326407,0.235944476669967,1.59211806228771,-0.017902796194926,0.229932749875889
"step","59967.png",59967,0.165742468502589,0.201040042291874,1.20574699819055,0.0179576727410605,0.195923786085858
"step","59981.png",59981,0.19656114909228,0.23616216482074,1.16535894787775,0.0351741073473651,0.235220669122814
"step","59994.png",59994,0.166711236829537,0.202269463168744,1.37966179150025,-0.0706165641821672,0.199126037268603
"step","60007.png",60007,0.181084870769486,0.218750990720379,1.20614426745218,0.038341109481852,0.222503520413268
"step","60021.png",60021,0.185492281245927,0.223603173891401,1.26478382568403,0.152983368497675,0.218151407871478
"step","60034.png",60034,0.202015601431069,0.241660392504752,1.25218144355146,0.0795417642086386,0.234292379345235
"step","60047.png",60047,0.174986453159759,0.212343057843183,1.41685972229925,0.13790408631291,0.204442957412848
"step","60061.png",60061,0.174775726104948,0.213244803645784,1.45763515338014,-0.03559842500534,0.210286447558986
"step","60074.png",60074,0.176522086302038,0.214155037045464,1.23666148178418,-0.00840138872708224,0.217181679770558
"step","60087.png",60087,0.18940286015215,0.227715605913663,1.23118308132725,0.051228021551976,0.224563134774576
"step","60101.png",60101,0.183917049170912,0.223685732524533,1.40339879238504,-0.160777553902111,0.227327773054786
"step","60114.png",60114,0.195623789568593,0.235009910958775,1.25216673137777,0.0820009736530484,0.225026454006993
"step","60127.png",60127,0.17116020519987,0.207075517229043,1.24587561366361,0.108588361137849,0.200000953499896
"step","60141.png",60141,0.174773829025152,0.211706973522908,1.2787723072765,-0.00379834042612856,0.205776921140134
"step","60154.png",60154,0.175637025720595,0.213330046955859,1.2643669205942,0.0856122823430844,0.210156242978935
"step","60167.png",60167,0.175415053160323,0.212184657904517,1.22536669441891,0.0922332450210769,0.209632089715483
"step","60181.png",60181,0.182089911036202,0.219949805591994,1.09101246592983,0.0498532930933492,0.215389669431755
"step","60194.png",60194,0.187169931082298,0.225098794217943,1.14451808206384,0.0782481320619111,0.223536274442326
"step","60207.png",60207,0.172768426201109,0.209485220731625,1.18709914818696,0.0639945567715885,0.205521098322684
"step","60221.png",60221,0.172478966985067,0.209595246416495,1.16387659774654,-0.0326335856915179,0.205565869789342
"step","60234.png",60234,0.174694860599481,0.210976970449901,1.46299239534525,-0.022117969878459,0.206838388369027
"step","60247.png",60247,0.174373761346111,0.211233585221653,1.41543189261359,-0.0153600000045301,0.21131875041869
"step","60261.png",60261,0.175008823564684,0.211382407720571,1.20930848769213,0.0258695537730684,0.209165446269643
"step","60274.png",60274,0.19090637089629,0.23177454944461,1.21892788585097,-0.0731083352908165,0.22954785125954
"step","60287.png",60287,0.175352002676961,0.213887888985425,1.29474319277108,0.00697725221006082,0.209417707064542
"step","60301.png",60301,0.202698813633617,0.243162817216206,1.25606277004621,-0.0525909633391001,0.241672521781276
"step","60314.png",60314,0.168712229874033,0.205652375131892,1.32561781994196,-0.0234359798343737,0.200937959684096
"step","60327.png",60327,0.187985734891565,0.227393289801838,1.26087241715679,-0.035009816911529,0.225695184293751
"step","60341.png",60341,0.191207059755483,0.230785352246711,1.25208515800121,0.0366514035760512,0.228315711361968
"step","60354.png",60354,0.172558903681003,0.210809872837945,1.46859874244976,0.0542181687385801,0.206456705194002
"step","60367.png",60367,0.178511317502338,0.216291323105592,1.31482098838614,0.0155523077022942,0.210946886002035
"step","60381.png",60381,0.17639188262721,0.213813795260413,1.40492655863952,-0.011618222935095,0.213727993488348
"step","60394.png",60394,0.183197454672024,0.22099138561137,1.22807167707726,0.0439894815539481,0.218560862762922
"step","60407.png",60407,0.178244083814332,0.216397417068936,1.35313600055093,0.0167862273959942,0.216752913102072
"step","60421.png",60421,0.180191225229021,0.218130328445509,1.21775465257311,0.064275140445642,0.215367106224021
"step","60434.png",60434,0.181577815728398,0.219571968243979,1.21178663295744,0.0120859818093132,0.220328330629248
"step","60447.png",60447,0.171294322923435,0.209230654258566,1.27050192382873,-0.0224503977644149,0.201157970344305
"step","60461.png",60461,0.191066160883606,0.232169345332786,1.14598819874669,0.0444451106128922,0.225843655233228
"step","60474.png",60474,0.182778515116834,0.221279383686874,1.22001577997312,-0.00512538091192494,0.21618239616435
"step","60487.png",60487,0.170686603599846,0.207501070244081,1.32321857543204,0.142369472126387,0.202444423616974
"step","60501.png",60501,0.168286895765545,0.205105696810371,1.42231718489047,0.0681666000327345,0.201074386868073
"step","60514.png",60514,0.175742303865586,0.214432749740157,1.44293547684795,-0.0826221033015946,0.211699180393967
"step","60527.png",60527,0.192815602354077,0.232101777528363,1.28973613198844,0.0267245497474095,0.223700170914266
"step","60541.png",60541,0.175057565754308,0.212103003077341,1.2108116556112,0.117089506742759,0.205988497427743
"step","60554.png",60554,0.189124762281356,0.228643491895479,1.13406801964505,0.0163769208113251,0.227936711831211
"step","60567.png",60567,0.195897320282764,0.236660389537952,1.20620215367884,0.030486394279794,0.239239953021045
"step","60581.png",60581,0.178251660137642,0.215788187691295,1.3790204823783,-0.00643964140888639,0.208537963180825
"step","60594.png",60594,0.195850879235463,0.23556534962458,1.23221052543537,-0.00685002167078236,0.235188190120831
"step","60607.png",60607,0.188742390096102,0.228148641523758,1.27881815948114,0.143971114322238,0.223392513141508
"step","60621.png",60621,0.175313425351808,0.212352850816562,1.19077432858127,0.00307279766527624,0.210468584528773
"step","60634.png",60634,0.177225691107362,0.215971287077413,1.13265183639448,0.0714489599836126,0.209471830691551
"step","60647.png",60647,0.180924233862693,0.219105513305072,1.2795915036542,-0.0777753247715315,0.221399124765439
"step","60661.png",60661,0.183382057436544,0.221155771543464,1.23080831949469,0.0308293024927317,0.21912098212748
"step","60674.png",60674,0.167517008424767,0.205707298625992,1.43376762841248,-0.00162674334221388,0.198831842942677
"step","60687.png",60687,0.173128360826893,0.210222382453937,1.10789733532952,0.0455016639453669,0.205114893405302
"step","60701.png",60701,0.176468356710487,0.215120011343764,1.30810226572029,0.0252792897750072,0.212997003372296
"step","60714.png",60714,0.178020106041775,0.215765794932412,1.05931791870086,0.0471117379573852,0.208658377974664
"step","60727.png",60727,0.172823325479661,0.210149134327131,1.31640414577516,-0.00793477464063763,0.206818487893939
"step","60741.png",60741,0.193118776910776,0.232896616258862,1.45703156679967,0.0739535946837292,0.22973438653085
"step","60754.png",60754,0.168377419874601,0.208195410017956,1.64664397485813,-0.114738973525314,0.20069064166479
"step","60767.png",60767,0.20226569489187,0.242991220865783,1.14241258617832,0.0579327763855666,0.243107607161748
"step","60781.png",60781,0.171756081685576,0.209803438010258,1.29425401997678,-0.0472199402763698,0.203948769673391
"step","60794.png",60794,0.17656257738312,0.21361897444142,1.19935063936916,0.0789758413954409,0.208823657709387
"step","60807.png",60807,0.192460522009368,0.233488380710484,1.33183615192704,-0.107509393879552,0.23259658474933
"step","60821.png",60821,0.171412529218934,0.208365830844368,1.33454514606943,-0.0101841433136254,0.206791466876256
"step","60834.png",60834,0.171639521783107,0.209961826507241,1.35621763064359,-0.026571547113042,0.204249610683145
"step","60848.png",60848,0.163162755408314,0.200116014050751,1.37437562523667,-3.53196809317335e-05,0.197659293000342
"step","60861.png",60861,0.18009699805891,0.21810520023404,1.13902225228505,0.0336091492133054,0.210494188387028
"step","60874.png",60874,0.17627873257228,0.215272885150361,1.39066859954053,-0.0679719089398902,0.207129249038533
"step","60888.png",60888,0.173870624806867,0.211242738297566,1.23198584855599,-0.11095775894119,0.207198885333516
"step","60901.png",60901,0.175517438315757,0.21226683493651,1.20530567272198,0.0758842086566828,0.208333710740354
"step","60914.png",60914,0.18338248405099,0.221894269496653,1.30249896049198,-0.0590114812574138,0.221000314991222
"step","60928.png",60928,0.16963488789345,0.207586014128046,1.24899927909062,-0.0145225188154225,0.202326143865369
"step","60941.png",60941,0.178343041424464,0.21676925175955,1.2317227046545,0.0238103456579883,0.214715195653415
"step","60954.png",60954,0.194739245416067,0.234114803492886,1.15948377975497,0.0160827014803872,0.229802300705772
"step","60968.png",60968,0.170002418803747,0.206651538682438,1.16535359487626,-0.0174126230513953,0.206274189414238
"step","60981.png",60981,0.168246783287998,0.204740300055928,1.22702616134243,-0.000713189825189142,0.20250800076627
"step","60994.png",60994,0.163325552952789,0.20010866018482,1.23650340558993,-0.00161502228193516,0.197049657673424
"step","61008.png",61008,0.165435910709721,0.202260374959913,1.27179848563232,-0.040004073128552,0.201025994136064
"step","61021.png",61021,0.170643532410543,0.207755025303996,1.26269081483485,-0.0699016060100156,0.20545937976971
"step","61034.png",61034,0.176365658214102,0.214236727516342,1.45443181749195,-0.00449044765236956,0.207087941741379
"step","61048.png",61048,0.174516265076381,0.211887564791659,1.43851474231128,0.0509210234618919,0.203642173284685
"step","61061.png",61061,0.163621703386745,0.200079628547928,1.31728672493196,-0.059791639856773,0.196652085049904
"step","61074.png",61074,0.18325852035683,0.220876789378257,1.20183873682853,0.0948671279060994,0.221959263735592
"step","61088.png",61088,0.165358585694938,0.2016878122402,1.25726776491158,-0.0159393097372653,0.199452367049127
"step","61101.png",61101,0.166738445168791,0.20244585489485,1.20808008582928,0.0635286481953512,0.198772872243999
"step","61114.png",61114,0.185992814416734,0.2247467071083,1.35971933617822,0.0780701168078052,0.224032745862651
"step","61128.png",61128,0.187984901497433,0.226780705906011,1.23838433127052,0.0425351124857029,0.223393838594127
"step","61141.png",61141,0.216676282546009,0.257601671586463,1.29052389333637,-0.0991192827434744,0.254880556188469
"step","61154.png",61154,0.162193368797017,0.199109332843455,1.23185565357063,-0.0317503607434293,0.195371027010746
"step","61168.png",61168,0.169785162623294,0.207425110427226,1.32852710362551,-0.00147483239626187,0.203263034126471
"step","61181.png",61181,0.174030124120334,0.212121439161795,1.35992624870432,-0.106673874709963,0.208639275403313
"step","61194.png",61194,0.170997621546828,0.207577749341082,1.29398468131688,0.0630057179960695,0.207723163891487
"step","61208.png",61208,0.160214171779432,0.196127282304513,1.35175725222444,-0.0891393737334531,0.194086910001384
"step","61221.png",61221,0.172535437281274,0.211024160596086,1.29348283366223,0.00308325677153951,0.204108743268098
"step","61234.png",61234,0.167269925191331,0.203608182960806,1.41783563714865,-0.081899549271127,0.204256692881755
"step","61248.png",61248,0.17128602880478,0.208084067891255,1.29827739553604,-0.0498644575363638,0.202916551346475
"step","61261.png",61261,0.17183341165181,0.208492873832117,1.33798778366252,-0.00611060402042984,0.202627626301691
"step","61274.png",61274,0.185081017686125,0.22388303018718,1.24969803758007,0.0319653823821259,0.22653212995281
"step","61288.png",61288,0.182912847152012,0.222203690466523,1.48295657876382,-0.0866291722263651,0.217647405535831
"step","61301.png",61301,0.193557713437,0.232861086749498,1.31839540073468,-0.00422193991275388,0.232409464166566
"step","61314.png",61314,0.173811982710887,0.212852099362401,1.43033856531883,-0.108050748206515,0.210560372206095
"step","61328.png",61328,0.175180466115596,0.214287642558601,1.3058161678915,-0.086414669695493,0.21254600965525
"step","61341.png",61341,0.168991078781812,0.206863601761076,1.21734831085381,-0.0560339012066721,0.205691732519181
"step","61354.png",61354,0.180533958394773,0.218149454168571,1.25679922578973,0.0176966726909305,0.216621481718297
"step","61368.png",61368,0.209933331639272,0.251554435197389,1.33344726399251,-0.0187428806530178,0.258859952129707
"step","61381.png",61381,0.190025985058244,0.228466224731465,1.34839092232033,0.0813689013110206,0.226902638203743
"step","61394.png",61394,0.178700469016731,0.216126492806677,1.230566141568,-0.000112401343838192,0.215900282313389
"step","61408.png",61408,0.182396268136,0.220906295386914,1.25510820969762,-0.0537182919211091,0.223103800063851
"step","61421.png",61421,0.189585389049142,0.228964646525601,1.10568572053462,-0.103268304251286,0.232090936372897
"step","61434.png",61434,0.170835872663308,0.208438970971643,1.12694070152656,0.0224739838784579,0.205767163276982
"step","61448.png",61448,0.166412167078103,0.203192049231493,1.34217114071311,-0.0293004713731532,0.199336201380406
"step","61461.png",61461,0.173719985262143,0.211001907822194,1.21273172088287,0.0574586922867291,0.210210241090916
"step","61474.png",61474,0.174711773851668,0.212232139264464,1.39221941293521,0.0487143810445969,0.206081738781107
"step","61488.png",61488,0.172700161296987,0.210443078836985,1.2226727108982,-0.0431786863646608,0.211211434420468
"step","61501.png",61501,0.183576138361582,0.221631515835838,1.23160628082428,0.162823278273938,0.218157781647854
"step","61514.png",61514,0.185069513669875,0.223878585163487,1.35764167312337,0.0253129298599697,0.22125444454232
"step","61528.png",61528,0.179365852821754,0.218943609064233,1.34413404802356,-0.144126803906561,0.209629754698727
"step","61541.png",61541,0.181313390627002,0.219761312732437,1.26468834395289,0.0253604100874968,0.223139705191944
"step","61554.png",61554,0.165986474871203,0.202775359565125,1.36687660945143,0.0804752188942154,0.195626141349333
"step","61568.png",61568,0.175840290162991,0.216968465477226,1.44980466274144,-0.11964375208776,0.205349422794425
"step","61581.png",61581,0.169723849287234,0.208550129245214,1.31748905762568,-0.187272940157917,0.20412827143442
"step","61594.png",61594,0.171471681307843,0.208819591732098,1.26384308265469,-0.07373342654463,0.203406369843736
"step","61608.png",61608,0.181392445267104,0.219144303410707,1.23496259035107,0.0786082843784312,0.214575172165206
"step","61621.png",61621,0.203005791098903,0.245182524086785,1.36669562085941,-0.161048357814045,0.245720227267697
"step","61634.png",61634,0.178623560231355,0.216435530418117,1.5111490090728,-0.0677135681638918,0.206354672210617
"step","61648.png",61648,0.180621399119989,0.220955276358241,1.30677812612406,-0.0771795614115072,0.21795401238797
"step","61661.png",61661,0.172919370706687,0.210571626077309,1.30753391526435,0.039442558035424,0.20523193657515
"step","61674.png",61674,0.177068357008384,0.216330835663297,1.32096074196784,-0.0423755327800676,0.208179697403454
"step","61688.png",61688,0.178995459195163,0.222281662197034,1.36168580520898,-0.0494746471580358,0.221180715779571
"step","61701.png",61701,0.178058682997446,0.216098717652526,1.25749928174463,0.0503506208788763,0.21273537379582
"step","61714.png",61714,0.18748192308539,0.226361557816591,1.26304584900957,-0.0417061398665688,0.215996937099576
"step","61728.png",61728,0.175669309645544,0.214318354975056,1.35979142149773,-0.0241018305389989,0.206009927104362
"step","61741.png",61741,0.192126358297284,0.231103112083835,1.37267746998211,0.0285558319659162,0.232692289746739
"step","61754.png",61754,0.170515422728572,0.207902595731548,1.33400631571837,-0.0544722166734169,0.202652517336054
"step","61768.png",61768,0.176675627435404,0.215569225451923,1.36040113794559,-0.101017493301201,0.207917635109858
"step","61781.png",61781,0.185324725188443,0.223719346727418,1.37681086049487,-0.00578849248811597,0.224039132321221
"step","61794.png",61794,0.172125737339145,0.210020384689067,1.29272820314396,-0.0892573352105329,0.204499267149455
"step","61808.png",61808,0.178022930797925,0.216174091240983,1.12282422781095,0.0169735751982488,0.218723759394792
"step","61821.png",61821,0.187242963914203,0.226944090817296,1.40647555263346,-0.0855637829093498,0.224258655857014
"step","61834.png",61834,0.175010345467595,0.211759303257156,1.15924979933304,0.0549406782027881,0.206470534295086
"step","61848.png",61848,0.184858888028373,0.222308129803093,1.31256338463601,0.0331684808320734,0.213635677856702
"step","61861.png",61861,0.171670263481877,0.210182540438991,1.47637333156352,-0.133219753647002,0.20237424446102
"step","61874.png",61874,0.203102806875232,0.244077379189275,1.27698944931523,0.0231045390068902,0.247173465594708
"step","61888.png",61888,0.169467005510827,0.208534086847746,1.34054784556811,-0.0873171591220787,0.202550278914336
"step","61901.png",61901,0.183738231640147,0.222349511540161,1.3594603454633,0.0284097363348657,0.21484414356014
"step","61914.png",61914,0.16690560366302,0.2027865612765,1.28206236150346,0.0596231291048772,0.197008147582611
"step","61928.png",61928,0.180720652879607,0.21980330054172,1.36059965301411,-0.0119324536750501,0.21409059945785
"step","61941.png",61941,0.173661218710893,0.209865171085174,1.18742179049261,0.0203164560048648,0.206043247001982
"step","61954.png",61954,0.16285091602901,0.199133219941844,1.34929665414299,0.0178284740206149,0.194768160425167
"step","61968.png",61968,0.183255334470238,0.22221956153775,1.43152848545863,0.0830516343083461,0.219604353836069
"step","61981.png",61981,0.159718273605451,0.196654063889634,1.27126899194044,0.012571836871266,0.19055292312709
"step","61994.png",61994,0.175334772445796,0.214819352801674,1.26670644810803,0.0184781447431545,0.206323502323969
"step","62008.png",62008,0.192585132610385,0.232026616032535,1.13387986416792,0.0856607336596034,0.228252730059727
"step","62021.png",62021,0.16641561480993,0.203048746596757,1.36907481330087,0.231305808644641,0.196988725719038
"step","62034.png",62034,0.16837148660796,0.207696749996956,1.32771270927653,-0.0988731675944766,0.198253998039563
"step","62048.png",62048,0.184076165109967,0.223811361124551,1.25478343766785,-0.0688901815209756,0.225111051335223
"step","62061.png",62061,0.171067379714511,0.208741772374859,1.2529703642568,-0.0262328070328408,0.198836488832777
"step","62074.png",62074,0.180029306325132,0.219164503676362,1.43705834065791,0.134002452812084,0.213151109365032
"step","62088.png",62088,0.17830476950276,0.216586333522284,1.25239101872668,-0.0338495824623261,0.213189772163707
"step","62101.png",62101,0.170800997179959,0.209915551141197,1.39319611458403,0.128067855556279,0.203990554508411
"step","62114.png",62114,0.172514007458399,0.210790328193225,1.25669551670346,0.0296127967556922,0.200731276758009
"step","62128.png",62128,0.173876692125385,0.212053327770415,1.295727824842,-0.125601374705502,0.206019626312995
"step","62141.png",62141,0.181306326266614,0.219423294635369,1.23079679374194,-0.0274229226390703,0.220315644819096
"step","62154.png",62154,0.183693049405387,0.221872767347808,1.13388332248568,0.0442008171774482,0.221513328909215
"step","62168.png",62168,0.174152663786704,0.211956329309354,1.20842372960498,-0.0118345017572964,0.204850704115319
"step","62181.png",62181,0.176103735732109,0.213998287176243,1.48341351173695,-0.0987308029318995,0.210143027913783
"step","62194.png",62194,0.174480872212651,0.212621146666459,1.31790381116631,-0.0969259338235795,0.210059126066914
"step","62208.png",62208,0.181874274666912,0.218566183850085,1.47316587359604,-0.0178958194612128,0.212503763691679
"step","62221.png",62221,0.173233921098209,0.210587170881909,1.60523874038014,-0.0767291050865277,0.198387338279508
"step","62234.png",62234,0.164000844196455,0.199058865023771,1.34711912075252,0.139083667067725,0.195755823901566
"step","62248.png",62248,0.190207207216324,0.229812047229363,1.34357416605734,-0.00300809755912784,0.228677045769625
"step","62261.png",62261,0.17869613728415,0.218036504310434,1.2977027871557,0.0372211754995446,0.208412763097272
"step","62274.png",62274,0.169958917341174,0.20810846460525,1.20187709025868,0.0360952018700039,0.201050733683806
"step","62288.png",62288,0.167762074346937,0.207345415145331,1.35059729790897,-0.126606164487002,0.198661133617688
"step","62301.png",62301,0.185337682562224,0.225293652615093,1.44850325427217,-0.0581214199852977,0.224354390796403
"step","62314.png",62314,0.169565655656679,0.207635951853064,1.28876188047893,0.0534833213153818,0.200257115067957
"step","62328.png",62328,0.187576525158141,0.230401685129419,1.40242531362861,-0.118282194822953,0.22331463359291
"step","62341.png",62341,0.201125191418183,0.240986095544152,1.16220616058293,0.0810210465404952,0.241405812456509
"step","62354.png",62354,0.167741453969705,0.206200617919957,1.26840404875277,-0.135599577251754,0.200178314489185
"step","62368.png",62368,0.21067142679846,0.25512311862914,1.27149595748918,-0.0384590232333736,0.249642277195004
"step","62381.png",62381,0.165144204429419,0.20372039870343,1.36868329120261,-0.050938434726879,0.194016113019871
"step","62394.png",62394,0.170154538287917,0.208451305976875,1.29902471820297,-0.0656886286737587,0.200060178075798
"step","62408.png",62408,0.168332134617089,0.206403890083655,1.24963731559364,-0.0554277869056394,0.196781886979196
"step","62421.png",62421,0.169106188391454,0.206915865830058,1.33368920573412,-0.0467809576790095,0.205488237918954
"step","62434.png",62434,0.177554544887765,0.215745290948524,1.49053847008171,-0.0287037500175048,0.204323656026627
"step","62448.png",62448,0.16522954690975,0.201255440333249,1.37527410220463,0.130186482170368,0.194535399793523
"step","62461.png",62461,0.197265797376918,0.239177723363114,1.29777916297831,-0.0946319212132347,0.24315945520334
"step","62474.png",62474,0.169059528248944,0.206900247043985,1.25350686426847,-0.126705418604373,0.202059013909938
"step","62488.png",62488,0.181102000814366,0.219540226794439,1.20609885319234,0.060525939636176,0.211590952777141
"step","62501.png",62501,0.18393753561256,0.225970196826548,1.35033233424998,-0.150673882693641,0.221210411040584
"step","62514.png",62514,0.171153110982838,0.206725199035128,1.14517988617353,0.173627944821553,0.204949299023628
"step","62528.png",62528,0.189227814797177,0.229053591400189,1.20451594484731,0.048942186055471,0.225592299862378
"step","62541.png",62541,0.190095067423179,0.229031819968855,1.22361886499712,0.0446132942332643,0.226840040947139
"step","62554.png",62554,0.200982102674372,0.241882141967211,1.10134355666281,-0.092973256444066,0.236631792208687
"step","62568.png",62568,0.18012924528943,0.218682497544813,1.14793995065092,0.014195707853437,0.224728895882196
"step","62581.png",62581,0.188216873368947,0.226937601969132,1.22725291225415,0.0300446625237095,0.233388589750273
"step","62594.png",62594,0.179571520909022,0.21746825694191,1.32335846062225,0.0227811348916801,0.216213055841406
"step","62608.png",62608,0.176646276908534,0.214091002739534,1.36941960118958,-0.0661143707437999,0.20700846855759
"step","62621.png",62621,0.1715570117795,0.212185988859823,1.30937949730569,0.0139663668465472,0.205609811749681
"step","62634.png",62634,0.195150697266868,0.237402322730917,1.60051617886873,-0.123994496723258,0.228321812520712
"step","62648.png",62648,0.180302477507274,0.218864937484366,1.17619428773438,0.095900343995574,0.215267289337189
"step","62661.png",62661,0.173098920054595,0.210629691145954,1.35892335017232,-0.0872938920316993,0.209967748671687
"step","62674.png",62674,0.16790336910883,0.207348379186549,1.5336452176759,-0.149011559824061,0.201906568080189
"step","62688.png",62688,0.191180100212264,0.231250194718024,1.4096195773892,-0.0735510613430405,0.229020459910529
"step","62701.png",62701,0.180198672300975,0.218480825493369,1.08206330797331,0.101346516329027,0.211085814956712
"step","62714.png",62714,0.192093429364344,0.232304208309658,1.52246091375089,-0.104051426867374,0.231481485984645
"step","62728.png",62728,0.169952939821049,0.209774313790101,1.48672047565065,-0.131419473071593,0.200322846761746
"step","62741.png",62741,0.189841269507203,0.23031220088896,1.39240832800078,-0.131033852168042,0.218870497230904
"step","62754.png",62754,0.167968648894957,0.204353676785846,1.32462618673213,0.0752878630037935,0.201424368055646
"step","62768.png",62768,0.169084110098308,0.206867766195021,1.73224135402047,-0.0129714843593246,0.20302784517457
"step","62781.png",62781,0.183403948325037,0.221362039209587,1.32625295741453,-0.0306170937364586,0.220463160826203
"step","62794.png",62794,0.162544956975284,0.199104581477221,1.47783222735272,0.0273187562703134,0.193591302215815
"step","62808.png",62808,0.191318590040131,0.232038861199656,1.5329994047496,-0.118230343761984,0.233734231442693
"step","62821.png",62821,0.185574596807342,0.22764069296202,1.45724493160363,-0.150981724607742,0.218691388806802
"step","62834.png",62834,0.174229394527932,0.213197789444722,1.14643104914975,-0.0622302105705925,0.209018002971243
"step","62848.png",62848,0.194416802587472,0.234829584068126,1.38021863461082,0.0189550910026603,0.23176441852858
"step","62861.png",62861,0.17642457651402,0.215106392506895,1.40863707088149,-0.129634352423961,0.20504643294256
"step","62874.png",62874,0.176301202461698,0.216106910026504,1.58228151817974,-0.0843252903131397,0.207430777858224
"step","62888.png",62888,0.169439807031227,0.206272999250951,1.22657845176354,-0.0569396748759022,0.203476908265257
"step","62901.png",62901,0.173167111728878,0.212196503608177,1.37464481395601,-0.105682276643604,0.204600207648903
"step","62914.png",62914,0.177190202987034,0.216454161801685,1.32352029004222,-0.0950582793390127,0.206576527724588
"step","62928.png",62928,0.180471673353796,0.218264593430324,1.2832877225025,0.100509809726206,0.21186316394654
"step","62941.png",62941,0.169761691380627,0.208394234981087,1.33755666338151,0.0521522329644378,0.201449649360942
"step","62954.png",62954,0.176615858524371,0.214282063257699,1.22062321507918,-0.0356485299813305,0.209465646495092
"step","62968.png",62968,0.18064844319034,0.220502356781494,1.22148255379048,0.000214901774533427,0.214020213025732
"step","62981.png",62981,0.18000513100299,0.217955005484918,1.19159230458778,-0.00633592788971732,0.222305443791762
"step","62994.png",62994,0.178218921537823,0.217352272990488,1.27662185611992,-0.034793793414917,0.218263722495144
"step","63008.png",63008,0.165399572299958,0.201299025960134,1.44225390655543,-0.0820097494236973,0.196944408863063
"step","63021.png",63021,0.176619399415812,0.214313105871831,1.35447511332126,0.0498207102936675,0.208919890785684
"step","63034.png",63034,0.177996283813155,0.216721672121613,1.27924078006105,0.0204156605325312,0.211378545911531
"step","63048.png",63048,0.18589858871857,0.225390242158293,1.33984283926633,0.0172153285740444,0.230911141856309
"step","63061.png",63061,0.194412050401607,0.234860031450237,1.01494975651557,0.00218474945935387,0.23529733820932
"step","63074.png",63074,0.166348704232147,0.205805283774522,1.44137295636145,0.105946741895365,0.204850348370323
"step","63088.png",63088,0.168117411468111,0.209013645319225,1.50610183074847,-0.0313049818724054,0.206460405483928
"step","63101.png",63101,0.168948376359254,0.210655732001829,1.41613473113236,-0.00890180311777897,0.204823406522793
"step","63114.png",63114,0.166487229802638,0.209563479386416,1.39938800097416,-0.058391054319919,0.204719365767342
"step","63128.png",63128,0.175912277860245,0.219203902768317,1.42810622021169,-0.09349619108504,0.213574174567949
"step","63141.png",63141,0.186363292501893,0.22351951249206,1.26637925545953,0.0571213894798624,0.217064801137249
"step","63154.png",63154,0.183911046255551,0.223239897172815,1.46529712774691,-0.157592089940928,0.215628826828793
"step","63168.png",63168,0.181995102471251,0.218415369969502,1.31237674806523,-0.0468165437544426,0.215330175819122
"step","63181.png",63181,0.167544743867062,0.203008783058547,1.34007264752849,-0.0595834219922957,0.198955625440353
"step","63194.png",63194,0.167266923092026,0.20212629970324,1.30448852780961,-0.0226920685460373,0.199528901521937
"step","63208.png",63208,0.165931116540725,0.200658971412183,1.32870365328481,-0.0191459619678707,0.198705302801827
"step","63221.png",63221,0.166695770887081,0.200851799871213,1.23771859447642,0.0644970431461621,0.197820338232249
"step","63234.png",63234,0.162517096222302,0.196790604909489,1.30166801124119,-0.0535603967236532,0.195316557986127
"step","63248.png",63248,0.158493616049837,0.191873996561478,1.28920254733482,-0.0325990396453296,0.187237204394478
"step","63261.png",63261,0.165816240400252,0.200558016542318,1.3011760545824,0.0360038573177061,0.196434050700803
"step","63274.png",63274,0.160073955701414,0.196005778908317,1.41453809793727,-0.0681215115487273,0.190282458186662
"step","63288.png",63288,0.17518933424547,0.212743485731567,1.28757462254716,0.103602534614627,0.207568965457039
"step","63301.png",63301,0.186485883120952,0.226339443514111,1.19401891403898,-0.18914209940305,0.220573504048039
"step","63314.png",63314,0.194118174735937,0.232877013572269,1.20468012478048,-0.187470891173472,0.224518117750103
"step","63328.png",63328,0.185617405795318,0.222867035400155,1.23431664106494,-0.13385155432512,0.218182207550196
"step","63341.png",63341,0.185258534386507,0.227757398920813,1.32865477414371,-0.135784465906307,0.225115366811961
"step","63354.png",63354,0.152218856199511,0.193585118324268,1.28347477105705,-0.121761413248653,0.195661740774384
"step","63368.png",63368,0.144197810992865,0.181652601697418,1.2227321693635,-0.089746231957745,0.188524078175397
"step","63381.png",63381,0.155155992877136,0.19261104543332,1.27105055192544,-0.0254455021706634,0.199836318966441
"step","63394.png",63394,0.166280480947734,0.204025296819847,1.37584353051077,-0.054088589900774,0.211081247652731
"step","63408.png",63408,0.155868024604067,0.195475739873621,1.5813348369321,0.244358731727993,0.196638759229028
"step","63421.png",63421,0.165514939923879,0.21244244465241,1.79902769100275,0.32197029024805,0.208186952368969
"step","63434.png",63434,0.186336240698508,0.235781296916958,1.70554320281123,0.425989096771486,0.226046252120397
"step","63448.png",63448,0.210617790135363,0.252004152700612,1.16462640218463,-0.00560694490339936,0.241880756658822
"step","63461.png",63461,0.216130427419594,0.2571725421689,1.08310278014707,-0.0232463268091246,0.245537785893046
"step","63474.png",63474,0.216272510440796,0.257308284862542,1.0917405985809,-0.021555356859093,0.245146425682342
"step","63488.png",63488,0.217269342363706,0.258140597832547,1.06912716278746,0.000574539236025795,0.245972517541339
"step","63501.png",63501,0.217678101737423,0.258760918841653,1.05947761568145,-0.000890657179118959,0.247123353216278
"step","63515.png",63515,0.236961104785165,0.283281270792488,1.59230960743219,0.333941142548265,0.309715560635149
"step","63528.png",63528,0.219659486652503,0.265805537119377,1.60796292748125,-0.141102865702866,0.264978724401233
"step","63541.png",63541,0.194118509258243,0.234126545346861,1.24318486652795,-0.149793377058653,0.228436332837608
"step","63555.png",63555,0.176697697647609,0.214431629077029,1.26275957818253,-0.0826296099053647,0.21149563449934
"step","63568.png",63568,0.18784724417476,0.226806658250954,1.22572981028356,0.00510907426842266,0.225708669902017
"step","63581.png",63581,0.179755374716296,0.218424679269668,1.31864587543977,-0.117128518458038,0.214685021619611
"step","63595.png",63595,0.192347450103566,0.231934246246139,1.31447737179792,-0.030474168292081,0.228961627214471
"step","63608.png",63608,0.176690669779223,0.213435574595553,1.46196061715491,0.205371946725795,0.210546968653041
"step","63621.png",63621,0.191688304024134,0.230021836328101,1.26361243877865,0.028494090908862,0.230539510752779
"step","63635.png",63635,0.181679125921736,0.21879752568006,1.14406339166728,0.104257822893093,0.214189318896101
"step","63648.png",63648,0.175061498585435,0.211059683225685,1.26932398975671,0.096892965810422,0.207946546030958
"step","63661.png",63661,0.190518468883953,0.229966763875112,1.26746143601789,-0.0200975994514303,0.233763228241961
"step","63675.png",63675,0.176871679631454,0.213649668270122,1.43599111373181,0.112549903256651,0.209523228701016
"step","63688.png",63688,0.182304315414884,0.218754329140647,1.48822451449542,0.202463535001986,0.213544564174552
"step","63701.png",63701,0.19285127525984,0.232258963141274,1.23954805984498,0.0725222962396201,0.232283779354418
"step","63715.png",63715,0.184731057983095,0.223911894360437,1.32121715372878,-0.0247325629456215,0.224652002754432
"step","63728.png",63728,0.185164088318026,0.223952375921472,1.32718131760628,0.121915621682836,0.216507984303276
"step","63741.png",63741,0.179704564321632,0.218156535733085,1.25733852738756,0.143401072807606,0.214455196935675
"step","63755.png",63755,0.188351915475674,0.226890144405144,1.25098261888194,0.0860802309007116,0.228655011923593
"step","63768.png",63768,0.198991675768682,0.240623181059067,1.29029347429517,0.0716585189078258,0.240547085796815
"step","63781.png",63781,0.194594982321761,0.233629409695844,1.31472251982803,0.100713825165693,0.229703212509467
"step","63795.png",63795,0.188070907007541,0.227904201974493,1.47988795022956,-0.14257021918557,0.236716817443574
"step","63808.png",63808,0.195470445756041,0.235236790492764,1.43358701987075,0.0196403268138364,0.231732538125344
"step","63821.png",63821,0.177196269775394,0.214935124218862,1.2156807362422,0.0341938646096596,0.210280070981633
"step","63835.png",63835,0.1869450265324,0.223324893837563,1.41502758589837,0.142867490547723,0.218965607306752
"step","63848.png",63848,0.189468527843728,0.227667478724604,1.38538329352172,0.0524836650146003,0.22299142647396
"step","63861.png",63861,0.19506388003852,0.234203807826067,1.30710598325151,0.179089935638378,0.226950605424627
"step","63875.png",63875,0.182920976328114,0.220275499062661,1.32944498013016,0.151909484697658,0.215620460237511
"step","63888.png",63888,0.183583063459663,0.220718503446431,1.42544441467587,0.195293415489,0.216383636328725
"step","63901.png",63901,0.179148588613488,0.215921378429439,1.388884638918,0.0252686804368225,0.212542277124348
"step","63915.png",63915,0.182890826048819,0.221185254960409,1.19906257667862,0.00893671193609932,0.219637258261523
"step","63928.png",63928,0.180133519390985,0.216657994514173,1.29160185953414,0.00864254082985438,0.211576904904271
"step","63941.png",63941,0.179047029002229,0.217106813966234,1.572571503421,-0.07729023632129,0.215704776409636
"step","63955.png",63955,0.177840195920147,0.215388304946579,1.47022613116349,0.0407097053076093,0.209450939328489
"step","63968.png",63968,0.193083147578478,0.232791074705421,1.25835617056265,-0.156141202271408,0.231020793701776
"step","63981.png",63981,0.181087057366092,0.218496170635445,1.2270563847972,0.00171031136804739,0.215208351570368
"step","63995.png",63995,0.194564597492755,0.234083182577203,1.26381937604184,0.189545101656677,0.226022559597834
"step","64008.png",64008,0.182694715271059,0.220261062000961,1.15921530353714,0.112023015819413,0.217351841321699
"step","64021.png",64021,0.186843741915181,0.224985866518472,1.24431018083225,-0.0404846021109304,0.222795415253107
"step","64035.png",64035,0.187751762970376,0.226222105845831,1.44784144019531,-0.00232049769366985,0.230347704179689
"step","64048.png",64048,0.190137798854816,0.228718991790269,1.25076879846371,0.00318628829741843,0.230809214667631
"step","64061.png",64061,0.193397828280607,0.232132302602987,1.3492178234622,0.128542683239668,0.230581748330812
"step","64075.png",64075,0.184252294894222,0.222306120709356,1.53420137902889,0.110574114761516,0.213848181397229
"step","64088.png",64088,0.182588256269837,0.220834848386153,1.47467972698612,0.187241306302512,0.21950604743762
"step","64101.png",64101,0.182292396391438,0.218904554530663,1.24042510658012,0.0483924921255921,0.217364393956633
"step","64115.png",64115,0.193813823892206,0.232891925997948,1.35099985502761,-0.0237678039674273,0.226361251586531
"step","64128.png",64128,0.179119482198621,0.215727846923781,1.38965222426955,0.137843037103876,0.212796371593845
"step","64141.png",64141,0.178365784993984,0.215175814424029,1.35484963604218,0.129386707870001,0.208997799438036
"step","64155.png",64155,0.190882060804871,0.232215340075944,1.37313799384289,0.0245243858448846,0.227483389449701
"step","64168.png",64168,0.186234308480359,0.224175207420857,1.27175046832127,0.0897128331857373,0.218113037885928
"step","64181.png",64181,0.201339897573724,0.239689476602404,1.42250301024769,0.0590293847394159,0.230153153098251
"step","64195.png",64195,0.189867257892651,0.227585164606301,1.2788500293148,0.103329681972551,0.227539576002157
"step","64208.png",64208,0.185396438007822,0.222250989598192,1.36074045373219,0.0711478754453142,0.217195615305059
"step","64221.png",64221,0.184973591830517,0.222116549565816,1.24470311513456,0.0481524923667592,0.217708397715323
"step","64235.png",64235,0.181842467574968,0.217970321982928,1.23313793858133,0.0741564628072024,0.215658162392224
"step","64248.png",64248,0.184748322037337,0.221842786512397,1.19980013752066,0.101758132066323,0.220396305614879
"step","64261.png",64261,0.183673181473939,0.220857741312636,1.28582004727339,0.127337161377629,0.216850222180049
"step","64275.png",64275,0.194170122173216,0.233077775032718,1.16590574272879,0.104159764751281,0.229805732689018
"step","64288.png",64288,0.194899759858322,0.234167135409722,1.15994946607536,0.0133621138124776,0.230416318123969
"step","64301.png",64301,0.192427297783842,0.231455256782336,1.23801174083679,0.0871676287031316,0.223115226013583
"step","64315.png",64315,0.198368027792915,0.236957333396896,1.22914733826137,0.105131062206011,0.227620632261936
"step","64328.png",64328,0.197627231581755,0.236914738689743,1.52499459070691,0.121833935055168,0.229085251097193
"step","64341.png",64341,0.193185162737843,0.231158253892901,1.16798876554819,0.154868493483868,0.222688727400989
"step","64355.png",64355,0.200772910654455,0.241371189057135,1.44120552637017,0.0419779397818376,0.248065057815501
"step","64368.png",64368,0.185475643266884,0.223269279834795,1.21512884089371,0.0131373723297372,0.219460762859381
"step","64381.png",64381,0.18654132012932,0.22443601560578,1.22095671158745,0.0976454161867768,0.217362389277768
"step","64395.png",64395,0.18265581217004,0.219356751242522,1.24140508133415,0.139693578257676,0.214231431373494
"step","64408.png",64408,0.198220037012321,0.241591999273054,1.25506040967842,-0.0112136592635274,0.249751096722517
"step","64421.png",64421,0.187545930476797,0.224766851115667,1.26409607717517,0.0721501397937038,0.2229379237122
"step","64435.png",64435,0.181256345224205,0.21759893135972,1.23256689505292,0.0975429604326135,0.212562333676781
"step","64448.png",64448,0.18931195404919,0.225647980041568,1.36715949400253,0.21492120257229,0.218071037216161
"step","64461.png",64461,0.188705238077025,0.226322461417856,1.19200201757422,0.161960901169868,0.220658535117986
"step","64475.png",64475,0.184180142478092,0.221783412848018,1.29769736334738,-0.015386958362598,0.220473038636777
"step","64488.png",64488,0.191192097699685,0.229712871521653,1.24957855675685,-0.0416279886966054,0.226466681842686
"step","64501.png",64501,0.186109998040983,0.223390593626894,1.31714958378043,0.111964923516003,0.214600519047255
"step","64515.png",64515,0.193797990489453,0.232717935686533,1.2417622027162,0.0866722168196579,0.223416357518052
"step","64528.png",64528,0.182710715865469,0.220636847096526,1.42662361105248,0.161660747281617,0.216105774387745
"step","64541.png",64541,0.190189304325485,0.229368173988182,1.41140309274678,0.00762331119137766,0.220909384815789
"step","64555.png",64555,0.188968345445475,0.227237590742561,1.18792720548015,0.136688481874755,0.220284323597231
"step","64568.png",64568,0.185534408807857,0.222935056607279,1.18760810722208,0.115701517443277,0.216515867942249
"step","64581.png",64581,0.187647098779462,0.225310393365234,1.29133462660497,0.023191542744007,0.22195272108098
"step","64595.png",64595,0.191622445993371,0.229433089956968,1.20689512633018,0.101184776760567,0.221640048110756
"step","64608.png",64608,0.189907791786256,0.22898141924042,1.44764338895106,-0.142684754544437,0.230359276897194
"step","64621.png",64621,0.204030352447681,0.243167051735046,1.33604406804551,0.161815583258386,0.234042645156691
"step","64635.png",64635,0.181605904879428,0.218198009634906,1.31922934590829,0.0860864831236579,0.211224894437521
"step","64648.png",64648,0.178283752135511,0.215691533628521,1.46723026465661,0.149689322515269,0.208885143469762
"step","64661.png",64661,0.193117593350433,0.231212309312265,1.31905593336996,0.110368000638085,0.2226520946379
"step","64675.png",64675,0.188925873125911,0.227698317567417,1.27275271682572,0.0141014856115964,0.224665002800005
"step","64688.png",64688,0.175876342818651,0.211307096688144,1.32255214352564,-0.0304453684612269,0.208780687612414
"step","64701.png",64701,0.182093225240918,0.218251404270406,1.42219737977235,-0.0711966617502308,0.213633225996815
"step","64715.png",64715,0.180614180820285,0.218022888448638,1.29482684489881,0.018746804465376,0.21725803897116
"step","64728.png",64728,0.184144760066723,0.221145492133089,1.41422489810847,0.0452810161983218,0.217265488843202
"step","64741.png",64741,0.190243970922067,0.228922571463406,1.31603348984512,-0.0537491500781744,0.222760475118122
"step","64755.png",64755,0.178736802204455,0.214472664985759,1.28597414492849,0.0979629727361108,0.208608797124395
"step","64768.png",64768,0.16571016268301,0.200927124650093,1.49409127055921,-0.020359853950331,0.199762496608203
"step","64781.png",64781,0.1734833808442,0.2092661633954,1.32659662676692,0.0660319341744171,0.205502314610339
"step","64795.png",64795,0.179695056708233,0.215860715977055,1.15269436680703,0.0459606039514234,0.213715289204534
"step","64808.png",64808,0.181449003402075,0.219019240676643,1.0832845854297,0.0383086839108878,0.219371337121601
"step","64821.png",64821,0.183111798249338,0.219566974779417,1.39607866844678,0.0424441405003095,0.213674457437283
"step","64835.png",64835,0.174713638769123,0.211259200231796,1.4726878514881,0.072580802216659,0.205832368439347
"step","64848.png",64848,0.174205711465156,0.210249577654027,1.55029974212097,-0.128627189753138,0.205305694411525
"step","64861.png",64861,0.177172761057647,0.212804353319477,1.24969115665267,0.0929785744409067,0.20840129509375
"step","64875.png",64875,0.179313565213435,0.216719479564372,1.40473447290828,-0.0784009878822676,0.208417651571336
"step","64888.png",64888,0.17501962868051,0.2119280364685,1.38168141726342,0.0373529160624265,0.204527898165163
"step","64901.png",64901,0.181663099504468,0.21992898458607,1.42688378717873,-0.029738976012697,0.222166218638998
"step","64915.png",64915,0.182493090519042,0.219657349394981,1.21579914188591,-0.019994981978721,0.214267379645627
"step","64928.png",64928,0.178212611459197,0.214869138163311,1.10836476997043,-0.0157809399183169,0.213533103018867
"step","64941.png",64941,0.20533226738444,0.244594234348824,1.32088456784314,0.137893008219541,0.236186619410769
"step","64955.png",64955,0.178042755898303,0.215783033666463,1.31568415846562,0.0848646834298401,0.209312620990457
"step","64968.png",64968,0.175569045953644,0.211303812327039,1.32068594549255,0.0654223078233669,0.206106731388142
"step","64981.png",64981,0.181187104475531,0.218015554697445,1.60528676651784,0.0162371513412717,0.216374971130886
"step","64995.png",64995,0.187296129634814,0.22491333380349,1.21055796471426,0.190641112760949,0.215799867637442
"step","65008.png",65008,0.188666193326697,0.225183083232828,1.28331131124668,0.109864988792935,0.218252815680157
"step","65021.png",65021,0.181077241804617,0.217665827368536,1.25052426048127,0.0871249884909208,0.213746133642735
"step","65035.png",65035,0.196588454443838,0.234263186836776,1.21661780505762,0.149778785972004,0.230641037709318
"step","65048.png",65048,0.183027251813222,0.220925088428464,1.15486608157107,0.0489173716816646,0.218856751631008
"step","65061.png",65061,0.18014020088652,0.217133203251735,1.26423920950366,0.0648114304224507,0.208826755478265
"step","65075.png",65075,0.172298437247587,0.208449524228374,1.44227758991,-0.0678963265731848,0.202862597182268
"step","65088.png",65088,0.169684996796239,0.204690035086518,1.42331968645419,0.0845047541327363,0.199034065561904
"step","65101.png",65101,0.174160230830402,0.209882954184606,1.28141927364689,0.0822312569749225,0.209879631460892
"step","65115.png",65115,0.185328765844591,0.223213852917613,1.24612787315727,0.132754087508799,0.220295324175483
"step","65128.png",65128,0.175648365851859,0.214001268038258,1.36901569784209,-0.113728670038771,0.205322887421601
"step","65141.png",65141,0.176808830886971,0.213418721642125,1.12920397683333,0.0440997674267327,0.214935356359235
"step","65155.png",65155,0.179075406250121,0.215206666772519,1.21032578586504,0.0753130008684625,0.21040230727906
"step","65168.png",65168,0.190240926204954,0.228668202920521,1.12890772670868,0.0942958304325347,0.223873060263868
"step","65181.png",65181,0.173589919172417,0.209254931920949,1.32613857702029,0.000368754564202711,0.206265448814089
"step","65195.png",65195,0.182479018655573,0.219755584024714,1.34913634893877,-0.0444150199991705,0.215234822260967
"step","65208.png",65208,0.176317825001453,0.21225944476467,1.19125920779054,0.0474224606908996,0.207234229859104
"step","65221.png",65221,0.186126613956459,0.223042199454655,1.27394725774728,0.142186827699122,0.215660841696698
"step","65235.png",65235,0.183801320693328,0.220933624335298,1.21804598962599,0.153800200876829,0.212594951091822
"step","65248.png",65248,0.172652230343758,0.208689799523548,1.1175760122066,-0.0637010113864687,0.210885717495936
"step","65261.png",65261,0.173277546466494,0.209305874879806,1.03391898328411,0.000703013657470497,0.20867217304292
"step","65275.png",65275,0.175206062493483,0.210680455970904,1.11584189095582,0.113867928358204,0.208983331473158
"step","65288.png",65288,0.175977151111003,0.21275497672438,1.23680691037709,-0.0481472542891154,0.212300685331163
"step","65301.png",65301,0.173296981813362,0.209220784271903,1.27536504636146,0.0028107442296843,0.203110379362473
"step","65315.png",65315,0.176905050258591,0.213130647867017,1.38899190941327,0.0462464906573624,0.206134529242108
"step","65328.png",65328,0.174278206361039,0.209736414645652,1.20890692580511,0.0635151612697269,0.206596672091862
"step","65341.png",65341,0.183230754489147,0.220868935373559,1.26867475788286,-0.0227311246837116,0.214829050829131
"step","65355.png",65355,0.176422748504285,0.212052950243107,1.37171518350292,0.0257868033039302,0.205941501580314
"step","65368.png",65368,0.180458423547355,0.216633667584674,1.23326318045018,0.0921995628292513,0.212440249946891
"step","65381.png",65381,0.171244945058484,0.207095474064241,1.35616848125111,-0.0724316367170795,0.202796372722667
"step","65395.png",65395,0.171627909979149,0.208052030647526,1.19163997331734,0.00103955177851167,0.206337830794114
"step","65408.png",65408,0.171827562104546,0.206890298449462,1.37067721221655,0.145350166220133,0.202478354985465
"step","65421.png",65421,0.185293543528641,0.222246605286655,1.40690441740123,-0.162898087610548,0.214003636141168
"step","65435.png",65435,0.170529780092895,0.207379552674258,1.21798537290754,0.0456807618387733,0.199021244253712
"step","65448.png",65448,0.178551401264125,0.214514952799204,1.16503764472686,0.115116730722131,0.209439193054718
"step","65461.png",65461,0.17056505448676,0.205169692353542,1.35429153958536,0.0326472462689174,0.202950933440092
"step","65475.png",65475,0.16893834687796,0.204062009930071,1.26618440943738,0.0395681781888143,0.200786535205936
"step","65488.png",65488,0.168602461582742,0.203146005638408,1.3829090829048,0.0451252067270695,0.19968965743346
"step","65501.png",65501,0.176117298899749,0.214401770744181,1.36426995828035,-0.287051749263774,0.216422018216939
"step","65515.png",65515,0.19214753196527,0.228059485602602,1.24651401779705,0.118926106448493,0.221547615078355
"step","65528.png",65528,0.174893923937916,0.21178969246178,1.32405040628019,0.00644131663518308,0.204493218055595
"step","65541.png",65541,0.18342969713149,0.219759999818808,1.28924165612033,0.0754408201429981,0.215162764155772
"step","65555.png",65555,0.179354855959112,0.215712777924933,1.31228961589009,0.170165341012075,0.212776019317848
"step","65568.png",65568,0.172114082958301,0.207591291243141,1.33356943214615,0.0510834369593419,0.204640308986843
"step","65581.png",65581,0.172755921277222,0.207849533051236,1.22548606235211,0.0806026769138652,0.20438763130794
"step","65595.png",65595,0.171139338203921,0.207129592901569,1.27928294439801,-0.058655137375894,0.206068666656896
"step","65608.png",65608,0.180817661608904,0.21689410570515,1.21446861161362,0.0460883467877709,0.215095227816201
"step","65621.png",65621,0.158104659034973,0.19257678756472,1.24986573023352,0.00267195621816821,0.189495432417703
"step","65635.png",65635,0.164996259710893,0.199940847722629,1.23081012120465,0.0523375948347674,0.199357758801875
"step","65648.png",65648,0.181615700479104,0.217859442122423,1.32317741807742,0.18521129978248,0.209934091951115
"step","65661.png",65661,0.171688794847028,0.207180930361166,1.20598368994629,-0.0620206233834847,0.208662914814262
"step","65675.png",65675,0.161486295517396,0.197110377289327,1.56867951005545,0.0205940491169663,0.195295200732557
"step","65688.png",65688,0.167164811215399,0.201712504383111,1.27903483776525,0.0939933310363235,0.197630133824166
"step","65701.png",65701,0.164326078213534,0.198983032996947,1.32180304500667,0.0186878454600944,0.194491363184818
"step","65715.png",65715,0.166613406373267,0.201109017497937,1.28353342659674,-0.0248999691886995,0.199045973300033
"step","65728.png",65728,0.173583483955404,0.209287158233042,1.27514584140338,-0.0644624661201561,0.20838450622336
"step","65741.png",65741,0.18003563912205,0.216176344972749,1.1453259640435,0.0558291984110798,0.212969917411781
"step","65755.png",65755,0.18070399796608,0.216688631860833,1.20411772485762,0.0857966091224768,0.211855738430454
"step","65768.png",65768,0.178508856542545,0.214522935529021,1.32085464001412,-0.0288790494152585,0.215581746850125
"step","65781.png",65781,0.172404108816109,0.207884348492311,1.34080177962174,-0.110813773351736,0.206120608044926
"step","65795.png",65795,0.18990585767755,0.22633183128558,1.27243963863051,0.10809837779163,0.220205849108009
"step","65808.png",65808,0.17164084564845,0.207593764509098,1.24898952775462,-0.0468766970182664,0.207056980609338
"step","65821.png",65821,0.173009857255146,0.208409680379435,1.11172183624583,-0.0488317114599096,0.207257058486211
"step","65835.png",65835,0.188383823479127,0.22705417626297,1.42687324584665,-0.00865133320066358,0.224705031643713
"step","65848.png",65848,0.167232739447549,0.202864875885677,1.33736186185839,0.0118646498940232,0.199678933779846
"step","65861.png",65861,0.176075034246716,0.211790738167932,1.3158495090003,-0.00416761891000872,0.21476128035306
"step","65875.png",65875,0.166698201216411,0.201656169337811,1.2505054490702,-0.0187495477582467,0.200475208651555
"step","65888.png",65888,0.178299427504534,0.214023102169394,1.35711118934865,-0.0724954106717079,0.21325728356039
"step","65901.png",65901,0.170617341859144,0.205498244698452,1.13228642239582,0.057264277324191,0.202069554927157
"step","65915.png",65915,0.167283943551197,0.202021297565434,1.18236025103706,0.0319288881242979,0.198148835383469
"step","65928.png",65928,0.173225548868998,0.208665837219513,1.36944735045945,-0.103601748158612,0.201446207618879
"step","65941.png",65941,0.178987127683446,0.214417374234035,1.38192799472143,0.114695355710558,0.206043689389676
"step","65955.png",65955,0.168181146124663,0.202507811279445,1.27213775682513,0.0394199928971483,0.198157568926694
"step","65968.png",65968,0.168747164848814,0.203413120278457,1.40563934961493,-0.0157843396961633,0.202464301908757
"step","65981.png",65981,0.166809398694307,0.201313555078588,1.29500421425516,-0.134794790444687,0.196093547353627
"step","65995.png",65995,0.175545863684808,0.211040075890946,1.18657035945347,0.059318451579779,0.206482692300291
"step","66008.png",66008,0.168979243650959,0.20424786135713,1.3053458563323,-0.0412571802860827,0.203290465552998
"step","66021.png",66021,0.168222851607973,0.204241066133825,1.32797393879533,-0.0564386628190122,0.205198376010704
"step","66035.png",66035,0.172130901364436,0.207535972386619,1.15510068483732,-0.00789289684754302,0.204009931089462
"step","66048.png",66048,0.169065090895646,0.203725881882935,1.18953068477352,0.0494802681257278,0.20224782347845
"step","66061.png",66061,0.176999201395522,0.213772885529837,1.21164916030478,0.0422221252510485,0.208311891045601
"step","66075.png",66075,0.178176188275248,0.21347328492437,1.15829941094161,0.0607215477166205,0.207619260484161
"step","66088.png",66088,0.168306548826992,0.202943822888506,1.22666804802065,0.0468839184524814,0.20077038649631
"step","66101.png",66101,0.162989457417606,0.197502417957702,1.23959966695684,-0.0655863302928049,0.197162560567169
"step","66115.png",66115,0.175750308331011,0.211117023479925,1.32983481113778,-0.0924988251393059,0.205819747932453
"step","66128.png",66128,0.168397755775439,0.203513680646576,1.21033813611089,0.0217065940055349,0.19943648743999
"step","66141.png",66141,0.168029542876183,0.202788627886799,1.38295277858501,-0.111582411073006,0.197848942087712
"step","66155.png",66155,0.16942887678574,0.205165898708577,1.38548696730044,0.0117954558113194,0.202769214913659
"step","66168.png",66168,0.175036069816272,0.210032119176908,1.12835425162855,0.0146974825781596,0.206886366859343
"step","66181.png",66181,0.172313624449221,0.206593825920559,1.42117222470494,0.0136331177280402,0.201793122997041
"step","66195.png",66195,0.18244533111697,0.219145661804243,1.30961479884454,0.133142998457212,0.212000773988067
"step","66208.png",66208,0.181380652454677,0.217622427684764,1.44678607323969,-0.144316545090693,0.209561980180909
"step","66222.png",66222,0.170652612495726,0.205897722436702,1.29157671009265,-0.0530186691882958,0.198631646511248
"step","66235.png",66235,0.167468374020124,0.202151446430326,1.25174889408335,0.0465761189875513,0.198473913909054
"step","66248.png",66248,0.170330890033824,0.205299461817048,1.35046864521849,-0.0179596125859252,0.205551013264748
"step","66262.png",66262,0.170513840327581,0.204984177201149,1.28183035206116,-0.00144748555730889,0.201335022264678
"step","66275.png",66275,0.160553933588686,0.196188916751797,1.31921538533156,-0.0720818123379535,0.193571384668294
"step","66288.png",66288,0.182218540646321,0.2186603717609,1.40299364600603,-0.189865769024745,0.212953319348611
"step","66302.png",66302,0.171412445652282,0.20711492828455,1.28923216348489,-0.0289018804869942,0.201644736776859
"step","66315.png",66315,0.17404030573833,0.209526382515026,1.45431961857778,-0.0869083767023133,0.200973113025309
"step","66328.png",66328,0.177390907465285,0.212906508184014,1.29085031227814,-0.0477792020808026,0.206858847209879
"step","66342.png",66342,0.169210748867246,0.204443012147728,1.25433260408004,0.0139373150586617,0.199332460534668
"step","66355.png",66355,0.168145441044153,0.202841428187409,1.20551696564992,0.039021022789416,0.199674944829892
"step","66368.png",66368,0.168893900661693,0.204263414420744,1.26254851710414,-0.0705818518904089,0.199298097162948
"step","66382.png",66382,0.17047774236058,0.205248469788471,1.23399514423375,-0.0430788745494517,0.196784260645877
"step","66395.png",66395,0.171422216840797,0.206872662026965,1.17712228354621,-0.088869815888821,0.200934790986595
"step","66408.png",66408,0.169017249649658,0.203809274182378,1.17605478426002,0.0584491506538645,0.199446399718653
"step","66422.png",66422,0.174430730682668,0.20928893008934,1.33689078163975,0.0269585348919696,0.201750482570052
"step","66435.png",66435,0.182289967613684,0.216436081259067,1.34526800066576,0.118183803352471,0.206290397971282
"step","66448.png",66448,0.171437050797209,0.206454939832037,1.21715329309195,0.0435602325497785,0.202938880094464
"step","66462.png",66462,0.175184943894292,0.210229867051677,1.0709300358893,0.0355845632602974,0.205859937797684
"step","66475.png",66475,0.17183412749069,0.207782926575854,1.14518592146345,-0.135222160191122,0.20326182059405
"step","66488.png",66488,0.169022447025914,0.205742221323448,1.38212672753431,-0.057717796536154,0.199660281608349
"step","66502.png",66502,0.169226962239173,0.203639685173894,1.33159873495248,-0.00701965951635289,0.202054336008243
"step","66515.png",66515,0.179458529992618,0.214515389476288,1.27915453348242,0.0974097828591049,0.212271786028616
"step","66528.png",66528,0.187007703157381,0.222897716191287,1.34359775719153,0.0551042548537159,0.214463524638023
"step","66542.png",66542,0.176485076512539,0.211522122408682,1.12276290293017,0.0266044595452855,0.204643649364564
"step","66555.png",66555,0.164670316928118,0.199305816987586,1.24361276073842,-0.0433086965717155,0.198008457332382
"step","66568.png",66568,0.187824922665774,0.224417461339446,1.36273944034928,-0.134141094039695,0.216204616805326
"step","66582.png",66582,0.164559675839083,0.199839624561698,1.21875757636395,-0.0158608373097132,0.19436315086541
"step","66595.png",66595,0.169209193882768,0.203896304636098,1.1829163382705,-0.00890193650316409,0.20092600968583
"step","66608.png",66608,0.16930062666174,0.204222128126258,1.09061676928087,0.0445701559713617,0.203917910870147
"step","66622.png",66622,0.177499033749862,0.212915396805872,1.23191687767199,0.126944366432022,0.211755769739142
"step","66635.png",66635,0.176267149805311,0.211263632379365,1.3920789029795,-0.00672360953633183,0.205925342120299
"step","66648.png",66648,0.179513098963526,0.215431592400461,1.32826635929896,0.0467905309354394,0.210823995685782
"step","66662.png",66662,0.175334851699454,0.211858695726993,1.2238672248588,-0.0577106040071902,0.210683236359302
"step","66675.png",66675,0.16233966337454,0.197080039332486,1.26523785331604,-0.0461684814356554,0.199704280549079
"step","66688.png",66688,0.181502271572416,0.216666085030986,1.18881313033038,0.0423508822942263,0.208490793609216
"step","66702.png",66702,0.173594467060036,0.208638302365537,1.1084919452268,0.0291825887142215,0.206192363272594
"step","66715.png",66715,0.173516453710237,0.208937337191344,1.14539772189182,0.0253789339020417,0.202145301044987
"step","66728.png",66728,0.175922050880318,0.211167157685805,1.23762577989099,-0.111337886345736,0.204508484063626
"step","66742.png",66742,0.182435265991533,0.218701547472262,1.46137111018178,-0.202764918094726,0.208637614434231
"step","66755.png",66755,0.166830157307403,0.201868419286834,1.31694584457581,-0.068308979629105,0.195812113831989
"step","66768.png",66768,0.180307660922631,0.215252318854831,1.35880846762647,0.0412599926316275,0.207815391353344
"step","66782.png",66782,0.175501829205189,0.210975876148229,1.19956890430364,-0.0456010675438691,0.208874901366132
"step","66795.png",66795,0.179284507592928,0.215248322042367,1.24981351033224,-0.00442285438694034,0.209937960372736
"step","66808.png",66808,0.173782371695194,0.208767364444671,1.20083207573762,0.0244816927898232,0.204061172802483
"step","66822.png",66822,0.178492210242718,0.212131315072268,1.17058020221771,0.0672451589880206,0.206563859870318
"step","66835.png",66835,0.169653276548596,0.204228935150109,1.28821524180031,0.0497664274426182,0.19728971195543
"step","66848.png",66848,0.168280574742408,0.203911291331509,1.37190896412995,-0.0802579167282987,0.198043574685767
"step","66862.png",66862,0.173442614173342,0.209216725746,1.31866988201272,-0.0150536551992619,0.202802401693039
"step","66875.png",66875,0.172944247437659,0.207389010701418,1.24473272980694,0.0386277705297237,0.202694150931594
"step","66888.png",66888,0.170341769497559,0.205333663436236,1.11411467848991,0.0148860797362121,0.198224851784219
"step","66902.png",66902,0.171211859098495,0.205487567772324,1.24034291635374,0.0100255511118412,0.19953252789167
"step","66915.png",66915,0.171900175421782,0.207196502488794,1.14866209968868,-0.0137938014589521,0.204546663159152
"step","66928.png",66928,0.177236087788709,0.212615845983309,1.08307028747053,0.0419169773287553,0.205343519003583
"step","66942.png",66942,0.171508968571658,0.206231067531264,1.25841827252421,0.0120946190955569,0.200634976717497
"step","66955.png",66955,0.182005135344896,0.217992641780736,1.3592177250019,-0.0559751125738212,0.209508635244525
"step","66968.png",66968,0.163969285269582,0.198561455860207,1.42537322599095,-0.0210042460134435,0.193882529205719
"step","66982.png",66982,0.176258502410568,0.211946829580873,1.14598437440932,0.0907429529982058,0.205355235962006
"step","66995.png",66995,0.169887247353749,0.204718274710988,1.2203671226074,-0.132740545206364,0.19905343038465
"step","67008.png",67008,0.163474903267514,0.197600908178409,1.23991927168578,0.0550919164701656,0.19580229522837
"step","67022.png",67022,0.178115048379444,0.214510482078001,1.36840021500109,-0.0834862276654987,0.206764263089756
"step","67035.png",67035,0.166503062081486,0.200824009148579,1.20653163917065,0.0687238169189579,0.192743977727493
"step","67048.png",67048,0.178158929665441,0.213062658287376,1.21130523081168,-0.080716398022965,0.204798639252323
"step","67062.png",67062,0.166273889122172,0.201161233821521,1.21768374391798,-0.0137144088289601,0.198855473353993
"step","67075.png",67075,0.179367152244084,0.214945287135088,1.12925278446558,0.0453574796105028,0.206848603100078
"step","67088.png",67088,0.177090887525909,0.212331270594374,1.13694718841315,0.0168570494138491,0.205588190274691
"step","67102.png",67102,0.193547322712059,0.230092123421485,1.29962093087537,-0.279263714634988,0.220429574932665
"step","67115.png",67115,0.185957526948164,0.221693854622929,1.17760970180352,0.0508682321875282,0.211386072497851
"step","67128.png",67128,0.16470443141181,0.199307258366981,1.12764842336133,0.141716820252033,0.200220810888622
"step","67142.png",67142,0.166859558675027,0.201048694434788,1.17573258641149,-0.0211103250657396,0.195551886636592
"step","67155.png",67155,0.174798677585264,0.209408750581458,1.04816273304609,0.0484830558368404,0.203606701736002
"step","67168.png",67168,0.176171543615845,0.210804005929789,1.22536453326257,0.0242773120708756,0.201007124819657
"step","67182.png",67182,0.17149032102968,0.2066813855894,1.34901337298868,0.0214778165785881,0.198569997978822
"step","67195.png",67195,0.167601198320827,0.20343024896453,1.44258352969485,-0.0344321980127896,0.198075048445832
"step","67208.png",67208,0.176821706335611,0.211839517887773,1.09090850808406,0.0543753065561862,0.206354623863651
"step","67222.png",67222,0.17811956931645,0.213879793739044,1.22450744253361,-0.0960499055047281,0.205130588068451
"step","67235.png",67235,0.172127148393751,0.206465848141846,1.21168453542779,0.00532362672328646,0.198623981307896
"step","67248.png",67248,0.178962879777292,0.213951504590202,1.18282680233984,0.121387266621376,0.208230417879431
"step","67262.png",67262,0.183191347655234,0.218375756251629,1.24997411980971,0.06178935301705,0.209937935331392
"step","67275.png",67275,0.176595069520782,0.211648498715796,1.16221905181635,-0.0280437053825555,0.20342266707789
"step","67288.png",67288,0.155389036938966,0.189274101374763,1.4110373494993,0.0310275544078756,0.187031979162734
"step","67302.png",67302,0.168375187490889,0.202687378467422,1.27779863122124,0.0248597519725182,0.196203577502085
"step","67315.png",67315,0.178853572211247,0.214288854279215,1.12873561907516,-0.0381339715412748,0.208965249139738
"step","67328.png",67328,0.172837312921721,0.206998078559502,1.28109919215202,0.0144636392031378,0.199980429919765
"step","67342.png",67342,0.171728569898541,0.206226670706732,1.22551657265734,-0.0269374390535977,0.201530649594776
"step","67355.png",67355,0.172471814228801,0.207392537006523,1.3073543102789,-0.079407839621175,0.201908783403088
"step","67368.png",67368,0.176319314752187,0.21144989855721,1.25514176368774,0.0505330757016128,0.204355618005443
"step","67382.png",67382,0.176025758910978,0.210993604111062,1.15703420068993,-0.0370247561957683,0.205415293145971
"step","67395.png",67395,0.178496798518054,0.213552234566812,1.17332120012547,0.0530002748592497,0.207136929848195
"step","67408.png",67408,0.180329286887837,0.215328526634048,1.18759825945525,0.0127564166993127,0.207943969458657
"step","67422.png",67422,0.177415901771082,0.212200667642366,1.15433331488993,0.0539798881739547,0.203776250775724
"step","67435.png",67435,0.17867580200199,0.214043726005666,1.195642659902,0.0569905139183442,0.203682248630252
"step","67448.png",67448,0.177663200734963,0.212158999817213,1.29114475476888,0.0131832143675601,0.204095995836786
"step","67462.png",67462,0.18009887802231,0.215672302719476,1.36506174590761,0.0609695062827664,0.205345715202847
"step","67475.png",67475,0.170351184086662,0.204679794305834,1.39447198054369,-0.0112044176142151,0.195793366510838
"step","67488.png",67488,0.173243621226426,0.207558816795083,1.17641958994153,0.0288402417739892,0.199170902361598
"step","67502.png",67502,0.172096224492601,0.206775498921667,1.22654148027559,-0.00606567795725596,0.198537808035059
"step","67515.png",67515,0.172764035923193,0.2072156916556,1.21742480633412,0.0333170712617463,0.198777413470859
"step","67528.png",67528,0.177598258441667,0.212779886036024,1.25730949694136,-0.0319484946567694,0.205273448116054
"step","67542.png",67542,0.166180972661383,0.200571844833685,1.20153322993675,0.0502043431133028,0.199375971784689
"step","67555.png",67555,0.172735466279453,0.207462403134319,1.32712772403181,-0.0292375592193218,0.198136837389869
"step","67568.png",67568,0.167370290018695,0.201962423262149,1.27237731360405,0.0214043363408572,0.196562031842463
"step","67582.png",67582,0.164138338793884,0.198156938594307,1.26628295832542,0.100284554747804,0.195210826568492
"step","67595.png",67595,0.179968013226374,0.214768429209469,1.27584091595141,0.0819066428708282,0.204646300230288
"step","67608.png",67608,0.171927257961137,0.206716280651027,1.17994839043349,0.0369589356369386,0.200461103470496
"step","67622.png",67622,0.174281804314216,0.209151776418369,1.25297037971822,0.0301620825226231,0.202663193289061
"step","67635.png",67635,0.172071052284095,0.206457207381214,1.19045904297307,-0.0541281810271184,0.200947612764416
"step","67648.png",67648,0.172443267627112,0.206855376154265,1.24745245934726,0.00628493260621146,0.199343720214663
"step","67662.png",67662,0.18445784198322,0.219945311422886,1.20001814129502,0.0547703524876568,0.211137352543439
"step","67675.png",67675,0.161144917456418,0.19590360416411,1.4718682071518,-0.058815664974612,0.189534631607147
"step","67688.png",67688,0.168096255033515,0.202374507382713,1.28000069991737,0.0274692003718412,0.197635983388675
"step","67702.png",67702,0.163774072706096,0.197900316896909,1.27508004701676,-0.00906604685039455,0.193272657572626
"step","67715.png",67715,0.179254688432149,0.214680872291508,1.42006348240749,-0.0126752684877077,0.206449412972952
"step","67728.png",67728,0.174414633014544,0.208856623083361,1.2241139533477,0.0510464664957712,0.200556944824124
"step","67742.png",67742,0.171122007566712,0.206367173179859,1.28548218382679,-0.0516661802737819,0.200884611415789
"step","67755.png",67755,0.161596108749868,0.196051803905714,1.27930492326049,0.0450272658970269,0.193826844569291
"step","67768.png",67768,0.180686773027388,0.215834894879039,1.14921696967816,0.0300346995133059,0.208653276443762
"step","67782.png",67782,0.173019754625264,0.207523173791597,1.18153627048372,-0.0285833196782745,0.202185204863968
"step","67795.png",67795,0.169969056621306,0.204790275750138,1.18936443775428,0.018104703105408,0.200104782419333
"step","67808.png",67808,0.181780490068506,0.217637887091422,1.23463043110641,0.0463664004485513,0.211017309370114
"step","67822.png",67822,0.16799196668118,0.202878133204785,1.20058417864383,-0.0348732591017231,0.1977332369932
"step","67835.png",67835,0.175037481357736,0.209624723353207,1.22446132071787,0.0372236062796327,0.201155473108871
"step","67848.png",67848,0.174297764362008,0.209083716521114,1.16895850083232,0.0174831818692967,0.203998300540417
"step","67862.png",67862,0.163380752289231,0.197978334025901,1.28177639643228,0.00524619443308058,0.196398394690911
"step","67875.png",67875,0.172004949375128,0.207668269164989,1.21555966898248,0.0351877593509309,0.202685420956407
"step","67888.png",67888,0.189419910927917,0.224254234242799,1.41549992832966,-0.183877340672557,0.213997027373108
"step","67902.png",67902,0.178393259331405,0.214610873614854,1.36218869210763,0.0159896670843538,0.209231358004212
"step","67915.png",67915,0.176500826256385,0.211089589512004,1.17596699070309,0.0538754017118994,0.203777849413386
"step","67928.png",67928,0.173796140799854,0.208482787794336,1.21574451735927,0.0247968545740155,0.201773984294923
"step","67942.png",67942,0.174964248177041,0.210009749052965,1.1355004733144,0.0268083605273988,0.204485673883222
"step","67955.png",67955,0.178347833299555,0.213587918275663,1.09218212780954,-0.0106128199948383,0.20969665804778
"step","67968.png",67968,0.182028132701772,0.217745705905124,1.41759344643049,0.00061943508406756,0.212356195908337
"step","67982.png",67982,0.173961194064101,0.208595018877393,1.07487150900984,-0.00973257053491339,0.207179750822671
"step","67995.png",67995,0.17013587064941,0.204941437966045,1.22034831967844,0.0415322114566851,0.198772828229391
"step","68008.png",68008,0.179894011216308,0.215273821020222,1.3606392077672,-0.0750474693100909,0.208557720037116
"step","68022.png",68022,0.174377793900329,0.209361515711922,1.19421808360837,-0.00789950531720246,0.20721537207133
"step","68035.png",68035,0.178251474933689,0.212891944615863,1.21914719646014,0.0228043019652917,0.203856205170519
"step","68048.png",68048,0.175745166764906,0.211333435500016,1.23627363644628,-0.0254058352122832,0.209488102568024
"step","68062.png",68062,0.17137102500348,0.206419677989066,1.30423847934208,0.0326680079260675,0.202710311826665
"step","68075.png",68075,0.17008622724066,0.203795469729483,1.12097394257691,0.0119751144088188,0.195728997758915
"step","68088.png",68088,0.181934630319786,0.217879811723549,1.39746819477667,-0.0788256730705643,0.212967649145487
"step","68102.png",68102,0.175398679635391,0.210470285614821,1.22675460465801,0.0231302251228981,0.205175958910062
"step","68115.png",68115,0.182125540080542,0.217625076845267,1.31245273921757,-0.0372111669242357,0.209458608799235
"step","68128.png",68128,0.173344591596968,0.208395045710739,1.28919778793496,-0.0480546699461554,0.204904911797149
"step","68142.png",68142,0.17206803426862,0.206908936891983,1.26940736592795,0.0184354674116144,0.201781976978681
"step","68155.png",68155,0.177899093888973,0.212904878996232,1.2594860449188,0.0636981050501827,0.206016711713129
"step","68168.png",68168,0.179343108868997,0.214387411372671,1.17218868370557,0.029892109373443,0.208913229373788
"step","68182.png",68182,0.182442338147186,0.217654333977523,1.20387553056744,-0.0120941945480454,0.213837494993836
"step","68195.png",68195,0.182895682929549,0.21607353028563,1.22519378004121,0.128409452231305,0.209242551988318
"step","68208.png",68208,0.171519680253588,0.206883135357256,1.28208026829487,0.041823798766248,0.199713844731657
"step","68222.png",68222,0.17056947518491,0.205205767384996,1.1613671878873,0.0249384662307282,0.1997111633581
"step","68235.png",68235,0.170633707260773,0.205526179425555,1.20098594837824,0.0201508828903743,0.199881351930178
"step","68248.png",68248,0.169195225238084,0.203879446105728,1.27102706765863,0.0897559080670995,0.203954797587496
"step","68262.png",68262,0.184612405825523,0.220372385096209,1.21885912052136,-0.0560310336864532,0.218444271215394
"step","68275.png",68275,0.176328744351211,0.211249766725353,1.25009435161566,-0.0277085620309447,0.205971308415452
"step","68288.png",68288,0.168352823308962,0.20368240215326,1.2459942536883,0.0440372020541955,0.19886710841686
"step","68302.png",68302,0.181138586187951,0.215751003404824,1.0749279508807,0.0646369473994733,0.210687544183028
"step","68315.png",68315,0.167127147412484,0.202022014828293,1.22503905830273,0.0405810246219633,0.195075386811664
"step","68328.png",68328,0.169122791434937,0.203682847101597,1.20920703012801,0.0511633692510697,0.196590639445678
"step","68342.png",68342,0.178230028527891,0.21332873261765,1.10366409463602,0.0418892406458011,0.20626154510334
"step","68355.png",68355,0.179216864701612,0.214550777620754,1.20396948034049,0.0607281031743103,0.205713222094564
"step","68368.png",68368,0.17652682378878,0.211657326307568,1.24119998779959,0.0204560775602272,0.204617309288199
"step","68382.png",68382,0.173166434189511,0.208394170145338,1.20460654259177,-0.0452038151804503,0.203013768145703
"step","68395.png",68395,0.178467702176713,0.213595467777202,1.14463822105685,0.0220670308452813,0.207983347378255
"step","68408.png",68408,0.174817786798441,0.209395623354134,1.19174078028004,-0.0335688384040042,0.205120674717964
"step","68422.png",68422,0.18245997600546,0.217397523866044,1.22473112208635,0.0575118892326626,0.208801842927897
"step","68435.png",68435,0.170017045143164,0.20483094264668,1.31152649319738,0.0279017790738336,0.199504479046214
"step","68448.png",68448,0.176695549998464,0.212086231363006,1.17562868124363,0.0436284262914636,0.2061833277567
"step","68462.png",68462,0.168841990657151,0.203681179478446,1.18271460838167,-0.000381699121234425,0.202180222075054
"step","68475.png",68475,0.177198569632015,0.212146106366237,1.37741169917986,-0.0136076696027847,0.206200786212649
"step","68488.png",68488,0.18395192438905,0.219918873761473,1.20085384998822,-0.0187973191012743,0.217459636560339
"step","68502.png",68502,0.180997640618199,0.216430211195004,1.26199047618347,-0.0296799028107319,0.213344696225639
"step","68515.png",68515,0.17851466820743,0.213663294614704,1.34514844918753,-0.0272816540756916,0.20865888697017
"step","68528.png",68528,0.173314526109545,0.208084488731012,1.2536660306201,0.0293714490545795,0.202528570368825
"step","68542.png",68542,0.185972656115896,0.222935207507839,1.17580681500565,0.00844506512824572,0.219836204526365
"step","68555.png",68555,0.184568259619892,0.219949053939564,1.10685437793154,0.0734344948560929,0.212764101377915
"step","68568.png",68568,0.181319459801316,0.215798911975114,1.57889620501598,-0.150937223058787,0.213405697862807
"step","68582.png",68582,0.181590957421774,0.217053287327486,1.20427827125963,-0.0803862742334634,0.214850252167629
"step","68595.png",68595,0.17138004968517,0.207365402274388,1.27024954857736,0.0212418115823749,0.206237031055207
"step","68608.png",68608,0.169786909484856,0.205224174398719,1.36208631690706,0.00612697843457308,0.202109796284756
"step","68622.png",68622,0.173710641885159,0.208143525373355,1.36919463276769,-0.0238527881574091,0.201380000682097
"step","68635.png",68635,0.178119609962405,0.212815235732583,1.38592579640118,-0.0161583440578663,0.207204367616359
"step","68648.png",68648,0.180073375178269,0.215242222899933,1.24337078718764,-0.11718883667398,0.208899119726436
"step","68662.png",68662,0.175385982456974,0.210169534136109,1.24827478336242,-0.0134673027598402,0.207260713158726
"step","68675.png",68675,0.182457077182378,0.217564050132575,1.42457323943723,-0.0895526765907936,0.209629629227698
"step","68688.png",68688,0.178848883099559,0.21466765188356,1.09191542225546,-0.0208227984185943,0.210672740506177
"step","68702.png",68702,0.173140330468054,0.208452455426283,1.28597108134515,-0.00938806857340083,0.205340137471745
"step","68715.png",68715,0.17703776431779,0.21227192334861,1.29350089993843,-0.0484629747455793,0.206587685691886
"step","68728.png",68728,0.176159432586939,0.210896240073434,1.16468524217476,0.0464453919365081,0.205436569875934
"step","68742.png",68742,0.181959403174411,0.216578017221141,1.14374655755977,-0.0947487821146509,0.209347364644471
"step","68755.png",68755,0.177937985633581,0.212583001695546,1.12377681094725,0.0752004030371859,0.209245980608654
"step","68768.png",68768,0.179711014123855,0.21515804432004,1.15707229570566,0.00769421103914952,0.211575810174413
"step","68782.png",68782,0.179450203053727,0.214039572673938,1.20724892222027,0.0577140464114287,0.206995909866441
"step","68795.png",68795,0.175910265058831,0.211065536919952,1.13999420635242,0.0469443921923156,0.205668921709509
"step","68808.png",68808,0.179460539364822,0.21563746478862,1.09428532628503,0.0738354181525056,0.218260118980174
"step","68822.png",68822,0.176362873555606,0.211778533038866,1.2565579763576,0.0361593183087923,0.20490052763861
"step","68835.png",68835,0.184001870256874,0.219350877602358,1.21070642978268,-0.0622843373201497,0.214572132289955
"step","68848.png",68848,0.177352418071762,0.213078539973686,1.1973641989447,0.013003510755895,0.207639126879588
"step","68862.png",68862,0.179222458267956,0.214496646040915,1.20943713900171,0.0226135429545248,0.207587002573848
"step","68875.png",68875,0.178862466366477,0.214591730080882,1.20442316223027,-0.0581689136754174,0.211351495510486
"step","68888.png",68888,0.186959510424271,0.222125990779062,1.20184691767778,0.0536733546658526,0.216304991222623
"step","68902.png",68902,0.179942002531274,0.21615364401709,1.15930664265603,0.00722569810304755,0.216591873166927
"step","68915.png",68915,0.180759837384246,0.216366322255426,1.1001308917481,0.0247399516438707,0.211461618081482
"step","68929.png",68929,0.177558058651839,0.212600128757382,1.1661191901601,0.0234528243560255,0.206687250525576
"step","68942.png",68942,0.173683849239033,0.208745687921858,1.20328143121821,-0.0123443348974668,0.205027330543827
"step","68955.png",68955,0.17869972754074,0.213942344908996,1.21990530204385,0.0296192164479716,0.206475653409813
"step","68969.png",68969,0.177680581446908,0.213011813161919,1.13339913999177,0.0361584436302538,0.206428873813631
"step","68982.png",68982,0.176900725453714,0.21190236957383,1.20728115808886,-0.028578714752282,0.209171310887181
"step","68995.png",68995,0.167992925895873,0.203773043707089,1.20879688778169,0.133245068257908,0.204011293937595
"step","69009.png",69009,0.181428378560076,0.216551932235673,1.14567910731837,-0.00207667146973017,0.210859374759354
"step","69022.png",69022,0.184952734083292,0.220649696830541,1.34519682280658,-0.0565714411289595,0.217955282850522
"step","69035.png",69035,0.182305258866896,0.217363368177757,1.57801694456998,0.169435406160054,0.207373556111503
"step","69049.png",69049,0.177574047791759,0.212788205409429,1.2269439070095,0.0578832392067083,0.206381909327171
"step","69062.png",69062,0.172395850192521,0.20733737008408,1.16981167631367,0.00255906584196697,0.205585377260903
"step","69075.png",69075,0.18189209066407,0.217408689161671,1.31652773664091,0.0505097001261036,0.209424302631312
"step","69089.png",69089,0.181564687396524,0.216866571400779,1.25617042351708,0.00642230582606368,0.21283435235494
"step","69102.png",69102,0.181452943456931,0.217210546824904,1.19896452917075,0.0427919176741688,0.213657949509734
"step","69115.png",69115,0.170265887355817,0.206171004630177,1.22510322984992,0.0202804054948085,0.203877894564751
"step","69129.png",69129,0.179643703701795,0.214263412194564,1.3338147527074,-0.039799680443846,0.211019131872796
"step","69142.png",69142,0.180816568546512,0.215843196182278,1.24598246551952,0.0527663026892964,0.208805769571507
"step","69155.png",69155,0.171283815128662,0.206374436077864,1.24349204728843,0.116639669378185,0.204395267193871
"step","69169.png",69169,0.178921560792186,0.213615209208285,1.24749495857574,0.0546063571834705,0.207341579749346
"step","69182.png",69182,0.178623160399779,0.213129716921752,1.18878821386837,0.0523091793260708,0.20652218529158
"step","69195.png",69195,0.177474221716656,0.213239441267453,1.23179836071144,-0.00953717363014139,0.208215751896483
"step","69209.png",69209,0.189112144268534,0.225298883766421,1.29215205947863,-0.0753348584150928,0.220594418952062
"step","69222.png",69222,0.173300399399868,0.208295430369729,1.3973316513996,-0.0062943696726302,0.208859282253406
"step","69235.png",69235,0.157065686470346,0.191198231295711,1.16638836720914,0.102031214436,0.193573640654028
"step","69249.png",69249,0.179848955755521,0.215640871163469,1.23728301716593,-0.0241462876091479,0.212813919718155
"step","69262.png",69262,0.185727853602176,0.222274141510723,1.13817753859503,0.0439856558195589,0.21944699874649
"step","69275.png",69275,0.172289139139151,0.207920141958577,1.14083202902002,-0.00311613940106897,0.206751415073203
"step","69289.png",69289,0.172896786864878,0.210574052215624,1.32331615515073,-0.0249760201738005,0.211181047339865
"step","69302.png",69302,0.185253191584992,0.219836187045385,1.26284662288716,0.159957038052786,0.211556879622295
"step","69315.png",69315,0.176138056419776,0.211355799491078,1.21099152367572,0.0257426912221786,0.206578947029443
"step","69329.png",69329,0.188552860050522,0.223110383353498,1.25094621775206,0.0837357822594053,0.215785119423255
"step","69342.png",69342,0.170697187872274,0.205451090751134,1.11870063137942,0.0316165410920281,0.201546781601942
"step","69355.png",69355,0.176728999959127,0.212105915363835,1.14957468811116,-0.0031787192957593,0.206365472683834
"step","69369.png",69369,0.179634682727872,0.215129327201734,1.33341578048561,-0.110849084175005,0.2103804749208
"step","69382.png",69382,0.16973281056755,0.204661096430766,1.50279127354609,-0.0610993846859543,0.198218469270618
"step","69395.png",69395,0.173769968474092,0.208379899681566,1.25366462047983,0.00834927796081325,0.200335790651536
"step","69409.png",69409,0.170041366592374,0.20463732732047,1.31318981415656,-0.0525715031645763,0.199754559066435
"step","69422.png",69422,0.179184071564589,0.214636808523059,1.06059167433641,-0.00921623156252749,0.213478869602932
"step","69435.png",69435,0.178721886619795,0.214028690401881,1.23046831298171,0.000604993888495831,0.207278383385676
"step","69449.png",69449,0.178558566592797,0.213952171679072,1.101296170471,-0.0359103479987506,0.209988326835259
"step","69462.png",69462,0.180264005616064,0.216750902705579,1.18558109588871,0.00191635240934482,0.210545418278922
"step","69475.png",69475,0.181317461108524,0.217018570882774,1.24219810718525,-0.0664461714640234,0.210876632000099
"step","69489.png",69489,0.182323464828776,0.218638245493551,1.3008692810759,0.0183175127566078,0.215381508932874
"step","69502.png",69502,0.179957830059098,0.215192104726665,1.30044167015376,-0.0360260228844297,0.213540066094724
"step","69515.png",69515,0.188821989682949,0.223125499721905,1.1548338323466,0.062703567870171,0.218424424552506
"step","69529.png",69529,0.187176348503253,0.222812981588533,1.19863339512727,0.0677123346496223,0.213074936710563
"step","69542.png",69542,0.176028822800332,0.210916651636979,1.25695765265174,0.0497775610885453,0.206959483734837
"step","69555.png",69555,0.176293495245756,0.211113984400933,1.18669692870734,0.0451652147935976,0.207320986094091
"step","69569.png",69569,0.185803391701384,0.221655006281779,1.33373824541136,-0.043076585038834,0.215877286863702
"step","69582.png",69582,0.185238470977172,0.220989989189941,1.17961429356555,0.00303292301909308,0.214033871448683
"step","69595.png",69595,0.172749704949087,0.208099076598967,1.24603158342078,-0.0393532058090116,0.205006604009522
"step","69609.png",69609,0.186474894577649,0.221654087857596,1.32727655968716,-0.0922226707187003,0.213339109491345
"step","69622.png",69622,0.178674878453732,0.214185504256107,1.26186050992346,-0.076040271058891,0.211674930798941
"step","69635.png",69635,0.182059157034789,0.217823919506833,1.29440198488973,0.0222119197318461,0.211454799052699
"step","69649.png",69649,0.179846260841549,0.215322914218158,1.3304427226916,0.059188967797746,0.209438484053138
"step","69662.png",69662,0.186043491477455,0.220891936572303,1.14739732929201,0.0584329017020572,0.217601367687415
"step","69675.png",69675,0.174871133743884,0.209782681608899,1.23142093155714,-0.0437429926519145,0.207390591210483
"step","69689.png",69689,0.182858778119582,0.218857791005678,1.3053590343837,-0.132255597172743,0.21244992450221
"step","69702.png",69702,0.175614152897662,0.210573200076702,1.17081848858567,0.0520109934367554,0.205842827349755
"step","69715.png",69715,0.176712523682912,0.212151702940968,1.34029649261011,-0.0580877571351708,0.203737562001414
"step","69729.png",69729,0.171670513343979,0.205618528617925,1.51475341232273,0.0829068126229447,0.198289939209355
"step","69742.png",69742,0.182093059685834,0.219741037458582,1.01384477134498,-0.00882647020922064,0.224036258689228
"step","69755.png",69755,0.18011271909345,0.215342112808761,1.22390033295773,0.0114951818934916,0.208587197528544
"step","69769.png",69769,0.170908193093736,0.206075362234618,1.20677689050117,0.0212503400373026,0.202341166017574
"step","69782.png",69782,0.18766364214397,0.225685001375826,1.35248300143874,-0.0272270115850071,0.223825965106565
"step","69795.png",69795,0.180114486148998,0.216800645020464,1.27093248794166,-0.0243227910593271,0.215275736500747
"step","69809.png",69809,0.180760953261936,0.217691300361469,1.32362954384934,-0.0028321694211326,0.21467063534865
"step","69822.png",69822,0.177929068444591,0.21367964895596,1.03081354967962,-0.031513195306664,0.214347430540671
"step","69835.png",69835,0.182346993861686,0.217482100419345,1.31206501490477,0.0411514062358111,0.215325560220711
"step","69849.png",69849,0.181366476133562,0.21689538349509,1.14152234568448,0.0673982985977802,0.213979445292915
"step","69862.png",69862,0.182155912463525,0.218452182923132,1.31971827191563,-0.119777865538144,0.211184009008336
"step","69875.png",69875,0.158177241489719,0.192403640066048,1.15193536480074,0.0387518165414108,0.193971885450197
"step","69889.png",69889,0.181397906686036,0.217634484212043,1.10562558568989,0.0282599186837837,0.210217074554366
"step","69902.png",69902,0.176885754791782,0.212142612266384,1.18546165563931,0.0373275976720031,0.208396289528566
"step","69915.png",69915,0.177150197370029,0.213030834804122,1.19972518900317,0.00759900368427366,0.207582786281558
"step","69929.png",69929,0.17253624446039,0.207846520913731,1.31322989479162,-0.0237645833458857,0.209021596362083
"step","69942.png",69942,0.167705957678324,0.204167350055852,1.21878021896043,0.0199160059402832,0.206288291954378
"step","69955.png",69955,0.181521240434909,0.217696602451777,1.25505938607951,-0.0503406290494039,0.214049158504886
"step","69969.png",69969,0.177870081980944,0.213087554346113,1.17674761071275,0.0594210546446055,0.208632960015087
"step","69982.png",69982,0.177857134470312,0.213251524744695,1.29219849883665,-0.0458576745711772,0.210608307420434
"step","69995.png",69995,0.176031905394193,0.211747235265952,1.26362475910062,-0.0190534762774669,0.208264790345198
"step","70009.png",70009,0.167213119074066,0.201860120106896,1.29696634185638,0.0154159789251487,0.198816634469653
"step","70022.png",70022,0.18090689005205,0.216920353172511,1.23842342931112,-0.0800812786391003,0.212185413044015
"step","70035.png",70035,0.178161097697444,0.214105066371458,1.27661440669199,-0.126391021408028,0.207582978995258
"step","70049.png",70049,0.175507691457331,0.211178208465321,1.22147139011145,-0.0030663260599938,0.209811595153269
"step","70062.png",70062,0.183340587758696,0.219759791095761,1.55056766847966,-0.0183470487572349,0.217862290389358
"step","70075.png",70075,0.183294894801253,0.219321070498789,1.39120408800982,-0.0356976017748654,0.214234535045384
"step","70089.png",70089,0.182305842007149,0.220526959180314,1.27633114220911,0.0207868038433589,0.215821119369735
"step","70102.png",70102,0.18900196825805,0.226282321948968,1.19929717741,0.00325405680265672,0.221789926613272
"step","70115.png",70115,0.183436593778783,0.219153987159833,1.35722505327192,0.114360972081422,0.220511214165711
"step","70129.png",70129,0.177335302592256,0.214309227544529,1.28438560515807,-0.0211977741200076,0.215323368269854
"step","70142.png",70142,0.192264147380428,0.22873912341262,1.14895059600326,0.0438293595165183,0.227647729411641
"step","70155.png",70155,0.18445451958988,0.220397285882541,1.35159612345054,-0.0454884564771687,0.213572729085306
"step","70169.png",70169,0.178585437805348,0.214572252695102,1.2420463637706,-0.056922745936411,0.209070184877207
"step","70182.png",70182,0.173610276809265,0.209104254543656,1.2391791492084,0.00246914624277136,0.206842790691991
"step","70195.png",70195,0.171160758474762,0.206484892658395,1.45171028140707,-0.0111247692180986,0.204097124616934
"step","70209.png",70209,0.187007661468719,0.223165695688412,1.28671338403638,-0.074118303082012,0.220487095308243
"step","70222.png",70222,0.183657294076987,0.219637733972378,1.37691983102041,-0.0572259905335256,0.21378718183885
"step","70235.png",70235,0.179969108724334,0.215912053153384,1.28751097646689,-0.113103458920853,0.210075019476118
"step","70249.png",70249,0.180003504249416,0.215576740068793,1.29343691999128,-0.0265363108504574,0.211147198987308
"step","70262.png",70262,0.181733402553658,0.220604610991323,1.1674253698466,0.0237419163506597,0.221019950311291
"step","70275.png",70275,0.178953462204251,0.213654229482152,1.20362737174801,0.0508086336449257,0.210990484334524
"step","70289.png",70289,0.172750176044538,0.209816374099267,1.34369502808875,-0.0640541565055671,0.214385495477617
"step","70302.png",70302,0.177838136604955,0.214241301319874,1.16266067993123,-0.0827465323600397,0.213862443405187
"step","70315.png",70315,0.181126605604056,0.216718546218291,1.28167843133471,-0.0558330363585329,0.215012676189241
"step","70329.png",70329,0.177896200814,0.214691489963007,1.14696300071442,-0.0825983459297413,0.218470634120792
"step","70342.png",70342,0.1791431880599,0.214159563651727,1.33272479262474,-0.040531021561533,0.215075530057106
"step","70355.png",70355,0.181341730151298,0.216171082510662,1.28858640799798,-0.0878742533134173,0.216480190462968
"step","70369.png",70369,0.179308143958112,0.215520169260216,1.13368776763116,0.0326241000328512,0.213233725697838
"step","70382.png",70382,0.182934456322368,0.219792407548588,1.28330232598745,-0.0744492271503307,0.21557325910303
"step","70395.png",70395,0.183908672904672,0.220170585677128,1.48634581940885,-0.107297508291453,0.21630182663452
"step","70409.png",70409,0.175059768521708,0.211050799328518,1.25837550057131,-0.0251026132409443,0.212364333462942
"step","70422.png",70422,0.177334716062415,0.21341486595984,1.29252814946875,-0.110842095464418,0.208537102343194
"step","70435.png",70435,0.180112731225328,0.215825226903429,1.4686133737155,-0.0242980353543164,0.217577340039492
"step","70449.png",70449,0.185610838253717,0.220734541066749,1.21245341267034,-0.00887257616695264,0.217546570120771
"step","70462.png",70462,0.177329421267191,0.213235058815389,1.15065007312174,-0.0299865418124712,0.213158213607033
"step","70475.png",70475,0.171695550077645,0.207387791488978,1.35020587978003,-0.0556319067893162,0.203711885390316
"step","70489.png",70489,0.178893514467397,0.215432170392932,1.25228055609033,-0.094243468709945,0.207931532559072
"step","70502.png",70502,0.181675136175366,0.218846639671473,1.31384440059955,-0.075907047924629,0.218635679019701
"step","70515.png",70515,0.189868975811018,0.226949550283552,1.41326433914388,-0.0685488887850053,0.227164470059614
"step","70529.png",70529,0.193278044819836,0.231225732671441,1.21896420255528,-0.0328650864589038,0.236986075613884
"step","70542.png",70542,0.180458702822035,0.217077249136874,1.22867867265022,-0.11412200874105,0.214166995553538
"step","70555.png",70555,0.16945828132496,0.205130839615063,1.30060509852133,0.00855492769503086,0.205484755735805
"step","70569.png",70569,0.17471859900976,0.210380712849189,1.26789101237019,-0.0550110976807097,0.20630766979717
"step","70582.png",70582,0.182835965825412,0.219599106932567,1.25165532014836,-0.0547094533430381,0.213150599926535
"step","70595.png",70595,0.181448733497528,0.217886224029067,1.27073567978024,-0.087875590692254,0.210798332509203
"step","70609.png",70609,0.172708726816912,0.208170589456379,1.15482938917695,-0.00875873743575042,0.207001841554297
"step","70622.png",70622,0.170359337691677,0.205266277435812,1.16230449966162,-0.000940683354184152,0.204519133636779
"step","70635.png",70635,0.175419606561513,0.212008417187454,1.29006659984037,-0.14985314994289,0.209573345226977
"step","70649.png",70649,0.183739752819042,0.221952936206384,1.28727466833353,-0.0350021550129376,0.216262613414437
"step","70662.png",70662,0.177065296050366,0.213078192957972,1.2834684127933,-0.0313980437247928,0.209011136838181
"step","70675.png",70675,0.178658472328847,0.213878722481787,1.27609265815934,0.00131513825488816,0.209825368946581
"step","70689.png",70689,0.174347720156629,0.210869400978043,1.36254270577992,-0.0711305757334102,0.214608848619027
"step","70702.png",70702,0.177845028665749,0.215895679638519,1.20073694941694,0.0131378298523869,0.214052964226682
"step","70715.png",70715,0.173590660281715,0.209833985792863,1.33430760934043,-0.0492499892945476,0.206018158967325
"step","70729.png",70729,0.178814817071888,0.215361012618088,1.24587630745204,-0.0408871891890319,0.214433462243995
"step","70742.png",70742,0.18267640353082,0.219017735466486,1.40734257985577,-0.077257778900735,0.2118849444368
"step","70755.png",70755,0.181356420523487,0.217266290871014,1.25260928385182,0.0120340227004202,0.212201814310018
"step","70769.png",70769,0.177180309889173,0.213164734699143,1.24301424018072,-0.0695827708666126,0.212275837908971
"step","70782.png",70782,0.173476901778843,0.20673590751242,1.47558991869264,0.121778238093274,0.207785098447547
"step","70795.png",70795,0.17223750636993,0.207803455012429,1.32798945129885,0.0158310753518521,0.204350976520095
"step","70809.png",70809,0.180760259034224,0.217134625357821,1.29445952942235,0.0374471440812504,0.213015666027584
"step","70822.png",70822,0.178918253785709,0.214893299288164,1.35030214939986,-0.0653627872375271,0.210298302828036
"step","70835.png",70835,0.175858966019572,0.211847177206692,1.38735443886035,-0.0521733349213281,0.206082933650661
"step","70849.png",70849,0.174180532613275,0.209282788550845,1.26836865709832,-0.0452479046815177,0.205753773413033
"step","70862.png",70862,0.184200651383466,0.220846491413113,1.29625476727158,-0.0220138540436285,0.218438753738096
"step","70875.png",70875,0.174278162817007,0.211027171455556,1.48088033133548,-0.0312967345601915,0.209232474906007
"step","70889.png",70889,0.179875281871451,0.217750501896948,1.45912182053631,-0.0576041213723094,0.219111666203814
"step","70902.png",70902,0.180401630271524,0.217085970967146,1.29971118118012,-0.0275740209517967,0.213975439628758
"step","70915.png",70915,0.175298287798616,0.211382910031276,1.19082985242739,-0.0133223772241066,0.210430867854616
"step","70929.png",70929,0.178377085794321,0.214126364809223,1.37019482096352,-0.0731196899266312,0.211546926524194
"step","70942.png",70942,0.172872059178124,0.209248795038794,1.3536952606946,-0.0898484717056923,0.203664229936334
"step","70955.png",70955,0.168270307206725,0.203660186142578,1.31140914786842,-0.0870391078281358,0.20150454396389
"step","70969.png",70969,0.178004186048641,0.214043958163622,1.38704763398052,-0.0751673739422301,0.208229762399705
"step","70982.png",70982,0.182876184849818,0.221134419838585,1.30466096394707,-0.148233769500808,0.212251479225185
"step","70995.png",70995,0.184468692750709,0.220972182893378,1.42616953348985,-0.0741686256753414,0.213937911349192
"step","71009.png",71009,0.17941135276474,0.216082214105706,1.18319433128196,0.0650697446396581,0.213772980784973
"step","71022.png",71022,0.192558456996029,0.231570017459427,1.40470043505054,-0.0886078693529711,0.225539345728153
"step","71035.png",71035,0.187648417576599,0.225876724258373,1.21352546339633,0.0201443467329344,0.223206947582744
"step","71049.png",71049,0.178168398049735,0.21406763531236,1.29619749701023,0.00871819294829992,0.209062659432245
"step","71062.png",71062,0.188391306696485,0.226710300278525,1.41891675810907,-0.161581409144704,0.220876874571058
"step","71075.png",71075,0.182186394558898,0.218152450912968,1.24062438091733,0.0716892937791083,0.216711297641346
"step","71089.png",71089,0.182432311291618,0.219128425214548,1.21315733347165,-0.0274451792444025,0.218416092850337
"step","71102.png",71102,0.185648216439085,0.222796880235009,1.44306444115393,-0.111121345671096,0.217636492491901
"step","71115.png",71115,0.176306897929354,0.212640183766934,1.14577389381581,0.00422099867051134,0.21128632919131
"step","71129.png",71129,0.189971825846271,0.227080677954502,1.27508648184748,0.12798763877491,0.221201014840401
"step","71142.png",71142,0.181319882811544,0.218327074154681,1.16013571983587,-0.0319670267297508,0.216786138184627
"step","71155.png",71155,0.18880052030588,0.226909151704377,1.43702308863475,-0.134794942662158,0.219790303749084
"step","71169.png",71169,0.190185445024108,0.231054860073355,1.43069206986256,-0.0825863299792419,0.233653876185225
"step","71182.png",71182,0.18585357906503,0.22312703617315,1.38455977430008,-0.173195396754696,0.219866360924103
"step","71195.png",71195,0.180990620633007,0.217081230350905,1.19208213769907,0.0227422978242902,0.214620445534436
"step","71209.png",71209,0.190158114826931,0.227567782166094,1.24371999482495,0.106051076763024,0.221746428620517
"step","71222.png",71222,0.184047376765593,0.221336091730703,1.43126546571026,-0.110700713114802,0.218556140136852
"step","71235.png",71235,0.184012220859654,0.220891865805747,1.28942103692761,-0.0970794618374767,0.218166467391231
"step","71249.png",71249,0.188840555563944,0.226775803111015,1.14387305053713,-0.195263422694476,0.227085571233757
"step","71262.png",71262,0.179263810333671,0.216933399825168,1.21626921914183,-0.0760373581940691,0.218073543246839
"step","71275.png",71275,0.188771828069259,0.22615825321041,1.41201810679829,-0.0974649172133806,0.221422020053544
"step","71289.png",71289,0.177258458993557,0.214793421598768,1.19332438681203,0.0338293467197703,0.215568155487708
"step","71302.png",71302,0.185133535712077,0.222150223213347,1.25497201322733,-0.0834782580962795,0.220528619353926
"step","71315.png",71315,0.178167090191682,0.214208140005963,1.24527929296524,0.00820014685577192,0.209838268503751
"step","71329.png",71329,0.185238129565479,0.222820128925374,1.33732265820906,-0.126335781053528,0.218819214335739
"step","71342.png",71342,0.183671500246819,0.221132404714664,1.25216306293908,-0.00743742845427245,0.218059576767695
"step","71355.png",71355,0.176906713434241,0.212779185051283,1.44471240196435,-0.013163262145017,0.212098248019482
"step","71369.png",71369,0.174806754369601,0.21131892323329,1.26531331363438,-0.0680929396053489,0.2103063865071
"step","71382.png",71382,0.176880050344307,0.21348954142447,1.41305694763481,0.00774718164007196,0.210932670260368
"step","71395.png",71395,0.190948532064849,0.229797157435711,1.1839025706038,-0.0367917989232818,0.226007181522482
"step","71409.png",71409,0.186575576834839,0.225344712829529,1.53376289059173,-0.0537472330675731,0.218710184125315
"step","71422.png",71422,0.180101540676685,0.216674465542739,1.38216141487379,0.0800541390872894,0.215115044441516
"step","71435.png",71435,0.197966373614933,0.235942869749507,1.44776656232204,0.0888802447268786,0.228140962173033
"step","71449.png",71449,0.181084745900847,0.218552202220754,1.3464176622915,-0.0719627288186823,0.220286598976048
"step","71462.png",71462,0.177289370348564,0.213379450383391,1.36719575908961,-0.12191267856015,0.20889085198837
"step","71475.png",71475,0.182330494153763,0.218372363619023,1.40740445969564,0.111463730986005,0.21371571606622
"step","71489.png",71489,0.182584435361787,0.220071853084001,1.16756456293923,-0.0444588341650985,0.224116830729403
"step","71502.png",71502,0.183236106506721,0.220395094651595,1.37363984340854,-0.111800851715062,0.215817972406628
"step","71515.png",71515,0.191646300656934,0.23012114699161,1.10062960993318,0.0620192314601954,0.228994753019866
"step","71529.png",71529,0.186726511628622,0.225159129545104,1.2529897967307,-0.121667214232846,0.219958691691712
"step","71542.png",71542,0.181571569095035,0.217176585992695,1.43281718238317,0.147282327602011,0.210709295080669
"step","71555.png",71555,0.173456330915209,0.209460363177598,1.35214456670264,0.00202841809168322,0.204536636877927
"step","71569.png",71569,0.184407299432441,0.221567993320417,1.4477256500534,-0.0523616217826669,0.217954411344952
"step","71582.png",71582,0.184830566630886,0.222324479772363,1.23400215062267,-0.044100025376926,0.221567332290917
"step","71595.png",71595,0.186785910696647,0.223892279827776,1.24937762612991,0.0100954423238858,0.223225522295014
"step","71609.png",71609,0.189899495609679,0.227990172781462,1.19670803641361,-0.00701833217625492,0.226841060676821
"step","71622.png",71622,0.190645670364508,0.22850493579601,1.21662216867696,0.00642535636572578,0.226103250706787
"step","71636.png",71636,0.17962586498311,0.21634773934629,1.20568289678359,0.0265366745069526,0.213643965749755
"step","71649.png",71649,0.18200218350419,0.21922285986703,1.30514481577907,-0.0502486517736136,0.215169011578962
"step","71662.png",71662,0.180906394881804,0.218213973927667,1.32953594098965,-0.075282062622233,0.214491453352223
"step","71676.png",71676,0.183197352109984,0.220766087876666,1.37973501660924,0.00682335235960918,0.223804808233272
"step","71689.png",71689,0.18179825602493,0.21885919979268,1.18994411120114,0.0370962334609636,0.217600165873383
"step","71702.png",71702,0.18597417205896,0.223900456971172,1.05170216978123,0.0201170915733386,0.221179010337371
"step","71716.png",71716,0.181800035362876,0.218863373092993,1.31819205559899,-0.00262614508545309,0.21680256025357
"step","71729.png",71729,0.17585181883114,0.212954289603573,1.42819546444321,-0.0140579323497335,0.209343095228703
"step","71742.png",71742,0.203521822321585,0.243148041988958,1.28617772418399,-0.14592442851397,0.236529114514104
"step","71756.png",71756,0.20197554907729,0.242600314256464,1.193860811458,-0.161487953347864,0.240197383835319
"step","71769.png",71769,0.190455813337701,0.227438302869793,1.18885429752427,0.0658554842771794,0.226439285648812
"step","71782.png",71782,0.186456034778069,0.224049061631425,1.29351145529266,0.0254517385162818,0.219599297965947
"step","71796.png",71796,0.181698930038774,0.218968808938477,1.26628151867171,0.0460137497364498,0.216254232510917
"step","71809.png",71809,0.179953248479204,0.216848292035854,1.33733490048648,-0.0682440067128205,0.21583172319292
"step","71822.png",71822,0.193967126260348,0.233078622387068,1.05604788946374,-0.0136700848027037,0.236031115556195
"step","71836.png",71836,0.191140353347115,0.229168137123768,1.20881710785921,-0.0753522747686752,0.230903805944256
"step","71849.png",71849,0.19191214697403,0.232063556491611,1.42296874027002,0.103047641520519,0.225975025875656
"step","71862.png",71862,0.194817115584106,0.234050493745379,1.25863206230878,0.067260494350874,0.229299395156089
"step","71876.png",71876,0.188400112871386,0.226687439478241,1.28784188856168,-0.146825735633132,0.228935614511667
"step","71889.png",71889,0.198914089643401,0.238762839785841,1.09618618444507,0.020614155883214,0.236792290503045
"step","71902.png",71902,0.184775737437497,0.221805690394492,1.13886133740003,0.00419840702637228,0.221074032129015
"step","71916.png",71916,0.18996223248789,0.229085563289597,1.16924189438432,0.105204875355231,0.226308942826314
"step","71929.png",71929,0.192442756379896,0.231114991213501,1.44306068681227,-0.147375808591885,0.22440130497026
"step","71942.png",71942,0.184885340723808,0.225990975555459,1.63050234829825,-0.151823656298827,0.23015903167052
"step","71956.png",71956,0.187252801705847,0.225155075012144,1.22943311347383,-0.0763705615256869,0.220136395635262
"step","71969.png",71969,0.175086829243258,0.211027887104721,1.10322636666019,-0.0257416284934633,0.215178638916782
"step","71982.png",71982,0.192286398520754,0.229890317341474,1.29259767105263,-0.0431688015844426,0.230339198474046
"step","71996.png",71996,0.201263483630568,0.24077636788721,1.15617734086735,-0.114503333134554,0.235626016595813
"step","72009.png",72009,0.189495964143782,0.227540677882485,1.25264015745935,-0.0693653320568558,0.223948199703661
"step","72022.png",72022,0.19777247001209,0.236564057194511,1.3100421059783,-0.0935348167003664,0.233949540415302
"step","72036.png",72036,0.192034958177047,0.230531060381411,1.20361552091016,-0.0764908240747659,0.227273243850972
"step","72049.png",72049,0.188012463095635,0.225408482418806,1.35499510801258,0.0416010282861185,0.224853043771063
"step","72062.png",72062,0.192295604794025,0.230136332898482,1.20449737089443,0.0725984565884235,0.227366023592248
"step","72076.png",72076,0.189272964996125,0.227881351894561,1.24729866259447,0.0302039306372012,0.222780452999246
"step","72089.png",72089,0.190698740429089,0.227759785327491,1.20610981193497,0.0311442094731806,0.225576063597984
"step","72102.png",72102,0.19423385825231,0.233318872546772,1.31391620726703,0.0243149426990835,0.233528692989279
"step","72116.png",72116,0.18916453913785,0.227272256405454,1.1519487042379,-0.0381418393122983,0.224742516657673
"step","72129.png",72129,0.184040715486736,0.223465441829129,1.22028560107374,-0.166356663861787,0.229144898220689
"step","72142.png",72142,0.195954365317145,0.233453167859248,1.24284754189641,0.0584714491578881,0.233140965584786
"step","72156.png",72156,0.18632917206151,0.22237559282052,1.43973956793215,0.0217974816202037,0.219679141428261
"step","72169.png",72169,0.179178518916371,0.215542749019857,1.37717154403763,-0.0231339092040992,0.212172886291892
"step","72182.png",72182,0.180867265669682,0.220330326744787,1.44642423626745,0.0166899803792759,0.219450071220624
"step","72196.png",72196,0.179991413815627,0.217944168714316,1.32198848570395,0.124144348612416,0.215425862271828
"step","72209.png",72209,0.1856741327048,0.222906725059555,1.352769473611,0.10093630621292,0.21886191089933
"step","72222.png",72222,0.185990472888271,0.223295235241681,1.2753206689998,0.0341316192587147,0.221305245307969
"step","72236.png",72236,0.18854935808769,0.226483838095369,1.30654663590739,-0.0467329134383686,0.223166666549213
"step","72249.png",72249,0.192392470724746,0.23005585338604,1.21320543138048,0.0123092777712681,0.228529544846967
"step","72262.png",72262,0.189684504109748,0.226854896416629,1.22221980609039,0.0784400788122628,0.225105360945122
"step","72276.png",72276,0.196053620955112,0.235151171133862,1.1802499856874,-0.0423849345321176,0.238282852899113
"step","72289.png",72289,0.20752857771535,0.246998125380825,1.36701800445332,0.200722503692219,0.2429849574237
"step","72302.png",72302,0.188484628112639,0.226038236514639,1.31475232796347,0.0840603898228247,0.221882588935643
"step","72316.png",72316,0.196173340898912,0.235313528138978,1.35196110278349,0.117299535352578,0.228761132332485
"step","72329.png",72329,0.200375245079077,0.241912898213024,1.08697373820151,0.0587612149677728,0.243918520142183
"step","72342.png",72342,0.189093542245098,0.227119678507879,1.39108979807192,-0.0229163167514128,0.224592710100305
"step","72356.png",72356,0.197325994273637,0.236969741047126,1.43220756554802,0.123282235073711,0.232993789804928
"step","72369.png",72369,0.188768110527802,0.226714489690708,1.32068190123283,-0.0624103542986937,0.22108918931302
"step","72382.png",72382,0.19573440856501,0.234450338819351,1.24229654839583,-0.00994557326713241,0.233028785676307
"step","72396.png",72396,0.205180159489217,0.245549058807227,1.2082231753023,-0.0493637272067562,0.249343327856562
"step","72409.png",72409,0.196074447463198,0.235522053809406,1.11109599356992,0.0517829821712594,0.235788992092319
"step","72422.png",72422,0.192030875513593,0.229787348099395,1.30533003705078,0.0366659956672793,0.225434384458072
"step","72436.png",72436,0.193768659808688,0.231601518577034,1.21192597067487,0.0541984070654829,0.229050860102454
"step","72449.png",72449,0.203046345559145,0.241848608675229,1.15599759532055,0.0759458794415603,0.241438177767797
"step","72462.png",72462,0.217058698632902,0.259011574762296,1.17862043138892,-0.146620802281042,0.253298742661417
"step","72476.png",72476,0.196713427541873,0.235086536906361,1.2828022986601,0.0401214250364114,0.232555869897191
"step","72489.png",72489,0.188259167822843,0.22497016410996,1.2309486107254,0.002165618981677,0.223537230176028
"step","72502.png",72502,0.195456672042186,0.234518086834026,1.13016099746304,-0.0318546031813038,0.234271071808474
"step","72516.png",72516,0.190157912634204,0.227579490231022,1.23104462707912,0.0977834469933484,0.224384817858944
"step","72529.png",72529,0.193069820941082,0.231768827850107,1.15823078386784,-0.0331998345358475,0.229229932574988
"step","72542.png",72542,0.198411863834288,0.237049632117342,1.26477205581779,0.00712215436669722,0.235416078307766
"step","72556.png",72556,0.192554909865179,0.23142520814476,1.11281169346133,-0.0139412366709318,0.229208672944893
"step","72569.png",72569,0.191252127431723,0.22908874352485,1.23867477238888,-0.0443105533823644,0.229515222548358
"step","72582.png",72582,0.199988344458243,0.239193921381835,1.12758804665044,0.0908847388175175,0.237004146723567
"step","72596.png",72596,0.194383583922328,0.232560898463707,1.22342405104645,-0.00537198811926065,0.234645593697086
"step","72609.png",72609,0.192545459509027,0.231467930054459,1.26491700732254,0.044301630409588,0.228749735157912
"step","72622.png",72622,0.190941139532248,0.229370993276435,1.15609397500468,-0.0190345538844046,0.225398228815935
"step","72636.png",72636,0.196602828598454,0.235282092224979,1.19508889961087,0.0159649832949078,0.231991367018253
"step","72649.png",72649,0.203235790940501,0.243748171335522,1.07539048860121,0.0307077893744303,0.243553524812411
"step","72662.png",72662,0.198997825349472,0.238061128090957,1.3381979722012,-0.0268309904265062,0.241447868744762
"step","72676.png",72676,0.195064726547502,0.233364488677337,1.22580863895334,0.12593931002318,0.233070313349996
"step","72689.png",72689,0.195107693757216,0.233457482860886,1.10979752371847,0.0507790138462796,0.231170289838758
"step","72702.png",72702,0.193566196557696,0.231779620372755,1.27835587365237,0.0475006743286554,0.228925898335658
"step","72716.png",72716,0.187539476477531,0.225213490480013,1.16094667584234,-0.00516664235774397,0.225220591842297
"step","72729.png",72729,0.190756462243309,0.228126940570562,1.17094659666101,0.0528494094097781,0.226559901842586
"step","72742.png",72742,0.190100804841961,0.229906291029277,1.39276813256261,0.167766111224647,0.2289358530353
"step","72756.png",72756,0.185006868945788,0.222043343347426,1.38150505591691,-0.0159084196221911,0.220296100024958
"step","72769.png",72769,0.186132456657697,0.223623260594309,1.32972531806319,-0.0432057685513978,0.219770075747671
"step","72782.png",72782,0.18868333719112,0.227023722331662,1.13385226711263,0.119108391403043,0.231586078390835
"step","72796.png",72796,0.189877956793297,0.227901060400146,1.37047535574182,-0.0505008766112029,0.22830198786168
"step","72809.png",72809,0.187487763816351,0.226019121125695,1.15033735634742,-0.0331234748381216,0.226645884358585
"step","72822.png",72822,0.183370298430288,0.22039856000017,1.25571866030818,-0.00358249849831951,0.220052791893426
"step","72836.png",72836,0.198588452661979,0.23845501934096,1.12844358290961,0.12298619730756,0.232445401028825
"step","72849.png",72849,0.196490893189706,0.235023666850097,1.11702528750683,-0.0123032728411282,0.232810043633555
"step","72862.png",72862,0.193784608029492,0.231777225140626,1.21091535499976,-0.00702332072880454,0.228558575138391
"step","72876.png",72876,0.185383530106833,0.223299783345416,1.44414301111654,-0.0267438429028554,0.22387141618123
"step","72889.png",72889,0.189163555569242,0.22699645880492,1.40699908145929,-0.0691740638429076,0.230039816834404
"step","72902.png",72902,0.189070370750214,0.226068362889093,1.40207663176753,-0.0326832625230706,0.226565462136199
"step","72916.png",72916,0.191994194534036,0.230536608455005,1.41787125082132,-0.0932380527486103,0.228139088305042
"step","72929.png",72929,0.178183660453931,0.214839919982582,1.35398447373501,-0.0028788229360609,0.213016565185954
"step","72942.png",72942,0.182601519686058,0.222121593860821,1.49142296680712,-0.0369824115212199,0.221846537227015
"step","72956.png",72956,0.187882183847392,0.22475328421933,1.20490897731359,0.129238226539749,0.221305635984426
"step","72969.png",72969,0.198162564153657,0.237863043179258,1.40388297278589,-0.0476341040263945,0.233854209085028
"step","72982.png",72982,0.181872684938028,0.218509930905191,1.42353095696871,0.0977843874704806,0.215825847404812
"step","72996.png",72996,0.201219681974644,0.241498586669376,1.70187836600283,0.102540546190403,0.243542169788023
"step","73009.png",73009,0.182737259931313,0.220901143719665,1.36160680735708,-0.0151862597377998,0.219273847862677
"step","73022.png",73022,0.187349990857289,0.224496232930297,1.35598550114661,0.01845236266787,0.219637131760643
"step","73036.png",73036,0.192974731359599,0.231971781383546,1.17174814695685,-0.104785139799655,0.227064070925604
"step","73049.png",73049,0.182647221869185,0.219846016393588,1.50113468577928,0.0293572456781183,0.215899256354571
"step","73062.png",73062,0.184762649234696,0.22190734885101,1.33075517770606,-0.033555386595947,0.218016724075975
"step","73076.png",73076,0.180043005694812,0.21665457612794,1.40744593324636,0.0802807443898882,0.215614809436636
"step","73089.png",73089,0.189285500283398,0.227030447651715,1.27022026993403,-0.0291677129921844,0.227763641089569
"step","73102.png",73102,0.179056829664791,0.215614006214042,1.28382511760229,0.013958832246509,0.212919806671291
"step","73116.png",73116,0.182781478012796,0.220506192655919,1.30051189073489,-0.0316049085079386,0.220506150976409
"step","73129.png",73129,0.197848827495184,0.235825507889747,1.43957233695492,-0.0887752663436318,0.230893494794846
"step","73142.png",73142,0.190122972351785,0.231198162520532,1.25006043359274,0.00579405125992846,0.226234588778217
"step","73156.png",73156,0.177779927055826,0.215133201583784,1.40921157614361,-0.0411365050737352,0.213921264619536
"step","73169.png",73169,0.174421680273163,0.211260384645809,1.41506091455289,-0.0389599554056973,0.207165859363987
"step","73182.png",73182,0.184510339024432,0.222601364283557,1.33364221411246,0.0990204213538036,0.221254761866269
"step","73196.png",73196,0.210584504766469,0.251650793974934,1.34768899428293,-0.0667970016765113,0.247554186945226
"step","73209.png",73209,0.181408341672286,0.219198513647155,1.27875987066068,-0.0841775685681795,0.217016737539413
"step","73222.png",73222,0.177720980717335,0.214472584826858,1.19082680418941,-0.0338181565963918,0.213556124575671
"step","73236.png",73236,0.178879100027774,0.21539901113454,1.37786345197086,-0.0539240994666096,0.211381486475232
"step","73249.png",73249,0.180584574965803,0.217124522889308,1.31007825035679,0.0670228578422098,0.214165544448205
"step","73262.png",73262,0.177169210152482,0.21296126991266,1.33167936714741,0.0488274871781671,0.215052951567227
"step","73276.png",73276,0.182518630048715,0.220897744577942,1.28297972949818,-0.0630078437007669,0.21419371692213
"step","73289.png",73289,0.190517062307054,0.228752336353451,1.12288050515562,0.122269208144474,0.224792156131436
"step","73302.png",73302,0.189190296895597,0.226989620553039,1.28066158073026,-0.0575773566616461,0.229879150210511
"step","73316.png",73316,0.178747005844996,0.214733597029897,1.22020829570738,-0.0296345861292751,0.213518159626489
"step","73329.png",73329,0.185333828692445,0.222899539803957,1.21075558706035,-0.044183018321289,0.223096617515579
"step","73342.png",73342,0.203056138970152,0.243151885827802,1.30718765273365,0.198087010104024,0.241668044570957
"step","73356.png",73356,0.177664932312673,0.213911948097894,1.32275848650167,-0.0452647846473867,0.211666199399194
"step","73369.png",73369,0.175226848903588,0.211543811293065,1.34076313075961,-0.0335350061394817,0.210344218727521
"step","73382.png",73382,0.172450280358629,0.208292053354205,1.34486326019295,-0.0321136933865057,0.206545593640127
"step","73396.png",73396,0.178824667020176,0.215270346359692,1.29276201335127,-0.0681790370887732,0.211255219817034
"step","73409.png",73409,0.200539381695121,0.240469734032126,1.36607408590941,-0.109390999242366,0.231080512396414
"step","73422.png",73422,0.187219384649612,0.226417147816587,1.34012997554954,-0.0632793923022496,0.221878035233659
"step","73436.png",73436,0.186574339362357,0.227455779609762,1.56698657014031,-0.116618037748892,0.223590480857004
"step","73449.png",73449,0.179912027247518,0.21845473828429,1.42006464567048,-0.0570065346226274,0.213717552535627
"step","73462.png",73462,0.182745235871884,0.220329505585716,1.18342835475873,0.0664452251698154,0.216296702165759
"step","73476.png",73476,0.173575104044209,0.209220288217539,1.16619699871537,0.0437847815516914,0.207136261975244
"step","73489.png",73489,0.187324768263071,0.225990412415461,1.26895572218211,-0.162368963235444,0.228293951222962
"step","73502.png",73502,0.202082827169151,0.243304687787925,1.28902540729788,0.110412936889919,0.239597902693358
"step","73516.png",73516,0.173595510446377,0.20928549134054,1.17734382654193,0.0255051234053796,0.20778455269908
"step","73529.png",73529,0.186124438142421,0.224980853410207,1.09454816315259,-0.0651488276492584,0.222362470560302
"step","73542.png",73542,0.176030243827114,0.21333431562329,1.35052612592214,-0.100068620626454,0.21147703406427
"step","73556.png",73556,0.167356174955049,0.201912192359692,1.26424159093704,0.190534591571685,0.199144079325548
"step","73569.png",73569,0.172207549272922,0.208584570898562,1.29555813560401,-0.0473762390332464,0.207781870169737
"step","73582.png",73582,0.1750118749304,0.211584096969285,1.31510501579104,-0.0593353364313436,0.208950418791159
"step","73596.png",73596,0.190382428883119,0.228695583843446,1.20842729411763,0.0603811131883447,0.231161349461407
"step","73609.png",73609,0.172670045014465,0.208087674086004,1.2291526253098,0.10879539024851,0.205661570461162
"step","73622.png",73622,0.178245388301019,0.215752262755307,1.28861840292208,-0.0532878938662175,0.215437623746673
"step","73636.png",73636,0.172184199838513,0.20955455753853,1.52131496037799,0.041441357210289,0.203704528515121
"step","73649.png",73649,0.179273719707555,0.215038623663786,1.29856425081344,0.183449145053991,0.211431130275586
"step","73662.png",73662,0.184785706734177,0.223500014527737,1.13499553144742,-0.0816282457728172,0.218138695173183
"step","73676.png",73676,0.178967922320393,0.217315892654639,1.32542077367427,-0.0531993892450298,0.211658902167067
"step","73689.png",73689,0.178780366539147,0.215827164088223,1.16295354604228,-0.0227609434434433,0.217430060813033
"step","73702.png",73702,0.184545574976444,0.223423296351258,1.30535879326769,-0.055230236034972,0.221899519453708
"step","73716.png",73716,0.178827175257552,0.217279742715146,1.51669251789524,-0.120506008189295,0.212469850803347
"step","73729.png",73729,0.177615336319773,0.214300770684788,1.38804883612479,0.00530433700322161,0.213982189223034
"step","73742.png",73742,0.19411393326175,0.234368470847598,1.33211848587251,-0.0393024018566435,0.237230470544476
"step","73756.png",73756,0.175926527887481,0.213217447140941,1.29567906577293,-0.0455923983517821,0.214664488149049
"step","73769.png",73769,0.168254029740969,0.203519499575607,1.33218447039142,-0.0504773874549692,0.199985592170583
"step","73782.png",73782,0.171386922578369,0.208412923317595,1.32892672508203,-0.0163265742546981,0.209895801188306
"step","73796.png",73796,0.174020864927809,0.210438131143259,1.40477427476859,-0.0356332575093809,0.210749686709514
"step","73809.png",73809,0.19223917829112,0.231223527344646,1.39478840427661,-0.165548795892761,0.225661425973054
"step","73822.png",73822,0.183316830639415,0.221981947486777,1.05918994561805,-0.0430457597098291,0.224144244653644
"step","73836.png",73836,0.185604149833814,0.225177914185282,1.16031909242984,0.00275940378067638,0.226597663786614
"step","73849.png",73849,0.182348007662361,0.219551007317834,1.23108125551267,0.00548932150435238,0.216813141938833
"step","73862.png",73862,0.171931132008376,0.208653454116027,1.37987049005084,0.0169604968963394,0.211707155974103
"step","73876.png",73876,0.172820103494184,0.209252758042967,1.18756176319466,-0.0635564263676566,0.208952767023355
"step","73889.png",73889,0.173123421537058,0.20921801588651,1.15037124893232,0.0251158699016711,0.207805367233043
"step","73902.png",73902,0.171984577958717,0.208089004899936,1.13429635965281,-0.0265328863412669,0.21109450493031
"step","73916.png",73916,0.184229726971504,0.223491491872591,1.2837004791069,-0.0811626199706458,0.222777075840404
"step","73929.png",73929,0.186832246900123,0.224647560309097,1.26443089731789,0.0314417429109281,0.225040258776236
"step","73942.png",73942,0.189074053142378,0.230075087187829,1.53558269212632,-0.075652116952698,0.22625387799233
"step","73956.png",73956,0.178673636393062,0.215973760314502,1.2076018815245,-0.0251948051654345,0.21315238272593
"step","73969.png",73969,0.165847031220331,0.200061349506522,1.26599902772527,0.00250020043584717,0.196917665742879
"step","73982.png",73982,0.162201212011367,0.197588170736719,1.31950411667666,-0.0704657889795507,0.19705775079758
"step","73996.png",73996,0.171038154546161,0.208227720521902,1.28019076162138,0.00790837349321413,0.209087877818748
"step","74009.png",74009,0.186990952180518,0.224886249560467,1.16585376798717,-0.0309713758794199,0.227305250569507
"step","74022.png",74022,0.172125724041134,0.208311619874515,1.16743654761589,-0.0184254937389508,0.206558250402039
"step","74036.png",74036,0.182021181432768,0.220580975878997,1.10358465332648,0.0802319564707083,0.218392500609423
"step","74049.png",74049,0.174193300646979,0.211055384931605,1.12851479846431,-0.0436007997318082,0.213442471555046
"step","74062.png",74062,0.171624104835514,0.208414334819042,1.31178425021707,-0.0905373956218895,0.20588820251166
"step","74076.png",74076,0.173395529731786,0.21028897114441,1.28564205604686,-0.012719522815629,0.205864982583307
"step","74089.png",74089,0.196582477841975,0.234635243681664,1.18589702515796,0.0607869358345262,0.241219284383813
"step","74102.png",74102,0.159198535616493,0.193384106517793,1.25895871843865,-0.00891731039812102,0.193836237855895
"step","74116.png",74116,0.163782408792326,0.199164003351627,1.27404394012727,-0.0117576513722597,0.195536311007142
"step","74129.png",74129,0.16534988044287,0.200276748514714,1.32606701486511,-0.0249140799151721,0.19982315467191
"step","74142.png",74142,0.174451170231657,0.210440914449985,1.33881995669713,-0.0368722658112224,0.207357382072782
"step","74156.png",74156,0.180173882218244,0.217683793266712,1.30166577881445,-0.112897076642526,0.213317287527413
"step","74169.png",74169,0.164598957401549,0.200064291440182,1.22976146044435,-0.0016063798852067,0.198660299935675
"step","74182.png",74182,0.184934597077493,0.223687906466473,1.26057576734439,-0.0868762796773863,0.222123209583287
"step","74196.png",74196,0.183564728927318,0.220779495276643,1.19129376660869,0.0608787149994073,0.220514031725867
"step","74209.png",74209,0.179499750841761,0.217623456482701,1.28207126399791,-0.00829426855863433,0.213205829497265
"step","74222.png",74222,0.183606575575386,0.221469256936819,1.1969554230257,-0.0298202831823057,0.226481226720736
"step","74236.png",74236,0.165166683160057,0.200417197147621,1.3009521066743,-0.0657420148604118,0.198841288037108
"step","74249.png",74249,0.188798562514697,0.226167850672093,1.29415579464397,0.0483116102981617,0.222333471046595
"step","74262.png",74262,0.172456187250548,0.209274381431991,1.41914754204309,-0.0736863815539975,0.210826169215601
"step","74276.png",74276,0.166489189300475,0.202545172745467,1.30212857384535,-0.0730740305110886,0.205369431993218
"step","74289.png",74289,0.161634082725393,0.195909565628004,1.2838091922943,0.0167156651771017,0.194377583739639
"step","74302.png",74302,0.178171031760852,0.216001682606204,1.23394828120951,0.0271179124248581,0.217405869182692
"step","74316.png",74316,0.204713793361975,0.246180651561161,1.09789903093202,-0.0242262839874643,0.254752911211136
"step","74329.png",74329,0.184804861305218,0.222838968944218,1.2304484750761,-0.0587565501551249,0.219854139111618
"step","74343.png",74343,0.183459942522643,0.223701805594025,1.12435862360218,-0.0171290969165701,0.220135314715542
"step","74356.png",74356,0.172305796981776,0.208771742428004,1.22814914374409,0.152881657591344,0.208609161695621
"step","74369.png",74369,0.172925625285939,0.209049103294519,1.28248856633834,0.0191649604289949,0.205860854626503
"step","74383.png",74383,0.175950621512246,0.213209374596586,1.27431450906139,0.0136038479859705,0.210725501426249
"step","74396.png",74396,0.167410406681295,0.203341382021904,1.24477619499614,-0.0126175450109898,0.205175971894084
"step","74409.png",74409,0.169699348032446,0.205747883867484,1.27696013812527,0.0266617737763458,0.201985099542482
"step","74423.png",74423,0.167912211337511,0.203112767651798,1.20525665607049,0.0819609462055308,0.201172790567479
"step","74436.png",74436,0.189689110907529,0.229412822474531,1.22811742281164,-0.0259593736245884,0.23427497574764
"step","74449.png",74449,0.178066765238239,0.215337102781534,1.19222280795162,-0.0569827296368791,0.213300361547643
"step","74463.png",74463,0.168673511467043,0.204982985115022,1.28663448729158,-0.0487454161338484,0.20363055845515
"step","74476.png",74476,0.180774833187266,0.218096505089847,1.29247275037147,-0.139799681142245,0.213745666010771
"step","74489.png",74489,0.17632353228193,0.213138090555162,1.23886683340092,-0.0339290893434944,0.214404382005085
"step","74503.png",74503,0.186622078693604,0.226061263639033,1.34497226536584,0.0419839487440879,0.224624737756048
"step","74516.png",74516,0.183973110352478,0.221491469629326,1.24027283991963,-0.0113444313772419,0.224034899596854
"step","74529.png",74529,0.178098894099167,0.215291557875525,1.23716447841966,-0.0415719749265794,0.21900194235184
"step","74543.png",74543,0.196339214081215,0.236177649344005,1.27824939727778,0.0417799876251482,0.231752957790146
"step","74556.png",74556,0.175497421515865,0.213361647232504,1.31748949934031,-0.0764249899345432,0.206581091919639
"step","74569.png",74569,0.160310697565471,0.194972912312554,1.35708686556974,-0.0121387768086698,0.193950424894247
"step","74583.png",74583,0.164583128254281,0.200585357766859,1.34439938417801,-0.0210321539019811,0.196643726437664
"step","74596.png",74596,0.186790093416043,0.226448537151269,1.34158572934556,-0.0480984382572984,0.218500372650885
"step","74609.png",74609,0.175095931355278,0.211602190761952,1.30155722739075,-0.0987728244428049,0.20881412034317
"step","74623.png",74623,0.184759247656723,0.223454502908877,1.20802480364495,0.0100140142528754,0.222779424330621
"step","74636.png",74636,0.172685289963691,0.210928944032855,1.25788196986689,-0.0589280063160891,0.207147165729591
"step","74649.png",74649,0.166244994509295,0.203829780742394,1.39095114481507,-0.00557682052803911,0.198419095724547
"step","74663.png",74663,0.170190418829976,0.21046800030532,1.35047026162995,-0.0405949339677645,0.213496002540307
"step","74676.png",74676,0.178159423313,0.215479036349765,1.17307945893531,-0.014272753837219,0.216689782857636
"step","74689.png",74689,0.172472430658115,0.210094652777293,1.34916450001911,-0.0354258120744665,0.207979720848767
"step","74703.png",74703,0.174855980280239,0.211963401274564,1.27500734197757,0.00234557046743708,0.206624890421687
"step","74716.png",74716,0.163615603819905,0.198200491306758,1.26293058894834,-0.0289748826662354,0.198782467086378
"step","74729.png",74729,0.164601527034845,0.199610854230828,1.41080025649945,-0.0418666048567188,0.197791841526834
"step","74743.png",74743,0.17198902763539,0.209054866907521,1.36626661331514,-0.0253388896660368,0.210999179188396
"step","74756.png",74756,0.172149653850759,0.208298579920081,1.50807512689149,-0.117918013736971,0.203912991128944
"step","74769.png",74769,0.160419599130719,0.194453165730854,1.39098257677816,-0.0372167369006346,0.192038278662946
"step","74783.png",74783,0.157967862178074,0.191982682129422,1.30579868715013,-0.0619194495786755,0.191667387293164
"step","74796.png",74796,0.167590246258389,0.204042359653929,1.36021790865566,-0.0468511829696967,0.201356499544906
"step","74809.png",74809,0.186030369914582,0.226228067271763,1.29187753381416,-0.00565214723999036,0.225864992140749
"step","74823.png",74823,0.182538074730831,0.220574568914947,1.26843203546342,-0.0431332819943472,0.213161808038054
"step","74836.png",74836,0.188218588222553,0.229153001893522,1.21078649707735,-0.12080963211484,0.230013604608691
"step","74849.png",74849,0.171122031195975,0.20799723006473,1.28613411742935,-0.137826024847668,0.204966002009041
"step","74863.png",74863,0.173766481172012,0.210942299164934,1.28523542976841,-0.0477098693815423,0.208980973389369
"step","74876.png",74876,0.181739886146941,0.219035994063664,1.22021977813717,-0.00181882942261263,0.216925010789411
"step","74889.png",74889,0.166824647029596,0.202504837512406,1.33431007399942,-0.0270676571122175,0.200492857947171
"step","74903.png",74903,0.159857098022738,0.194520866041763,1.15004247835957,0.0288769895645082,0.193639514236859
"step","74916.png",74916,0.175871440191091,0.21216874927957,1.26161922499986,-0.0435935267147105,0.21220197824496
"step","74929.png",74929,0.177584970220099,0.214935188686615,1.35486793719955,0.0933154907855895,0.21590815888731
"step","74943.png",74943,0.17711820047215,0.214795365166353,1.34374484679398,-0.0846180291343735,0.209884954174059
"step","74956.png",74956,0.173879425980654,0.2114866724778,1.3203309957247,-0.0472273648507008,0.21027413538755
"step","74969.png",74969,0.173339007152533,0.209667765482542,1.28298861940158,-0.0689680342481837,0.211953904238497
"step","74983.png",74983,0.169199085925208,0.204844988837141,1.29132676120575,0.00654031632655433,0.209139926811698
"step","74996.png",74996,0.177063499298102,0.214431752230477,1.27063220156277,-0.125516273428511,0.21350348807166
"step","75009.png",75009,0.179683569255865,0.217627696519683,1.06802154821484,0.0656520478230238,0.216484765220132
"step","75023.png",75023,0.167164009791198,0.202714455352567,1.2971301436499,-0.0358187479028201,0.203155619764939
"step","75036.png",75036,0.185969692687156,0.225561233080056,1.42575303108045,-0.117714842567906,0.225480534538733
"step","75049.png",75049,0.163762843690035,0.198851394784916,1.33357886147043,0.00408427008853834,0.195812761122261
"step","75063.png",75063,0.166460211094537,0.201786519155804,1.26609080452467,-0.0472698825488374,0.202865640251069
"step","75076.png",75076,0.176498748609474,0.21328461029153,1.20158134331046,0.0699758656937442,0.211381616493861
"step","75089.png",75089,0.184749467324044,0.222863431000842,1.13692434521725,-0.00969788786463582,0.22792714816807
"step","75103.png",75103,0.170111449748393,0.206262637039041,1.15934267451926,0.00287598097786351,0.205439108221202
"step","75116.png",75116,0.165575902226598,0.20084388008491,1.28650777529586,-0.0655259668922564,0.203351248180897
"step","75129.png",75129,0.184117667213767,0.221763994395612,1.29567170813942,-0.0292313792516982,0.223357407175222
"step","75143.png",75143,0.165811615591723,0.201783054253705,1.39842522710309,-0.0671190576996001,0.203692442220597
"step","75156.png",75156,0.167391277895963,0.204126384718082,1.36246750992993,-0.0605747503373599,0.203818903077728
"step","75169.png",75169,0.171600140874699,0.208130445838895,1.26851354076281,-0.00388850009853153,0.203560032398666
"step","75183.png",75183,0.172074825052631,0.208897453990503,1.43743080975836,-0.0651311496906982,0.204812891955952
"step","75196.png",75196,0.186483070166847,0.224765673046836,1.33044673625779,-0.0398412543011806,0.226027314196308
"step","75209.png",75209,0.173909528627528,0.209771652822023,1.28416518202267,0.0361399904021475,0.207454719502293
"step","75223.png",75223,0.16441846970583,0.199495806064527,1.34807989008563,-0.0025692923982383,0.197936625280177
"step","75236.png",75236,0.163375092853322,0.198547600741387,1.24245935199404,-0.00674360736902208,0.199770550423057
"step","75249.png",75249,0.166930261886866,0.202630130034226,1.32862081403452,0.0390173474940485,0.202458310226609
"step","75263.png",75263,0.189470526274767,0.228032341439406,1.29451426122929,0.0418776625215423,0.233284725076208
"step","75276.png",75276,0.166762527201337,0.203035951585383,1.20705624710887,-0.0468746146052486,0.20366009280676
"step","75289.png",75289,0.162844202399484,0.197911401382043,1.27517326772448,-0.0560076562939205,0.194737761258727
"step","75303.png",75303,0.160240018750542,0.194937243488874,1.20943523951408,-0.0220147815827535,0.197134605133939
"step","75316.png",75316,0.19072061346237,0.22865482691363,1.40278405058434,0.0164393339378749,0.233141754861354
"step","75329.png",75329,0.162537078568692,0.197733361562335,1.28582566247203,-0.0502038377748845,0.194458258405286
"step","75343.png",75343,0.168082111799514,0.203675809031627,1.22912847228582,-0.0290921186695583,0.202618088548166
"step","75356.png",75356,0.174405230601699,0.210857792066997,1.27228009434066,-0.0300209046558712,0.210876367061084
"step","75369.png",75369,0.170098105292746,0.206364332932833,1.38339867702257,0.0509325370221232,0.207920001500998
"step","75383.png",75383,0.167456900237958,0.20298631202931,1.21392055256501,-0.0327510616156582,0.203291652215374
"step","75396.png",75396,0.184883612012301,0.223536759973993,1.30507096249076,-0.111184513020268,0.225904422590198
"step","75409.png",75409,0.196658492605437,0.235428099277857,1.17929494913598,0.133363389159021,0.236544556318563
"step","75423.png",75423,0.171962169255754,0.20981973479611,1.2109471901004,-0.0539054721614189,0.21213559733144
"step","75436.png",75436,0.197000888171081,0.237684338973502,1.05255538745606,-0.0148685872752576,0.234386058435657
"step","75449.png",75449,0.168099848106871,0.207878183644256,1.40521237744283,-0.0723674664354438,0.210133896486968
"step","75463.png",75463,0.166182245667295,0.201652685163904,1.23671907608957,0.0480374699454555,0.202524422342308
"step","75476.png",75476,0.174280996646516,0.211905744502216,1.32066669895363,-0.135581584393471,0.209239300774982
"step","75489.png",75489,0.170279509527656,0.207319121005983,1.09401769013377,0.0457987341661871,0.202067237821337
"step","75503.png",75503,0.177529393345539,0.214540963498226,1.27077470707773,0.00550143179045026,0.216917504579904
"step","75516.png",75516,0.178057871640076,0.216028907820799,1.29357438625087,-0.0383283890705682,0.214013521245943
"step","75529.png",75529,0.195835331482943,0.235215106353945,1.28243557447361,-0.0573546244614423,0.240569716607941
"step","75543.png",75543,0.176277002935286,0.213561633177913,1.21864876199853,-0.0486679469116667,0.216539673907901
"step","75556.png",75556,0.164766785040814,0.200689817337639,1.19488077615028,-0.0447478023089006,0.201661342997136
"step","75569.png",75569,0.164610176573668,0.200093928489007,1.23244376261513,-0.0460919228456669,0.20030904090064
"step","75583.png",75583,0.188755139725274,0.228957156582414,1.08216984697025,-0.139938794684887,0.226491919185914
"step","75596.png",75596,0.184807540512014,0.22349836974105,1.09768323359016,-0.0161157440094499,0.223345785756712
"step","75609.png",75609,0.203350147437311,0.243108477292109,1.36515674092683,0.126064728752444,0.246572155108178
"step","75623.png",75623,0.174732001575079,0.211710810610429,1.25943510525049,0.00268171979297119,0.21039907030729
"step","75636.png",75636,0.174526172927,0.21156023674613,1.25064851024933,0.0421066922087159,0.21030036118456
"step","75649.png",75649,0.185673239714186,0.22538911515675,1.16797644124689,0.0416128130713683,0.227695437677213
"step","75663.png",75663,0.173827690377129,0.211099611745277,1.42569464842458,-0.0675658408160406,0.21274438251414
"step","75676.png",75676,0.171183570806526,0.20705173995652,1.27897816990718,-0.0939824569629386,0.203091297995649
"step","75689.png",75689,0.16610126128141,0.201792165145551,1.2517015755757,0.145651749967967,0.201273457591465
"step","75703.png",75703,0.177417730253053,0.215224455324221,1.32584733765474,-0.0360760950218341,0.211710249454482
"step","75716.png",75716,0.163670681019021,0.198974399806438,1.34202441233374,-0.0658279090044628,0.19677762978229
"step","75729.png",75729,0.172491906414937,0.208928587002328,1.18206918166135,0.0954313824220274,0.205692299756106
"step","75743.png",75743,0.17470423795492,0.211149948962543,1.1854514163988,0.0279256226094624,0.207151306378485
"step","75756.png",75756,0.1709073946553,0.208170207238954,1.19497176698605,0.0124194495566767,0.205740626458983
"step","75769.png",75769,0.167430534211265,0.203465846679983,1.21032739850944,-0.0160390506255296,0.2033996137169
"step","75783.png",75783,0.204994495539613,0.244467736173949,1.23687011248553,-0.00205345538822727,0.250457917795083
"step","75796.png",75796,0.167732699857588,0.203771409306674,1.25173280836932,-0.0889204722642758,0.199590176285278
"step","75809.png",75809,0.189082236182156,0.227105423837931,1.38422320694179,-0.100883942998969,0.229669706958407
"step","75823.png",75823,0.178782669083606,0.217038937956678,1.35431632502737,-0.0944804085074307,0.215799803437752
"step","75836.png",75836,0.181158695740357,0.21907834758661,1.42592538739855,-0.0375731486620342,0.215683708752327
"step","75849.png",75849,0.181116185762115,0.21902234761623,1.24059661369207,-0.0414876742727437,0.214615412589619
"step","75863.png",75863,0.181070463832118,0.218963464559537,1.19979471029283,0.0510938735158235,0.212072290312624
"step","75876.png",75876,0.169968634313279,0.206858887566607,1.33323854653317,-0.130458281250535,0.206522766661136
"step","75889.png",75889,0.169462224345981,0.205394910453345,1.27993304931467,-0.0804370207826319,0.202568441347486
"step","75903.png",75903,0.188786600405465,0.227346390712028,1.19530993089129,0.137753490515568,0.22814919741534
"step","75916.png",75916,0.195309772001825,0.233703961685512,1.15784179640156,0.109955643359318,0.242925864711258
"step","75929.png",75929,0.179408728208742,0.217617067671923,1.31211019876258,-0.104019741588945,0.212990558317269
"step","75943.png",75943,0.166545995892613,0.202084949387961,1.20340725111084,0.0201344612245943,0.200819873166915
"step","75956.png",75956,0.183337231115004,0.223174825165244,1.3662895306481,-0.134111519157325,0.218126022523235
"step","75969.png",75969,0.167767395996923,0.204647043975449,1.32749038343011,-0.0549058353913737,0.201550515590319
"step","75983.png",75983,0.182125233542885,0.221389622070896,1.29174013193103,0.0432223734938257,0.218968738784356
"step","75996.png",75996,0.194532901765852,0.23718738511278,1.37247006772857,-0.0418436379471214,0.236925166391388
"step","76009.png",76009,0.177811117869178,0.215516159691816,1.33444152963374,0.00170333549312926,0.212367029426358
"step","76023.png",76023,0.190825857442968,0.230225427518916,1.25014422001934,-0.00237071868284044,0.226921741855539
"step","76036.png",76036,0.185115457842687,0.225635493426669,1.32295590884225,-0.118974984625399,0.223443619388564
"step","76049.png",76049,0.184316366157645,0.223897540733685,1.27716377352512,-0.117598750740628,0.218365838211775
"step","76063.png",76063,0.168553743297149,0.204103364638916,1.26025177606599,0.0358318532723868,0.20289228768366
"step","76076.png",76076,0.165881476669811,0.20143037443271,1.31600600084125,0.0109027743087914,0.200515897167236
"step","76089.png",76089,0.19071457449012,0.230860580949324,1.45950587099356,-0.0616362612577499,0.225565826398474
"step","76103.png",76103,0.179943438254682,0.218008895401419,1.18353073021842,0.143793282185471,0.218349015572771
"step","76116.png",76116,0.179510913999484,0.216405064906373,1.23954939100741,0.0704583868183053,0.214413935651704
"step","76129.png",76129,0.191923698553881,0.232541820347861,1.25425793103664,-0.088888882897084,0.232806544548882
"step","76143.png",76143,0.191363695946929,0.229564021098253,1.19502995464621,0.105848774463352,0.229195506116885
"step","76156.png",76156,0.181486009837385,0.220118493423505,1.28458476670339,0.0729339348629266,0.216305067527639
"step","76169.png",76169,0.167430638217933,0.204279184225927,1.30841406388804,-0.0291486104866663,0.200321526864668
"step","76183.png",76183,0.184710535450797,0.221465685086579,1.21592022636219,0.0730863460653663,0.216792144299807
"step","76196.png",76196,0.17194073634359,0.208802653604186,1.20358963573784,0.0437313949557814,0.20069653693482
"step","76209.png",76209,0.159630061472554,0.194717724775619,1.40441565582604,0.00567311902635476,0.193643549123599
"step","76223.png",76223,0.172789770260057,0.210108229107305,1.2699835654474,-0.0833178769868571,0.208660949723055
"step","76236.png",76236,0.167153418350566,0.203079938281789,1.24838837904701,-0.00708199231897819,0.19900507510553
"step","76249.png",76249,0.171427740755275,0.208284065779893,1.22224343629454,0.092426746603619,0.205360730960689
"step","76263.png",76263,0.193739387557657,0.23326961822764,1.164056109852,0.00631190912151272,0.240711242354859
"step","76276.png",76276,0.1832854555237,0.222818533195743,1.31031527152722,-0.121400296614959,0.221451249073864
"step","76289.png",76289,0.181357052665225,0.2191510665718,1.31410710365602,0.0515659775954841,0.217142437330042
"step","76303.png",76303,0.177236692071537,0.21493993135183,1.39117326984315,0.0341607708752047,0.209418697996689
"step","76316.png",76316,0.181719495334712,0.219420012611066,1.3533365714375,0.0522534943041461,0.21362638505505
"step","76329.png",76329,0.211169032628453,0.253666535853391,1.40267525494845,0.139044597968739,0.253135317925724
"step","76343.png",76343,0.167878597698033,0.209451878935957,1.41824415823972,-0.0316481590673938,0.206129209436081
"step","76356.png",76356,0.177791060637578,0.214710393827132,1.26125806980189,-0.00278268459052974,0.213716441113147
"step","76369.png",76369,0.189291230123458,0.228305785260531,1.31500740386616,-0.0114242672852081,0.223541311877138
"step","76383.png",76383,0.168755492390342,0.205298314072462,1.36145547046741,-0.0559367940595908,0.198521917565999
"step","76396.png",76396,0.184511786961785,0.223272791199011,1.20420343932426,0.0263805642313369,0.225869186891226
"step","76409.png",76409,0.17423897414456,0.211116967311155,1.27643387851083,0.0511989245388324,0.21122441075473
"step","76423.png",76423,0.166003543296266,0.20060784248703,1.24099901040895,0.0465499535566309,0.195526613568987
"step","76436.png",76436,0.170077472762894,0.207292211795054,1.2255073392417,0.00249222863772131,0.206921971429659
"step","76449.png",76449,0.179620317505002,0.218191445329044,1.21449383181112,-0.0272319376693489,0.213223814262227
"step","76463.png",76463,0.217066935943745,0.257274639490618,1.24140383088689,-0.0238458817884056,0.255930644684272
"step","76476.png",76476,0.182722382785403,0.221169787276705,1.22392913470396,-0.018666968648731,0.225054587069529
"step","76489.png",76489,0.163127074161516,0.198665540544012,1.1667754122676,0.080316323474986,0.197628322973234
"step","76503.png",76503,0.168475159885891,0.204519279355136,1.3181291126295,-0.0100350650509407,0.203733605631648
"step","76516.png",76516,0.168275250466185,0.204006763625064,1.38813159779356,0.0592746018721178,0.202451610170445
"step","76529.png",76529,0.174131710435756,0.211540529899896,1.3105483245045,-0.0602422838887301,0.20879773416394
"step","76543.png",76543,0.17474596373009,0.211020089715058,1.16405039548412,-0.0166894702976446,0.209879010072434
"step","76556.png",76556,0.180363962679181,0.217679897849089,1.23079102960495,0.0572108855293427,0.214949789144869
"step","76569.png",76569,0.18659938371606,0.225367743814844,1.36532704252391,-0.0753957471475892,0.220166675848876
"step","76583.png",76583,0.185050482686161,0.224557057879766,1.21911796258175,-0.0506314446851786,0.222576222015255
"step","76596.png",76596,0.204301052765117,0.251679616106046,1.40363418779479,-0.172330569089986,0.246764607787555
"step","76609.png",76609,0.1658110779999,0.20113189064642,1.19600907851116,0.0599496154061847,0.202132112572367
"step","76623.png",76623,0.179425585430295,0.218262155860132,1.39250130674398,-0.0678631082414732,0.219405930313274
"step","76636.png",76636,0.177418704173172,0.215850517456935,1.23721724284409,-0.0140954810566339,0.21493136827569
"step","76649.png",76649,0.194005077692862,0.235377993435184,1.20228652488296,0.0474639934041304,0.232420196937257
"step","76663.png",76663,0.214766067115818,0.257421427267887,1.26837216046775,-0.0110252124290857,0.252684147373927
"step","76676.png",76676,0.185929039046869,0.226314288852195,1.31764270794795,-0.0446950475125404,0.223758377618393
"step","76689.png",76689,0.196342862691138,0.239001575279224,1.13453350815058,-0.0561586140857768,0.237884200377743
"step","76703.png",76703,0.169584209905081,0.206096183527905,1.20950407642254,-0.0049173195732744,0.203804396252648
"step","76716.png",76716,0.181504346084666,0.219037919994368,1.30957527439773,0.0385387852744679,0.219748930554872
"step","76729.png",76729,0.173285480390287,0.210499532941648,1.39981758379152,-0.0362743721441615,0.213024898406262
"step","76743.png",76743,0.179316128397197,0.218037115537005,1.2718698947738,-0.0204763094814521,0.214233491315854
"step","76756.png",76756,0.176547508465692,0.214799856701998,1.20758178601375,-0.0335941614066129,0.210331197843686
"step","76769.png",76769,0.177440312965882,0.21588044683778,1.21607793388518,0.120551338185579,0.21293831914319
"step","76783.png",76783,0.172025200885015,0.208187198387341,1.30776868580442,0.0988646289869904,0.201292180383919
"step","76796.png",76796,0.162999243442102,0.199610332816011,1.3934785457112,-0.0590476411541244,0.194876485603994
"step","76809.png",76809,0.178509844822651,0.216714148219469,1.12654643865719,0.0340709393949858,0.212344315236666
"step","76823.png",76823,0.165881749649914,0.201387414727478,1.30692135459507,0.0117332812067678,0.199207878757732
"step","76836.png",76836,0.202333478977451,0.243733391269613,1.38453373188254,-0.0575277300439325,0.24473494962227
"step","76849.png",76849,0.165897068666058,0.201889309592821,1.27212370544243,-0.0104852622662676,0.198294897767924
"step","76863.png",76863,0.171591502351344,0.208865517979037,1.30396499018539,-0.0259343877671754,0.206609812013556
"step","76876.png",76876,0.194926460733233,0.234107344281345,1.27159308544935,-0.00797179800026485,0.238148653796971
"step","76889.png",76889,0.175277889422804,0.213400749254728,1.28609871423503,-0.0377722729522888,0.211354698582331
"step","76903.png",76903,0.177461463101148,0.215008502447388,1.25595838517448,0.0485287268141358,0.211967857457362
"step","76916.png",76916,0.181761555442677,0.219724305691344,1.21719473650409,0.00694201378210041,0.218358756981865
"step","76929.png",76929,0.174926591372402,0.212391810920814,1.22872302376971,-0.00228294916978516,0.209085678927626
"step","76943.png",76943,0.177173990848955,0.215557843175125,1.2072324880818,-0.0268254287311316,0.213899137688218
"step","76956.png",76956,0.167690425286799,0.205107079130403,1.31323429538296,0.0570225938460736,0.198097286248271
"step","76969.png",76969,0.175408791545659,0.212768500508642,1.273662508946,-0.0317344326095864,0.207688722595969
"step","76983.png",76983,0.175872437875812,0.21239669542234,1.26335396993684,-0.0467821136291244,0.212062626006606
"step","76996.png",76996,0.192691794846698,0.233035073560002,1.44530913502476,-0.199402357005411,0.2342558333204
"step","77009.png",77009,0.186319390632658,0.224991066218099,1.36460256059827,0.0533364460248439,0.220748220668895
"step","77023.png",77023,0.166180868137504,0.202545565649123,1.27732985767842,-0.0146760402615101,0.199237394259557
"step","77036.png",77036,0.201353341917092,0.240235018241175,1.18916327071819,0.0710267725173956,0.24318256103383
"step","77050.png",77050,0.190036789500565,0.229267712645335,1.16012332614054,0.056421713837026,0.228425868020614
"step","77063.png",77063,0.187424033540572,0.225839138329095,1.48711592710438,-0.0433839080624901,0.230407310267362
"step","77076.png",77076,0.158787268037853,0.192768355814631,1.24942140309127,-0.0098457311990337,0.190737043000422
"step","77090.png",77090,0.185624717843891,0.224755916316148,1.17503614861911,-0.0590131623137218,0.224029773417623
"step","77103.png",77103,0.180761975174666,0.218688782308843,1.15338799799559,-0.0623904088268299,0.223450625538827
"step","77116.png",77116,0.189403856849997,0.233064183529867,1.51020279123394,-0.138975350335062,0.231325862867833
"step","77130.png",77130,0.180462876145342,0.218302903468672,1.27668208656472,-0.0416136036474762,0.22004037528268
"step","77143.png",77143,0.158969951869974,0.1943480176153,1.23263673480791,-0.0362341463100126,0.19207232504723
"step","77156.png",77156,0.163794035456691,0.199851037971989,1.26096284644953,0.045446460907146,0.195551421106767
"step","77170.png",77170,0.173090572350224,0.209163709613177,1.3450530200399,0.00343458861261825,0.207023677786074
"step","77183.png",77183,0.201065020850293,0.241119581068273,1.20554675535757,0.109183107426088,0.247831167865816
"step","77196.png",77196,0.204895822193645,0.24679365584192,1.42622640752449,-0.13878557583231,0.250614423945725
"step","77210.png",77210,0.166596759960513,0.203334501891892,1.43079432364355,-0.115837141580101,0.196513115293397
"step","77223.png",77223,0.178101628492902,0.215536487309045,1.18922926380973,-0.0329492815886362,0.213539369811704
"step","77236.png",77236,0.170041517965119,0.206272195482139,1.59490363350098,0.00360330780412318,0.202292970001016
"step","77250.png",77250,0.162081260696537,0.198454543020009,1.27355027060636,0.069023934881944,0.19212255458347
"step","77263.png",77263,0.165032445649456,0.200788275920284,1.46246696776316,0.10296664039902,0.194639076458479
"step","77276.png",77276,0.183248692264647,0.222407442519485,1.2711912208643,0.00324377782572038,0.216619924557211
"step","77290.png",77290,0.176063705199945,0.212202336080766,1.31050970811645,0.0822238648330791,0.207994286732227
"step","77303.png",77303,0.171187363921069,0.207979808000372,1.43382756450671,0.0179713875850993,0.204410555138533
"step","77316.png",77316,0.176498953901053,0.213241756692248,1.48961865800514,0.0122852033451731,0.212529063998677
"step","77330.png",77330,0.154615478503849,0.187825074924968,1.26965020151342,-0.0348182800568789,0.186002232444547
"step","77343.png",77343,0.174692245467898,0.211300795247694,1.30289571404723,-0.000591549029355543,0.209616904269506
"step","77356.png",77356,0.172001629172569,0.208883339010727,1.18614288228617,0.0126447018991981,0.208122199850264
"step","77370.png",77370,0.181764184676785,0.221185858229142,1.29591210844549,-0.0976610479955642,0.223119274990146
"step","77383.png",77383,0.206183049891568,0.247452854709478,1.14238400525847,0.090320969441133,0.246426974674541
"step","77396.png",77396,0.174326326278069,0.211342194021072,1.38936132367252,0.0471141585492948,0.2108613062467
"step","77410.png",77410,0.196985075208616,0.237710595052657,1.12350632693804,0.0348639705622198,0.233987418773656
"step","77423.png",77423,0.15909001600623,0.193414897538371,1.23821072483841,0.0843079898633218,0.192536435268699
"step","77436.png",77436,0.17794012051734,0.215018114139589,1.32283116710834,0.0753853308658627,0.210208835611934
"step","77450.png",77450,0.169287854586475,0.20525707006628,1.34381213967664,0.0197226404216828,0.200897967241301
"step","77463.png",77463,0.165975337497385,0.202389116279465,1.3934166514315,0.0716567496862425,0.199651973128711
"step","77476.png",77476,0.173824005104325,0.211420771650628,1.38712591076199,0.090342551914073,0.201512202475493
"step","77490.png",77490,0.162658949359205,0.198375636715426,1.25699427808815,0.0121847511117686,0.196669617623719
"step","77503.png",77503,0.188929543452095,0.228396812276597,1.31041400461067,-0.0117351784273579,0.22032873829348
"step","77516.png",77516,0.186959371506999,0.225916790402028,1.30856840023164,-0.0500985190209374,0.221808911207444
"step","77530.png",77530,0.162284963446633,0.197204366580786,1.2911836501046,-0.0200861199285202,0.19456563778733
"step","77543.png",77543,0.175141367529806,0.211064005340829,1.40774989096414,0.0523848021055084,0.206264113731866
"step","77556.png",77556,0.161872497267347,0.196821892482565,1.49343617810461,0.0728887116549705,0.196476964021918
"step","77570.png",77570,0.158979802028797,0.193725550986618,1.43076915199143,-0.0160312283982207,0.187497579412779
"step","77583.png",77583,0.174879563583931,0.210461404412145,1.42064399512925,0.141610351969046,0.211048532539883
"step","77596.png",77596,0.180024541211673,0.218739446766928,1.37024342954918,-0.106937385240315,0.214708292768184
"step","77610.png",77610,0.185338949126834,0.225043067671479,1.20744124654943,-0.00329628207114524,0.225922041331178
"step","77623.png",77623,0.163113059622627,0.199212554727911,1.37629851090822,0.00301833259087089,0.195218762731172
"step","77636.png",77636,0.17330964566783,0.209583680324314,1.1302411224751,0.0325234562481607,0.210037840270695
"step","77650.png",77650,0.179559744677987,0.217080216905815,1.13065878057063,0.0512943560841574,0.218241619723817
"step","77663.png",77663,0.1809086285666,0.218665539019823,1.17162278739174,0.0440747027510518,0.219908139296853
"step","77676.png",77676,0.199510155482834,0.241476356989032,1.19270631145539,-0.0840056984969701,0.247930816934412
"step","77690.png",77690,0.184691947952159,0.224176655967135,1.4110390633327,0.150827317038584,0.224196013983592
"step","77703.png",77703,0.159312948173334,0.193779541447549,1.214917449266,0.0404292601305258,0.193405543820711
"step","77716.png",77716,0.184309189916307,0.222438943384961,1.21190822398776,0.109737925789567,0.22433521612818
"step","77730.png",77730,0.172110504806683,0.208270908714217,1.16812818318677,0.0569880438604585,0.209873039166169
"step","77743.png",77743,0.177388387174711,0.214242242468631,1.19271140914684,0.0292539942372815,0.211727330879101
"step","77756.png",77756,0.188267001663587,0.225594421847447,1.4189533533773,0.108157427291627,0.22010651330824
"step","77770.png",77770,0.175278768373267,0.212622389028431,1.330185148728,0.243923601254875,0.210877114897465
"step","77783.png",77783,0.159287536492395,0.193590579292852,1.39405471171067,0.0214895553897691,0.193170507778193
"step","77796.png",77796,0.174013504079888,0.210001457325293,1.22462133110191,0.0856591096093988,0.20489659633265
"step","77810.png",77810,0.174599986695222,0.211522061384134,1.31292559075835,-0.0128998267566785,0.208679639865541
"step","77823.png",77823,0.193524247607988,0.234021895680585,1.20384001833646,0.0804102361340266,0.230175541821867
"step","77836.png",77836,0.185270816587404,0.224078949587414,1.24549503972753,-0.0777853679674745,0.21754809920066
"step","77850.png",77850,0.167580146238534,0.203796561069527,1.04882129951059,-0.00219867114553729,0.200920683314665
"step","77863.png",77863,0.163132362010717,0.198456208539654,1.36570548705662,-0.0138050675402975,0.193661816348745
"step","77876.png",77876,0.16196217153514,0.197384289467622,1.25621271065629,-0.0236430528899191,0.197160697045626
"step","77890.png",77890,0.164657965875325,0.200317697661264,1.22213240692969,-0.0577700731236079,0.197080068908716
"step","77903.png",77903,0.187857603553391,0.228271517806325,1.39518024562462,-0.111702746973663,0.224456977467442
"step","77916.png",77916,0.171113484241563,0.207828704231719,1.1592730757654,0.11043201034702,0.20890086975192
"step","77930.png",77930,0.168495880112533,0.204116087011384,1.32931001692549,-0.0230696727877885,0.203137111500503
"step","77943.png",77943,0.158569654897505,0.193954364421114,1.32970824952511,0.0235726587582746,0.193018342536773
"step","77956.png",77956,0.179151589523628,0.215480577143031,1.53763612822146,0.0625854182302044,0.212800671425405
"step","77970.png",77970,0.162780154733688,0.197937187514581,1.17888255868591,0.0112848397383121,0.196011697192448
"step","77983.png",77983,0.192172503083943,0.232072176192198,1.21376618680748,0.000714471329296251,0.231457685235145
"step","77996.png",77996,0.168273232034702,0.203594603642655,1.18184671987037,0.0066770972192477,0.202622556396961
"step","78010.png",78010,0.181501305689812,0.219839626126165,1.26128631449162,-0.00358449909768543,0.221673817262223
"step","78023.png",78023,0.180706101654576,0.217872940662899,1.23895101121072,0.202122373816422,0.214046465645068
"step","78036.png",78036,0.190703701842426,0.230358342292716,1.17469033581735,0.0705063670572295,0.229265331259784
"step","78050.png",78050,0.177687220094443,0.216535153499565,1.19759964505542,-0.0142702877926892,0.210884857229554
"step","78063.png",78063,0.165377060828228,0.201043894175269,1.49630833084642,-0.0536945664699554,0.199280542994657
"step","78076.png",78076,0.166790540442316,0.203025826441743,1.29484864883019,-0.0326873380190919,0.201894390768622
"step","78090.png",78090,0.198368891570967,0.239948018733971,1.14853179674918,-0.000545941494588947,0.235907449306686
"step","78103.png",78103,0.188103696196825,0.226754233568833,1.32945181689707,0.17258009613502,0.232672064787375
"step","78116.png",78116,0.177139604238509,0.214665077627807,1.30334395501345,-0.00907109388977323,0.206568340901551
"step","78130.png",78130,0.159069339903685,0.194474324691719,1.27213722258377,-0.0305082949307441,0.189612848464574
"step","78143.png",78143,0.169998850209717,0.20654081814045,1.32185912127824,-0.0303433356730902,0.199271284032838
"step","78156.png",78156,0.168291583235077,0.204537750180778,1.26504242439812,0.0366533907863734,0.198649139255918
"step","78170.png",78170,0.16741398202285,0.204665998223138,1.21284395628637,0.0627925524015621,0.198449325152368
"step","78183.png",78183,0.165059473733951,0.200998631129422,1.12037877076276,-0.103209529151824,0.196894080155246
"step","78196.png",78196,0.176548875560366,0.214448409461031,1.2042616607758,0.029605646574147,0.21170725827099
"step","78210.png",78210,0.169114521076291,0.2057198681612,1.22009251633485,0.0148277448626741,0.202073420497025
"step","78223.png",78223,0.160806773287931,0.195924995640253,1.2245025388563,-0.0329851945223459,0.196113775133893
"step","78236.png",78236,0.168292266615732,0.205367247658974,1.38020615245988,-0.0586811372940046,0.202061971691329
"step","78250.png",78250,0.169379554772493,0.205255842003855,1.30039648662459,0.0336491462552131,0.206294638303963
"step","78263.png",78263,0.174717322911451,0.211871199875243,1.23447412549101,-0.0204180063233081,0.211285802873942
"step","78276.png",78276,0.200526894959118,0.24113508965933,1.20543865330916,0.0123447411322123,0.238535869587138
"step","78290.png",78290,0.184321446427268,0.222799172450391,1.28433598544373,-0.0257787344862073,0.219137446070064
"step","78303.png",78303,0.19846916846921,0.237778036836366,1.31142189641027,0.0225712121701264,0.238651241638573
"step","78316.png",78316,0.193275874420005,0.233677988889355,1.33351032151407,-0.0529833809704379,0.226995542396828
"step","78330.png",78330,0.181442737647065,0.220512526948157,1.13876715282574,0.0151146129929561,0.219607286611678
"step","78343.png",78343,0.200074435754112,0.241640961431996,1.21653208413746,0.0216279674513384,0.240409728102856
"step","78356.png",78356,0.165839602702402,0.203931954494449,1.4283733627809,0.0199180699941777,0.198865488086114
"step","78370.png",78370,0.170760128972111,0.20846431212683,1.36449228305272,-0.0836261689811856,0.205872864623717
"step","78383.png",78383,0.179124017013256,0.217678922700058,1.39665736064916,0.0234569924319016,0.21613818628154
"step","78396.png",78396,0.178372030621932,0.215582830641604,1.1535924015787,0.0972861986051082,0.212629209719923
"step","78410.png",78410,0.172394519206152,0.209177448870064,1.32754756512549,-0.00447403441106523,0.206811419158279
"step","78423.png",78423,0.185015254722006,0.223803812333781,1.16856493216929,-0.00108135054849307,0.222041560465135
"step","78436.png",78436,0.176998127999857,0.213518371651393,1.25612772569194,0.0880791320084336,0.21485747146759
"step","78450.png",78450,0.175536876008028,0.21312296022644,1.22034855983474,-0.0543493561549772,0.212788912760122
"step","78463.png",78463,0.198258392189575,0.238406793811696,1.2133761219242,0.0449954131401215,0.236192420840262
"step","78476.png",78476,0.18198532008146,0.219761307569638,1.30245532364502,-0.0326824689635816,0.217204686848523
"step","78490.png",78490,0.182306361325183,0.220769236095393,1.42241733413888,-0.13676159352931,0.219358987711961
"step","78503.png",78503,0.166945254885638,0.202906723927355,1.42801145996024,-0.0256176810968285,0.20117329910493
"step","78516.png",78516,0.176382256122116,0.214646344477035,1.3799764795113,0.0164002891101769,0.216564976005307
"step","78530.png",78530,0.176045140047422,0.214580535657848,1.2734974030732,-5.7542811766037e-05,0.211181511515539
"step","78543.png",78543,0.170642492902421,0.206853899348871,1.27165323802927,-0.0395574354846112,0.207319527875323
"step","78556.png",78556,0.197033314887702,0.238229063254588,1.1882615372157,-0.0372599157187209,0.243919652453311
"step","78570.png",78570,0.196932156408864,0.236158532767887,1.42238331863748,0.0795560963019136,0.237403155057814
"step","78583.png",78583,0.182902359138483,0.221392858624444,1.35347568593591,-0.0614068775535566,0.213196466941673
"step","78596.png",78596,0.186310336338506,0.224360280859608,1.24981073669149,0.0049993249461974,0.2212492995297
"step","78610.png",78610,0.189514114883275,0.229527845657632,1.16770575011245,0.00376830519777743,0.226043201229258
"step","78623.png",78623,0.172789197307032,0.209792576275487,1.18291247938232,0.0760652848890362,0.206608387079146
"step","78636.png",78636,0.177814981912834,0.216125400319759,1.14870513563108,0.0855856410422912,0.209844375823353
"step","78650.png",78650,0.179538753081921,0.21730558685945,1.28919677125229,-0.00121575873392271,0.217661817886856
"step","78663.png",78663,0.177917739381963,0.215169358497268,1.30482646732912,-0.0598898226051851,0.21695272064881
"step","78676.png",78676,0.167123576531458,0.203843655607681,1.31929594992608,0.0460966214642753,0.20006879093558
"step","78690.png",78690,0.16271717798154,0.19859010018853,1.16924464666862,-0.00656724963624572,0.19590518792865
"step","78703.png",78703,0.172134274407942,0.209401706365445,1.32352547344475,0.073746745063578,0.206510976360328
"step","78716.png",78716,0.180342788125555,0.218255900579418,1.13885872734735,-0.0247078413470736,0.213738058684867
"step","78730.png",78730,0.171285264631131,0.208035350643191,1.30612099902792,0.0590624887475237,0.207279848676395
"step","78743.png",78743,0.199170618727604,0.245273141095988,1.57391723697518,-0.155170243832776,0.242419822579909
"step","78756.png",78756,0.166896740912683,0.206777751719016,1.42935034306138,-0.0189563875003079,0.20275476282834
"step","78770.png",78770,0.207793095159177,0.247620221200086,1.295325333713,-0.00634467082095383,0.249731160035431
"step","78783.png",78783,0.172673207508819,0.21013600162974,1.21772199536058,-0.0762402598417166,0.204277782733779
"step","78796.png",78796,0.171552976894058,0.208865010051763,1.19092438221883,-0.0846876857392184,0.211335127596042
"step","78810.png",78810,0.193894528988199,0.232785882502489,1.28422552699844,0.0235706339165257,0.228478774806074
"step","78823.png",78823,0.167212942525792,0.204346622973102,1.33643801521476,0.0282004653740641,0.203835359982755
"step","78836.png",78836,0.163251604625047,0.199939876216704,1.38879691029751,-0.0221914629031259,0.194676336360816
"step","78850.png",78850,0.162466836581861,0.198424247341496,1.29526496085722,-0.0358251338758904,0.196035339311993
"step","78863.png",78863,0.182571361762724,0.220681306819989,1.20873926448325,-0.0907068890491231,0.222455652448876
"step","78876.png",78876,0.160011551595424,0.196566708192257,1.40317000551242,-0.0671548721359955,0.192065076715275
"step","78890.png",78890,0.17604108845166,0.2132724652992,1.08138741037872,0.0674362929834196,0.217342126928989
"step","78903.png",78903,0.172384592493003,0.208937574130645,1.16698077933661,0.0540919998450652,0.204576253071102
"step","78916.png",78916,0.185265755024168,0.224128305660995,1.37004024770807,-0.00763901894814886,0.226419142892291
"step","78930.png",78930,0.171594069364808,0.209253014449599,1.1810401785769,-0.011906841995062,0.205963464826103
"step","78943.png",78943,0.170330465779756,0.208422926946502,1.29795059598412,-0.0226352308101796,0.205849172213458
"step","78956.png",78956,0.177433291758177,0.215809008121607,1.204774670175,-0.0455969146067818,0.219885661302685
"step","78970.png",78970,0.169146584763673,0.206380098804177,1.12837550021801,0.00235760533283516,0.208897342951561
"step","78983.png",78983,0.163769667826943,0.199798300602815,1.24452223685095,-0.0104669011684365,0.200255074629624
"step","78996.png",78996,0.163977733011982,0.199976423606795,1.22531756727838,-0.0103089274712589,0.197538302643289
"step","79010.png",79010,0.172070716984201,0.20920995143944,1.23689845812379,0.00548002667220143,0.207422684153846
"step","79023.png",79023,0.16769401790663,0.203508548674748,1.20244289619732,0.0130833298444628,0.204688292699006
"step","79036.png",79036,0.173724775024258,0.210183434158804,1.42530621347524,-0.0284257637471982,0.205453553642007
"step","79050.png",79050,0.170830895065243,0.20946053140473,1.54827387713529,-0.0706447165236005,0.203638863770256
"step","79063.png",79063,0.15685954629506,0.191261389600927,1.27069506080476,0.0115028232833084,0.190675568191369
"step","79076.png",79076,0.174794054689385,0.211924810069245,1.21073242368126,0.0134943129414764,0.212821299470006
"step","79090.png",79090,0.159104633983559,0.1938725592067,1.19534257191063,0.0027814215553259,0.191727074167509
"step","79103.png",79103,0.17700573095772,0.213198194138465,1.15720457391121,0.0405585530697098,0.208950280409017
"step","79116.png",79116,0.177021370938506,0.214499475297138,1.39615211260282,0.051950483497591,0.214175594812857
"step","79130.png",79130,0.178023882767249,0.215449434423794,1.21491530296859,0.0394419643643171,0.216686797437063
"step","79143.png",79143,0.196252809555585,0.235805744137985,1.17898359373412,0.021942241383958,0.236480782525933
"step","79156.png",79156,0.159295881650892,0.194795910538988,1.21482393663834,-0.0135422277863724,0.191841435420946
"step","79170.png",79170,0.165925283228375,0.203265728104829,1.35614717044652,-0.0364604616981541,0.200658471491176
"step","79183.png",79183,0.17020631622435,0.206749936849313,1.17677198262543,0.0538942757316796,0.205789367113824
"step","79196.png",79196,0.172935946002588,0.208668117055782,1.17045416325374,-0.0315590485463828,0.208381267829238
"step","79210.png",79210,0.159053940671058,0.193584650747134,1.26038563637319,0.037015589187816,0.190170083042967
"step","79223.png",79223,0.171161262361663,0.208138374377961,1.37377776696354,-0.0249587314998022,0.206596889966802
"step","79236.png",79236,0.164564619442123,0.200659847016104,1.31187264935133,-0.0430539775691749,0.199730121437383
"step","79250.png",79250,0.159446480894522,0.195026121694286,1.31091039505489,-0.00942664119881159,0.192093035226017
"step","79263.png",79263,0.164369511557788,0.200696246423382,1.40709825712494,-0.024376444336531,0.197441156000443
"step","79276.png",79276,0.184288151478509,0.22289021388331,1.35315507128984,0.00136344201130986,0.224191670153973
"step","79290.png",79290,0.186271877136571,0.224402340208069,1.48495047433788,0.0636803604483843,0.22544390407501
"step","79303.png",79303,0.183619680994623,0.222502050980628,1.37831213042179,0.00312238837459441,0.222765041474158
"step","79316.png",79316,0.172642322252517,0.210592916593556,1.44696756756191,-0.0357056884749436,0.207482497027822
"step","79330.png",79330,0.17290556412925,0.211065236627889,1.29299137796161,-0.0694972552336361,0.211564141895238
"step","79343.png",79343,0.175269444276955,0.212914826011037,1.17541613641341,-0.00835160891266118,0.216167866562716
"step","79356.png",79356,0.170042034463018,0.205701006626837,1.26312540618841,-0.00723825980386067,0.208281325591422
"step","79370.png",79370,0.192280416182486,0.230688362616858,1.28928796622112,0.160046250048941,0.236427971997736
"step","79383.png",79383,0.185378392296161,0.224321857011273,1.47955853080412,-0.0606341734104293,0.223652099021333
"step","79396.png",79396,0.172448957120277,0.209755825480762,1.37533689431101,-0.0444797875178812,0.211130777650992
"step","79410.png",79410,0.181577659742048,0.221498836425828,1.42443921620586,-0.0546338830873308,0.226780655563988
"step","79423.png",79423,0.183894134645781,0.223444940585364,1.20318997926106,-0.0932113524016775,0.231232401508713
"step","79436.png",79436,0.180293970817934,0.218054317136659,1.04889616991225,0.0704318865487843,0.214303617676041
"step","79450.png",79450,0.167314957564281,0.20337359511191,1.27799799908004,-0.100280507139856,0.201659615988342
"step","79463.png",79463,0.163929128920889,0.198693629528979,1.16227104162502,0.0593615279141934,0.196860249734627
"step","79476.png",79476,0.153957770452172,0.189497953475599,1.4302262578355,-0.114796201134184,0.183143009198202
"step","79490.png",79490,0.152181484359636,0.186700473371588,1.1165806667343,0.0738096068869488,0.184344227288323
"step","79503.png",79503,0.174466654320666,0.211192539477091,1.1897651055392,0.152149064756986,0.200722266997508
"step","79516.png",79516,0.16892155738813,0.209083831096644,1.37969119387028,0.0115019106122819,0.203039590522702
"step","79530.png",79530,0.15541018213437,0.191184737443134,1.23971813126319,0.0555468168037644,0.186012991068989
"step","79543.png",79543,0.15801335703875,0.192614882638352,1.37787518346003,-0.0139699326282682,0.190800823469746
"step","79556.png",79556,0.143740202248404,0.180769577266668,1.34779027553085,0.0315485999673435,0.175394763646835
"step","79570.png",79570,0.16535105241166,0.204956637520813,1.56365292392069,-0.1165555959698,0.192132111052319
"step","79583.png",79583,0.157641529339739,0.193594241748992,1.15207641237093,-0.103860872861724,0.195515161214746
"step","79596.png",79596,0.163989271313453,0.200964810490341,1.27394088203431,0.0319133640854608,0.200774355930272
"step","79610.png",79610,0.166291307718553,0.203699026476402,1.22990587464106,-0.00997689164471355,0.199336394862227
"step","79623.png",79623,0.189846128866619,0.226904700377592,1.34976635592445,0.0566658145966856,0.22108876039732
"step","79636.png",79636,0.169912000078806,0.208751001543228,1.56960642065776,-0.0758830084357213,0.203506336536672
"step","79650.png",79650,0.154663867476883,0.190665309363041,1.19434912371762,0.00395439343016718,0.185891570045054
"step","79663.png",79663,0.16923837289669,0.207276301041405,1.38604704330419,-0.00814355688954116,0.203456239012315
"step","79676.png",79676,0.174198766723136,0.212176063432921,1.20679174337863,-0.00794801375149398,0.21592227630245
"step","79690.png",79690,0.197483608416277,0.241949997634996,1.63687499781865,-0.251835104461459,0.245225012305624
"step","79703.png",79703,0.172022573798745,0.210316445119548,1.40150794430989,-0.0414076470237905,0.204651037826399
"step","79716.png",79716,0.192836576856283,0.232536764453361,1.34010646283371,-0.00127680307191053,0.226115086583667
"step","79730.png",79730,0.172706297289251,0.21198072340088,1.47162854027571,-0.163027202750045,0.206244332786966
"step","79743.png",79743,0.195185022218714,0.233556994750066,1.30829309654948,0.0603408632486054,0.233738814400163
"step","79757.png",79757,0.168949960273496,0.207002942316755,1.43062254521469,-0.113623136590327,0.206085244213489
"step","79770.png",79770,0.169893302018578,0.207318512897611,1.15681909723606,0.0934705320565976,0.202698078995778
"step","79783.png",79783,0.2017999460325,0.242515867520527,1.19426954209619,0.0219086437780954,0.236983270954495
"step","79797.png",79797,0.18243154862491,0.221049975735774,1.14285311553899,-0.1307080699374,0.225892743371426
"step","79810.png",79810,0.177359850130605,0.214456589228361,1.18367324626345,0.143753058335847,0.20840710932277
"step","79823.png",79823,0.185206518966537,0.223442913227668,1.15768014326897,0.0955688426751457,0.221011774295339
"step","79837.png",79837,0.16557027407141,0.200836474153131,1.14525223066,0.140555686058038,0.202065165844136
"step","79850.png",79850,0.172467898808914,0.209321325308581,1.3914075597444,-0.133084520165677,0.206131749110794
"step","79863.png",79863,0.170342559646799,0.208012677877338,1.40473571544564,-0.0872373433189558,0.20119010030943
"step","79877.png",79877,0.166289967937053,0.203433559300932,1.18467073620954,0.0199948919014152,0.202100539281053
"step","79890.png",79890,0.168210673911913,0.20732697121241,1.31507810917087,-0.0692289102881412,0.203225916246007
"step","79903.png",79903,0.183981322055892,0.221972262462378,1.20665686812901,0.167393907549462,0.21458330221693
"step","79917.png",79917,0.157679841731874,0.192851169933358,1.35068412789429,-0.0560304323697505,0.189470968413435
"step","79930.png",79930,0.186168980763028,0.22749296436162,1.26583465308055,-0.00271900987458204,0.221664617175179
"step","79943.png",79943,0.170335789874621,0.206727362618637,1.26417952455088,0.111870343371629,0.200251880930512
"step","79957.png",79957,0.156733616776186,0.191489121139891,1.34920927413706,0.083330071684607,0.18727514735935
"step","79970.png",79970,0.177085607523117,0.21423082973213,1.40033063896355,0.0865765613610933,0.212044557261666
"step","79983.png",79983,0.164105819913999,0.19993912359895,1.27340164581391,0.133370401219267,0.193418979463458
"step","79997.png",79997,0.179763264695521,0.218360407736818,1.24274116715884,-0.0477394691473491,0.220643154746951
"step","80010.png",80010,0.178048218258336,0.216427244452206,1.22466023722446,-0.0560409769726372,0.21912285282911
"step","80023.png",80023,0.165515414465353,0.20230181884016,1.15564578797519,-0.097982217374097,0.198007914666712
"step","80037.png",80037,0.172233725000458,0.209993085776759,1.27049413617971,-0.0761538513658931,0.206412742821996
"step","80050.png",80050,0.178186131895529,0.215140506041655,1.18002632867828,0.165072024503297,0.209415611288995
"step","80063.png",80063,0.160482833227185,0.196931254936122,1.28769790236733,-0.0657692987861651,0.192804255931679
"step","80077.png",80077,0.168054406449996,0.204471595294711,1.18676463553291,0.00906352735500593,0.202263386192359
"step","80090.png",80090,0.184124990704997,0.22295642146603,1.25532834682445,-0.0528821584762532,0.216780878288745
"step","80103.png",80103,0.162236458797643,0.199579238440876,1.21444666466671,-0.0635125014616286,0.192962664590658
"step","80117.png",80117,0.163315766987385,0.202029768061965,1.33610263771684,-0.0802825402051608,0.198431929800354
"step","80130.png",80130,0.165415159961333,0.201863532424164,1.09154796796838,0.0459129109714588,0.199643030001406
"step","80143.png",80143,0.180291807985866,0.226037402907627,1.54441392100975,-0.16286256462462,0.220444125395614
"step","80157.png",80157,0.171749820895569,0.210268924966869,1.17065227393257,0.0447705565473079,0.204284575348485
"step","80170.png",80170,0.167799721338713,0.20531980557301,1.3522987969528,-0.100456260524691,0.202419542305999
"step","80183.png",80183,0.16387180719067,0.200639007596706,1.25573577010082,-0.043319158189115,0.194329449260523
"step","80197.png",80197,0.179035567402283,0.216752131452124,1.30145977816962,0.0454473469831798,0.21724975677738
"step","80210.png",80210,0.168807653950556,0.20705385443945,1.61445097454709,-0.127602637275096,0.205741399596616
"step","80223.png",80223,0.171754465371951,0.209265464145635,1.51253793938923,-0.0349655131109622,0.203595233892614
"step","80237.png",80237,0.160090407404569,0.195298741486753,1.29675426672605,0.0430630822131436,0.192713975304803
"step","80250.png",80250,0.20047091426661,0.24009973603623,1.23050716723188,-0.116148493755346,0.246168677441908
"step","80263.png",80263,0.170796875092917,0.209392491231444,1.27094258443947,-0.10243197387755,0.207684865446841
"step","80277.png",80277,0.15761527630121,0.194084010997775,1.19126430830674,-0.0954841029162072,0.189475648610505
"step","80290.png",80290,0.166332216818583,0.205211347098214,1.30333674298708,-0.003830823966397,0.202516421311212
"step","80303.png",80303,0.175243122372683,0.214452913022072,1.42935517386939,-0.0581143097133913,0.207878232954004
"step","80317.png",80317,0.162579207091785,0.200077038679963,1.26357292790678,0.00254767539787668,0.196063497093216
"step","80330.png",80330,0.180982532678374,0.218499187776495,1.13859067532966,0.129345039377908,0.223922981654547
"step","80343.png",80343,0.195469569031328,0.2348980569223,1.32942446343508,0.112268396852641,0.227204253314816
"step","80357.png",80357,0.173084784367161,0.213175306718243,1.27551454094414,-0.123902667603652,0.209167727204717
"step","80370.png",80370,0.193666033573033,0.233717483967835,1.17657281007577,0.000955702018864996,0.228658474909816
"step","80383.png",80383,0.175394325816412,0.214194163596782,1.43888314939653,-0.0281536600377018,0.208121046982715
"step","80397.png",80397,0.172368106942006,0.211564310250335,1.32930485214308,-0.00480215137886889,0.202366799600843
"step","80410.png",80410,0.168874019803723,0.20705269112691,1.30454140013555,0.0248475853882691,0.203547991466498
"step","80423.png",80423,0.177137715121168,0.216637254641259,1.3315166881388,0.0254841947202312,0.214302310567606
"step","80437.png",80437,0.168161450512034,0.206147992967369,1.43893830462281,-0.0163972451346232,0.203496848953313
"step","80450.png",80450,0.163688761722182,0.200100955702825,1.39590652115497,0.120741529836672,0.193138692203262
"step","80463.png",80463,0.18352542918671,0.221346985078209,1.52357641098294,0.0636864805670769,0.213177415463495
"step","80477.png",80477,0.16577105304576,0.203115078090148,1.20110827909772,-0.0764013100894056,0.200940587299358
"step","80490.png",80490,0.16967069372652,0.206960860550325,1.3334064602057,0.189381168986202,0.199833815691243
"step","80503.png",80503,0.17290105222772,0.209903262062467,1.18760958855682,0.143699338086499,0.208987311099136
"step","80517.png",80517,0.175995632903653,0.212965335956345,1.02557361829354,0.0285366738949581,0.209004122158477
"step","80530.png",80530,0.178060621752398,0.214792537145554,1.13124280693165,0.101849152940563,0.213005245752165
"step","80543.png",80543,0.196987076755808,0.236440027974018,1.14852655728605,0.00833399893462705,0.229673673855998
"step","80557.png",80557,0.179234557637527,0.217535483542973,1.23649566276928,0.0858508745712223,0.21978151307873
"step","80570.png",80570,0.195046560912869,0.235920700367361,1.560156634195,-0.123302437964828,0.232730732156743
"step","80583.png",80583,0.188182901001838,0.22592125740305,1.27539048611977,0.131676080905378,0.218189712040856
"step","80597.png",80597,0.150701286811047,0.184580262505942,1.1649935793871,0.0562459235870143,0.180539521761506
"step","80610.png",80610,0.159802843643681,0.194470726546755,1.4054450979699,0.111637653768382,0.192142471567275
"step","80623.png",80623,0.15404740955239,0.191627053137032,1.16591218326753,-0.0602412598227403,0.184297581567229
"step","80637.png",80637,0.171317402240105,0.209112127159419,1.13577483192467,0.0313890324514883,0.206424456599542
"step","80650.png",80650,0.169624375990149,0.20673286597782,1.07906020042194,0.0945303405253474,0.201376524326311
"step","80663.png",80663,0.171380577955029,0.20834187661934,1.33921643800002,0.187979289183565,0.198105334591965
"step","80677.png",80677,0.159046786573695,0.1960560928315,1.16763107193684,-0.163476903778027,0.191919632151074
"step","80690.png",80690,0.181930407203413,0.223886648425509,1.33533964894737,0.0369343140894315,0.215953391961456
"step","80703.png",80703,0.163505030887898,0.200006073730139,1.29309564693859,0.00494572597363191,0.198272469414664
"step","80717.png",80717,0.174007579253495,0.210686785277974,1.35009753234313,0.0251723019851071,0.206142284300501
"step","80730.png",80730,0.152659613277764,0.188609470853512,1.25522903985297,0.0407140136139562,0.187254018105945
"step","80743.png",80743,0.188553375842511,0.230267825702289,1.33047190670788,0.00430702482836229,0.22854237552092
"step","80757.png",80757,0.155049333470795,0.191522743463802,1.27790787535617,0.00674783732658929,0.184301933998971
"step","80770.png",80770,0.158421438781514,0.19467640318572,1.36637081477627,0.0675353261562673,0.19270213630294
"step","80783.png",80783,0.161880825978972,0.198378533976744,1.47499480882513,-0.05822537557488,0.192625813533125
"step","80797.png",80797,0.157186779501494,0.192817825493833,1.45145974918548,-0.0352419970743395,0.190007814355017
"step","80810.png",80810,0.183122804879301,0.22540811114794,1.38294079297246,-0.18073257716023,0.217922355697318
"step","80823.png",80823,0.175155767866033,0.214605555680464,1.23182871211898,0.010689783378532,0.205967806453295
"step","80837.png",80837,0.18497144130821,0.222815260166157,1.15457330658987,0.13350892715621,0.215106056767826
"step","80850.png",80850,0.193294292554282,0.232928077364108,1.2396976946699,0.136397274011173,0.228957252604476
"step","80863.png",80863,0.16787480428308,0.205407178708609,1.30686515858537,-0.0530110367696792,0.197780330809807
"step","80877.png",80877,0.177320739030284,0.21684286989174,1.42720979057293,-0.0122077401707462,0.209677087031938
"step","80890.png",80890,0.176371771936071,0.215129727160039,1.50936449703639,-0.0666026640938157,0.20920395251491
"step","80903.png",80903,0.174115999652784,0.211605323154687,1.29918623788555,0.11648621905062,0.20521187949461
"step","80917.png",80917,0.180476026073986,0.219718057193423,1.4329297469955,0.084299296435021,0.21089969003525
"step","80930.png",80930,0.17311171135123,0.210952563505647,1.32127551416603,-0.057928471234361,0.205784749495232
"step","80943.png",80943,0.163654500952929,0.201188994215178,1.27850112639375,-0.0182147520168123,0.196120833029686
"step","80957.png",80957,0.175094711156246,0.212778608999079,1.35431235021834,0.0255420318271979,0.204528371882847
"step","80970.png",80970,0.168019041326973,0.204154582783342,1.12656667978272,0.10780505599506,0.200941462326934
"step","80983.png",80983,0.182177438815001,0.219022341937765,1.23332272796066,0.133009180428664,0.213267337935363
"step","80997.png",80997,0.163932807425111,0.199222058377996,1.29399915630528,0.0446889132810731,0.193440451544719
"step","81010.png",81010,0.166960245988129,0.203069410027152,1.49739475173109,-0.00732866282896941,0.197990948977759
"step","81023.png",81023,0.164378902546345,0.201655564217733,1.38359924715423,-0.0490746734636702,0.193932097925228
"step","81037.png",81037,0.173259865687736,0.211403029703536,1.21175900781087,-0.0757017720050062,0.211135565131236
"step","81050.png",81050,0.180937811417189,0.21964843914213,1.29606996625934,-0.0240076099006891,0.220200689918202
"step","81063.png",81063,0.177508217736482,0.219136354482967,1.30543413757495,0.00776620652310633,0.218358753532092
"step","81077.png",81077,0.164691487476914,0.202251464877954,1.5439843950947,-0.0651098306911859,0.206343813139154
"step","81090.png",81090,0.162469831296933,0.201962277212132,1.39138055221216,-0.0134926753112801,0.201735371347555
"step","81103.png",81103,0.165181816464218,0.20827270253062,1.40489694251612,-0.0404003200177455,0.205823823211689
"step","81117.png",81117,0.165899872120219,0.206137712852856,1.3233623225986,-0.0245225081415813,0.202497107816557
"step","81130.png",81130,0.16337847027631,0.203956488467894,1.4480801887614,-0.085116131494722,0.202137084496481
"step","81143.png",81143,0.173546780848117,0.213542969194514,1.47139475938345,-0.127621926621446,0.209572851709015
"step","81157.png",81157,0.177891016581264,0.214121168427269,1.35867935348568,-0.167839986956034,0.209159275652646
"step","81170.png",81170,0.171674901127412,0.206229549349443,1.19670146054431,0.124014432371339,0.204701749459657
"step","81183.png",81183,0.168577848305671,0.203323679878697,1.17882411825593,-0.0746075596175353,0.204927460872819
"step","81197.png",81197,0.167583535060656,0.202841890635768,1.30814081358798,-0.0528688819506498,0.200022712865504
"step","81210.png",81210,0.158025307727191,0.191412318721293,1.29068671182583,-0.0213347581565187,0.18940789154717
"step","81223.png",81223,0.156724624987784,0.189423009171922,1.24875577435802,-0.0279977926713738,0.189248268390736
"step","81237.png",81237,0.155810400656853,0.189102490027003,1.22617131347884,-0.0449636591260838,0.189172795553867
"step","81250.png",81250,0.158119977407736,0.191702060135642,1.19212123664912,-0.053111497642783,0.189834441401534
"step","81263.png",81263,0.156688838088963,0.190951422849589,1.32169537238401,-0.0123547017201394,0.185613312989629
"step","81277.png",81277,0.161184252463407,0.196641017737378,1.2624668756801,0.0710506533547476,0.190618049899936
"step","81290.png",81290,0.174952756647575,0.216117328686728,1.1888770973328,-0.0246889612244071,0.209458491174982
"step","81303.png",81303,0.184912292838451,0.224651659536982,1.14936259356237,-0.19081439589287,0.218788269392498
"step","81317.png",81317,0.197137782855503,0.23560844748513,1.20873356281842,-0.162398877743635,0.228144051118
"step","81330.png",81330,0.181286141042287,0.221777370812104,1.27879849293668,-0.0536687159711936,0.218936178458775
"step","81343.png",81343,0.158857709012974,0.200421448205034,1.289468612183,-0.169213003632599,0.200713416970691
"step","81357.png",81357,0.14792230786682,0.188792518956187,1.26626244967689,-0.144789627725425,0.194990088289124
"step","81370.png",81370,0.159716623254611,0.200703161862929,1.25368086066841,-0.114055802386304,0.208432116118086
"step","81383.png",81383,0.14645495750312,0.180568993563997,1.44397028244464,0.142873561668249,0.191192355157933
"step","81397.png",81397,0.158217004309079,0.197481151228658,1.66679948608556,0.258634169158611,0.207472250531683
"step","81410.png",81410,0.150363356218406,0.190237425273274,1.59549130249039,0.296560169234053,0.196973743259822
"step","81423.png",81423,0.158939037480275,0.207195097670349,1.82435466074206,0.429902660235484,0.209505642494688
"step","81437.png",81437,0.192730541854119,0.238316465910622,1.55278454752223,0.339874329993653,0.237932379814779
"step","81450.png",81450,0.209196374931742,0.249714649333444,1.14970713393042,0.0357958440299997,0.249864573538813
"step","81463.png",81463,0.212218934488681,0.252501988703736,1.10280800141393,-0.0148080970952576,0.252594173908044
"step","81477.png",81477,0.212467893885206,0.252818911264189,1.09891012940589,-0.0371547496946202,0.25259936165008
"step","81490.png",81490,0.213182146551724,0.253376470259507,1.11877206590034,-0.0598619041537829,0.253182443622008
"step","81503.png",81503,0.215779472123293,0.255526138732496,1.10118213550323,-0.0172755378607533,0.255450700412861
"step","81517.png",81517,0.225627003038678,0.267198104321409,1.52937841249316,-0.309382171143958,0.29036959110976
"step","81530.png",81530,0.183967452885015,0.221071054470058,1.09252602936675,0.107011616465368,0.22017731621308
"step","81543.png",81543,0.200792583127502,0.240543729347605,1.42776569145474,-0.0941375521453534,0.238621968268701
"step","81557.png",81557,0.177348106757326,0.21354284098995,1.10644704436628,0.0890302849682629,0.211017069128382
"step","81570.png",81570,0.178262275138425,0.215776070773551,1.2371653259381,0.0961517665968769,0.209844218378062
"step","81583.png",81583,0.168867179622018,0.206237417454844,1.46034250178111,-0.0759221264125593,0.198040661070422
"step","81597.png",81597,0.164378633069162,0.200632735682677,1.33895699683965,0.188512891124441,0.194184851470351
"step","81610.png",81610,0.149000761752156,0.18278071398799,1.33981074216805,0.0470804069115556,0.179373705842153
"step","81623.png",81623,0.188383490754314,0.227815528920006,1.31663064813143,0.146803995448829,0.214369827948139
"step","81637.png",81637,0.173152237073535,0.211231143249217,1.3548816862164,-0.0307507030302286,0.201438842392173
"step","81650.png",81650,0.160596592166758,0.197734968147971,1.32368120207642,-0.11688815587124,0.189846105174585
"step","81663.png",81663,0.185210109133225,0.227452503028893,1.50483523034242,-0.110289820566513,0.223124926739831
"step","81677.png",81677,0.166513945838232,0.202652826714784,1.33190946058944,0.107842669080668,0.195779512851196
"step","81690.png",81690,0.166921946423637,0.203049789425322,1.27785652482468,0.0485995979460989,0.206527153081034
"step","81703.png",81703,0.16500935459713,0.201397696161473,1.14525380624425,0.0841380397334041,0.201168363428474
"step","81717.png",81717,0.16853707629939,0.205142654988275,1.28095177569885,0.0856179058281183,0.19633022200544
"step","81730.png",81730,0.174085224098361,0.212239494541266,1.39403254514561,-0.0767807896728758,0.20104977055075
"step","81743.png",81743,0.158580539982223,0.195327599662041,1.19964499969035,-0.037027416685366,0.191108639621401
"step","81757.png",81757,0.170518150950691,0.207466295808984,1.22665782833242,-0.130133546860051,0.207597461937047
"step","81770.png",81770,0.199949926626885,0.239123822264056,1.31607412597312,0.0746037622619552,0.236685017274506
"step","81783.png",81783,0.168891251592534,0.204933716622675,1.26289032604223,0.034322956372172,0.203703698639119
"step","81797.png",81797,0.19458261242083,0.233246144644488,1.32585596871407,0.129136672802708,0.229850138586647
"step","81810.png",81810,0.219083249972219,0.261124737986292,1.18289903961883,0.0157058616904047,0.257148854789643
"step","81823.png",81823,0.178137680654466,0.214887079733852,1.25696282510222,0.0748359709794463,0.210181446527373
"step","81837.png",81837,0.178692618300349,0.215261775626431,1.44898988682594,0.00692081073598838,0.213489402885006
"step","81850.png",81850,0.180477301288861,0.218301532885356,1.3495221316079,0.132662808678254,0.21494695156912
"step","81863.png",81863,0.193507722795209,0.232922325504733,1.1592190199923,0.168391066348981,0.230653241718346
"step","81877.png",81877,0.173774576093873,0.209724568914584,1.36487871797298,0.0647308526629878,0.204950242426866
"step","81890.png",81890,0.1769087236776,0.2137353837998,1.17061669226599,0.0889200066216685,0.21151493469179
"step","81903.png",81903,0.172397972283841,0.207452858308235,1.31404794642291,0.0919550368723155,0.203082741862371
"step","81917.png",81917,0.176184767654344,0.21232405854705,1.21985369269861,0.0772138253900328,0.206943016330314
"step","81930.png",81930,0.17369223347249,0.209404860798572,1.4300837193286,0.109241236712359,0.20171296935379
"step","81943.png",81943,0.18535123899449,0.223057907637149,1.40377891885287,0.106179957695805,0.21464431861289
"step","81957.png",81957,0.169739571767604,0.205929012598872,1.40113247413616,0.0285379946399684,0.202431184074067
"step","81970.png",81970,0.190116533418218,0.228427543692788,1.22728201672347,0.105762184977842,0.223179558652437
"step","81983.png",81983,0.186193438926896,0.22438586610273,1.42377369845188,0.222255643761461,0.221764693679649
"step","81997.png",81997,0.179561116533699,0.215591458117584,1.3285490818089,0.12482174849652,0.214188865695636
"step","82010.png",82010,0.198496638674685,0.237951863875698,1.26138178220426,0.0792421602318773,0.22795395644876
"step","82023.png",82023,0.176557348960551,0.213289554840462,1.2390714873566,0.163178355085752,0.210512327368797
"step","82037.png",82037,0.180004572908065,0.217032965885142,1.22073729193387,-0.128017920462135,0.216979019102948
"step","82050.png",82050,0.180981473960779,0.21740059975646,1.37585525554048,0.129604178515125,0.211586383584421
"step","82063.png",82063,0.180621358931564,0.218474555345859,1.3645816496273,0.0412850441846884,0.217959504524125
"step","82077.png",82077,0.170976861562559,0.208224290135195,1.44161927155788,-0.0422826660656071,0.20811733548728
"step","82090.png",82090,0.172942526957365,0.208419893971701,1.27766131022704,0.010275145746944,0.204895643519616
"step","82103.png",82103,0.175561030531719,0.211899174829525,1.36780373429996,-0.0704915612487576,0.209568292693295
"step","82117.png",82117,0.188480817132677,0.227027405428871,1.28709219262639,0.0114068871688537,0.225379660634443
"step","82130.png",82130,0.181981682875851,0.218389022914443,1.26813143840025,-0.00703623567271996,0.21935370863615
"step","82143.png",82143,0.179313556562713,0.217340947373515,1.33081307079122,0.181547675138171,0.210850199417556
"step","82157.png",82157,0.175999778846925,0.212312082077434,1.12542388338975,0.0861527201819606,0.209762700123961
"step","82170.png",82170,0.186769935581129,0.22541135618756,1.07995672902294,0.00932399199286998,0.230473382222198
"step","82183.png",82183,0.173002264985598,0.208910025053734,1.32870743157278,0.0425597784768796,0.20960919012174
"step","82197.png",82197,0.183777566697846,0.220990724279588,1.20038700128251,0.104382074004527,0.217193350131584
"step","82210.png",82210,0.176435742920175,0.213211481620074,1.34879107688779,-0.0707187896415327,0.216121164882916
"step","82223.png",82223,0.178075624020214,0.213542358999512,1.30286294710023,0.151093389893183,0.212935068056241
"step","82237.png",82237,0.17890090212703,0.215671038792467,1.30567591004975,-0.0298205843604772,0.211906725545271
"step","82250.png",82250,0.175803022146092,0.213104437832194,1.41559111073734,-0.114617087171896,0.206964787243423
"step","82263.png",82263,0.178369624477984,0.215484155871563,1.45388246994201,-0.0338274763952125,0.210550429018585
"step","82277.png",82277,0.18586715227857,0.224816529942776,1.22051298760393,-0.0906844902683651,0.219222385261224
"step","82290.png",82290,0.182487323528506,0.221177308650275,1.26493779196929,-0.0525421055468344,0.217319026253078
"step","82303.png",82303,0.188396327932928,0.226962860994251,1.28710070006751,0.10462170316434,0.2200711185583
"step","82317.png",82317,0.177644593908246,0.213412741293249,1.20486068121832,0.0361461256794521,0.209761569752373
"step","82330.png",82330,0.198300485185869,0.238380000081293,1.25425409940081,-0.0185163201217258,0.234876938125104
"step","82343.png",82343,0.18328718920472,0.221066139230829,1.25652664647555,0.0320577427896829,0.21656453376528
"step","82357.png",82357,0.201326310746828,0.240925654982643,1.23767735983992,0.161481478730998,0.234675580392547
"step","82370.png",82370,0.174761880842336,0.210863313815039,1.09950571700852,-0.0488968490914236,0.211139160688159
"step","82383.png",82383,0.176234159503113,0.213342761387858,1.23912442797563,0.0219628607576152,0.206620941933316
"step","82397.png",82397,0.176148848089188,0.211938214297629,1.28310057500712,0.0773901654563387,0.208036680069298
"step","82410.png",82410,0.200832584039253,0.239516080303875,1.32747262751836,0.0601271140664526,0.240265436605961
"step","82423.png",82423,0.182231526027716,0.219390554353914,1.26805100029293,-0.0421377260274862,0.219897096432552
"step","82437.png",82437,0.178104997083391,0.213807168789626,1.12011278521172,0.0517333320839244,0.213928838788437
"step","82450.png",82450,0.181609565406101,0.218623800827799,1.19124588541337,0.0113729133495307,0.216397192787983
"step","82464.png",82464,0.191290573994061,0.226681527077206,1.20076745238353,0.0490470644565772,0.220624164946658
"step","82477.png",82477,0.183077714289521,0.217965784278195,1.10126673669899,0.107681665385718,0.213385436061307
"step","82490.png",82490,0.190650165316865,0.23099525371763,1.47199872818031,-0.0780210020074871,0.223949021208261
"step","82504.png",82504,0.180778606884938,0.216699142653901,1.23800132626336,0.0819287736108454,0.209176657691628
"step","82517.png",82517,0.182983633003039,0.221334881367094,1.32074831143455,-0.0558429932975088,0.213418624698748
"step","82530.png",82530,0.183856891130441,0.219461664450403,1.33527411754792,0.00574531091702207,0.21232157410632
"step","82544.png",82544,0.177530629689354,0.210918478802601,1.09040859737389,0.027284688150491,0.208725863874348
"step","82557.png",82557,0.182210468080194,0.218187209701195,1.162423875977,0.15510351273207,0.210703825003743
"step","82570.png",82570,0.178793363535117,0.213438375809627,1.14894935428937,-0.0355087181732273,0.208031052321328
"step","82584.png",82584,0.178008701861197,0.212760059482153,1.20145579616565,0.117144818550328,0.21065049965301
"step","82597.png",82597,0.182795965586817,0.21813469625929,1.22261074975877,-0.0424183058417712,0.213645209423159
"step","82610.png",82610,0.189294749463643,0.225707614296522,1.0937925343473,-0.0521088840157681,0.226531378447834
"step","82624.png",82624,0.181394407804263,0.216498302202021,1.29641104460284,0.069819797190336,0.211176113529141
"step","82637.png",82637,0.180207847926131,0.215264759921473,1.30259405287776,0.050454376013616,0.209135800443738
"step","82650.png",82650,0.191915666156827,0.231345329414199,1.39634351542037,0.151639239118261,0.22109654171066
"step","82664.png",82664,0.182115808294435,0.21933000167082,1.24677306999593,0.0407533283607277,0.212752592022815
"step","82677.png",82677,0.201898944832909,0.239878723868325,1.51019338194319,0.13142438349172,0.228184665099078
"step","82690.png",82690,0.186188968550124,0.22329956719897,1.18669841689794,0.0612920087469093,0.21802253452886
"step","82704.png",82704,0.175677549833151,0.211295925345663,1.25148207917761,0.121273876857277,0.205067071766758
"step","82717.png",82717,0.18181422771116,0.218314730126163,1.18180791869551,0.0877298384004456,0.214190187137307
"step","82730.png",82730,0.196857593630513,0.236479394286668,1.35440600749021,-0.156472749989813,0.244090047697183
"step","82744.png",82744,0.175207295071893,0.211501213199204,1.45855163304154,-0.000702870746510736,0.211439790935676
"step","82757.png",82757,0.172478165720403,0.208650649530114,1.56210234493369,0.0338784164442926,0.20301727489035
"step","82770.png",82770,0.16887809789728,0.204241240885326,1.38941589732998,0.123885444573415,0.198990535696435
"step","82784.png",82784,0.170360509867185,0.206430927363509,1.44344084516682,-0.087366880609606,0.209833658254642
"step","82797.png",82797,0.180931438195961,0.217180412376949,1.27905653933916,0.0203507414057968,0.213542042243192
"step","82810.png",82810,0.175155568996217,0.21132217571687,1.22494427893637,0.0893608134786473,0.206795449078976
"step","82824.png",82824,0.173047084199313,0.209469944994724,1.47575427125658,-0.0940369781397564,0.209131322887526
"step","82837.png",82837,0.169490816140309,0.205003854829248,1.33146107493574,0.0844199613485828,0.202889886291008
"step","82850.png",82850,0.177802511407015,0.215730514793591,1.34894501702078,-0.0415601758897325,0.214248957131146
"step","82864.png",82864,0.189323315344802,0.23123559436587,1.59971949991898,-0.126895894464201,0.224782269270076
"step","82877.png",82877,0.167633569796385,0.203791198929547,1.30675016601191,0.0477174926022547,0.20010746814006
"step","82890.png",82890,0.172864593433518,0.209311932854489,1.4320822255216,-0.0753504797764214,0.20966352484824
"step","82904.png",82904,0.179766852465591,0.215768457810489,1.30678582830418,0.0526381753845868,0.211872634347409
"step","82917.png",82917,0.177218795521236,0.213373562244432,1.36548286970406,0.0947253830151031,0.206255224134212
"step","82930.png",82930,0.194282751606183,0.233851743141569,1.33682842142924,-0.153411742051168,0.23913548595833
"step","82944.png",82944,0.177146413119193,0.213635618819093,1.39839755716902,-0.0121221142553945,0.206008530288687
"step","82957.png",82957,0.184880987227928,0.223278036794879,1.27753446699286,-0.0349498732075519,0.218566067485856
"step","82970.png",82970,0.186221897538374,0.224471445471774,1.37010326176584,-0.0189220320250713,0.216568335125286
"step","82984.png",82984,0.187405362348531,0.224628321472022,1.19640169571052,0.0946607537981579,0.216872433209086
"step","82997.png",82997,0.18523344759412,0.227762660539706,1.43198302443136,-0.158887276657479,0.222020031263395
"step","83010.png",83010,0.175678198380789,0.210796273001569,1.27265564781166,0.0397413827059387,0.207326970877882
"step","83024.png",83024,0.193978092701727,0.231767909734027,1.20453144613441,0.0521281373270809,0.230306860883558
"step","83037.png",83037,0.187856486324359,0.226947514417847,1.34154072370663,-0.0480120662918084,0.227956766895951
"step","83050.png",83050,0.186850917560908,0.225898988657093,1.32708465616861,-0.0334198657415549,0.223827287753523
"step","83064.png",83064,0.168225204135515,0.205369138079099,1.3619491231108,0.0205526274462608,0.20186711193443
"step","83077.png",83077,0.179463431231037,0.215922683283483,1.44225889580007,0.0871354121606784,0.213243294179132
"step","83090.png",83090,0.169925001381794,0.20492569034691,1.35362036219445,-0.0193519809538483,0.199334688803098
"step","83104.png",83104,0.175957293041202,0.212673877901428,1.30149764996228,-0.0650027055544716,0.206714031580251
"step","83117.png",83117,0.175847914055707,0.212452463958411,1.1564610382069,-0.0441420536826173,0.208267847096429
"step","83130.png",83130,0.170145209945462,0.205581631847942,1.33995437519433,-0.0457309281508345,0.203126544607687
"step","83144.png",83144,0.172956785947743,0.208775527276216,1.15431279260678,-0.0755123690961043,0.207543174957719
"step","83157.png",83157,0.171861698796618,0.20743522491438,1.20975860907713,0.0428202409885938,0.209693397284277
"step","83170.png",83170,0.179511162101574,0.215453407041864,1.18196444489081,0.0221582356467332,0.211290148954028
"step","83184.png",83184,0.167969300843133,0.203132573312941,1.36386886497796,0.0105734124748191,0.199921718397048
"step","83197.png",83197,0.175754819048704,0.211232141773149,1.44047725373711,0.00469680070278802,0.207417697995908
"step","83210.png",83210,0.173179132267246,0.209910595007818,1.29353404304565,-0.0137249197919801,0.206706867039693
"step","83224.png",83224,0.18956719254227,0.227312519230299,1.40977602701534,-0.0890779496028042,0.217672656493463
"step","83237.png",83237,0.192264029627692,0.230058653565821,1.1700418463969,0.121680509169068,0.223090741653376
"step","83250.png",83250,0.179527641290493,0.215669699186295,1.40743037674363,-0.0909105034268686,0.210793183688018
"step","83264.png",83264,0.172593863693732,0.209057468220162,1.22474994584608,-0.0885361276513404,0.21258464681421
"step","83277.png",83277,0.181799008695952,0.217450855233956,1.22270366849456,0.118169028304041,0.210048159953144
"step","83290.png",83290,0.169519652037979,0.20373915181032,1.05415412010313,0.0738922605324634,0.197062499668644
"step","83304.png",83304,0.164136077877206,0.196707755656318,1.28853069621367,-0.060258020373093,0.190481729949829
"step","83317.png",83317,0.167833420467821,0.201248862862742,1.20753271942315,0.113780238094029,0.196631319416013
"step","83330.png",83330,0.169535983431722,0.203825073755451,1.26164021421308,0.0940796262492531,0.196333528409613
"step","83344.png",83344,0.178305387487999,0.216631581071631,1.50026924340927,-0.142330034320591,0.210428772207111
"step","83357.png",83357,0.168327409145333,0.201589034933184,1.17522406869949,0.0431990312669666,0.198862836973169
"step","83370.png",83370,0.171613170082962,0.206395144373815,1.31655917286226,0.221043287621816,0.203510030326864
"step","83384.png",83384,0.164599475315093,0.199453247884894,1.22388026020964,0.0882195962898612,0.191598614119773
"step","83397.png",83397,0.171221328564782,0.205112046815212,1.24778544534618,0.151125657816231,0.200682610098696
"step","83410.png",83410,0.164365474357563,0.198453722368852,1.37997371086935,0.109061747059883,0.192522962576042
"step","83424.png",83424,0.170220421629568,0.205741034912254,1.29316473541336,-0.0656512668595858,0.196158761725087
"step","83437.png",83437,0.152632122726326,0.184757401601666,1.26886045448794,0.0225684655768587,0.179950725657728
"step","83450.png",83450,0.155883041398052,0.188863087237179,1.1789433527204,-0.0566103156905664,0.192001150825502
"step","83464.png",83464,0.167152234170068,0.202978566805959,1.51252838465101,0.0861408098635969,0.201469350299684
"step","83477.png",83477,0.173799895147293,0.209529775353177,1.49268620978268,0.0324509393368223,0.206345887818313
"step","83490.png",83490,0.164794877974241,0.199253721185111,1.34116237743955,0.00887326022484974,0.195912326568295
"step","83504.png",83504,0.16566706495425,0.199610204337799,1.34259443205445,0.0249150395365559,0.19642779553908
"step","83517.png",83517,0.172452703435488,0.207969477357756,1.28930991141837,-0.0801228645841844,0.20422594348256
"step","83530.png",83530,0.167158358875797,0.203574058260046,1.25588612805027,-0.0748967742127801,0.207369902020298
"step","83544.png",83544,0.174839023176612,0.20998004128752,1.39867416624363,-0.0704655371135379,0.20414589619239
"step","83557.png",83557,0.181088624322312,0.216472403035721,1.38849690695591,0.0957594717683054,0.212768440124386
"step","83570.png",83570,0.173963510251735,0.209542900222228,1.26638909699427,-0.0198882851062483,0.210271123700887
"step","83584.png",83584,0.187352464893067,0.225271830616253,1.24235652515545,0.143029408708018,0.222090394097062
"step","83597.png",83597,0.17173244473601,0.206460455754919,1.340252435113,0.0163503238087324,0.205339236995396
"step","83610.png",83610,0.188462680400662,0.224336376706008,1.34877800406485,0.0572259402933189,0.216970266521127
"step","83624.png",83624,0.174712705478981,0.211252454444426,1.27430786088665,-0.0864272850559916,0.207651667650865
"step","83637.png",83637,0.165625288452219,0.200734108198572,1.36897705550353,0.00415000509036981,0.202481129979191
"step","83650.png",83650,0.166183832876758,0.20126016538714,1.27028958274694,0.0119933862276242,0.200498480453921
"step","83664.png",83664,0.169569357655289,0.20628786868634,1.42326472000943,-0.0809007874992394,0.210054718220506
"step","83677.png",83677,0.172900334393732,0.208102252744858,1.33466453229134,-0.0824947908697286,0.204821793363326
"step","83690.png",83690,0.171357334380231,0.20670646362197,1.24468441886439,0.0073167102882698,0.199758751081263
"step","83704.png",83704,0.167532325122132,0.203168548189061,1.31975360886021,-0.0694277240668339,0.200089303993835
"step","83717.png",83717,0.172262505734485,0.207007109794695,1.31753966255679,-0.0473051620996969,0.202451228845588
"step","83730.png",83730,0.173449307194785,0.208737674915112,1.23827620260582,-0.0399935294492754,0.206800304732818
"step","83744.png",83744,0.175365028396709,0.21091993697243,1.12478409882188,0.0634855046682625,0.207940953033829
"step","83757.png",83757,0.179279066000387,0.215444634483748,1.29030532098242,-0.122224189280831,0.211264630015539
"step","83770.png",83770,0.178634671028385,0.214900047870436,1.12954617882982,-0.0290177807865274,0.216145623197816
"step","83784.png",83784,0.174312064562804,0.209480378024682,1.23680150673239,-0.0743948969211845,0.205069371129842
"step","83797.png",83797,0.173511651593926,0.208991890371898,1.19279475095893,0.0194292303243353,0.205887588003476
"step","83810.png",83810,0.170685633469854,0.205469689190695,1.28056522173773,0.0177509822263184,0.202088681520838
"step","83824.png",83824,0.169444506396741,0.204127623794884,1.06925865148034,0.0953938780994957,0.202702462256701
"step","83837.png",83837,0.16402899849183,0.198640832127647,1.23738122881416,-0.0544702278806613,0.195711804633427
"step","83850.png",83850,0.170697492987337,0.206696631831286,1.35734860142616,-0.0500153729475987,0.207652393341807
"step","83864.png",83864,0.187254674911952,0.218674425639055,1.34281547243903,0.241435194866802,0.212154920504918
"step","83877.png",83877,0.172133884135804,0.207768777748119,1.17971412373981,0.0089680622908829,0.208425526651057
"step","83890.png",83890,0.178005614560127,0.213161228470497,1.32100763360507,-0.0255774263321622,0.209015255426522
"step","83904.png",83904,0.166272559549698,0.201006900293176,1.2118055397588,-0.0395270504494662,0.198349993841988
"step","83917.png",83917,0.168195198191579,0.2032848488236,1.18028666188586,-0.0321243779863618,0.200536037769569
"step","83930.png",83930,0.179019550681173,0.215057629582609,1.38129430692101,0.00553440090301191,0.207346332876594
"step","83944.png",83944,0.172266056167468,0.207577388675472,1.31846885059128,0.00529037019834408,0.201472830465839
"step","83957.png",83957,0.165212249194908,0.199410640600209,1.32627585795281,-0.0216245814865938,0.198140244591473
"step","83970.png",83970,0.177746324035701,0.212309272322521,1.28712657108122,0.141629470081953,0.206710931090131
"step","83984.png",83984,0.163011145818259,0.197588650171925,1.38047380006165,-0.0322629961866024,0.192442611516582
"step","83997.png",83997,0.17771041574545,0.21361859308656,1.33690892786905,-0.0355537296223807,0.209302745151119
"step","84010.png",84010,0.172555833924699,0.207618243870673,1.15242474607307,-0.029298969608766,0.203454657157884
"step","84024.png",84024,0.17609467868783,0.21168719087693,1.27064382531178,-0.0167170109708926,0.20985134240889
"step","84037.png",84037,0.155162009165054,0.188802960140083,1.09926980051973,0.0461322200901754,0.18249432426078
"step","84050.png",84050,0.145358241423868,0.177874270103587,1.28520484781703,0.00333816956214256,0.172715244885265
"step","84064.png",84064,0.143177408910115,0.175556397704205,1.21880645291979,-0.00646924864025356,0.17355318022568
"step","84077.png",84077,0.150995072949511,0.184188487307614,1.09413565591036,0.0816736967143689,0.177139089637423
"step","84090.png",84090,0.142742990947637,0.174332394404822,1.27591286644394,0.0780504284294455,0.16754638631569
"step","84104.png",84104,0.140420338529522,0.171820324454973,1.26362933774409,0.000430485071102327,0.172559824606609
"step","84117.png",84117,0.144823671635216,0.177160412335817,1.20024529721848,0.00934414831417957,0.175745319287015
"step","84130.png",84130,0.140332121123391,0.172077888782049,1.31943534190504,-0.00348209940625094,0.170886893842002
"step","84144.png",84144,0.153713924295726,0.186853347365459,1.27294386010784,0.0220327458390908,0.181765847310556
"step","84157.png",84157,0.150188250238867,0.183022054812789,1.18485440387793,0.0812596302990806,0.17745044894169
"step","84170.png",84170,0.152929085953238,0.186322449129772,1.30996388223414,-0.014300650140181,0.181465997435352
"step","84184.png",84184,0.146717136014849,0.178805076196927,1.29996049524964,0.0570274207727242,0.172383846503242
"step","84197.png",84197,0.153335583505621,0.187690501868598,1.23885473753529,-0.153011958656749,0.192219595883104
"step","84210.png",84210,0.175076204017215,0.210370832657252,1.19890553519003,-0.0879223077183101,0.203149277300249
"step","84224.png",84224,0.163825842717159,0.198363307000043,1.27066751931627,-0.0384933533276121,0.198693208594271
"step","84237.png",84237,0.172001793861242,0.207010032115113,1.4036699618914,-0.0764754800155803,0.202246759343061
"step","84250.png",84250,0.171909534040629,0.209072006037023,1.55303043786528,0.0306270931652928,0.199324338052635
"step","84264.png",84264,0.170883546166147,0.20419934243176,1.31453499724443,0.0685940633422487,0.201522613029668
"step","84277.png",84277,0.164861028981784,0.198560402037218,1.26450719272892,0.019401781919341,0.197847868767323
"step","84290.png",84290,0.169553549124968,0.203952895304304,1.21429349009366,-0.0299228345606099,0.201103346847053
"step","84304.png",84304,0.171961009961111,0.207986238525046,1.24414800627503,-0.053206348025046,0.20721954926268
"step","84317.png",84317,0.162755594836602,0.197053293157208,1.04441304104746,0.0033317087739044,0.198390245860508
"step","84330.png",84330,0.167352137813451,0.202223480564461,1.19776237560568,-0.0726966133127336,0.199346777913976
"step","84344.png",84344,0.169448989738432,0.204622170559884,1.32938368449319,-0.0107425131799576,0.195977432784557
"step","84357.png",84357,0.166985047024273,0.201395551220014,1.1973925631971,-0.036888755177658,0.198272707025489
"step","84370.png",84370,0.166214603655165,0.200309641108286,1.25091317876799,-0.0120301438801511,0.196881308178628
"step","84384.png",84384,0.166039131092669,0.200695857030029,1.2354243748954,-0.0504336801819064,0.199387172154522
"step","84397.png",84397,0.175455400797251,0.211272695365096,1.17557869078365,-0.0915837493445621,0.209212957544698
"step","84410.png",84410,0.16413925952824,0.199766331515762,1.35866375940233,-0.0746291433845496,0.204062355200467
"step","84424.png",84424,0.173659275078508,0.208907519760043,1.17171706965911,-0.0417403860460989,0.207484118909853
"step","84437.png",84437,0.183449927965055,0.220434105418425,1.26853493202072,0.0887899261801494,0.212446907486261
"step","84450.png",84450,0.174101044396897,0.209094799052902,1.31509075318434,-0.046070487598005,0.206052807979616
"step","84464.png",84464,0.167050308635806,0.20125693845948,1.25552754924032,0.0133483688205054,0.199292082568196
"step","84477.png",84477,0.166715906958013,0.200867493038981,1.16347838371931,0.00751911465225044,0.20291453258681
"step","84490.png",84490,0.170466168091945,0.205165706899335,1.32388262606488,-0.045472642228925,0.20044896857567
"step","84504.png",84504,0.169982642169096,0.204384280917097,1.37722220204141,-0.0467117027946304,0.201260431004945
"step","84517.png",84517,0.168703370944949,0.203479219733387,1.25824955206387,-0.0383939786829404,0.207149700042848
"step","84530.png",84530,0.179107777226688,0.213918465923216,1.14003945735615,0.0287773763943317,0.208279467836145
"step","84544.png",84544,0.182099628294982,0.217349949660231,1.24520180185799,-0.0697718926297718,0.209691085631539
"step","84557.png",84557,0.184644687150378,0.219242070115305,1.24529898581236,0.122672791743635,0.215314457497873
"step","84570.png",84570,0.174825785955632,0.210242147185133,1.40149435531567,-0.0290701527321867,0.208413050841064
"step","84584.png",84584,0.176794733093269,0.210902644763829,1.15172223788778,-0.0355383436350108,0.209230688044576
"step","84597.png",84597,0.169645941661768,0.204302830162108,1.19832468726288,-0.00590186385265706,0.201476913735027
"step","84610.png",84610,0.168787844603915,0.203311781223911,1.19935544981219,-0.0278231782391559,0.199633741560411
"step","84624.png",84624,0.184591833123145,0.220332670081145,1.10905159965024,0.0288345074099508,0.21397102142875
"step","84637.png",84637,0.169693260996119,0.204233756374929,1.32648129076878,0.0132545683075148,0.203478241321728
"step","84650.png",84650,0.172833160332347,0.207759428487338,1.16322248098066,-0.000299227202767122,0.207525520489984
"step","84664.png",84664,0.174254458479323,0.20944317218274,1.15313116745883,-0.046343274191928,0.208021280554952
"step","84677.png",84677,0.173144011849887,0.208369256404506,1.31203869703357,0.0176118570666643,0.204617572089862
"step","84690.png",84690,0.174309556373253,0.20897507642813,1.02017854296401,0.0276362744473951,0.202915278878046
"step","84704.png",84704,0.169690291164275,0.20413461374965,1.21472598166395,-0.0264338622564986,0.203407055560657
"step","84717.png",84717,0.166061061197929,0.200315575591458,1.14395939232627,0.0252465607005656,0.197447468137939
"step","84730.png",84730,0.14481872695812,0.177699723967653,1.10117708513543,-0.0124753763421238,0.171009397098696
"step","84744.png",84744,0.142231207258563,0.172669556511712,1.27360795296351,0.0777996309099097,0.166418760676319
"step","84757.png",84757,0.13829926359319,0.16990090746097,1.40762807051042,-0.0291806596958034,0.164347247337608
"step","84770.png",84770,0.150031442616507,0.182661299057338,1.1575086044456,0.0939499600687885,0.174433293686459
"step","84784.png",84784,0.151061780921063,0.184885845569054,1.4472034035701,-0.0933705518216978,0.174486006524788
"step","84797.png",84797,0.149560494781006,0.183287593511843,1.43979146387182,-0.0750084749316102,0.175433814885543
"step","84810.png",84810,0.149464927443395,0.182394692365936,1.18794952828649,0.0620944053566939,0.177279383838887
"step","84824.png",84824,0.146831937812794,0.178952211806691,1.1860658729698,0.0294729003999267,0.171780187195406
"step","84837.png",84837,0.1411991607378,0.173697108716613,1.36144035714845,-0.0444393233299568,0.168426900554738
"step","84850.png",84850,0.140977493440257,0.173415944336398,1.30917178678648,0.0504719633111484,0.164904879842993
"step","84864.png",84864,0.139298033551632,0.171561625396828,1.31009209375664,0.00203874152522593,0.167081637492101
"step","84877.png",84877,0.143042457999158,0.175547715538474,1.21216299233728,0.00758643671546211,0.168270008122184
"step","84890.png",84890,0.139026449200709,0.171255020802298,1.20291234481734,0.0483109330028627,0.165347427120021
"step","84904.png",84904,0.181341447788911,0.216150477741846,1.15276802488777,0.0696521474816915,0.207859213787551
"step","84917.png",84917,0.179391797106961,0.214250227519812,1.1181930876265,0.0935957963214203,0.209611867587182
"step","84930.png",84930,0.171512273744593,0.206406663147351,1.16690296545778,-0.0216048463426856,0.200744737372177
"step","84944.png",84944,0.172823882969553,0.208014608427647,1.23613530367048,-0.0669393623729709,0.205061873098926
"step","84957.png",84957,0.177665714870932,0.213613468991945,1.2098410336145,-0.0558837526989739,0.211643878870636
"step","84970.png",84970,0.176778683104817,0.211877431807218,1.2267732979868,0.135978425704318,0.213207254524668
"step","84984.png",84984,0.164229370901679,0.198967923243117,1.19382950281315,-0.0136283254779063,0.195602837923134
"step","84997.png",84997,0.165250127199753,0.200092199997749,1.26527606304744,0.0336615834478216,0.196102829641833
"step","85010.png",85010,0.17085396407736,0.205704765724004,1.1985110141015,-0.0138939923451453,0.201983225009668
"step","85024.png",85024,0.168921453100165,0.203546937080561,1.28571256112106,0.0284303202194629,0.196205225393012
"step","85037.png",85037,0.178237014646985,0.213107382570569,1.34527345263649,-0.0567048338044051,0.203432074793666
"step","85050.png",85050,0.171423569715423,0.205911515092772,1.15441929098956,0.0208539116657828,0.202647504830479
"step","85064.png",85064,0.185269516459404,0.221047802818506,1.2485655820431,-0.0973943634034649,0.21365511220619
"step","85077.png",85077,0.172140616699882,0.20696784689498,1.15186831852864,0.0365255915400517,0.205883028947708
"step","85090.png",85090,0.179284562412747,0.213841765996455,1.16921091097095,-0.00110209563229025,0.209948843918441
"step","85104.png",85104,0.173892449275397,0.209137591602375,1.14120116494238,0.0524819163710873,0.205367100756316
"step","85117.png",85117,0.177342981220643,0.213944733946481,1.25555483131221,0.0393935351603016,0.206107629020191
"step","85130.png",85130,0.181035783931605,0.216272552034909,1.12415260729111,-0.00404705341959699,0.215480536653836
"step","85144.png",85144,0.175515559944098,0.210251171277345,1.14868199410294,0.0362823513828077,0.204359227909687
"step","85157.png",85157,0.167792636777613,0.20201244205091,1.21981475768153,0.0055663845160277,0.196489767723675
"step","85171.png",85171,0.167839531459701,0.20198828490158,1.17163170167612,-0.00159762159351903,0.199621642219574
"step","85184.png",85184,0.163625132764598,0.197648939972054,1.23725641254796,0.0267756526276312,0.192333955663527
"step","85197.png",85197,0.177600308909103,0.212767925862408,1.10298561809309,0.0448319552395448,0.206713744005404
"step","85211.png",85211,0.175700845213188,0.210327519252274,1.25462837455636,-0.0489272161157525,0.203995066894645
"step","85224.png",85224,0.173207444006564,0.208032385064701,1.08236337918165,0.0541561944365439,0.203912610293151
"step","85237.png",85237,0.166010788355147,0.199710109004644,1.33099393250219,0.0206577321627923,0.192504512274086
"step","85251.png",85251,0.173198345428582,0.208054778523995,1.19841306271188,-0.00913993996711535,0.204260770218738
"step","85264.png",85264,0.164683240656117,0.199148407988989,1.21044016977813,-0.0504384699926273,0.197418082731769
"step","85277.png",85277,0.169558973010532,0.203917972733123,1.1861962002847,-0.0419188051135024,0.198000325386317
"step","85291.png",85291,0.176184402078777,0.21056564576616,1.36341190584503,-0.0954267229015157,0.202098137778567
"step","85304.png",85304,0.172462454333022,0.207537012453096,1.11646448032077,0.0649429364859313,0.20441063022522
"step","85317.png",85317,0.179901919283859,0.215838232318478,1.20344624014154,-0.0304164824004151,0.214753193498098
"step","85331.png",85331,0.163041934203086,0.19669677351438,1.26623441757894,-0.017630082438196,0.192829637036487
"step","85344.png",85344,0.166347855843918,0.200436498710732,1.22907178892207,-0.00530821452602295,0.196005462018752
"step","85357.png",85357,0.176457921730141,0.210340704054457,1.21107045941206,0.114268476249993,0.205787045290654
"step","85371.png",85371,0.17996375348662,0.213811127073471,1.29881372147119,0.0805275789127606,0.212094318106893
"step","85384.png",85384,0.146837635925177,0.179892497410974,1.243196490499,-0.0422316898823243,0.172863335021492
"step","85397.png",85397,0.147046767863716,0.180411289778326,1.1947930914334,0.0231224239014487,0.17473340357097
"step","85411.png",85411,0.143128542962764,0.17689462386657,1.43881255512896,-0.0322457042791912,0.171854928337173
"step","85424.png",85424,0.14572521313287,0.178808690244671,1.12997046531043,0.0195161678228467,0.171032413244582
"step","85437.png",85437,0.139074533827501,0.171911490937744,1.31284558980039,-0.0073966220558293,0.167539379373012
"step","85451.png",85451,0.146574355428146,0.180747164271369,1.16408376292639,0.0103285063303274,0.176144601646763
"step","85464.png",85464,0.148238539962386,0.183987344333128,1.51446413167445,-0.0842598381090508,0.173143988692295
"step","85477.png",85477,0.140105379840188,0.172247868532159,1.22314724387404,0.00270928237845064,0.166386713111507
"step","85491.png",85491,0.144058668310956,0.176723394414396,1.35351187295314,-0.0319644076216627,0.168827928863353
"step","85504.png",85504,0.148409446151879,0.181296213276531,1.45161696216842,0.0647893657641209,0.170556632155718
"step","85517.png",85517,0.141895126657179,0.174729382880303,1.38330448289592,-0.0509400166049517,0.168166070124761
"step","85531.png",85531,0.14676180418188,0.17947949423267,1.24576382960401,0.00188005920673606,0.175372517608641
"step","85544.png",85544,0.152090143532158,0.185637614764584,1.34562409396712,-0.122353280060875,0.175772533632015
"step","85557.png",85557,0.171352625141234,0.205724364971737,1.22798276315108,0.0425033249680364,0.198751040761628
"step","85571.png",85571,0.176146376743508,0.210785649962332,1.15360999940356,0.0323819537452376,0.202166439391904
"step","85584.png",85584,0.174386985500131,0.209450114800154,1.31362840440843,-0.0613848501783169,0.203053111190382
"step","85597.png",85597,0.180389421593398,0.214901733174377,1.19942220271214,0.00684295148694264,0.206633938431619
"step","85611.png",85611,0.178070872373868,0.213694882913137,1.33473695669844,0.101798297362015,0.204660197445243
"step","85624.png",85624,0.176291038203925,0.210920403888934,1.15212922178415,-0.00635846541259855,0.208122196516404
"step","85637.png",85637,0.173028926221331,0.207376874346378,1.22693890655323,-0.028066649140515,0.200609807286312
"step","85651.png",85651,0.17404126003258,0.208735663818316,1.32815620446407,-0.00232097351704372,0.201172842589227
"step","85664.png",85664,0.178691433188717,0.213812258235545,1.31316407091269,-0.0381983191080363,0.205564994919398
"step","85677.png",85677,0.183836704646626,0.219406124843284,1.16181839010977,0.0181927208749166,0.212716812650282
"step","85691.png",85691,0.168041690460073,0.202182766483154,1.19809951624304,-0.0384075498389483,0.196693837850435
"step","85704.png",85704,0.185071196952014,0.222469564858816,1.52732510163866,-0.116059872392347,0.217256322611095
"step","85717.png",85717,0.174091825388646,0.208359695572448,1.1278584224074,0.0348079934842227,0.205120005846805
"step","85731.png",85731,0.176236381235118,0.210865867830532,1.15003060201369,-0.0114525379134936,0.206777786358938
"step","85744.png",85744,0.173576067122359,0.208266769225466,1.28274020089906,0.0565146026142574,0.201295530624813
"step","85757.png",85757,0.170886164121527,0.205278652540879,1.22523312146119,-0.0248716644979584,0.203402481006977
"step","85771.png",85771,0.181405084825489,0.218200297125662,1.38930006577372,-0.100022964091395,0.210152815055776
"step","85784.png",85784,0.174312876754551,0.208804481500721,1.22235899554827,-0.0235727861433669,0.206668190775126
"step","85797.png",85797,0.178798925032241,0.213757473955279,1.23805431957458,-0.0294394426592303,0.211217740489377
"step","85811.png",85811,0.178013062731233,0.212001362730797,1.08192850216823,0.0513934749390758,0.206774416234524
"step","85824.png",85824,0.176925666986537,0.212001693726727,1.23578372065208,-0.0791217867693849,0.203765839897965
"step","85837.png",85837,0.168531480291924,0.201669446029345,1.11106542466249,-0.0422160011720034,0.198433062060654
"step","85851.png",85851,0.174558692381178,0.208581685106024,1.06247960687307,0.0552022628146294,0.205111544047607
"step","85864.png",85864,0.159303591093362,0.193026432454123,1.23305629149259,0.0835383819164654,0.193334773938887
"step","85877.png",85877,0.179902826881289,0.214447583750962,1.22974778024405,-0.0347679090675944,0.210187304186951
"step","85891.png",85891,0.17309912193641,0.208477224494841,1.14204501500005,0.027797403950271,0.208589020745817
"step","85904.png",85904,0.182254814546671,0.215352869259829,1.20578739267148,0.0732258692447573,0.20854307546974
"step","85917.png",85917,0.170148105323834,0.203995735528634,1.11283291457386,-0.0122198191836406,0.198340694318811
"step","85931.png",85931,0.174982677908506,0.209852141477229,1.26490958997427,0.0249637941074595,0.207946621784651
"step","85944.png",85944,0.17839888907338,0.213547651174392,1.13083586308389,0.0147078959577739,0.211372131918858
"step","85957.png",85957,0.171312103969173,0.205718163269694,1.23664122379808,-0.0529592140111994,0.203364612634961
"step","85971.png",85971,0.177374628427874,0.212249506986922,1.19972933700174,0.0116104733238794,0.211767531945844
"step","85984.png",85984,0.167153073389478,0.201390933041847,1.17643379274763,0.00851050558803373,0.196358291525475
"step","85997.png",85997,0.16644339283954,0.200087825910707,1.22777064429503,-0.00211068066105882,0.19746976129987
"step","86011.png",86011,0.151184283348581,0.183887955260041,1.34810600704906,-0.00270436893227477,0.173344401116671
"step","86024.png",86024,0.148148568263935,0.181595089863977,1.37208183795443,-0.0411425415277277,0.174268465933215
"step","86037.png",86037,0.146637326557133,0.18015055815831,1.39701432862548,-0.0158843092958409,0.171316533768858
"step","86051.png",86051,0.157479193827313,0.196172688094335,1.47720830602761,-0.0987394121481745,0.191375997110006
"step","86064.png",86064,0.148326523909346,0.181879260933018,1.28866938043556,-0.0204029567814427,0.176659656571494
"step","86077.png",86077,0.143985712079418,0.177368773451718,1.24517292763072,0.0053909343386099,0.172418998933223
"step","86091.png",86091,0.146689741076883,0.179464380365483,1.35537748559383,-0.044590229935513,0.172393194111446
"step","86104.png",86104,0.148109919062697,0.181974244555069,1.35738858108785,-0.0439156607827343,0.175552256654268
"step","86117.png",86117,0.150229685654285,0.182326942427078,1.37887915345157,0.0375222504290131,0.172963242149555
"step","86131.png",86131,0.153926158271625,0.184962635504486,1.31956581675323,0.130392851962408,0.178146688933554
"step","86144.png",86144,0.148552667623595,0.181512707263756,1.19727355422623,0.0320528909602201,0.172927596844504
"step","86157.png",86157,0.146723892861508,0.18036756495871,1.26496597746115,0.0257899508558922,0.178318932036695
"step","86171.png",86171,0.15361067960198,0.187621138753711,1.33080027093335,-0.0550221361777374,0.180321810292314
"step","86184.png",86184,0.162388093400527,0.196693833511849,1.21177313369552,0.108370998457375,0.19181103871338
"step","86197.png",86197,0.164263061402962,0.198710551689447,1.20687304530588,-0.0167497174020785,0.195530190767177
"step","86211.png",86211,0.175134254604548,0.209757854123493,1.17965107464108,0.0225615178064835,0.205458978693067
"step","86224.png",86224,0.162285045950079,0.196771258968323,1.21537041082916,0.0155516107520286,0.194286511200722
"step","86237.png",86237,0.180910108352563,0.215550879019464,1.13939945183285,0.0343633643984079,0.209254644815705
"step","86251.png",86251,0.156420972117337,0.192006494046157,1.40542887056878,-0.0782524579603311,0.192964615004697
"step","86264.png",86264,0.181889798061289,0.216500450153418,1.25455334289373,-0.101631643716569,0.208641217094945
"step","86277.png",86277,0.175220726586623,0.209856941029468,1.20559812609869,-0.0565122873818979,0.205073408083523
"step","86291.png",86291,0.168682526810117,0.204039584518793,1.31035973974152,-0.0324066012932833,0.19951865508153
"step","86304.png",86304,0.170015588222809,0.204480880463968,1.11580751233226,0.0197668154048426,0.200587769168696
"step","86317.png",86317,0.169492783642037,0.203538658954507,1.26726569738195,-0.0423245841932183,0.19858638801106
"step","86331.png",86331,0.174536848530813,0.209382574213194,1.19640761069635,0.0863761536932227,0.201591878897647
"step","86344.png",86344,0.17406756133668,0.208797946981382,1.20422468686293,0.0193606161022169,0.203843561789858
"step","86357.png",86357,0.177279611504408,0.212743678637651,1.12384064538583,0.0454072339316446,0.206510291395376
"step","86371.png",86371,0.174305102581521,0.209955172870159,1.29327920304763,-0.0740324844131065,0.202296808934137
"step","86384.png",86384,0.173351112988539,0.20838975746124,1.32976449031628,0.020740764142654,0.203611409745495
"step","86397.png",86397,0.185684732370683,0.220561086118191,1.32300631535316,-0.098746913283154,0.214191220963241
"step","86411.png",86411,0.174831924527448,0.20993933843092,1.21094874313509,-0.0275586580300856,0.20651169651017
"step","86424.png",86424,0.180227131574802,0.215259399006812,1.26514589920077,-0.0737967251211337,0.210073526781849
"step","86437.png",86437,0.175604749416748,0.210086303004776,1.25874930837214,-0.0495693442326828,0.205353501429868
"step","86451.png",86451,0.174691900377763,0.209732190548009,1.19288089781102,-0.0688042614228937,0.205165594408527
"step","86464.png",86464,0.177655758849899,0.212053461437898,1.24206983561889,0.0550944155621556,0.20753037300785
"step","86477.png",86477,0.176974005434923,0.211587435687444,1.10815783721033,0.0118975513290526,0.210940899726857
"step","86491.png",86491,0.182630903672931,0.218273167959994,1.1140113072116,-0.00582660875362956,0.21772719874153
"step","86504.png",86504,0.166947415436244,0.20193821177456,1.3045528029831,0.0280870319964889,0.198322797801552
"step","86517.png",86517,0.174846796571918,0.209200968957745,1.20861747295672,-0.0235239804607244,0.206189148705051
"step","86531.png",86531,0.184988933529252,0.221228569146417,1.20852962806187,-0.0774155325548563,0.224293628733632
"step","86544.png",86544,0.187492119830729,0.223292735692239,1.42228428394935,-0.100352564619992,0.216561824210963
"step","86557.png",86557,0.182028808440346,0.21671360633961,1.16787639686532,0.0223932763127788,0.212497701184256
"step","86571.png",86571,0.177127507443566,0.211427798832275,1.18342100037712,-0.00460313181399619,0.208766510400445
"step","86584.png",86584,0.181623875416206,0.21619354411274,1.11037600052408,0.0305067473330478,0.216180069454577
"step","86597.png",86597,0.156719527458932,0.190646738364156,1.22590157550829,0.0353975989816234,0.18528543503864
"step","86611.png",86611,0.150821989029713,0.182843283881374,1.07940649154328,0.0124176603532985,0.177533823988263
"step","86624.png",86624,0.146423854971426,0.179141107402144,1.44487653080489,-0.0244166891968599,0.17108028963957
"step","86637.png",86637,0.146277020573619,0.178928485892906,1.37137089100041,0.0414726240506154,0.171205210455904
"step","86651.png",86651,0.147194406765919,0.181145910545235,1.2618128454761,0.00068826126555066,0.177564969894584
"step","86664.png",86664,0.150990885462867,0.185002775464722,1.30657000844675,-0.0116923250478546,0.180766683383655
"step","86677.png",86677,0.149597521094822,0.183037971358103,1.40278122185485,-0.0266249000197435,0.175762939938907
"step","86691.png",86691,0.15342604966404,0.187757822094166,1.34123030468209,-0.0586356546456335,0.179698955894603
"step","86704.png",86704,0.152212700935532,0.185579754541871,1.21383279406082,-0.0343094351484729,0.179460393625905
"step","86717.png",86717,0.149066132900669,0.182625838650228,1.23242446124864,0.0154728739303176,0.179153047345351
"step","86731.png",86731,0.147164626034297,0.180943355336363,1.01882833936369,0.00207023789451971,0.177721955072525
"step","86744.png",86744,0.145701432208975,0.178959756904621,1.16483359104307,-0.0209879884407521,0.175077004645879
"step","86757.png",86757,0.151348865325726,0.185632574214041,1.31973932145428,-0.0239787934293923,0.181514906892242
"step","86771.png",86771,0.180320618381027,0.216272667620606,1.1536501990558,0.0433738666627134,0.209286284000751
"step","86784.png",86784,0.178403578538579,0.212990014200219,1.22829889598541,-0.00811805978355376,0.208230064066202
"step","86797.png",86797,0.181453802468035,0.216478981701248,1.18185597406082,-0.0169716793296696,0.214014571309671
"step","86811.png",86811,0.179273033978662,0.214231583702325,1.19562189586816,0.0416600988699912,0.205918337405373
"step","86824.png",86824,0.180161114226139,0.214227614868461,1.16739308045979,0.0305632241614631,0.20973738584354
"step","86837.png",86837,0.173595597768657,0.208636554133141,1.20785665462702,-0.0251673420978096,0.203880387704877
"step","86851.png",86851,0.187400895365685,0.222293303011801,1.17549951264176,-0.00570827735144763,0.216752645659065
"step","86864.png",86864,0.165584680237661,0.20036004444471,1.28253885237469,-0.0104508391934383,0.198263153752878
"step","86877.png",86877,0.184731755080329,0.220199504814261,1.1122971377685,-0.0101813384095373,0.215510384410261
"step","86891.png",86891,0.184871497746837,0.220432870169693,1.3345931576894,-0.0655077913297033,0.215892849789948
"step","86904.png",86904,0.181392650579725,0.216847854400536,1.14897057157247,-0.0539401392065709,0.216128888920937
"step","86917.png",86917,0.180825960116308,0.215865751667589,1.07178753005176,-0.00700894460100632,0.213691904536591
"step","86931.png",86931,0.169305579956721,0.203761560993179,1.17086549632994,-0.0255223000679167,0.200295853507609
"step","86944.png",86944,0.17727551186793,0.211993248352669,1.16250280521131,-0.0273845089447431,0.20721861731996
"step","86957.png",86957,0.170301093830314,0.20526718376456,1.42293259039008,0.0134371153309291,0.201835740381137
"step","86971.png",86971,0.173784319741015,0.208744805904385,1.05794869720949,0.000237862058246052,0.206466680793337
"step","86984.png",86984,0.177670858212344,0.211962583129307,1.18166247349314,0.0671850421506429,0.209119933076837
"step","86997.png",86997,0.183557230159775,0.219760856726195,1.30280991142385,-0.0132935924136815,0.215581008436699
"step","87011.png",87011,0.177891767933645,0.213414176693556,1.2026812797718,-0.0394154506678833,0.208043428334701
"step","87024.png",87024,0.181299745970687,0.216055223485312,1.24445764869135,0.0425421644036171,0.212988445187274
"step","87037.png",87037,0.183031786958274,0.21708093457094,1.25072934854754,-0.103379939030428,0.21434612301008
"step","87051.png",87051,0.173619938256034,0.208550501149523,1.1206023112552,0.0106326578189933,0.201748270979483
"step","87064.png",87064,0.175494935135407,0.209683706302609,1.26711656268035,-0.0126312895597058,0.206595273818678
"step","87077.png",87077,0.177403729490043,0.212736569148324,1.17488217428007,-0.0508371411348674,0.209460885665727
"step","87091.png",87091,0.177787391386069,0.213079631089662,1.19138187555349,0.0110818084997814,0.208048189821455
"step","87104.png",87104,0.18271410134606,0.218310713878407,1.18296488526434,0.058279369036703,0.220033083845791
"step","87117.png",87117,0.179235436278065,0.213564735257136,1.28665115767258,0.0533408361488026,0.211401888524979
"step","87131.png",87131,0.176938137590588,0.211170726127336,1.21807481301187,0.0471392841688389,0.206548871768798
"step","87144.png",87144,0.170530742587204,0.20476780025721,1.13360932553456,0.0505612706226324,0.20274252040915
"step","87157.png",87157,0.176421227572922,0.210339022185026,1.22614087371458,0.0215343590578208,0.207948669077865
"step","87171.png",87171,0.1474771139136,0.180719862851184,1.17474089615339,0.0341839467290039,0.174584951485954
"step","87184.png",87184,0.142684435064283,0.175601225049313,1.22210604040338,-0.0174271835239685,0.170026906949689
"step","87197.png",87197,0.152978223490282,0.187100870494947,1.32243343929164,-0.054059805164314,0.181773061097111
"step","87211.png",87211,0.152993873181485,0.185438554171114,1.23427191633476,-0.0226204465138493,0.180956206219624
"step","87224.png",87224,0.150203321644563,0.183370091172759,1.29977845768311,0.0364169008604223,0.175291175115442
"step","87237.png",87237,0.149594877296781,0.183435734810237,1.26386590420244,-0.0131041786184435,0.177626972733826
"step","87251.png",87251,0.154477458427563,0.189524180775111,1.16073283028003,-0.0489392061336455,0.186025465587869
"step","87264.png",87264,0.159689808716429,0.191775617134835,1.25439276953984,0.101851132618908,0.18397344095414
"step","87277.png",87277,0.146991072416884,0.180516438504377,1.13701354876873,0.0263067909020945,0.173855980321135
"step","87291.png",87291,0.151645616832346,0.184755628937794,1.28858277865275,0.0218585414508773,0.180318005637406
"step","87304.png",87304,0.147915322697449,0.180377903032752,1.15352682786445,0.0418963280092827,0.174295441571352
"step","87317.png",87317,0.149233982250322,0.183122019532731,1.22046792898279,0.0200632549513084,0.178550476975108
"step","87331.png",87331,0.186248306420158,0.220380299959849,1.46065674430414,-0.0307524612442573,0.213738440846778
"step","87344.png",87344,0.176718225308538,0.211944989072687,1.28335977322063,-0.0079979890188715,0.20486651452072
"step","87357.png",87357,0.177978312329323,0.212860543876821,1.06361947421166,-0.0189131950366785,0.208187000323408
"step","87371.png",87371,0.181672921236486,0.216864281847631,1.39686620873749,-0.0840785032659701,0.208453573197741
"step","87384.png",87384,0.173070040634921,0.207523204856964,1.27817906084173,-0.0716043501962992,0.199594745928781
"step","87397.png",87397,0.170380314958524,0.205164608275506,1.35910809590345,-0.0748938219907923,0.199180334174564
"step","87411.png",87411,0.172482879364521,0.207371332132075,1.24841898281456,-0.0452985093295229,0.204661203980838
"step","87424.png",87424,0.170978585961706,0.205448807384657,1.19608502015713,-0.0414918021364475,0.201672685387232
"step","87437.png",87437,0.161179602046895,0.195335260811106,1.25257354742094,-0.0186135982768185,0.19230212165011
"step","87451.png",87451,0.175588910574088,0.211006223003784,1.14338301553642,-0.0814304707956628,0.20773758654997
"step","87464.png",87464,0.179851467721553,0.21583385422896,1.22488737413955,-0.0260031070631436,0.214114391993618
"step","87477.png",87477,0.174695727443817,0.210135575717212,1.21655050958107,-0.017308466967881,0.209431194706554
"step","87491.png",87491,0.168948250092766,0.20499744007172,1.32192919525121,-0.0789226285523557,0.209316038890288
"step","87504.png",87504,0.185350513193716,0.221493397359153,1.1872647461562,-0.057051158005062,0.21664065253392
"step","87517.png",87517,0.176906108417152,0.210856141335756,1.15678546696631,0.0465738559917835,0.206448746203312
"step","87531.png",87531,0.17201869927504,0.207028217583287,1.20596964185273,0.0156270496145392,0.204871781878345
"step","87544.png",87544,0.177978371481143,0.213218399186065,1.25232228829057,0.00709113834772152,0.204832070814456
"step","87557.png",87557,0.178102012802906,0.213646096682468,1.30725052290778,-0.0559081920774189,0.209340812246425
"step","87571.png",87571,0.183386709507422,0.219021527078323,1.27551970524053,-0.147622549301636,0.217645354527697
"step","87584.png",87584,0.180958722566954,0.215793472946618,1.2983165585999,-0.0921376808683944,0.213967662034394
"step","87597.png",87597,0.180112220947673,0.215390739449163,1.19750664265889,0.000484597901136363,0.208179438540324
"step","87611.png",87611,0.168560062524178,0.203246864153971,1.25023413138347,-0.0156660169884916,0.203583238858896
"step","87624.png",87624,0.175212078466457,0.209973122338649,1.27212090323871,-0.0364481306136804,0.206305726999145
"step","87637.png",87637,0.180854011031316,0.216223894706417,1.21142834774877,0.00219791496963598,0.211918507741251
"step","87651.png",87651,0.178810769034286,0.213698371651423,1.31149823993771,-0.0963705277489975,0.212438484882142
"step","87664.png",87664,0.175889152843742,0.210571514587952,1.26429563859738,-0.0429830880117075,0.208592108270333
"step","87677.png",87677,0.169993377522182,0.20496019207016,1.18720952275831,-0.00121901020637344,0.203130691326625
"step","87691.png",87691,0.169549231548921,0.204932148929724,1.13837226186365,-0.0176492773850142,0.206161502047719
"step","87704.png",87704,0.148752854442475,0.18301161092086,1.24324735613859,0.0360886604435371,0.176406545770096
"step","87717.png",87717,0.14847826259777,0.181786144724728,1.33239119403926,-0.0356265779366921,0.173066280435216
"step","87731.png",87731,0.149844585069603,0.182982042730596,1.27930821150964,0.0554214627848729,0.172748026535058
"step","87744.png",87744,0.143249498740395,0.1763282019626,1.42503707636187,-0.0769121794109121,0.169619661236539
"step","87757.png",87757,0.147245411265554,0.179759627898847,1.21071461251122,0.0390905974325911,0.172000797290024
"step","87771.png",87771,0.144404318071737,0.178014161702914,1.20903209290619,0.0103161621296964,0.174478614837724
"step","87784.png",87784,0.156065635949742,0.190890535161273,1.36403946679783,-0.046995643639747,0.186460789660515
"step","87797.png",87797,0.152453832572944,0.186284750350757,1.29393080682322,-0.0159116863084456,0.182080416522221
"step","87811.png",87811,0.14720019651768,0.179808748409061,1.34151980052512,0.0398864925350291,0.172285656308388
"step","87824.png",87824,0.143606367357495,0.177894462280288,1.50306823156036,-0.0387881042848121,0.178281356198419
"step","87838.png",87838,0.144263830075087,0.176632595128303,1.29201503344159,0.0405525355500813,0.168004685214608
"step","87851.png",87851,0.147942329222113,0.181156433450021,1.26166555229505,-0.0384486654953908,0.177850865282451
"step","87864.png",87864,0.191575530965724,0.226217627579562,1.35965684736958,0.0463709114364883,0.216809861740606
"step","87878.png",87878,0.170660670232011,0.206051687309538,1.25604659327229,0.0154837826415308,0.201543244818515
"step","87891.png",87891,0.179185625493936,0.214600188534152,1.31266203431557,-0.0650382045488088,0.20939840298385
"step","87904.png",87904,0.175814633842052,0.211332740657115,1.22988062372019,-0.0204958305280208,0.209729565217154
"step","87918.png",87918,0.181235858738326,0.216566567115346,1.18441490602278,-0.114020301388251,0.211481786688406
"step","87931.png",87931,0.179730717643375,0.215571045366241,1.3377163490396,-0.0527918864028236,0.210846429371173
"step","87944.png",87944,0.183800154983418,0.219307445445943,1.23977193329351,0.00674561198218582,0.211681647088422
"step","87958.png",87958,0.181015916068238,0.216041531684025,1.22462358318635,-0.0393884961918155,0.20918279584812
"step","87971.png",87971,0.178453152390073,0.213759243010494,1.14062951779778,0.0376629186324323,0.212307227953747
"step","87984.png",87984,0.170812729224657,0.206865435947321,1.38646204435987,0.0373172200202275,0.205349036158649
"step","87998.png",87998,0.175422986384201,0.210035481702467,1.32022668283254,-0.0281755811087964,0.206200325442224
"step","88011.png",88011,0.178268540585881,0.214711932193595,1.33434474004065,-0.0983334461638013,0.20903683842206
"step","88024.png",88024,0.181853100420559,0.216756961593144,1.43766873540371,-0.122233326901344,0.208553356727658
"step","88038.png",88038,0.176961400083224,0.212220173508708,1.26806998055265,-0.013723610195384,0.205074746946011
"step","88051.png",88051,0.170313932314735,0.205230678181754,1.14679564460813,0.00872966045654638,0.204989602993514
"step","88064.png",88064,0.182668906340391,0.218909888278987,1.17836066023373,-0.0475299402482048,0.2176118081609
"step","88078.png",88078,0.18031704015616,0.215759161114143,1.16206624338785,-0.0370295299419574,0.209786112651351
"step","88091.png",88091,0.178680140407545,0.215738634111259,1.30855822003913,-0.0798203882027445,0.221670156990872
"step","88104.png",88104,0.165658700398873,0.200600027040927,1.19685406506111,-0.0999691609865922,0.208511665941005
"step","88118.png",88118,0.18219543214693,0.219446209049824,1.1880838274411,0.0395087918416173,0.224720355295093
"step","88131.png",88131,0.18362396227044,0.219469103271231,1.32875070612722,-0.0633683109563292,0.214595145924721
"step","88144.png",88144,0.182329988317169,0.217995959801596,1.14279641423438,-0.0677672639455965,0.215178265043384
"step","88158.png",88158,0.179986671949163,0.215666145025536,1.27913606232712,-0.0689489755496905,0.212171603017156
"step","88171.png",88171,0.176639064506561,0.212018377711235,1.33033417742233,-0.0557141562537453,0.206902719042733
"step","88184.png",88184,0.139754392987818,0.173777816472508,1.26609970107785,0.0211704809819544,0.176224987159546
"step","88198.png",88198,0.173029308749369,0.20844467217789,1.34915944857161,-0.0573146436647913,0.206113076910542
"step","88211.png",88211,0.181946699939473,0.218326141722146,1.19978854892057,-0.0986680162827864,0.216017335729157
"step","88224.png",88224,0.147064194393144,0.179906001791725,1.22685285413687,0.0474280812539152,0.172477842162743
"step","88238.png",88238,0.15441751352145,0.187762334373306,1.3270878550454,-0.0479107942469045,0.178529906905161
"step","88251.png",88251,0.14493366150866,0.177991683613941,1.13499644448134,0.0114470180696117,0.17694439294815
"step","88264.png",88264,0.157159222250615,0.190941540365191,1.16539722332628,0.0519901498724691,0.185751012645755
"step","88278.png",88278,0.156290210658844,0.18981975942397,1.47135512972983,-0.0882808752760571,0.181419406290478
"step","88291.png",88291,0.151161836003646,0.184449630718287,1.25435015775938,-0.090181152449094,0.180049960096414
"step","88304.png",88304,0.148768743253984,0.182002038207213,1.12675921908642,0.00847143439644266,0.177873040172266
"step","88318.png",88318,0.164117857127284,0.199310889648085,1.19800153808479,0.0988895299836255,0.189078474863247
"step","88331.png",88331,0.1516994487438,0.18521241552677,1.28157826529533,-0.0584010409992737,0.179959719037779
"step","88344.png",88344,0.155424935000693,0.19097357187122,1.10523296694196,-0.0114129549409649,0.194461819894263
"step","88358.png",88358,0.145017623977332,0.17892074432183,1.07012061675637,0.0600464035498172,0.178473411409496
"step","88371.png",88371,0.15260691118734,0.185672599737512,1.32585642947531,0.0192461857651878,0.176167224951741
"step","88384.png",88384,0.184043487855416,0.218489204769178,1.33955974519031,0.0814847904250793,0.211406463242663
"step","88398.png",88398,0.182077741392969,0.217575651432037,1.30240920454724,0.00159974163312715,0.208073933969348
"step","88411.png",88411,0.18251522778394,0.217902811559543,1.31589743333147,-0.0176687796140174,0.210939279921243
"step","88424.png",88424,0.190392099004059,0.227787265748061,1.38925512812377,-0.194511050776511,0.219532880718605
"step","88438.png",88438,0.190855250095433,0.226349698987938,1.16795394770304,0.0307591546415636,0.22252902920834
"step","88451.png",88451,0.178470775387453,0.214161535628358,1.19665420694474,-0.00332684206692629,0.210720160946185
"step","88464.png",88464,0.176547122541781,0.211709496974643,1.25300743576937,0.114041821119586,0.213489564498962
"step","88478.png",88478,0.171973568073116,0.209854424778212,1.54423698875542,-0.0708164106082549,0.203277461369213
"step","88491.png",88491,0.169417824253765,0.204604299997938,1.38254536942703,0.00702978349954386,0.2009590094704
"step","88504.png",88504,0.185371792671846,0.223170242172404,1.2747757922595,0.041742580526046,0.216713594211421
"step","88518.png",88518,0.180874926150123,0.215787567875014,1.26011860300257,0.0792596722840585,0.216630292913817
"step","88531.png",88531,0.184250957661242,0.219484247350673,1.28990184179997,0.00831768525004034,0.218963876954723
"step","88544.png",88544,0.169213779229783,0.204719700832181,1.34033370998438,-0.0611733128853347,0.201768811946801
"step","88558.png",88558,0.174087839750292,0.208504349524177,1.35984356172234,0.0760555336770652,0.207934697042599
"step","88571.png",88571,0.184611798071732,0.22162994972891,1.19226145731598,-0.103969767271933,0.219421574340902
"step","88584.png",88584,0.172142677448132,0.207409284113914,1.23620094358118,-0.0374250764473566,0.202917040238041
"step","88598.png",88598,0.170671045256551,0.205722507859714,1.24596818342821,-0.0390902702151031,0.201746914224412
"step","88611.png",88611,0.173912761966921,0.209122747557633,1.21145157119852,-0.0439335936051845,0.207149407539214
"step","88624.png",88624,0.187638450292297,0.223942764858547,1.3348748263412,0.0122783057332975,0.216031314109807
"step","88638.png",88638,0.17211246827239,0.207600407837897,1.36416317224086,-0.0711105488234855,0.204820531511287
"step","88651.png",88651,0.169954998541717,0.206170644051784,1.25984159330628,-0.0131857991594123,0.204066938309813
"step","88664.png",88664,0.184645616535799,0.222657139994086,1.32553392939064,-0.0821526266251285,0.216660211525609
"step","88678.png",88678,0.174655171821769,0.209937075779047,1.24700081566616,-0.0531325386495234,0.209255907653587
"step","88691.png",88691,0.172928599056576,0.207950522267576,1.33224798721378,0.0635599617182876,0.210349744647365
"step","88704.png",88704,0.177970421352448,0.213355739062677,1.17647607156047,0.00955022380767517,0.21219453290798
"step","88718.png",88718,0.170125851580998,0.206256187418895,1.47373157429184,-0.0268707567695134,0.205112925258622
"step","88731.png",88731,0.150281713137745,0.183129976293178,1.16605751930931,0.095418306255258,0.185728970252373
"step","88744.png",88744,0.153776304636063,0.187464329069001,1.26044485738297,-0.0583277750445284,0.185684866798042
"step","88758.png",88758,0.153999901240987,0.187771354403386,1.31030761525933,-0.034576830316704,0.183053403554246
"step","88771.png",88771,0.154286806619805,0.187807174966002,1.16631581684229,0.04769510517662,0.181688685215454
"step","88784.png",88784,0.146360586144496,0.179052522476839,1.22475512051556,0.0601175903120011,0.182098802555141
"step","88798.png",88798,0.148020854548921,0.181613946355854,1.35927354171894,-0.0134195016364478,0.17998897399543
"step","88811.png",88811,0.165202419650405,0.197956544533953,1.25908353097749,0.0259676455916261,0.191108021402122
"step","88824.png",88824,0.160353346602573,0.195656285866697,1.32202463032478,0.0914572111973218,0.188772050396789
"step","88838.png",88838,0.151513006202663,0.184485783002165,1.32966330971478,-0.0134472727200162,0.178938348753202
"step","88851.png",88851,0.153722926454194,0.187286740412334,1.14980972874953,-0.00980644982474332,0.181840394074346
"step","88864.png",88864,0.160975541886792,0.194539040762351,1.25344876357005,0.00972599002183058,0.195744583110647
"step","88878.png",88878,0.164786079405399,0.199825717918737,1.13182419940122,0.0823585370436582,0.205312207015184
"step","88891.png",88891,0.184928418309125,0.221443117841677,1.15110166003532,0.00451362982913828,0.216617587419525
"step","88904.png",88904,0.176304965357351,0.2119958427422,1.3208776223511,-0.0241300780977503,0.206769010115926
"step","88918.png",88918,0.182540193797786,0.217473026539357,1.37403854595673,0.083731111524607,0.217910946540327
"step","88931.png",88931,0.189537475422226,0.227340403318774,1.16357354721718,0.0762692224167371,0.223067378708622
"step","88944.png",88944,0.168857871684613,0.203934210695071,1.34049966021228,-0.0166340603622548,0.205523230554519
"step","88958.png",88958,0.170508432966013,0.205338305549623,1.38397816455044,-0.0154849248384964,0.201879113684482
"step","88971.png",88971,0.184341337327613,0.222221982409177,1.35044690592559,-0.0626011969097018,0.213585330185641
"step","88984.png",88984,0.181990584748462,0.218295177997053,1.23401297920646,-0.00115558236970476,0.216223517060792
"step","88998.png",88998,0.175195928051702,0.2116151626223,1.31679786309305,-0.0599348843699009,0.206892167874318
"step","89011.png",89011,0.193447726449112,0.23229157418153,1.21398086197799,-0.203766822527551,0.233613211925339
"step","89024.png",89024,0.181526608608296,0.2182573509245,1.14573850118051,-0.0385897737608119,0.215979803828766
"step","89038.png",89038,0.184777776598748,0.222122065925266,1.11073959312782,0.057759372536842,0.219859901225266
"step","89051.png",89051,0.176577778716455,0.213012020111899,1.38408192816493,-0.0918961650900144,0.207969653734013
"step","89064.png",89064,0.18712143926725,0.225462908673495,1.2093294984089,-0.0354617987913203,0.224517700237606
"step","89078.png",89078,0.18849447658665,0.227062457097409,1.05703132676416,-0.0866293357512381,0.230789957265589
"step","89091.png",89091,0.173632330508637,0.209012519644027,1.18348861847747,-0.00775500949079844,0.207523950747582
"step","89104.png",89104,0.184021834583851,0.220410142252412,1.20349666496705,0.00157064547816496,0.218608798363976
"step","89118.png",89118,0.172975707256655,0.209048184492459,1.31407519286314,-0.100459050503168,0.205755009485603
"step","89131.png",89131,0.180419794913024,0.216899883845295,1.36851678681171,-0.146723335658542,0.212273712188267
"step","89144.png",89144,0.174027539202442,0.20939582280241,1.20815002113536,-0.0418588213347752,0.211905775785831
"step","89158.png",89158,0.178984821605617,0.215709474086423,1.36706291489121,-0.0921322830430993,0.210325567706339
"step","89171.png",89171,0.183310424477852,0.21928331518171,1.23907740283613,-5.41887155831589e-05,0.218739152465626
"step","89184.png",89184,0.178847604436997,0.215863343316227,1.21291598585946,-0.117520206560922,0.214673999839145
"step","89198.png",89198,0.181273847792302,0.218568479266224,1.08707942377194,0.0631396922619213,0.218156975949043
"step","89211.png",89211,0.187966339936072,0.226030842089095,1.42655443848843,-0.0830421943377989,0.221504446704064
"step","89224.png",89224,0.193074611551342,0.232138124462538,1.26818920924504,-0.110027606675778,0.227972294527706
"step","89238.png",89238,0.173083816323206,0.208009062021661,1.13395054671872,-0.0701715182013583,0.20516415526689
"step","89251.png",89251,0.175993605045633,0.209218654316033,1.25169586770645,0.13892220328983,0.20392489476705
"step","89264.png",89264,0.178384532169165,0.212783579545022,1.19267447998598,0.0911064298627334,0.207047885228242
"step","89278.png",89278,0.180712143842142,0.217855010384289,1.11357521828502,-0.0489074684820472,0.221976869353918
"step","89291.png",89291,0.178916549168364,0.214036665377681,1.1693092389505,-0.080874220297447,0.211868396936236
"step","89304.png",89304,0.17653184779096,0.211644142248879,1.18749330264822,0.00306178600592633,0.211242912814573
"step","89318.png",89318,0.168364281775392,0.204410494049908,1.1348082658791,-0.122691988652122,0.20585337415069
"step","89331.png",89331,0.173758383086093,0.209717308188209,1.21936555973262,-0.05118936664913,0.205692101351675
"step","89344.png",89344,0.173755510900834,0.209401250183286,1.21183124297246,-0.0420177590762177,0.205867265705652
"step","89358.png",89358,0.174568456007719,0.209945620704049,1.16520326025046,-0.0180116813690624,0.206681008444716
"step","89371.png",89371,0.173557442355735,0.208087250158537,1.23377408097455,-0.0623293986587967,0.210574051004949
"step","89384.png",89384,0.171754432575881,0.207374807204573,1.22038014384019,0.0431151339861537,0.204263742465111
"step","89398.png",89398,0.199440093877471,0.237460062821895,1.24312400076651,-0.1497683195389,0.228790953335691
"step","89411.png",89411,0.183338683484541,0.219998502809323,1.24768517288431,0.0486512786065219,0.217397955105809
"step","89424.png",89424,0.194951628043992,0.232835027221704,1.37101158691568,-0.134990832615705,0.224452984425925
"step","89438.png",89438,0.179185935086915,0.21509805596289,1.3327577639651,0.095388491406379,0.211943343192504
"step","89451.png",89451,0.179255655861494,0.215231120337498,1.30887593325301,-0.0818566644070177,0.213549909926977
"step","89464.png",89464,0.183074456589294,0.220596989558096,1.25041148944599,-0.00778721921237954,0.216123198388013
"step","89478.png",89478,0.194544037833165,0.233800914517213,1.23929447532886,-0.144940554752675,0.228869906240948
"step","89491.png",89491,0.176277122365644,0.211110637292391,1.32568731705719,0.0912458198221973,0.207763357758107
"step","89504.png",89504,0.188780223936563,0.226390500972647,1.2429535053111,0.0908801912219906,0.2188664536179
"step","89518.png",89518,0.1920285293403,0.230000583346644,1.40423832524047,-0.00414213050801082,0.223402937349146
"step","89531.png",89531,0.187807943005206,0.225353214002696,1.42262597233003,-0.145229856090659,0.217868857745582
"step","89544.png",89544,0.179615883399423,0.215602548153825,1.37871283545741,-0.0683812424674148,0.20953120652815
"step","89558.png",89558,0.177404057472788,0.214615134426372,1.2287764676905,0.0602768656951229,0.209778253029842
"step","89571.png",89571,0.17932094259603,0.216590264962458,1.4082101249294,-0.108886742204444,0.208833720217002
"step","89584.png",89584,0.182629218974572,0.219569918836088,1.05687104089518,0.0134105450451133,0.218817204677665
"step","89598.png",89598,0.183738736188926,0.221203596552521,1.12420951784183,-0.160573075794824,0.217680436792768
"step","89611.png",89611,0.189175953826446,0.228147768744344,1.06878275364383,-0.0998918971723301,0.229322129813518
"step","89624.png",89624,0.188395510291921,0.226275568383101,1.43524144977162,-0.108201051722933,0.22061457106728
"step","89638.png",89638,0.183617036642031,0.221263553313219,1.16533650863256,0.101637185817044,0.216728947404282
"step","89651.png",89651,0.17865074701809,0.214059403037055,1.27257747727776,0.00917001184990862,0.212751587983787
"step","89664.png",89664,0.175775372752316,0.211791554791673,1.28162732992558,-0.0429769790226998,0.209223917741465
"step","89678.png",89678,0.186035992612024,0.223082916935149,1.34635284360109,-0.0402012136091924,0.219863945935067
"step","89691.png",89691,0.177933829645687,0.213938902520914,1.34444816082737,-0.0536901969175653,0.210863655701064
"step","89704.png",89704,0.183681535088171,0.220628084654812,1.11152272966525,0.0213494030943833,0.218020971113543
"step","89718.png",89718,0.180686190452591,0.215059249694835,1.30736562069669,0.0738835527220031,0.209107290986356
"step","89731.png",89731,0.179926234807196,0.215239239826857,1.23303891525151,-0.0866658672074934,0.209861806058673
"step","89744.png",89744,0.19409916634085,0.230662057287029,1.08630900530964,0.0505043472705844,0.227297946842753
"step","89758.png",89758,0.187115239380828,0.226307103866699,1.5182685302225,-0.0908819949906776,0.225342253225185
"step","89771.png",89771,0.191767229225754,0.228384107959842,1.2166075543151,0.00161253967184694,0.223604154298433
"step","89784.png",89784,0.187895639782468,0.224643240956934,1.13953741734265,-0.0198372605014191,0.22376335856207
"step","89798.png",89798,0.179187353679738,0.214927007478184,1.18567118218338,-0.100406122083596,0.212534808539365
"step","89811.png",89811,0.190238613072794,0.225990951503223,1.20180939018231,0.0147298029270865,0.221431782980392
"step","89824.png",89824,0.196906178115454,0.235669502805657,1.20832467352408,-0.117989970571758,0.235492001469445
"step","89838.png",89838,0.191860876753123,0.229379911111888,1.21691078255229,-0.0249524512006306,0.227663121821958
"step","89851.png",89851,0.194894905197104,0.233922321524401,1.26460585414211,0.0918678629321697,0.225531082877936
"step","89864.png",89864,0.16706161787256,0.203132877295635,1.24354202531498,-0.0460346334006686,0.196028904257198
"step","89878.png",89878,0.178192921597887,0.214612171235987,1.2507652361851,0.0309381081648747,0.209766093411115
"step","89891.png",89891,0.183046065219886,0.220197759387963,1.14033201642604,0.0480062159754477,0.216957606234863
"step","89904.png",89904,0.184252433914978,0.220851592095917,1.21858392439198,0.0221716632590863,0.216893328148668
"step","89918.png",89918,0.194710239605151,0.231792086307132,1.26073554616089,0.0816066968256018,0.224694830819361
"step","89931.png",89931,0.191026842009231,0.229532195356805,1.26163403255146,0.138982905221885,0.223264656870444
"step","89944.png",89944,0.189322429358135,0.22761789396787,1.46057090170782,-0.121854942678112,0.228430277222995
"step","89958.png",89958,0.183988718161332,0.220541619010164,1.35303547013558,0.123990641204259,0.215832563031896
"step","89971.png",89971,0.206430903632841,0.243632225630281,1.36757320791665,0.212433422617684,0.237766246515057
"step","89984.png",89984,0.188521178067021,0.226730013089969,1.21865155416776,-0.056891975561968,0.230372857724873
"step","89998.png",89998,0.19309267669,0.230466878755524,1.60765346642738,-0.0377923689593246,0.222641737181718
"step","90011.png",90011,0.184118533182776,0.22135283466918,1.14236840472774,0.0471228518537832,0.218782719888561
"step","90024.png",90024,0.184895564738466,0.221788049273557,1.20114320279418,0.0293719959795381,0.219182613467903
"step","90038.png",90038,0.185886151665055,0.222711052217987,1.20222344076242,0.0748015238153703,0.217462916432504
"step","90051.png",90051,0.19118274522003,0.229410983257795,1.42325719804481,-0.0162685269344279,0.224770011329603
"step","90064.png",90064,0.18515968502707,0.223593450379355,1.19292844298588,-0.0777838434960768,0.220515336785728
"step","90078.png",90078,0.192861454246683,0.23240112682303,1.45137769645921,-0.110191828906165,0.225996984631227
"step","90091.png",90091,0.188724433843808,0.227075322084721,1.21304794339167,-0.0925774621349837,0.229648620909513
"step","90104.png",90104,0.188038004028924,0.226308742550677,1.22130694726633,0.107598435040476,0.22177836242254
"step","90118.png",90118,0.184740060718336,0.221757001922743,1.18802352513768,0.0248804126564537,0.219409494757768
"step","90131.png",90131,0.210203684266227,0.247799999243234,1.14230732861339,0.105606988022558,0.24491164615508
"step","90144.png",90144,0.189668091419279,0.225983847688066,1.28145285415184,0.115905289044091,0.224156030573459
"step","90158.png",90158,0.178592797922398,0.214532194825897,1.40691430583753,-0.0116517854381171,0.214022980807029
"step","90171.png",90171,0.180905676790086,0.21723857844339,1.29646796623827,0.0713861050344654,0.213881577193161
"step","90184.png",90184,0.190104618285605,0.227173714786225,1.22633873708111,-0.037176603063466,0.224041098473528
"step","90198.png",90198,0.187230506226443,0.223870072445944,1.11792317846918,-0.0576309096786069,0.219437266266745
"step","90211.png",90211,0.177405963834848,0.212263892508585,1.24845521045216,-0.0694945608954115,0.206467244922138
"step","90224.png",90224,0.186747005331318,0.222590766382551,1.2413286834543,-0.0607963867717592,0.220497757457223
"step","90238.png",90238,0.185584431483553,0.220692556724996,1.10127833862217,0.0263816563633197,0.219621080714113
"step","90251.png",90251,0.186594013134366,0.223264650469392,1.1599237140502,-0.0528017808794774,0.219049319864338
"step","90264.png",90264,0.187757001240624,0.224669881268967,1.20932290970916,-0.0650433692573172,0.223594998698241
"step","90278.png",90278,0.193811346070325,0.230576946233422,1.18532762839941,-0.0563721916189877,0.232785280761329
"step","90291.png",90291,0.193601265191837,0.231877461746749,1.19398922749289,0.0747936130049646,0.237423907362081
"step","90304.png",90304,0.178314708855826,0.213858343357996,1.31704436276819,-0.0438505726043357,0.2119557836547
"step","90318.png",90318,0.192721484790169,0.230817194408947,1.26707716730043,-0.0178222585058773,0.227220105983164
"step","90331.png",90331,0.182864324099518,0.221224316232851,1.28894780599374,-0.0288844284309397,0.223022200016322
"step","90344.png",90344,0.186575728484886,0.224674353401236,1.24375929996906,-0.00211699621940836,0.220690012620118
"step","90358.png",90358,0.184657385002289,0.222837578376861,1.44047232567127,0.174610575060523,0.21918506660584
"step","90371.png",90371,0.180240831253664,0.216999378488792,1.27343690193532,0.0660836906947835,0.213495299002607
"step","90384.png",90384,0.182909847516522,0.220635893194503,1.30107954916182,-0.0336502437818051,0.218319631377538
"step","90398.png",90398,0.184352077642342,0.221264997271172,1.34272255023027,-0.0427679834143447,0.217877620863429
"step","90411.png",90411,0.183889904789007,0.220266340689501,1.24949132454556,0.116715511138024,0.218017709177445
"step","90424.png",90424,0.186941572102189,0.224194351856267,1.36791032565227,-0.0245476483531354,0.221686892898896
"step","90438.png",90438,0.193225041481199,0.231910891224665,1.07670398385344,-0.00426448107794014,0.233784335771772
"step","90451.png",90451,0.192050428974732,0.228909297804769,1.2270389228936,0.0950261920607006,0.228614587592504
"step","90464.png",90464,0.197976696889535,0.235838152511692,1.4570235607003,0.0494477529597411,0.233321783753887
"step","90478.png",90478,0.19503719974202,0.232597993820296,1.24295645474896,0.0341123388018544,0.236255184468065
"step","90491.png",90491,0.174890350294925,0.211992708725897,1.23395896602419,-0.208989849860839,0.211749781389229
"step","90504.png",90504,0.18625694574095,0.223299651630377,1.4446937319908,0.0426853048884798,0.221597799193302
"step","90518.png",90518,0.186311926169097,0.222215730201097,1.29393101742001,0.100757941719812,0.218735748407178
"step","90531.png",90531,0.195219520528548,0.233815500418693,1.31619435229775,-0.0727640247435534,0.232397547720294
"step","90545.png",90545,0.188589434442412,0.226789818295292,1.35639138825858,-0.065485399844087,0.228687003281289
"step","90558.png",90558,0.195590165535276,0.234682255516538,1.1007233352676,0.0379886856890713,0.229262068579548
"step","90571.png",90571,0.189975162732293,0.228164436287582,1.08904625772556,0.0104663233693808,0.226208081108935
"step","90585.png",90585,0.189874195828095,0.227907993743972,1.23737415170119,-0.00673851267011963,0.221095213706745
"step","90598.png",90598,0.183049174416649,0.218980135467811,1.3216802318187,-0.00677633640198361,0.213905538409536
"step","90611.png",90611,0.18049198325138,0.217245347091208,1.23987917251034,0.107800858794835,0.214356142918185
"step","90625.png",90625,0.184201411880068,0.221131050063922,1.29732338717187,-0.0834275072817299,0.219872076041337
"step","90638.png",90638,0.180292033852623,0.216696995728949,1.22770035810675,0.0146513564924635,0.215593440611937
"step","90651.png",90651,0.193031307758655,0.231549745693802,1.40554307666107,-0.0544351147641622,0.22966316986696
"step","90665.png",90665,0.18527916493528,0.221969225661941,1.32439567681608,-0.0130232987377733,0.219832446805609
"step","90678.png",90678,0.18625788491602,0.223879698075123,1.30988235170179,0.0563954357349186,0.22884209039636
"step","90691.png",90691,0.187693088106648,0.225852939037792,1.19663728755296,-0.0677885659285217,0.221318800292423
"step","90705.png",90705,0.186158147421282,0.224779767596287,1.25359901177898,-0.0434535569494034,0.226022423585256
"step","90718.png",90718,0.186433627601846,0.224266760960856,1.27603952005299,-0.0652378156645874,0.220305538918496
"step","90731.png",90731,0.179517115001259,0.215593650799215,1.14583494546652,0.0359015653640151,0.211224027035029
"step","90745.png",90745,0.188554197586563,0.227450579131214,1.1699174032652,-0.0497734011416303,0.225583331253705
"step","90758.png",90758,0.175237586167978,0.210614764545573,1.24762185150903,-0.0142415784358606,0.208023978165994
"step","90771.png",90771,0.180952757114842,0.218085048145408,1.33669181164952,0.0412058265297442,0.216976435998791
"step","90785.png",90785,0.19485623444662,0.233899978534645,1.35661061243827,-0.135012899392511,0.236274677444233
"step","90798.png",90798,0.189998338028745,0.22966328580042,1.09380008739101,0.044968325600813,0.227037929199153
"step","90811.png",90811,0.184414529976214,0.221291333753691,1.24636857529406,-0.00830658080487956,0.220669814139895
"step","90825.png",90825,0.183945056419163,0.220976004279627,1.18854076066677,-0.0327670495903514,0.219150979568311
"step","90838.png",90838,0.197503244910604,0.23651648151814,1.17497379581089,0.104719317094984,0.241232977842419
"step","90851.png",90851,0.191499730521901,0.229428124467989,1.19367418979933,-0.00852199403127757,0.225629542852897
"step","90865.png",90865,0.18769159824146,0.224846158420017,1.21947374750744,0.032777398389542,0.219881964819882
"step","90878.png",90878,0.182048619952125,0.217815546539091,1.33754213929405,0.0762557248193387,0.215854442215042
"step","90891.png",90891,0.185943792248587,0.223123128775644,1.32317070115976,0.00900454672782025,0.218628935417036
"step","90905.png",90905,0.179417276931729,0.215973355130747,1.29849792186803,-0.0579122187330542,0.215782085691074
"step","90918.png",90918,0.177920125812735,0.213352270370531,1.32641064082005,-0.0189540813676451,0.211008949317642
"step","90931.png",90931,0.178740889744309,0.215963362681908,1.29285723085959,-0.0574618995024152,0.211547452161015
"step","90945.png",90945,0.175297391177138,0.210587066014139,1.35236787285111,-0.0131058517995303,0.209273811694954
"step","90958.png",90958,0.173016538169097,0.208833997647125,1.23349562656766,-0.048928041143873,0.207797117171347
"step","90971.png",90971,0.188000360341202,0.228013780228663,1.25359076538448,-0.0390819203831966,0.223779670307313
"step","90985.png",90985,0.178117625022307,0.214974323978022,1.18917430372355,0.0311188572421058,0.212004975291456
"step","90998.png",90998,0.189485844990608,0.22769486009158,1.40918558602801,0.0203227454871539,0.223167247358292
"step","91011.png",91011,0.189937279115775,0.230941873615426,1.23587433511304,0.0187154626247387,0.232239848162519
"step","91025.png",91025,0.173273015753974,0.208782184201974,1.36074998393624,-0.0480773998336687,0.206468323878479
"step","91038.png",91038,0.18375057381153,0.219050555433021,1.57006286939959,0.0941729896776638,0.218399263197682
"step","91051.png",91051,0.180955236975972,0.219486046711093,1.32435048917264,-0.0617022980988771,0.212501464114284
"step","91065.png",91065,0.179682242232901,0.216614215220244,1.4808866391716,-0.0341405621551479,0.217523688020355
"step","91078.png",91078,0.171550853840936,0.207901335466251,1.28164021714866,-0.0377911180273559,0.205867910897303
"step","91091.png",91091,0.170971641065734,0.20625765250232,1.3211667091966,-0.0525418246077737,0.20015629716405
"step","91105.png",91105,0.168581570176464,0.204419775076556,1.34486710068949,0.0266875279884562,0.202518593149894
"step","91118.png",91118,0.168347066607564,0.204337406288197,1.23555927069474,0.0846556342904227,0.202660103183892
"step","91131.png",91131,0.193832349037265,0.231982708007529,1.40453473033394,0.105207397923268,0.236637146942835
"step","91145.png",91145,0.175685922469393,0.212147472593767,1.27887892339304,0.0903500196453868,0.207273156699826
"step","91158.png",91158,0.163043466784043,0.198121413143901,1.3076739769534,0.0228571410011332,0.197463089306144
"step","91171.png",91171,0.156356641298605,0.191142951674964,1.3230065539346,-0.0506579048211431,0.184503343251422
"step","91185.png",91185,0.178195696224506,0.216033808584979,1.17443825769769,0.0600782008526885,0.215863098474573
"step","91198.png",91198,0.167233921199161,0.204202441484305,1.22946728193572,0.0496542949432149,0.207245264951838
"step","91211.png",91211,0.171145975607341,0.206926509565829,1.22957583439423,0.157030766226463,0.206750586933751
"step","91225.png",91225,0.177138763964119,0.214197273614828,1.19630516969952,-0.00391319217299144,0.212983694112591
"step","91238.png",91238,0.163691915148779,0.199365384785471,1.19262838569149,0.12355819403841,0.193252778157881
"step","91251.png",91251,0.176599753285956,0.213561791029783,1.31745380741725,-0.0144307097457915,0.209394250860252
"step","91265.png",91265,0.188306437366057,0.226334213011702,1.28340420124777,-0.019373983810531,0.227988254198166
"step","91278.png",91278,0.193418227420018,0.233230770715735,1.18949426553719,0.0026432216265144,0.231751773503071
"step","91291.png",91291,0.182900114471503,0.21971428999659,1.18468948537051,0.0522947869257009,0.219103186064786
"step","91305.png",91305,0.175630454162837,0.213024588851236,1.26019593908174,-0.102657542572707,0.208198804369093
"step","91318.png",91318,0.182125939775603,0.219804582227072,1.16084620548595,-0.0681557150810426,0.216945397118726
"step","91331.png",91331,0.189085279481359,0.226809558779419,1.28612968989664,-0.020467400891257,0.224061279275268
"step","91345.png",91345,0.202049067801502,0.241329727884397,1.33226582865983,-0.0933758978294144,0.242047832916764
"step","91358.png",91358,0.182508641240555,0.22088261546317,1.11914036611801,-0.118269845082801,0.215990976979073
"step","91371.png",91371,0.177749852941696,0.216204640882582,1.3687250942234,-0.0598707100661856,0.208744094181677
"step","91385.png",91385,0.177653815226544,0.214618384146965,1.23609545456232,-0.0266152809133493,0.211130356358553
"step","91398.png",91398,0.177150657176026,0.213295662292931,1.24681496893085,-0.0189215695192383,0.210088410349067
"step","91411.png",91411,0.197507964832999,0.237252669823393,1.10175717984023,0.0515516842064612,0.239469684845237
"step","91425.png",91425,0.18735794573674,0.226057056394537,1.16040154155353,0.0513665514831883,0.222298479908752
"step","91438.png",91438,0.18795773763321,0.225223696328408,1.33482335843123,0.0107281453692888,0.219563024557716
"step","91451.png",91451,0.178367727038457,0.216874571968618,1.18119033898445,-0.0109042275543735,0.214261208274611
"step","91465.png",91465,0.173623057540227,0.209651741413781,1.27530589923605,-0.0755442431611418,0.207050221015116
"step","91478.png",91478,0.173150113965681,0.209806734630151,1.25302263231121,-0.0590239850805885,0.21044031073002
"step","91491.png",91491,0.174886179983161,0.216371177502562,1.64224788050923,-0.11276984257877,0.212392606145091
"step","91505.png",91505,0.175765395217392,0.212873467441001,1.2174584824362,-0.0180300945369022,0.207678493575683
"step","91518.png",91518,0.167947824188253,0.203324945421909,1.20360166628013,-0.0268516269493273,0.201819668085816
"step","91531.png",91531,0.167763366429148,0.20466567322766,1.44393708691248,-0.0512996550109538,0.204398508610467
"step","91545.png",91545,0.15058852256715,0.184535531200309,1.27852672308927,-0.00872497418156937,0.181543812859897
"step","91558.png",91558,0.172387945365488,0.208241486799258,1.34346698006604,-0.0357915782863799,0.210704081983332
"step","91571.png",91571,0.153733794892012,0.188016245313755,1.26522903354611,-0.0207587399479998,0.187007561718204
"step","91585.png",91585,0.160175255724465,0.195666938298439,1.19412057863025,-0.00779978810385779,0.193520557762149
"step","91598.png",91598,0.162845857312915,0.198595163825216,1.38054919392459,-0.0266588825367657,0.195169398208616
"step","91611.png",91611,0.152523871696589,0.186460448248199,1.26551872900561,-0.00859941250893595,0.183858232071653
"step","91625.png",91625,0.148048331674112,0.182059705396265,1.27532151312271,-0.0208186095846257,0.183014454479827
"step","91638.png",91638,0.152453231880422,0.186221640997037,1.2198256729488,0.00594688649684647,0.189237879916764
"step","91651.png",91651,0.16152403407236,0.197552354972331,1.14572402684512,-0.0455399042128643,0.198428768479654
"step","91665.png",91665,0.158704104259005,0.193419598693521,1.2652591137078,0.0829409903438943,0.192149357213169
"step","91678.png",91678,0.177007196823851,0.214052391935169,1.19116815040021,-0.043062246099449,0.212319945705168
"step","91691.png",91691,0.182069896759997,0.219315402242538,1.26978456353089,-0.0139270366104972,0.216354547717985
"step","91705.png",91705,0.19083026855425,0.228789260437656,1.15611879565789,0.0440035270610387,0.236912160575913
"step","91718.png",91718,0.164784864864749,0.20052087387269,1.32495529512313,0.0105053359371708,0.198773705180698
"step","91731.png",91731,0.176260981432379,0.217314930047778,1.33518351744177,-0.0884459560568412,0.216073902648687
"step","91745.png",91745,0.202471269263897,0.243874902986372,1.31102690127636,-0.122123891415048,0.241194832864621
"step","91758.png",91758,0.18278052296649,0.220003678907639,1.19537576053529,0.0354178604039149,0.219551331181471
"step","91771.png",91771,0.169555264162028,0.205315816299824,1.20430496197834,-0.0431078454827138,0.206541077274366
"step","91785.png",91785,0.175397555128123,0.211460534918723,1.28544824863094,-0.0541806188043774,0.210900080010154
"step","91798.png",91798,0.175537021992387,0.21140163493242,1.26081175253224,0.033066483416045,0.209191336715625
"step","91811.png",91811,0.189815743989528,0.228431998744212,1.3969759601755,0.138590034898083,0.232016733675238
"step","91825.png",91825,0.188946442888234,0.22714561949137,1.29825370149831,0.0657628445620969,0.223600298950268
"step","91838.png",91838,0.175071827948487,0.211536835981533,1.30104522689685,0.0720289923194275,0.20951311021926
"step","91851.png",91851,0.184738167236732,0.225226274682189,1.22290338978797,-0.0789632784221727,0.226797044030783
"step","91865.png",91865,0.161356546612806,0.196945893084986,1.2761574935428,-0.104892011552098,0.196514886610602
"step","91878.png",91878,0.165777295007236,0.200471893052689,1.27364626709918,0.071011498899485,0.200426348438216
"step","91891.png",91891,0.17358975214316,0.209249842675613,1.16999284016542,0.0271162444303725,0.208388413018799
"step","91905.png",91905,0.177628860475451,0.215303694594701,1.20120995800871,-0.0711235604593467,0.214696239515586
"step","91918.png",91918,0.187047329750338,0.225175909550017,1.28433822851642,-0.0316798230376737,0.225563037108679
"step","91931.png",91931,0.179390302623349,0.216160081199924,1.29511065858365,-0.0476703999277739,0.215515870510341
"step","91945.png",91945,0.167274615834946,0.203180398637856,1.21172330025195,-0.0184474717784356,0.201172146592654
"step","91958.png",91958,0.167567345464053,0.205241574578832,1.29671242390184,-0.0467092939778268,0.198232196822854
"step","91971.png",91971,0.147472270735442,0.181217817679103,1.22666806352327,-0.00941680272729872,0.177333499555913
"step","91985.png",91985,0.156664345644797,0.192107794797308,1.32379522112383,-0.00700792111916965,0.190634392777217
"step","91998.png",91998,0.152274420901385,0.185727193873304,1.22890946196212,0.0515548184941297,0.183165755874929
"step","92011.png",92011,0.168310703350482,0.206967044808128,1.21504104804078,0.0668817207194169,0.202468914799706
"step","92025.png",92025,0.169727124792236,0.205307081280596,1.16690810839563,0.0301725991347616,0.201371912052386
"step","92038.png",92038,0.168602715498373,0.205142756961152,1.55465770011364,-0.109329640641958,0.205456814457447
"step","92051.png",92051,0.160597926516653,0.196336569466536,1.37790521124543,-0.0482299233590801,0.193228422140871
"step","92065.png",92065,0.151266388995672,0.188872654321082,1.53498919270634,-0.186645882186497,0.193946403572379
"step","92078.png",92078,0.159092985801102,0.194489470969313,1.24328839328655,0.0224322004849529,0.192979729966192
"step","92091.png",92091,0.167629625810113,0.206594351247955,1.51612003546572,-0.104617027809574,0.202553190991232
"step","92105.png",92105,0.163667039827761,0.198917183939428,1.29073019045924,-0.0387905929175916,0.19266760618969
"step","92118.png",92118,0.156804981718059,0.191172338629183,1.28843886062404,-0.0326868574278577,0.188938943721268
"step","92131.png",92131,0.1723415358913,0.209121766078983,1.28768499544235,-0.048646663349187,0.205469337782469
"step","92145.png",92145,0.177703393657924,0.215306552055239,1.24955002707608,-0.0444890078853638,0.20929167070257
"step","92158.png",92158,0.172773361374598,0.210201679735936,1.11159145383077,0.0483233803975998,0.210388573647252
"step","92171.png",92171,0.163013035157686,0.19816975618723,1.20325966948036,-0.0516926966024897,0.195520446213199
"step","92185.png",92185,0.184208223694766,0.222708002516269,1.20132830461137,0.0384524821847909,0.216970521460143
"step","92198.png",92198,0.192721860882959,0.231961733638049,1.12865390063484,-0.105968743236571,0.228955695163227
"step","92211.png",92211,0.171656202898272,0.208302106687351,1.32758841304815,-0.025429690341923,0.204077111542032
"step","92225.png",92225,0.168713947899958,0.20526034876513,1.45418829544992,-0.0612675608616534,0.201369873374385
"step","92238.png",92238,0.167674810003027,0.202802319584063,1.22384592876173,-0.0336661851311106,0.203363751481829
"step","92251.png",92251,0.179135155556483,0.217326503132652,1.38816724569257,-0.109888703992225,0.218835269057822
"step","92265.png",92265,0.168407486065548,0.206973842416711,1.22481645055134,0.0388068544802473,0.205642744152296
"step","92278.png",92278,0.168943321204886,0.206816751464967,1.24322203699621,-0.0871716601672958,0.205595337305196
"step","92291.png",92291,0.158445612379104,0.19311745592375,1.26367205060956,0.00638732845120729,0.19203740083455
"step","92305.png",92305,0.170637451200264,0.20733806783384,1.23046893854436,-0.0516189635969147,0.210151133909352
"step","92318.png",92318,0.196432455234878,0.240635443321684,1.52528106057525,-0.118505131494953,0.238327513056044
"step","92331.png",92331,0.170183488127239,0.207458271818672,1.14062384173979,-0.0709708509137039,0.208346705561186
"step","92345.png",92345,0.192080258401969,0.230784251681757,1.14613089808886,0.0340547529867151,0.236757257832342
"step","92358.png",92358,0.184521915208669,0.224975400059987,1.32244152438094,-0.223766992891928,0.225211938691526
"step","92371.png",92371,0.15762908228651,0.191926757052684,1.21833656539953,0.0610776016569687,0.185655825478032
"step","92385.png",92385,0.155414430212548,0.190995822894332,1.33673068696445,-0.0385429298001624,0.188885449997419
"step","92398.png",92398,0.158148673763447,0.194080608901316,1.19717835733845,0.0121193574905193,0.190183095751607
"step","92411.png",92411,0.156243077318574,0.190688471651169,1.35189008077323,-0.00322962968157306,0.186820561289689
"step","92425.png",92425,0.154582835403824,0.188831407413916,1.21639655111305,0.0427940157557182,0.189214590102884
"step","92438.png",92438,0.183201592235026,0.22317522160722,1.14642496461879,0.0243770300379977,0.220499092058428
"step","92451.png",92451,0.151488461798692,0.186090241525201,1.31605627305496,-0.0119417381726999,0.180968326912678
"step","92465.png",92465,0.15512229215129,0.190884824218955,1.30092564279399,-0.107295934910719,0.18530818445591
"step","92478.png",92478,0.148808527431902,0.184168663286403,1.26550687807175,-0.00586857434443708,0.182168278378428
"step","92491.png",92491,0.169780828629685,0.208636073585852,1.26943543941372,-0.0346723157603487,0.210115783729582
"step","92505.png",92505,0.165217570633657,0.20094112620366,1.20046063554202,0.00296176187438285,0.201953476800979
"step","92518.png",92518,0.177127887551135,0.215007156206106,1.3067553237396,-0.0950142065605186,0.211206870519498
"step","92531.png",92531,0.167313563016042,0.202821403691342,1.28458801763179,-0.00091621086552926,0.199949102185085
"step","92545.png",92545,0.186910076920691,0.224433714686285,1.12082359797987,-0.0077131325204009,0.221165638824033
"step","92558.png",92558,0.186906032142914,0.226870788416176,1.23930838914463,-0.0396308514616037,0.228449523530546
"step","92571.png",92571,0.164215650347297,0.199519692706123,1.25272277308873,-0.0581495289368698,0.196617609769649
"step","92585.png",92585,0.18422525347486,0.223308214467949,1.25233839158049,-0.102346488676855,0.214589963223216
"step","92598.png",92598,0.173606414600927,0.210780442950695,1.21220613943028,0.0049711142535665,0.212845529601338
"step","92611.png",92611,0.169118217250289,0.205280665506952,1.31101328719528,0.0714935045011481,0.203687094948849
"step","92625.png",92625,0.171529831274312,0.207996106835754,1.30125249208553,0.0430882663353607,0.203537942257949
"step","92638.png",92638,0.17390117326986,0.210739185065127,1.31760199388529,-0.00116075965978918,0.212153843566038
"step","92651.png",92651,0.163609816919205,0.201733452865731,1.34381034022094,-0.0331557118742764,0.19512337727853
"step","92665.png",92665,0.155961189524697,0.191489867383718,1.26309828037539,-0.0778105562595141,0.195435376779364
"step","92678.png",92678,0.166862817069584,0.20191949596062,1.22228018729819,0.0143383375395833,0.204581391675792
"step","92691.png",92691,0.168345728995786,0.204460831312145,1.22105847554033,-0.0034288401303442,0.205190881975256
"step","92705.png",92705,0.154946717373785,0.188385994125151,1.21719748118512,-0.0436879265326338,0.18963948393211
"step","92718.png",92718,0.164876013286154,0.200197002417118,1.33919524760068,-0.0988051291637965,0.197051233229254
"step","92731.png",92731,0.181767244537821,0.2204978868506,1.20753718241321,-0.0989389715137433,0.217656929295211
"step","92745.png",92745,0.177984059179519,0.217289138155622,1.31897105302465,-0.163521939946025,0.2117010240798
"step","92758.png",92758,0.164860077676457,0.199739472236358,1.28010160789687,-0.0709658523608216,0.198019931834151
"step","92771.png",92771,0.150075361452816,0.185452650196309,1.39637264297033,-0.0415748502429101,0.179559581793625
"step","92785.png",92785,0.136231678521158,0.16869665918667,1.31527828598744,-0.0207942991687297,0.165368785983222
"step","92798.png",92798,0.16887019542572,0.207552659753466,1.18995123610031,0.0706512286409453,0.204375190808678
"step","92811.png",92811,0.185082429513845,0.222117064875362,1.33074814875928,-0.0768656383673765,0.21637500270238
"step","92825.png",92825,0.162947493628271,0.198886304885334,1.34074211738338,0.00288798673290724,0.197923101021558
"step","92838.png",92838,0.169459672620262,0.207711937349579,1.18874152696206,0.0553390089712688,0.211944402483981
"step","92851.png",92851,0.156220976454754,0.191526234332777,1.2297966792372,-0.0231259149447985,0.191868138444069
"step","92865.png",92865,0.157627330282357,0.19314961329483,1.33887110207312,0.0355390102152974,0.194682938654783
"step","92878.png",92878,0.155721534831133,0.190728938227303,1.30791912968647,-0.0915246851461551,0.191249708813596
"step","92891.png",92891,0.159249279120583,0.197544031285648,1.46671016421078,-0.0573857544270022,0.194154967377304
"step","92905.png",92905,0.161173048681162,0.197513384974269,1.04287767000669,0.0181847930561779,0.195585276062761
"step","92918.png",92918,0.168205974210524,0.20353003107957,1.23160958117041,0.0348358227984234,0.199059863253799
"step","92931.png",92931,0.177611460301092,0.21470223798552,1.30313629993379,-0.0874769867956161,0.210934864372851
"step","92945.png",92945,0.170897154533978,0.207418405916649,1.22316920337578,-0.0526922480440788,0.205619549172837
"step","92958.png",92958,0.171961687269035,0.207664378356825,1.1686127294932,0.0120572751525035,0.205188275614752
"step","92971.png",92971,0.185115232272267,0.223401713933347,1.20496576667213,0.0130792727853636,0.219107189717832
"step","92985.png",92985,0.176203715804813,0.213264512949442,1.25935913555879,-0.102394518409809,0.211053161091543
"step","92998.png",92998,0.171080418072444,0.207712765470217,1.20511545242955,-0.0173907082962651,0.213639422065644
"step","93011.png",93011,0.177028865699885,0.21441838139093,1.19273340302721,-0.0103046223845966,0.219155726627239
"step","93025.png",93025,0.177362719624328,0.214916391591751,1.15762472151763,-0.00200842745536378,0.208397174649817
"step","93038.png",93038,0.171924438410174,0.208145213699104,1.2492354029019,0.0792861588541781,0.202511390890368
"step","93051.png",93051,0.161528974274643,0.195825062843481,1.30558102679466,-0.0201159816880906,0.192626969359558
"step","93065.png",93065,0.164372847282638,0.199562785364362,1.17260043675286,-0.0241947034935688,0.19867995724412
"step","93078.png",93078,0.169613476297585,0.205748963321182,1.21384713796187,-0.0950789864630433,0.20439863040166
"step","93091.png",93091,0.181389224488999,0.21970247513998,1.21317623945991,0.00342549153687027,0.219961036764111
"step","93105.png",93105,0.16525991229888,0.200694600242057,1.26230118904241,-0.0191032482546366,0.196751487813989
"step","93118.png",93118,0.1654120750439,0.200024342447932,1.20679314984805,0.045250209321715,0.201581404225427
"step","93131.png",93131,0.17738232771826,0.214626414235368,1.29277105990696,0.0170274856861632,0.213674378877712
"step","93145.png",93145,0.164890558043752,0.199482510123665,1.30277265109383,0.0474797698808458,0.200041857968145
"step","93158.png",93158,0.1510060241818,0.183565847902224,1.34113584261554,0.0561649155166211,0.176828868492569
"step","93171.png",93171,0.155506210473184,0.190046754167653,1.24806719963068,-0.015652409352487,0.185789989531195
"step","93185.png",93185,0.153848125884748,0.188661406803191,1.30327647107689,-0.027987415791516,0.182933059078776
"step","93198.png",93198,0.168520035998522,0.205774703298529,1.1778929783424,0.0438577336403207,0.203195506540286
"step","93211.png",93211,0.149142087762382,0.182470228430193,1.2803779277468,0.00861684199316778,0.176779981286011
"step","93225.png",93225,0.146553662985876,0.180798902123137,1.18486456388479,-0.0180120076659445,0.182248045641779
"step","93238.png",93238,0.151353561209264,0.185578868251223,1.27775536339613,0.00736549763555913,0.179961395221105
"step","93252.png",93252,0.157798769135251,0.192037493996255,1.22993648049764,0.0133324821100232,0.1946974579754
"step","93265.png",93265,0.180814826691439,0.21700255474074,1.30602761613427,0.00697926039099267,0.218560537495188
"step","93278.png",93278,0.15793341476804,0.194259081451403,1.35624076460534,-0.0578727663271803,0.190686741094099
"step","93292.png",93292,0.154156434855833,0.189689000128205,1.21810451459277,-0.0311678281301134,0.186244528320653
"step","93305.png",93305,0.176863732950365,0.213735126686835,1.14856897016675,0.00875910241977698,0.209411781833616
"step","93318.png",93318,0.186057962776448,0.223915462944505,1.31293867301902,0.0226623414474617,0.216649275280667
"step","93332.png",93332,0.161472285881466,0.19683240060211,1.28896659887745,-0.076143111587043,0.196091478761304
"step","93345.png",93345,0.166003779581495,0.201362013993416,1.21550345868964,-0.00913083800827724,0.198638360136421
"step","93358.png",93358,0.167116127921645,0.202354792667227,1.302972606503,-0.0301106134835929,0.204317963233862
"step","93372.png",93372,0.167420948899211,0.202977223789236,1.29197630138971,-0.0463109580145432,0.20176627402299
"step","93385.png",93385,0.168190506596122,0.203910841073989,1.22998237250612,0.00466577121531603,0.200022012015935
"step","93398.png",93398,0.189867401204262,0.228077866976801,1.2470347971879,0.120198272415128,0.22786636041228
"step","93412.png",93412,0.183316124466694,0.2224837458832,1.20735067526046,0.055294447658004,0.226849893677526
"step","93425.png",93425,0.170888950180145,0.207028880671182,1.19333710667506,0.00810005664880706,0.20661774962701
"step","93438.png",93438,0.199185749094521,0.239615327511287,1.21199033620656,-0.0265624736186612,0.238874212109287
"step","93452.png",93452,0.161521943689448,0.197225049688773,1.29757604975803,-0.0554761690062414,0.191840548929886
"step","93465.png",93465,0.183604420789813,0.222362214890103,1.14290511667712,-0.0108745579285033,0.22095463143126
"step","93478.png",93478,0.166908279261933,0.202506972024727,1.31724185633312,-0.0078691715472666,0.20228223058705
"step","93492.png",93492,0.180388994507676,0.218460305172089,1.37882093416579,-0.060437371584518,0.215321803221017
"step","93505.png",93505,0.175797010426133,0.211813297222361,1.31730734209554,0.00899454958101345,0.203889192676365
"step","93518.png",93518,0.180198253701635,0.217310934646968,1.22594594375409,0.0362713386265801,0.216171890736681
"step","93532.png",93532,0.183580821186171,0.221682487238191,1.20964835350154,0.0840796601923041,0.220365013904595
"step","93545.png",93545,0.160197932180792,0.194482266630598,1.23561321680681,0.0582158229812303,0.19137721109411
"step","93558.png",93558,0.149324977984313,0.182188017660218,1.25660623848281,0.0300472265603531,0.180630693655619
"step","93572.png",93572,0.159036755613202,0.193471588998758,1.19846404434095,-0.0425616044610309,0.186785761819467
"step","93585.png",93585,0.173238387916071,0.210303249988783,1.33780870459628,-0.0941198770684287,0.214411946070288
"step","93598.png",93598,0.169061829379393,0.206305306106226,1.22236880569208,0.085331778129159,0.211143784393754
"step","93612.png",93612,0.18723880152522,0.2249610847335,1.29879206158041,0.00151951229288239,0.218107962631873
"step","93625.png",93625,0.148312331633861,0.18111725920704,1.24502360813818,-0.00415476302068757,0.177151127436367
"step","93638.png",93638,0.156836347006423,0.192143179192364,1.28196552296059,-0.0555423877911241,0.188221162775211
"step","93652.png",93652,0.18123554662573,0.218917649897707,1.22261304868576,0.0423753876926431,0.217414567604856
"step","93665.png",93665,0.151145410820259,0.185996821413191,1.36727560842402,-0.0464753970215563,0.185235971623322
"step","93678.png",93678,0.158887351045138,0.193691947343549,1.1999244896461,0.0450527963561708,0.19152202843074
"step","93692.png",93692,0.176709325981052,0.215162053512153,1.11085215305582,-0.122946304097565,0.216218764804207
"step","93705.png",93705,0.168326108554934,0.204626616466622,1.23189494559036,0.0176572387339423,0.198420981912603
"step","93718.png",93718,0.174798890780691,0.212034569237333,1.36018551175063,-0.04775523723611,0.208175036327093
"step","93732.png",93732,0.173280735061855,0.210524386541535,1.1927781943544,0.0206532731440025,0.210449955162044
"step","93745.png",93745,0.186268110071379,0.226526306148953,1.16585258775411,-0.0737864527638207,0.219485851931527
"step","93758.png",93758,0.168245274045343,0.204423999193926,1.20445029475396,0.0176139391505304,0.20162007082769
"step","93772.png",93772,0.170581605270318,0.207019252376192,1.23399957811624,-0.0212745043347629,0.2023377403364
"step","93785.png",93785,0.187557205046937,0.228412109260203,1.41813870372179,-0.112946379191393,0.229136961763528
"step","93798.png",93798,0.180169958385495,0.21761950287022,1.21968311572384,0.00478278584496061,0.212495288788604
"step","93812.png",93812,0.183456166192028,0.222576162552268,1.22843606811767,-0.00174523168796198,0.218522998363118
"step","93825.png",93825,0.170263620118765,0.206460134804931,1.21314349211087,0.0411285677184154,0.204452316274543
"step","93838.png",93838,0.173181667472152,0.20961444113266,1.36073808690564,-0.0102249429911266,0.205876054174513
"step","93852.png",93852,0.175875046040503,0.213754145754601,1.21583399726666,0.0225085185280668,0.209204513528768
"step","93865.png",93865,0.186845886426491,0.225846058509641,1.08291809675921,-0.0141671552596717,0.22427489799533
"step","93878.png",93878,0.161674954935643,0.196152094395475,1.21056359431908,-0.00748183066143338,0.191568618824748
"step","93892.png",93892,0.173190163184278,0.210273865273609,1.24367365670684,-0.0383988057808214,0.210913571613438
"step","93905.png",93905,0.190171687373081,0.229754068980461,1.2143056168194,-0.0491016174422013,0.231719772135942
"step","93918.png",93918,0.17342052555083,0.210199425716444,1.39089847580536,0.0755491196929926,0.207144160044537
"step","93932.png",93932,0.165514516354697,0.201107211162566,1.26102569196091,-0.0142496099135389,0.198953256065533
"step","93945.png",93945,0.168039713421039,0.205869196848087,1.25869265070999,-0.125392957766605,0.201657170339856
"step","93958.png",93958,0.164273407306449,0.200969121860562,1.25475627956848,-0.0451749869831135,0.199853130548347
"step","93972.png",93972,0.178288837668398,0.217743516032457,1.16719736862919,-0.0744729920885164,0.208676641200504
"step","93985.png",93985,0.159117430954126,0.195352143434937,1.21860232642225,0.0611658626200727,0.192672360485775
"step","93998.png",93998,0.18952835061366,0.228865241827081,1.33732438333889,-0.0809828063092112,0.23020386911394
"step","94012.png",94012,0.159369157114681,0.196131582582713,1.25304021032607,-0.0363012661529279,0.194560724365128
"step","94025.png",94025,0.185067067284078,0.222979157344123,1.32589660978376,-0.0818088981862116,0.217323653186764
"step","94038.png",94038,0.178373351084788,0.215413902693797,1.39802361962934,-0.0576774217390538,0.211940274067961
"step","94052.png",94052,0.176115935171153,0.213355549102767,1.1862655733805,-0.0272224794692809,0.213513682628413
"step","94065.png",94065,0.156927991729919,0.191202681683469,1.27600334040714,-0.0313705187891034,0.189199756081731
"step","94078.png",94078,0.175148601371271,0.213068127913946,1.28215169124754,0.115319263798696,0.208581314371318
"step","94092.png",94092,0.189647215938734,0.23249796708355,1.48574780752842,-0.211090956725376,0.237426715729555
"step","94105.png",94105,0.179587138684788,0.218043130588448,1.25385925038469,-0.0756758097759368,0.214191601531058
"step","94118.png",94118,0.178438290152286,0.2148398225643,1.19987832682722,0.0410349211945323,0.211742972299283
"step","94132.png",94132,0.183720850112227,0.224817583304607,1.39879354376471,-0.139962434338055,0.226405453348385
"step","94145.png",94145,0.181518706852859,0.221172638754371,1.38898041205295,-0.0553520209257151,0.217034503264543
"step","94158.png",94158,0.166400390156882,0.201567888184393,1.21662384594107,0.0393534194419893,0.194698687970854
"step","94172.png",94172,0.174499949914968,0.212442395774312,1.07656975922703,-0.0438034175045575,0.209348583879723
"step","94185.png",94185,0.183228050285429,0.221898055660487,1.2523049588881,-0.107749777414299,0.219695199783863
"step","94198.png",94198,0.161439342644318,0.196824626893236,1.25813309780409,-0.0475287936086048,0.190729153705356
"step","94212.png",94212,0.167729291048639,0.204222220111688,1.23208754156229,0.0345906525560897,0.201497838862992
"step","94225.png",94225,0.1716025336552,0.208779572325411,1.2886406344138,-0.0464829698474092,0.204192461024321
"step","94238.png",94238,0.169843113042721,0.206236259360325,1.24316060859879,-0.00276841477880577,0.198677041750598
"step","94252.png",94252,0.16632775118258,0.201811272626942,1.24143542356276,0.0158319138301048,0.198720686534552
"step","94265.png",94265,0.191824783498635,0.230519336035735,1.21239733670392,0.0545083454932925,0.23385894285887
"step","94278.png",94278,0.175436865012614,0.211663821807997,1.27174776039342,0.109105999999843,0.211731481554206
"step","94292.png",94292,0.165994393045069,0.20315336363305,1.27176956876344,-0.0348768806574087,0.195692826647085
"step","94305.png",94305,0.163307952103967,0.199605038676409,1.30775890938616,0.0236347991163058,0.193719353893479
"step","94318.png",94318,0.178727572638926,0.215498626268668,1.46983217742524,0.0693353082029368,0.2112102094727
"step","94332.png",94332,0.203830206220337,0.247306182045271,1.43443789753297,-0.141006938957172,0.243111604405537
"step","94345.png",94345,0.159491961520309,0.195634185228857,1.28000154881154,0.0384786356290361,0.191149441033971
"step","94358.png",94358,0.17907634111433,0.218855433498516,1.19225766458258,-0.0581257928410754,0.213372283801517
"step","94372.png",94372,0.164875112845381,0.200635711224162,1.26617206464442,0.0305904546507551,0.198029486672225
"step","94385.png",94385,0.168565642554098,0.205220887926257,1.26772852770354,0.0191102349487899,0.205755109751203
"step","94398.png",94398,0.17148748905279,0.207680269643283,1.22480138242988,0.102026465742457,0.204523441540984
"step","94412.png",94412,0.156559714219406,0.190263940670341,1.29938560081865,0.0693613613592292,0.187538492368797
"step","94425.png",94425,0.163015595454296,0.198459531945533,1.19223657878331,0.076625026490029,0.192599553464029
"step","94438.png",94438,0.171671555784648,0.208482722630176,1.15730858559926,0.055768750837344,0.20799630803734
"step","94452.png",94452,0.178451455129557,0.217228036749918,1.3548584179143,-0.0871947064698247,0.221480991265069
"step","94465.png",94465,0.196676139014385,0.234503209803309,1.3669092712145,-0.0385952453859305,0.229477712117565
"step","94478.png",94478,0.178098099524229,0.214565684042352,1.37034128720129,0.035371182769805,0.208633920940146
"step","94492.png",94492,0.162182366875454,0.19681587604476,1.18664255494811,0.053607315000108,0.192775314175816
"step","94505.png",94505,0.199366686261727,0.239079188000013,1.41557636382741,-0.0701773239901776,0.231796646919568
"step","94518.png",94518,0.161486644122147,0.197113753370274,1.28156492654677,-0.116033031827851,0.193482735417047
"step","94532.png",94532,0.179831151919545,0.217425173651791,1.27124882557304,-0.0336858367663054,0.215251536369913
"step","94545.png",94545,0.169639073536684,0.206078185866464,1.32986184864517,-0.128079922309642,0.204038144363007
"step","94558.png",94558,0.191552454081117,0.231161570132299,1.22169915105239,-0.0712192051333382,0.228688642602394
"step","94572.png",94572,0.183136601105793,0.221363545159878,1.2763789061194,-0.0764174047890439,0.221570696132705
"step","94585.png",94585,0.199106799095914,0.24057485288716,1.11499336045074,-0.0738822591505289,0.235479180788056
"step","94598.png",94598,0.193196741506171,0.234603427417472,1.34749435761617,-0.194272847873915,0.241292212435005
"step","94612.png",94612,0.168016141331033,0.204674855960795,1.1731302218644,-0.00825322430452105,0.203697144350463
"step","94625.png",94625,0.173771617479536,0.209535486793176,1.20595485524692,0.0794856723381415,0.210077989339955
"step","94638.png",94638,0.175673190573533,0.211965561144263,1.24524550657723,0.0391205186820838,0.209269683203204
"step","94652.png",94652,0.187514154746064,0.227948570529609,1.20138701209176,0.0301877170549344,0.226154084764681
"step","94665.png",94665,0.200108699916147,0.240200488414879,1.26973867656072,0.0355492126659188,0.235759068527053
"step","94678.png",94678,0.179434862418981,0.217451939016392,1.26854700354984,-0.0732635373478903,0.215064020928242
"step","94692.png",94692,0.205968868833241,0.246287878914803,1.23414766717558,0.0707234164598648,0.251987497880896
"step","94705.png",94705,0.160725808307187,0.195009988138228,1.38354739426337,0.0113798490382762,0.19350838914964
"step","94718.png",94718,0.170811674518096,0.205516144621945,1.29240662941351,0.241066129070273,0.197586087858105
"step","94732.png",94732,0.164314550076107,0.199948451137062,1.27802027906027,-0.0648948440013753,0.194437630828432
"step","94745.png",94745,0.174200855478681,0.211828596863417,1.28161064328943,0.0610544050651466,0.212572151780377
"step","94758.png",94758,0.182535686969413,0.21976369165801,1.28090314425643,-0.024248012014542,0.216326060881992
"step","94772.png",94772,0.159890436204114,0.194005641644676,1.23338838467817,0.0592103909628094,0.189964277571437
"step","94785.png",94785,0.163593025034232,0.19952794962421,1.43272497738735,-0.0507711063949828,0.192917555439017
"step","94798.png",94798,0.163715830778619,0.20009910426055,1.32634084510842,-0.036679835565446,0.193766529275076
"step","94812.png",94812,0.174338521124609,0.210841051590338,1.32168283223595,0.0235829148436584,0.205703173529739
"step","94825.png",94825,0.181945717490211,0.222286746227965,1.27426390472158,-0.0753153503124211,0.220440312880237
"step","94838.png",94838,0.179534712112036,0.21797213547293,1.42008407891129,0.0439561588871951,0.217589079771597
"step","94852.png",94852,0.172713593606855,0.209344064161253,1.31588502236904,-0.0162657396580399,0.203821849632563
"step","94865.png",94865,0.173514729226314,0.209952924423811,1.39923854022509,-0.0396354507705128,0.207391111271155
"step","94878.png",94878,0.174679194523749,0.213838830799784,1.53858178024724,-0.113866391499746,0.210934426608385
"step","94892.png",94892,0.181315179792781,0.220300133869564,1.2040984536631,-0.00481273170331589,0.21715473347328
"step","94905.png",94905,0.171080095080101,0.20831649723368,1.33710065358755,-0.0565975852586153,0.201349366906811
"step","94918.png",94918,0.176629715100814,0.213956226964361,1.18780718089773,0.0802100585067265,0.209285669983097
"step","94932.png",94932,0.179558538395428,0.21660375483369,1.2793820049934,0.00557887697498227,0.210358830739411
"step","94945.png",94945,0.184210244084122,0.22304469721442,1.15531970385341,0.0667058499284483,0.21894038584223
"step","94958.png",94958,0.162898629380762,0.198828323438802,1.27699435647507,-0.010199771112295,0.194805252332007
"step","94972.png",94972,0.176998359110576,0.21565687157424,1.29028241142391,-0.104234210317981,0.215825072797391
"step","94985.png",94985,0.166140257193026,0.202109121809393,1.26496036978441,0.050634995325758,0.196392967061676
"step","94998.png",94998,0.219000823292812,0.259484112921025,1.31842434671888,0.0937650503955235,0.252063620311019
"step","95012.png",95012,0.172873839629619,0.210699265236709,1.32207887379119,-0.00131596407793902,0.202989782011607
"step","95025.png",95025,0.167316183787002,0.203104168706264,1.2469497581725,0.0367009419217859,0.196668691286701
"step","95038.png",95038,0.190366849286252,0.229762574782549,1.53078970961557,-0.118388733135211,0.220795414092214
"step","95052.png",95052,0.189165947098339,0.229081876686523,1.33363990021638,0.10806051174755,0.219862050812624
"step","95065.png",95065,0.166740252365011,0.20781980509072,1.42360706176013,-0.100432484046376,0.203989347830712
"step","95078.png",95078,0.158591759512168,0.192350974052333,1.25015843042434,0.0716216055310395,0.188169571737956
"step","95092.png",95092,0.17710190419973,0.214047325651312,1.31471128206062,0.0960573325950396,0.212904702746952
"step","95105.png",95105,0.209513406703515,0.250461827470618,1.06846899056024,-0.016172861844095,0.255066425954518
"step","95118.png",95118,0.167335506522272,0.204703921750993,1.20987027252408,0.0276570240432487,0.199489838449947
"step","95132.png",95132,0.173136676021063,0.209941236786528,1.34820005226969,-0.00665261027691602,0.20501804819654
"step","95145.png",95145,0.163068040320067,0.199039315978492,1.25430441113089,-0.0537880951848583,0.193383764241133
"step","95158.png",95158,0.162175690546609,0.196875541666201,1.2395868973668,0.0314026119100249,0.193400538408647
"step","95172.png",95172,0.165130291576837,0.20066915833005,1.24335441112712,0.0670797286787307,0.196434731670976
"step","95185.png",95185,0.197224749761876,0.236739293408408,1.40706258358549,0.00470838030401635,0.230597888739545
"step","95198.png",95198,0.189800622967952,0.235113627858549,1.36597877848009,-0.14603699509619,0.236378482290664
"step","95212.png",95212,0.160293295968886,0.194656764352932,1.26484203715683,0.0254894275926242,0.189257323383902
"step","95225.png",95225,0.17075489062728,0.206191946278537,1.33625047856143,0.0731900726481944,0.205414650396784
"step","95238.png",95238,0.173196391447862,0.210232073028043,1.37793175377152,0.129208792296112,0.204510160949279
"step","95252.png",95252,0.155086833274025,0.189111820377172,1.39374325216045,0.0159714275065977,0.183737550873494
"step","95265.png",95265,0.166568965170061,0.203242979686328,1.51479632488911,-0.0462697221043856,0.198618894569529
"step","95278.png",95278,0.176583690125421,0.21507620463586,1.19515928176498,0.0527905412601602,0.210673701446294
"step","95292.png",95292,0.182857911306583,0.221311880350789,1.19536847804253,0.0728735352895349,0.21657648070077
"step","95305.png",95305,0.173057359607762,0.210939060624346,1.32548745120029,0.0986229788059493,0.207735794728647
"step","95318.png",95318,0.163439650288141,0.201730775515735,1.43538433044994,-0.0355454812609994,0.197423693084567
"step","95332.png",95332,0.160133111914479,0.194183454396128,1.27810203677492,-0.0093354126120633,0.190756533886456
"step","95345.png",95345,0.164645743541531,0.199374693073349,1.35691779572446,0.029251596994296,0.199338272989222
"step","95358.png",95358,0.168539820327804,0.204825068830776,1.29163057090906,-0.0542227253916819,0.201658750409856
"step","95372.png",95372,0.181100051903897,0.218921475357131,1.23289089951954,0.148987905251236,0.217212391227893
"step","95385.png",95385,0.209114679649167,0.248867997740759,1.41861327623709,-0.00150097875375274,0.248523993659004
"step","95398.png",95398,0.171207204435878,0.209236209201516,1.28751436350108,-0.128845133652821,0.20691306187205
"step","95412.png",95412,0.185738411080374,0.224702719063312,1.2652044035886,0.0403877952667023,0.223392528981268
"step","95425.png",95425,0.160500194962784,0.194503932724749,1.3275834280239,0.10226809213383,0.190017735402318
"step","95438.png",95438,0.173053710765148,0.209718397871037,1.32892675748073,0.0340728520449312,0.202748963030802
"step","95452.png",95452,0.1570613554455,0.19084299821704,1.35072946876015,-0.0255790460439085,0.184934691394827
"step","95465.png",95465,0.168222363347927,0.206225434600912,1.20235002258143,-0.0683367330621937,0.203357012692693
"step","95478.png",95478,0.160161168066137,0.195774924572539,1.22616710005375,0.101764759183365,0.190917563799161
"step","95492.png",95492,0.172949297553989,0.209872400615848,1.17391785009501,0.0539378382398507,0.206321820168066
"step","95505.png",95505,0.183043691316621,0.221466559344587,1.19409232955784,0.0858848981432967,0.218747631070207
"step","95518.png",95518,0.18891238074255,0.228455585193033,1.19965179409314,-0.0315879345028316,0.222086562711782
"step","95532.png",95532,0.174604761988078,0.211576124450598,1.21468284120438,0.0439569928949267,0.206710519935349
"step","95545.png",95545,0.170464677814079,0.206291349625985,1.22474739420106,0.128275627347764,0.197547362340013
"step","95558.png",95558,0.161178835522235,0.195584080855041,1.46466930249553,0.039155670268701,0.190360068918002
"step","95572.png",95572,0.15633418986392,0.190221464859934,1.41720481331881,-0.0295673210391396,0.185879470967915
"step","95585.png",95585,0.170139921860001,0.2067835380128,1.52817182573135,-0.0600289552400631,0.201983324790021
"step","95598.png",95598,0.183038589109099,0.220126146227411,1.3965750412357,0.0145356364958112,0.220829627893044
"step","95612.png",95612,0.174407286561406,0.211212535555862,1.30677092421894,-0.0260327059620263,0.208639867686173
"step","95625.png",95625,0.164385195527465,0.199999529120947,1.22826349382298,0.0522436642216864,0.198247908488967
"step","95638.png",95638,0.166883036654896,0.20244839575144,1.27338042078888,-0.00594799831955919,0.20260903639043
"step","95652.png",95652,0.172026631914778,0.208356884578673,1.37278554683032,0.018000231687884,0.208341883159575
"step","95665.png",95665,0.174434014371778,0.212899237625706,1.38634132785808,-0.0603129185108148,0.211013785992159
"step","95678.png",95678,0.205570107914093,0.246066105116257,1.32613164809013,-0.0174738220407682,0.251145369828748
"step","95692.png",95692,0.169179869410587,0.203485242709712,1.23025066142076,0.125864908949969,0.195281955760504
"step","95705.png",95705,0.16305011260734,0.19745597901718,1.14624811734998,0.134897107164091,0.194419388154313
"step","95718.png",95718,0.175260209765881,0.213162010510742,1.25306239609783,-0.0271340353006452,0.215286566549104
"step","95732.png",95732,0.163095909601345,0.19868547587748,1.28429586871028,-0.0330073169944652,0.196525395133256
"step","95745.png",95745,0.185233686454134,0.223727764768474,1.12334592039875,0.0324869941075042,0.216874971535587
"step","95758.png",95758,0.185001545181135,0.223722460355069,1.303064254235,-0.204869072911082,0.221485903106712
"step","95772.png",95772,0.184098277075666,0.222909974011527,1.1912041709228,-0.0239146684450709,0.227165206827683
"step","95785.png",95785,0.165242746705159,0.20126835145937,1.11212877297318,0.0340566607521015,0.20076468914952
"step","95798.png",95798,0.166019957390906,0.202658219702195,1.19126013492525,-0.0760485791546549,0.202188535582201
"step","95812.png",95812,0.169861867768645,0.206777953271583,1.36684206741145,-0.020777618350159,0.202992643532346
"step","95825.png",95825,0.195093402165403,0.235866041249214,1.22289662297621,-0.102553935664697,0.235462163748435
"step","95838.png",95838,0.169906667930431,0.207176494371274,1.24617413940343,-0.0114815657838533,0.200804256930298
"step","95852.png",95852,0.180558306030977,0.21839347965772,1.25164613314198,-0.0104188588803215,0.212705047665685
"step","95865.png",95865,0.1616734590518,0.19627192522139,1.32832051643763,-0.00519938172648141,0.189585216800448
"step","95878.png",95878,0.158424241636126,0.192780250587687,1.31235565903131,0.0365600050946394,0.19078778883818
"step","95892.png",95892,0.180684221593366,0.218961091001858,1.07958032861865,-0.0571993319969491,0.219539537395122
"step","95905.png",95905,0.177057974601549,0.215112409818695,1.247084760756,0.0720618205852262,0.213880373263123
"step","95918.png",95918,0.179266926690861,0.216452960511517,1.22675371816264,-0.067594010178846,0.213074207585758
"step","95932.png",95932,0.173285495972176,0.209710819004937,1.37653000445727,-0.0423287037376511,0.205042745750669
"step","95945.png",95945,0.172950490805607,0.210169783809617,1.09178808550067,0.0406712029339649,0.210815804791132
"step","95959.png",95959,0.157830391169047,0.193695954734445,1.41180639680927,-0.0585328039862219,0.192944235454589
"step","95972.png",95972,0.164504445324905,0.200884806224017,1.20900839665142,0.029754305598899,0.196764365442755
"step","95985.png",95985,0.185079976774866,0.223642099226822,1.23588760327214,-0.0104188888866368,0.226042113860902
"step","95999.png",95999,0.172401274571261,0.209119202665482,1.13617536556703,0.0390314582688175,0.207553490963804
"step","96012.png",96012,0.185073999010636,0.222852122594815,1.09080534010933,0.0188445897671826,0.223130184359998
"step","96025.png",96025,0.186581481718238,0.225979977408578,1.1666361187419,-0.186211689775622,0.228944247542278
"step","96039.png",96039,0.178317186888591,0.21613102710198,1.29292097288012,0.0767343064282552,0.216736593667488
"step","96052.png",96052,0.18395842867714,0.224647940933247,1.10753066155057,0.0199964151459785,0.225466196731464
"step","96065.png",96065,0.170360216375944,0.206245149979158,1.18096659755761,0.0555509956729671,0.204422839641791
"step","96079.png",96079,0.175408816616358,0.212329844201076,1.2213717341178,0.103537427388769,0.206864625386827
"step","96092.png",96092,0.189649779069872,0.228875231496942,1.2270385543499,-0.0154099613526864,0.226369399726119
"step","96105.png",96105,0.193719302915034,0.235624248076156,1.19034335978694,0.0172917807163786,0.235386950541491
"step","96119.png",96119,0.163179977711039,0.198505691947363,1.34623620506604,-0.0152029883459714,0.197010869822368
"step","96132.png",96132,0.165559649439586,0.201887097850062,1.21572483245415,-0.0199541130940806,0.198561555025148
"step","96145.png",96145,0.160486515149477,0.195733109139434,1.21787543075883,0.0551284017902692,0.190163312345028
"step","96159.png",96159,0.17313058761024,0.210430891415604,1.31474700434452,-0.0151970323175737,0.203929634036834
"step","96172.png",96172,0.159427580527884,0.194368833099256,1.24169275226182,0.0327245654574589,0.19014203252216
"step","96185.png",96185,0.171640070893314,0.208124623136651,1.30181623694988,-0.00773221109560737,0.201806166918216
"step","96199.png",96199,0.191552288489069,0.230398045850529,1.16790881956982,0.0377091602050792,0.226629809180925
"step","96212.png",96212,0.166435968488174,0.201842228735709,1.30839951865731,0.0267552967082034,0.19958073296739
"step","96225.png",96225,0.171818211048921,0.207651699432066,1.31016324337348,0.0550465758191507,0.205047992289897
"step","96239.png",96239,0.175748737535598,0.214596958836366,1.43476913835133,-0.072312241365265,0.216392513162861
"step","96252.png",96252,0.162284517065035,0.198884693861177,1.3598251431439,-0.0516543896650901,0.199478616499936
"step","96265.png",96265,0.175793600369886,0.213382057603311,1.12226159389705,0.0142662541029586,0.211772690446015
"step","96279.png",96279,0.184401733989119,0.221946309427135,1.38590451137388,0.0661950073681728,0.218576556553297
"step","96292.png",96292,0.168908413259444,0.204255242374797,1.24457978302257,0.0750472333629251,0.199806175446956
"step","96305.png",96305,0.177516720439903,0.216441641601591,1.67405456085349,-0.0969340483459717,0.209896927534485
"step","96319.png",96319,0.195267392748817,0.233187666492928,1.43848346376212,0.102982350974261,0.231994921198138
"step","96332.png",96332,0.169234035153972,0.206920663694896,1.33642297070227,0.000715690188918983,0.204771611851174
"step","96345.png",96345,0.200845923362644,0.24357953207969,1.23501125416769,-0.0973314037899007,0.24347068733495
"step","96359.png",96359,0.162746195639145,0.199969804929098,1.31895638649739,-0.033071584288717,0.196894449778438
"step","96372.png",96372,0.159164274215576,0.194432776189587,1.25105826810112,0.079050158227177,0.189202438166446
"step","96385.png",96385,0.167497169711103,0.207356739127997,1.3230078795994,-0.0171132387153624,0.203460856420661
"step","96399.png",96399,0.169258694641707,0.205716312171833,1.3555180699652,0.00149505728806393,0.201367139799042
"step","96412.png",96412,0.160848705684129,0.196241730135275,1.30748201197391,-0.013190836159849,0.194363915594796
"step","96425.png",96425,0.172075892218242,0.210298693672592,1.2504635714813,-0.000115678943195585,0.209783748518218
"step","96439.png",96439,0.173074075321097,0.211321276912533,1.34136174137259,0.027439970472368,0.204999871967266
"step","96452.png",96452,0.158124668122614,0.193494390528973,1.22807586667596,0.0265604854910995,0.191362445894139
"step","96465.png",96465,0.184567173932424,0.223533415152296,1.27518336569634,0.0448369437328365,0.220037930547764
"step","96479.png",96479,0.173538226716668,0.21034471543696,1.3833797326348,0.0352325822641361,0.205133011435152
"step","96492.png",96492,0.17965453138543,0.21799663783458,1.3976953277868,0.0800613920831216,0.215708326829992
"step","96505.png",96505,0.155436862614081,0.18965788956153,1.39547079649242,0.00193061905517589,0.185515432026177
"step","96519.png",96519,0.180054656578397,0.217892938813591,1.36081628876179,0.0493081319836375,0.216571531597655
"step","96532.png",96532,0.171015606243987,0.207340886930161,1.21853875129006,0.0458964232881797,0.202067200023817
"step","96545.png",96545,0.174156347958845,0.212269814752228,1.34392639165255,-0.0565171381257531,0.209479422727464
"step","96559.png",96559,0.194976275257602,0.23370561824801,1.25110528235806,0.0868498990190756,0.232960977750814
"step","96572.png",96572,0.173974362396581,0.214830511356679,1.39062997237933,0.0866770357954167,0.20804582947602
"step","96585.png",96585,0.183384352945345,0.221611553471687,1.35521575252227,-0.0193375687574782,0.21753381084522
"step","96599.png",96599,0.179982872634844,0.21758627726862,1.15325506934548,0.0367605166549464,0.210593699882944
"step","96612.png",96612,0.195358230818973,0.234000324167788,1.18761758988491,0.0806143659831395,0.23494679604546
"step","96625.png",96625,0.173560533916911,0.211266709416948,1.13905753181843,0.0439819789617858,0.203122232085833
"step","96639.png",96639,0.167248605020499,0.203346553459156,1.14368194014008,0.0549590406105543,0.204848759424266
"step","96652.png",96652,0.173497226387693,0.209218614774593,1.2101735422892,0.0830933554636822,0.211371975029191
"step","96665.png",96665,0.170181198708059,0.207374748684464,1.31159126408779,0.0493943216984321,0.203926358277694
"step","96679.png",96679,0.151135658936977,0.18604254350646,1.2138333879052,0.0489447240776213,0.180742186806105
"step","96692.png",96692,0.159543119082816,0.194268428078335,1.21617089691976,0.0347593291689607,0.190609733938347
"step","96705.png",96705,0.166380572391327,0.203407069287698,1.2573561894629,-0.0769196517790884,0.198392602546488
"step","96719.png",96719,0.166798845297802,0.20362328376828,1.26975328400646,0.0372202170966406,0.19888913392931
"step","96732.png",96732,0.182546657051863,0.221762522911077,1.2795235880099,0.0589208646416776,0.215679272204265
"step","96745.png",96745,0.199579449521895,0.2406062553926,1.239203266322,-0.194325803794089,0.243740407840146
"step","96759.png",96759,0.163278021725259,0.201252229470099,1.34455909026019,0.037407470117036,0.19814538460714
"step","96772.png",96772,0.180168533176728,0.219814499678101,1.41063002567471,-0.0401126012491272,0.211302306483722
"step","96785.png",96785,0.170224462461314,0.206957698841624,1.23124217249542,0.0119352903797496,0.20814023871072
"step","96799.png",96799,0.169353095462264,0.206656076143803,1.24431588904539,0.0825613424417548,0.201858394917814
"step","96812.png",96812,0.179375174868677,0.220820922789835,1.39321229566511,-0.13886427980956,0.2178331745951
"step","96825.png",96825,0.165459225077107,0.200789092275184,1.45071491661976,0.00242932125010695,0.194102554945299
"step","96839.png",96839,0.16079400096645,0.196458502674,1.31731317532975,0.0241785860068892,0.19227535200993
"step","96852.png",96852,0.164120237407804,0.200393015558157,1.24059175893929,-0.0237369904851794,0.199998286004464
"step","96865.png",96865,0.183626508905625,0.222376502114401,1.33120034658829,0.151681812342167,0.221433337847207
"step","96879.png",96879,0.161271627846084,0.195995348499883,1.41577109511475,-0.00966026684736349,0.19370774604026
"step","96892.png",96892,0.179068321689126,0.217118029408534,1.31706749686787,0.00575954919258853,0.21351817024889
"step","96905.png",96905,0.167730321067342,0.204053501707456,1.13355858300552,0.00151460079879417,0.199493239660355
"step","96919.png",96919,0.175975355531489,0.214476956854182,1.30036260046899,0.00277044307527571,0.208412311871348
"step","96932.png",96932,0.172283681968118,0.209897792869317,1.1623378679342,-0.0496226113554011,0.209615465626322
"step","96945.png",96945,0.176390540593986,0.213511155214901,1.05763772801639,-0.0162697203199881,0.214144575794644
"step","96959.png",96959,0.171913937018105,0.209200701478151,1.32859844131567,0.0394013921847474,0.207994171094294
"step","96972.png",96972,0.164525438239041,0.200893713736975,1.28878816104711,-0.0329747608941076,0.199872707009904
"step","96985.png",96985,0.14969493516088,0.18442954407593,1.2024866533785,-0.00718958733659258,0.185334357445851
"step","96999.png",96999,0.154094652857063,0.190169722552773,1.30267317200238,-0.0492545076092081,0.183791356914797
"step","97012.png",97012,0.153595950701522,0.189671290335306,1.26617133389091,0.00544386923070914,0.184660728630959
"step","97025.png",97025,0.158604687069716,0.195143011139793,1.28480920190234,-0.0592151916582782,0.188203634981882
"step","97039.png",97039,0.157455260172861,0.194097853529691,1.34516951804718,0.00992744539575244,0.188205337758288
"step","97052.png",97052,0.157158607489656,0.192829039727541,1.50478987838894,0.0385474344213137,0.188637263674493
"step","97065.png",97065,0.155293617123335,0.190046468243084,1.30161250374809,-0.0488890944047832,0.186152090067011
"step","97079.png",97079,0.152835135663475,0.186951666405546,1.24116699901948,-0.0104691059051011,0.18646174671496
"step","97092.png",97092,0.148463754158055,0.182675717035431,1.20964942276183,0.0324001076817934,0.177610903831502
"step","97105.png",97105,0.167524354402994,0.2035919847649,1.3349265407974,-0.0698360560831075,0.196461413805903
"step","97119.png",97119,0.178185861528986,0.216480677454816,1.19946497743493,0.015054980242591,0.211152197540315
"step","97132.png",97132,0.190317397275195,0.231508330057946,1.23007030877868,-0.034665492308347,0.234443932822535
"step","97145.png",97145,0.166788248996766,0.202994552166168,1.20370600393765,0.0805942467853535,0.203751190097148
"step","97159.png",97159,0.167237972069598,0.204314367001762,1.26399390216653,0.0416684213209332,0.197773360778043
"step","97172.png",97172,0.171776225820252,0.210051187910965,1.40738715965193,-0.0681406668671877,0.206681000276572
"step","97185.png",97185,0.173496267102711,0.210162967683159,1.32091155571806,-0.0375597250199518,0.210572110456199
"step","97199.png",97199,0.171421557125639,0.208499447495217,1.24567904982137,0.00132518643481949,0.204745314552254
"step","97212.png",97212,0.162835665830848,0.198159765187995,1.26670020558778,-0.00281121293062186,0.194990866555655
"step","97225.png",97225,0.173195808756273,0.208637889389267,1.25655923208663,0.0214615611324172,0.204692318551516
"step","97239.png",97239,0.180322376264936,0.218773977097896,1.22410245080252,0.0292054463995658,0.222765236614
"step","97252.png",97252,0.162438554012508,0.198285211070002,1.35777203462181,-0.132327535338901,0.192958073281058
"step","97265.png",97265,0.158245519660269,0.193759516306294,1.39562400970999,0.0521388290023792,0.188367269631573
"step","97279.png",97279,0.173267608624885,0.211648981097746,1.50893127569271,-0.0986247184557743,0.204706480663087
"step","97292.png",97292,0.159317089887074,0.196307243985784,1.3686757858203,0.061913451660195,0.189913967607551
"step","97305.png",97305,0.16688581090222,0.20314325148267,1.33534125700589,0.0474555128835142,0.198960417518537
"step","97319.png",97319,0.154036483299947,0.189246982783986,1.29230348588618,0.0235397426999624,0.183223152544703
"step","97332.png",97332,0.169971629053587,0.205852016976998,1.07916585307201,0.02336725326448,0.203480524048328
"step","97345.png",97345,0.17661671990156,0.212176035020406,1.20998629306331,0.0111933670305897,0.206992497081602
"step","97359.png",97359,0.166570959003893,0.201758049521535,1.18344513319142,0.0674861326903082,0.199485730214024
"step","97372.png",97372,0.190190976406638,0.230264800961757,1.24186243131326,-0.0518497174684505,0.227830063353306
"step","97385.png",97385,0.163318433592637,0.198566474704424,1.37280037358958,0.00204035028735949,0.198236233915174
"step","97399.png",97399,0.153138661896555,0.187675912570407,1.23116074743852,0.032633455330631,0.183323272853795
"step","97412.png",97412,0.168610694576647,0.205245134647118,1.45926925970958,0.149126287382231,0.199316464498049
"step","97425.png",97425,0.184434755578137,0.224104495221604,1.39596284610597,-0.0426495427737787,0.218562492097434
"step","97439.png",97439,0.187918809104931,0.226840157222809,1.27842962291412,0.00871025122689095,0.227685392503171
"step","97452.png",97452,0.166396072914284,0.202232712644181,1.20322684904121,0.0310279927667335,0.201199617642733
"step","97465.png",97465,0.167503939012323,0.203211058221922,1.21001662140731,-0.0120438632010178,0.203123533701639
"step","97479.png",97479,0.161048163255823,0.196520278087653,1.36067427795947,0.0322903478254948,0.194316457565448
"step","97492.png",97492,0.175800796916675,0.213267720411407,1.30175166055767,-0.107906427414737,0.212861824066775
"step","97505.png",97505,0.182805850097019,0.220803573373928,1.30491404000634,-0.0970694590143761,0.22230286797773
"step","97519.png",97519,0.180237058575284,0.220574207251637,1.3584024048429,0.109832886372641,0.216641196087054
"step","97532.png",97532,0.168371568549275,0.205397814931522,1.24233567481505,0.106502723689999,0.206578921976841
"step","97545.png",97545,0.170782671372399,0.207738780905528,1.37648521375158,-0.112596186662105,0.199332336820462
"step","97559.png",97559,0.161273690679288,0.198857621813749,1.48011567020181,-0.0613273861859751,0.192295968018387
"step","97572.png",97572,0.161912447991523,0.202917492452913,1.40368502512757,-0.0331000180102035,0.194375647329095
"step","97585.png",97585,0.174668449364348,0.211357260611968,1.21456361440983,0.102687084675201,0.20745004196574
"step","97599.png",97599,0.166916621984867,0.205867842997853,1.31798354727014,-0.0129294387741411,0.198342575200881
"step","97612.png",97612,0.160613679604783,0.198151733094314,1.24161593596713,0.0870924838714114,0.196119896742088
"step","97625.png",97625,0.159821076563945,0.200288923702219,1.39931426149283,0.105586041996598,0.189476171796537
"step","97639.png",97639,0.166796276725457,0.204507363729869,1.4190628901801,0.0153946746541265,0.198075090913669
"step","97652.png",97652,0.1600269558612,0.195722804470396,1.31068497975782,0.1487245658715,0.187737523484923
"step","97665.png",97665,0.144321949282003,0.180666993633421,1.36378110979433,-0.0740960561118947,0.176614319499799
"step","97679.png",97679,0.180922434451014,0.216783770487872,1.48477784040661,0.217794881915029,0.209768649602958
"step","97692.png",97692,0.17299975298805,0.210930768412999,1.54510945874915,0.243806067019686,0.209669066593753
"step","97705.png",97705,0.14756151994718,0.184174114609469,1.25083647920864,0.0139176862783525,0.177969366028161
"step","97719.png",97719,0.1777179991418,0.216318461631817,1.22643486945537,0.167220554148738,0.209257998493688
"step","97732.png",97732,0.166816331740022,0.203019980118931,1.2797626566985,-0.0595205965290293,0.199464091163612
"step","97745.png",97745,0.183925150872232,0.223855114973507,1.44258068014085,-0.170157972739357,0.224386330406703
"step","97759.png",97759,0.168285441328314,0.206021381156013,1.21487890347918,-0.0735260281994424,0.202625599319923
"step","97772.png",97772,0.176230315316289,0.214645645475894,1.12738435988405,-0.0446328381463182,0.209707302692523
"step","97785.png",97785,0.210541408744668,0.249033396912614,1.0715559568351,0.0936524210110649,0.249925024189501
"step","97799.png",97799,0.17410552652341,0.210842854519602,1.15672685282239,0.119539729339541,0.210980442922356
"step","97812.png",97812,0.179384848948638,0.216982743957657,1.12204820501546,0.0266809364140261,0.214466675716919
"step","97825.png",97825,0.17115771585933,0.209194926469739,1.16148906756425,0.0131865185820105,0.207107138875909
"step","97839.png",97839,0.163957781857984,0.200710862162257,1.29490579028247,-0.0991983504825863,0.197804024421861
"step","97852.png",97852,0.182223045992281,0.218464716698532,1.33699814099957,-0.0509908951032514,0.214889701151561
"step","97865.png",97865,0.183544540394331,0.221186282453321,1.41749702948846,0.0774059723635628,0.21346585832487
"step","97879.png",97879,0.15466113544159,0.18924205185427,1.3288150973026,-0.0712215431314263,0.18859481099168
"step","97892.png",97892,0.162526009854766,0.201681452902986,1.18139474987804,0.0295993097434308,0.195248011809169
"step","97905.png",97905,0.157704190524805,0.194287769928592,1.1973370542807,-0.00249574679090961,0.193675205443097
"step","97919.png",97919,0.141615109913744,0.17568855946394,1.29304379070466,0.0335845394570914,0.169373641214164
"step","97932.png",97932,0.173458080845705,0.211117615912272,1.18968995314662,0.0339388076874139,0.21369761211443
"step","97945.png",97945,0.153119923936658,0.190355962739766,1.402600338952,-0.10300240606465,0.186402867466583
"step","97959.png",97959,0.141391232167638,0.17425131200896,1.33923119714665,0.155579745792097,0.169881094088108
"step","97972.png",97972,0.151662411350866,0.188237196643047,1.32790320180336,0.0830881346066078,0.185890720117397
"step","97985.png",97985,0.156957948935257,0.19421442444106,1.33061474490982,0.179713491094721,0.184295312333035
"step","97999.png",97999,0.16820246140865,0.20577385231881,1.12460367305326,0.0691739382761574,0.206587359785349
"step","98012.png",98012,0.171440175599396,0.208609132614184,1.23471689016149,0.0609227489027561,0.201460749050274
"step","98025.png",98025,0.160491005160149,0.196268648975223,1.12916397118059,0.0853081050585936,0.196246901760742
"step","98039.png",98039,0.159783442198203,0.19741181547972,1.25054794039802,-0.043125388691849,0.192086790014737
"step","98052.png",98052,0.172063449731518,0.20854958187552,1.20584626424972,0.159921311782276,0.200181985582262
"step","98065.png",98065,0.167827328557772,0.204797843864654,1.27109577969152,-0.0716484067308607,0.196847389668845
"step","98079.png",98079,0.157614542336205,0.193213146485546,1.25455560207931,0.150051288078011,0.189788637014705
"step","98092.png",98092,0.174057278140242,0.210427849039007,1.42056796162183,-0.141987252428877,0.204246502797413
"step","98105.png",98105,0.157367717138279,0.194415003644477,1.23006627594053,-0.0846266687775603,0.187953242748227
"step","98119.png",98119,0.162295297518999,0.199784518010598,1.18867672570902,0.0440757439494347,0.193056716333516
"step","98132.png",98132,0.171287713850784,0.208861469782331,1.14817802947402,-0.0482187953000882,0.20491850774019
"step","98145.png",98145,0.168586618325339,0.207542023304418,1.27335650411981,0.147066346395216,0.20398434274403
"step","98159.png",98159,0.157854558627771,0.193955272091139,1.11519868806012,-0.0934803150761845,0.191060693128941
"step","98172.png",98172,0.158495543865908,0.195557957711039,1.27572544663934,-0.0895531462491293,0.188330972845215
"step","98185.png",98185,0.157449822668783,0.193376489836277,1.15735899629455,0.00404684578304099,0.191561967119413
"step","98199.png",98199,0.17563592402236,0.215124033339951,1.35357515192927,-0.101102847417372,0.215152233616399
"step","98212.png",98212,0.152365963234144,0.188764631476687,1.31511943956474,0.0583754282395368,0.18770695899163
"step","98225.png",98225,0.160139116728793,0.195801820988598,1.42310843585159,0.107762530008135,0.190064972456314
"step","98239.png",98239,0.142364619552754,0.177148977846122,1.31347770684089,0.107309077039731,0.174298548856429
"step","98252.png",98252,0.172439851016451,0.210088645949989,1.21111280947076,-0.061192795430479,0.214676788195204
"step","98265.png",98265,0.158310978764548,0.195488667523954,1.18821566438586,0.0263875633767373,0.190922290559746
"step","98279.png",98279,0.15428850769078,0.189885813664053,1.16862495872151,0.108219641934829,0.184732047908591
"step","98292.png",98292,0.160370584373763,0.200335899893625,1.30299759432811,-0.0664307998118488,0.195067332282738
"step","98305.png",98305,0.174633158091367,0.21132558415494,1.28375787080105,0.187703038107515,0.201977675226699
"step","98319.png",98319,0.168907413533268,0.208907705573761,1.25894839423548,-0.0918191102240034,0.199809362710841
"step","98332.png",98332,0.177885716067333,0.216279522475147,1.15040029427177,0.0550719563192965,0.211452920380793
"step","98345.png",98345,0.171476599457647,0.209907359808345,1.27931421192257,-0.00319406028696437,0.204958197252389
"step","98359.png",98359,0.164179000988239,0.199991353643159,1.26243297445773,0.175304599301649,0.195784891612313
"step","98372.png",98372,0.183547952435966,0.222613299622659,1.32421229526902,0.085698944182722,0.21634990641473
"step","98385.png",98385,0.18071529002762,0.220251783157918,1.52401279687158,0.0184694891960757,0.214627468324688
"step","98399.png",98399,0.163151434737781,0.200442850912341,1.39939600088555,-0.105060003336678,0.196280034043952
"step","98412.png",98412,0.169743045734736,0.208563480991247,1.47756162191676,-0.0528054092462579,0.202236976235229
"step","98425.png",98425,0.172136455882979,0.209259050854303,1.35814780467439,0.130281920706791,0.205285376360517
"step","98439.png",98439,0.165181018099223,0.202068204920947,1.35220323520964,0.0790867953313824,0.194664687578705
"step","98452.png",98452,0.159073645782422,0.196222830244138,1.40370505659669,-0.0610270586523236,0.190237486157754
"step","98465.png",98465,0.186616799550735,0.223689306349412,1.28431189713557,0.0808282099884818,0.216391080453424
"step","98479.png",98479,0.153556398757061,0.189830522704048,1.27518729435236,-0.0722718331101208,0.188224751974724
"step","98492.png",98492,0.169124772199204,0.208440699520749,1.40043512818618,0.197006350851032,0.199727016446954
"step","98505.png",98505,0.173530082009401,0.210985037343551,1.11214221569111,-0.0193299928216393,0.209555575518013
"step","98519.png",98519,0.178786488257142,0.216965213524542,1.0656392251638,-0.0911210510282111,0.216072039199102
"step","98532.png",98532,0.173390803764285,0.210899528216473,1.10984097841656,0.0251432684164153,0.207928109095858
"step","98545.png",98545,0.169655515659179,0.208078831860866,1.19434802502769,-0.0387697628654776,0.207199721811515
"step","98559.png",98559,0.177841585796569,0.215713672369322,1.305456898293,0.0385200535575621,0.213833653382208
"step","98572.png",98572,0.187168132101569,0.2254966644805,1.63369788592385,-0.184049756394174,0.226309136014858
"step","98585.png",98585,0.178742661432167,0.217160969723436,1.23636629855806,-0.0117090602043572,0.213060742653308
"step","98599.png",98599,0.160730865389929,0.195746784054408,1.23054310668183,0.0150545637833942,0.188065163035724
"step","98612.png",98612,0.178347268199581,0.214824997473113,1.50700252079219,-0.0292967283317457,0.207341738274836
"step","98625.png",98625,0.1690048945182,0.207441683596921,1.15564266556483,-0.105689672723515,0.19897789439397
"step","98639.png",98639,0.180745518393706,0.218407336176099,1.06540268579212,0.0277680382448272,0.218762554480694
"step","98652.png",98652,0.17695629162317,0.2158421036847,1.12741590768713,0.0241684963689768,0.208659287197297
"step","98666.png",98666,0.168989994747431,0.205914155005733,1.25093319748414,0.082412466551644,0.198959536522348
"step","98679.png",98679,0.173677154342487,0.212484335132759,1.15520405897826,-0.0906094787090866,0.216785631405703
"step","98692.png",98692,0.173186543941426,0.212960596358773,1.38339624439971,-0.18785663449343,0.207326851641599
"step","98706.png",98706,0.177738437042113,0.215451029329537,1.47396797592156,-0.158673762588572,0.208519184547235
"step","98719.png",98719,0.165570013976147,0.201309584287735,1.23955571451902,0.0754582970349049,0.1981836410272
"step","98732.png",98732,0.163121651004701,0.200699058586781,1.46734777650407,-0.0433761058310956,0.194773603533288
"step","98746.png",98746,0.175540324706343,0.213642818639569,1.47302913605934,0.0573535008453889,0.212824935678229
"step","98759.png",98759,0.170062230421507,0.208904128144803,1.25258101756919,-0.0528692587444003,0.20139263887036
"step","98772.png",98772,0.154302692788253,0.191387546497463,1.29897728663181,-0.134977859433801,0.188427800608152
"step","98786.png",98786,0.143711264343305,0.178049227331887,1.42224564630205,-0.0601277727791791,0.173799654407469
"step","98799.png",98799,0.147043631543421,0.184257121392075,1.56306539102878,-0.0524522638234771,0.178871691417175
"step","98812.png",98812,0.163332070975638,0.201479074529924,1.20592453110447,-0.156821506228669,0.194728676467514
"step","98826.png",98826,0.160491801714693,0.197116288566068,1.18471087683466,0.14618493683677,0.192630048810202
"step","98839.png",98839,0.156069329405537,0.194132347778086,1.27887212448304,-0.191847007707616,0.19217527495057
"step","98852.png",98852,0.179165530728237,0.218054589653901,1.25211838946764,-0.154651610708249,0.211677792141937
"step","98866.png",98866,0.168572614535966,0.207351882549064,1.3059416919098,-0.0437205236621574,0.197619650069444
"step","98879.png",98879,0.171590511331397,0.208892128319092,1.34512440323786,0.14430347222711,0.203104368670246
"step","98892.png",98892,0.172120373744581,0.211141857367741,1.56639652410715,-0.0622468301816709,0.20515324099418
"step","98906.png",98906,0.16727343304444,0.203232658042551,1.256310929606,0.155430064366769,0.199874833028569
"step","98919.png",98919,0.170072879760191,0.207041944914895,1.42253630199841,0.151787150724165,0.201134959601157
"step","98932.png",98932,0.161579981302285,0.197894640741389,1.34489362728601,-0.0375559141331274,0.192550396765354
"step","98946.png",98946,0.163595886957469,0.200556756933628,1.24750760213906,-0.00607304181677626,0.194570727465529
"step","98959.png",98959,0.155968100862476,0.190542139554213,1.29064270437322,0.0633976709917087,0.186680648840229
"step","98972.png",98972,0.175442388789157,0.212235583518032,1.15974168631302,0.0641072495404663,0.208636994231737
"step","98986.png",98986,0.161702682351135,0.197366301231951,1.19049099515565,0.0929270523174042,0.194420428651729
"step","98999.png",98999,0.15684134205001,0.190555790679768,1.31099359591147,0.0757230017736275,0.186419409993406
"step","99012.png",99012,0.165846984061555,0.20451612274638,1.51614614972053,-0.0487968409288265,0.193631644846923
"step","99026.png",99026,0.159192122539495,0.195529479287306,1.39548363369924,-0.139585810211033,0.185694922412306
"step","99039.png",99039,0.173446649817195,0.21174171230283,1.17639913197593,-0.0795954809755448,0.21159433510356
"step","99052.png",99052,0.174424354488808,0.213250470671489,1.14639590359527,-0.0251241865539337,0.21451610777671
"step","99066.png",99066,0.141184400860525,0.176558134189178,1.48741751273793,-0.0661220711455807,0.181224687243072
"step","99079.png",99079,0.139984746635839,0.175310154081862,1.38471008007923,0.115156462349377,0.178616377140295
"step","99092.png",99092,0.141114858581168,0.178286490814503,1.36763176054018,0.0880406197016823,0.177754626480666
"step","99106.png",99106,0.143117587739464,0.183014214410537,1.41227552097764,-0.0194278776123389,0.180144307589705
"step","99119.png",99119,0.152424054260421,0.191602158679722,1.38164464948488,0.0119434469973688,0.185886641917823
"step","99132.png",99132,0.161036947112313,0.198564866979748,1.43364044001905,-0.00567429233993513,0.192071573826403
"step","99146.png",99146,0.167752564470797,0.205431242744639,1.38531836876677,-0.131541461697033,0.199127458435211
"step","99159.png",99159,0.175109270945454,0.211268385944038,1.29840539650349,-0.184770048776859,0.203188384023665
"step","99172.png",99172,0.171897285620143,0.207457619896535,1.33324643483139,-0.103877452614356,0.20182828250309
"step","99186.png",99186,0.162849497211848,0.196474333785206,1.31619625823088,-0.0166276919256006,0.193269843993938
"step","99199.png",99199,0.160575303159929,0.194395748398038,1.19780605214377,-0.0177371079691567,0.190793241382753
"step","99212.png",99212,0.158860465832408,0.192657951399919,1.20333898207893,-0.0694517973645542,0.186999631616768
"step","99226.png",99226,0.152492443668978,0.185131476135245,1.27280674145753,-0.00643999998346589,0.183695597680248
"step","99239.png",99239,0.151642457327084,0.184023388170756,1.14713162569608,-0.0441560992346309,0.181770888519039
"step","99252.png",99252,0.15313434337544,0.185702327317159,1.22124025022706,-0.0748029476966183,0.18374778978663
"step","99266.png",99266,0.150140757427901,0.182907078219674,1.32579224802206,-0.037453741258306,0.178631985385548
"step","99279.png",99279,0.16011883856348,0.195356302746144,1.27915823734377,0.105906918473502,0.190579041754185
"step","99292.png",99292,0.175105229096225,0.213574883829035,1.4075247085897,0.355475959978068,0.20656393330207
"step","99306.png",99306,0.183878975199493,0.223044658202942,1.26886265358066,-0.0406858249646525,0.214731510660481
"step","99319.png",99319,0.180204159345097,0.217898778694236,1.33630447241154,0.0567609512668655,0.210778774685015
"step","99332.png",99332,0.161108386918743,0.200548902520618,1.28644454054584,-0.141937935222552,0.19664583586529
"step","99346.png",99346,0.147794725376968,0.187679543318556,1.30021063921183,-0.169507492049346,0.188650513463118
"step","99359.png",99359,0.130717661083611,0.165858106423173,1.19646629816161,-0.137572973151363,0.174210070732674
"step","99372.png",99372,0.14041476807937,0.172974164088376,1.16769833770839,0.0365275723160442,0.182592279241792
"step","99386.png",99386,0.145071127932579,0.177557906481392,1.30386880800082,0.137046598926701,0.187708926338091
"step","99399.png",99399,0.152523201656302,0.188737510033184,1.40701477591299,0.209470457135369,0.198723462006278
"step","99412.png",99412,0.13996031325559,0.180837879839153,1.62387478668524,0.352323536119256,0.185497769060153
"step","99426.png",99426,0.178739370434734,0.220778039711654,1.31909425162375,-0.0588869056463562,0.218444839392606
"step","99439.png",99439,0.19753834018989,0.238924436026287,1.33652679721664,0.148015881067293,0.228437554841437
"step","99452.png",99452,0.208652720462354,0.249010627263588,1.15834015101178,0.0817115112454018,0.23846789184946
"step","99466.png",99466,0.211809082319869,0.251624918692085,1.10081665757178,0.000504674182283449,0.241213138726485
"step","99479.png",99479,0.211374651826482,0.251287320149931,1.12424588408668,-0.0685154013850334,0.241120000011262
"step","99492.png",99492,0.211389563218008,0.251374767355288,1.09796699970248,-0.0311625048779978,0.241887116424987
"step","99506.png",99506,0.215035100415053,0.254380502104445,1.08401015108963,-0.0122847870281674,0.245965452015341
"step","99519.png",99519,0.253483829527394,0.28812787729975,1.16936675867057,-0.0159823087536181,0.304402651245172
"step","99532.png",99532,0.179726834009127,0.217270265720838,1.11146968063455,0.103256846873486,0.215635996998782
"step","99546.png",99546,0.175776565640651,0.213077079787429,1.23145741042012,0.0676090650370031,0.210653677074123
"step","99559.png",99559,0.167650925447175,0.204416708797209,1.14238782914414,0.040957851392761,0.199898928661043
"step","99572.png",99572,0.162630867949529,0.199211960288698,1.32274539895998,-0.140143834106263,0.196564962527438
"step","99586.png",99586,0.16216969241018,0.200496905304906,1.31658755690316,-0.0421511639961248,0.193037332507842
"step","99599.png",99599,0.165570389364345,0.201598779184026,1.27812532203487,0.112142933081972,0.198123060244266
"step","99612.png",99612,0.160523453883586,0.195478534503181,1.3226030236791,0.165130205516589,0.194818172101767
"step","99626.png",99626,0.176652369826611,0.215368143945177,1.26619319493454,0.0281039341384629,0.210083542051816
"step","99639.png",99639,0.171940172302441,0.208237827884276,1.30055819037491,0.173465263592069,0.199306758245721
"step","99652.png",99652,0.156487606996678,0.191301962726627,1.27442950354077,0.127634548560886,0.186643542449588
"step","99666.png",99666,0.174343711770223,0.212706283249919,1.42277027685969,0.12222172581196,0.202867461088985
"step","99679.png",99679,0.161093276957815,0.195946367218747,1.31459409619473,0.132546529313663,0.190698791109867
"step","99692.png",99692,0.180859246826222,0.221102000993055,1.39838007924123,-0.011200771896805,0.21507801610516
"step","99706.png",99706,0.174940660976243,0.212182649291588,1.22145028504203,-0.0383170601239548,0.212105217233004
"step","99719.png",99719,0.170550797994785,0.20826518676844,1.28256023716517,-0.0673908666101635,0.202985620343084
"step","99732.png",99732,0.174857453867107,0.212531555262201,1.52451118887701,-0.12953463158301,0.207443298935108
"step","99746.png",99746,0.174053205767494,0.210630807458657,1.25373288019228,0.160451580937645,0.206106437121382
"step","99759.png",99759,0.185529628361839,0.223096529963665,1.07132878561993,0.116428927937778,0.217386065834878
"step","99772.png",99772,0.190514535294264,0.229078698554992,1.18523421250588,0.0707102739853935,0.224504186515359
"step","99786.png",99786,0.16992859147105,0.20679055197622,1.22042050772329,0.00892196950592558,0.205013539132865
"step","99799.png",99799,0.174102976882777,0.210778797488325,1.17434812702973,0.00299580352457246,0.206055339707383
"step","99812.png",99812,0.207213128238313,0.248034607845608,1.32705166097225,-0.0344933725558912,0.242135516767713
"step","99826.png",99826,0.174773276967421,0.209772654320574,1.27953393331872,0.0684303742793858,0.207786668831549
"step","99839.png",99839,0.171797353714882,0.207250713913559,1.51571017718357,0.137407178940677,0.204963936707004
"step","99852.png",99852,0.163851919570736,0.199306040823544,1.25081160493808,0.136417167975385,0.194612403623039
"step","99866.png",99866,0.177316523702654,0.21678454495715,1.31733529974985,0.032237653700016,0.212419084821786
"step","99879.png",99879,0.166348565475652,0.20214690641864,1.35074363852861,0.134645347186848,0.198126746968895
"step","99892.png",99892,0.168370741184496,0.204372233446302,1.19155182926775,0.0336959772367144,0.200433984823231
"step","99906.png",99906,0.174666215607566,0.211458995107595,1.48589124372082,-0.0411512747232334,0.202979685172186
"step","99919.png",99919,0.165497190505498,0.201140506326652,1.4452193975425,-0.239400059647454,0.203477908740459
"step","99932.png",99932,0.159164960219694,0.192932887479698,1.35527876835526,0.0539287476538899,0.188066565572189
"step","99946.png",99946,0.169315657725215,0.205199117645,1.43402796752718,0.113410280942857,0.199348510733285
"step","99959.png",99959,0.167788007173116,0.203736845284216,1.36656002668293,0.204175329743835,0.200253074029732
"step","99972.png",99972,0.18257163709681,0.220076208150272,1.2409615352129,0.134828012607898,0.213670377507912
"step","99986.png",99986,0.194944682289626,0.234484922390899,1.22633765626585,-0.103469230421175,0.241500629418912
"step","99999.png",99999,0.179279649925159,0.216319775371375,1.40851676304523,0.14754530944577,0.20876074210568
